mtllib DiskII.mtl
v -0 216.125 87.775
v 0 216.125 -0
v 0 206.3 56.325
v -0 206.3 87.775
v 0 117.5 56.325
v 0 1 0
v -0 1 87.775
v -0 117.5 87.775
v 0.0183 117.5 88.0312
v 0.0183 1 88.0312
v 0.0729 117.5 88.2821
v 0.0729 1 88.2821
v 0.1627 1 88.5227
v 0.1627 117.5 88.5227
v 0.2857 117.5 88.7482
v 0.2857 1 88.7482
v 0.4397 1 88.9537
v 0.4397 117.5 88.9537
v 0.6213 1 89.1353
v 0.6213 117.5 89.1353
v 0.8268 117.5 89.2893
v 0.8268 1 89.2893
v 1.0523 117.5 89.4123
v 1.0523 1 89.4123
v 1.2929 1 89.5021
v 1.2929 117.5 89.5021
v 1.5438 117.5 89.5567
v 1.5438 1 89.5567
v 1.8 1 89.575
v 1.8 117.5 89.575
v 4 117.5 85.275
v 4 117.5 56.325
v 4.0031 117.5 85.3177
v 4.0122 117.5 85.3595
v 4.0271 117.5 85.3996
v 4.0476 117.5 85.4372
v 4.0733 117.5 85.4715
v 4.1035 117.5 85.5017
v 4.1378 117.5 85.5274
v 4.1754 117.5 85.5479
v 4.2155 117.5 85.5628
v 4.2573 117.5 85.5719
v 4.3 117.5 85.575
v 11.75 117.5 89.575
v 11.75 117.5 85.575
v 4 206.3 56.325
v 0.0729 206.3 88.2821
v 0.0183 206.3 88.0312
v 0.2857 206.3 88.7482
v 0.1627 206.3 88.5227
v 4 206.3 85.275
v 4.0031 206.3 85.3177
v 4.0122 206.3 85.3595
v 0.4397 206.3 88.9537
v 4.0271 206.3 85.3996
v 4.0476 206.3 85.4372
v 4.0733 206.3 85.4715
v 1.0523 206.3 89.4123
v 0.6213 206.3 89.1353
v 0.8268 206.3 89.2893
v 1.2929 206.3 89.5021
v 1.8 206.3 89.575
v 1.5438 206.3 89.5567
v 4.1035 206.3 85.5017
v 4.1378 206.3 85.5274
v 4.1754 206.3 85.5479
v 4.2155 206.3 85.5628
v 4.2573 206.3 85.5719
v 4.3 206.3 85.575
v 11.75 206.3 89.575
v 11.75 206.3 85.575
v 0.0183 216.125 88.0312
v 0.0729 216.125 88.2821
v 0.1627 216.125 88.5227
v 0.2857 216.125 88.7482
v 0.4397 216.125 88.9537
v 0.6213 216.125 89.1353
v 0.8268 216.125 89.2893
v 1.0523 216.125 89.4123
v 1.2929 216.125 89.5021
v 1.5438 216.125 89.5567
v 1.8 216.125 89.575
v 1.2 217.325 87.775
v 1.2 217.325 1.2
v 1.0426 217.315 1.0426
v 1.0292 217.313 87.775
v 0.8879 217.284 0.8879
v 0.8619 217.276 87.775
v 0.7277 217.228 0.7277
v 0.7015 217.217 87.775
v 0.6137 217.172 0.6137
v 0.5512 217.135 87.775
v 0.5061 217.104 0.5061
v 0.4142 217.032 87.775
v 0.4064 217.025 0.4064
v 0.3156 216.936 0.3156
v 0.2931 216.911 87.775
v 0.2347 216.838 0.2347
v 0.1905 216.774 87.775
v 0.1647 216.732 0.1647
v 0.1084 216.624 87.775
v 0.1063 216.619 0.1063
v 0.0602 216.5 0.0602
v 0.0486 216.463 87.775
v 0.0269 216.378 0.0269
v 0.0122 216.296 87.775
v 0.0067 216.252 0.0067
v 153.075 216.125 -0
v 153.075 1 0
v 55.5375 1 24.4158
v 6.8 1 46.7122
v 6.8 1 55.3616
v 55.5375 1 46.7122
v 55.5375 1 79.7514
v 55.5375 1 55.3616
v 97.5375 1 24.4158
v 146.275 1 46.7122
v 97.5375 1 46.7122
v 146.275 1 55.3616
v 97.5375 1 79.7514
v 97.5375 1 55.3616
v 151.275 1 89.575
v 153.075 1 87.775
v 153.002 1 88.2821
v 153.057 1 88.0312
v 152.023 1 89.4123
v 151.531 1 89.5567
v 151.782 1 89.5021
v 152.248 1 89.2893
v 152.789 1 88.7482
v 152.912 1 88.5227
v 152.454 1 89.1353
v 152.635 1 88.9537
v 141.325 117.5 89.575
v 151.275 117.5 89.575
v 141.325 206.3 89.575
v 151.275 216.125 89.575
v 151.275 206.3 89.575
v 1.2061 217.325 87.8604
v 1.8 217.313 88.5458
v 1.8 217.325 88.375
v 1.7146 217.325 88.3689
v 1.8 216.296 89.5628
v 1.044 217.313 87.9254
v 1.2243 217.325 87.944
v 0.8799 217.276 87.958
v 1.0879 217.313 88.07
v 1.2542 217.325 88.0242
v 0.7226 217.217 87.9893
v 0.9333 217.276 88.134
v 1.1591 217.313 88.2032
v 1.2952 217.325 88.0994
v 1.3466 217.325 88.1679
v 0.5752 217.135 88.0186
v 0.7851 217.217 88.1954
v 1.02 217.276 88.2962
v 0.4408 217.032 88.0454
v 1.255 217.313 88.32
v 1.4071 217.325 88.2284
v 0.6463 217.135 88.2529
v 0.8866 217.217 88.3853
v 0.3221 216.911 88.069
v 1.1367 217.276 88.4383
v 0.5197 217.032 88.3053
v 1.3718 217.313 88.4159
v 1.4756 217.325 88.2798
v 1.5508 217.325 88.3208
v 0.7617 217.135 88.4688
v 0.2214 216.774 88.089
v 1.0232 217.217 88.5518
v 0.4078 216.911 88.3517
v 1.2788 217.276 88.555
v 0.6477 217.032 88.5449
v 0.1409 216.624 88.105
v 1.505 217.313 88.4871
v 1.631 217.325 88.3507
v 0.917 217.135 88.658
v 0.313 216.774 88.3909
v 1.1897 217.217 88.6884
v 0.5471 216.911 88.6122
v 0.0823 216.463 88.1167
v 1.441 217.276 88.6417
v 0.8201 217.032 88.7549
v 0.2372 216.624 88.4223
v 1.6496 217.313 88.531
v 1.1062 217.135 88.8133
v 0.4617 216.774 88.6692
v 0.0466 216.296 88.1238
v 1.3796 217.217 88.7899
v 0.7345 216.911 88.8405
v 0.1819 216.463 88.4452
v 1.617 217.276 88.6951
v 1.8 217.276 88.7131
v 1.0301 217.032 88.9273
v 0.3935 216.624 88.7148
v 1.3221 217.135 88.9287
v 0.6619 216.774 88.9131
v 0.1483 216.296 88.4592
v 1.5857 217.217 88.8524
v 1.8 217.217 88.8735
v 0.9628 216.911 89.0279
v 0.3438 216.463 88.748
v 1.2697 217.032 89.0553
v 0.6039 216.624 88.9711
v 1.5564 217.135 88.9998
v 1.8 217.135 89.0238
v 0.9058 216.774 89.1133
v 0.3135 216.296 88.7682
v 1.2233 216.911 89.1672
v 0.5616 216.463 89.0134
v 1.5296 217.032 89.1342
v 1.8 217.032 89.1608
v 1.8 216.911 89.2819
v 0.8602 216.624 89.1815
v 1.1841 216.774 89.262
v 0.5358 216.296 89.0392
v 1.506 216.911 89.2529
v 0.827 216.463 89.2312
v 1.1527 216.624 89.3378
v 1.486 216.774 89.3536
v 1.8 216.774 89.3845
v 0.8068 216.296 89.2615
v 1.1298 216.463 89.3931
v 1.47 216.624 89.4341
v 1.8 216.624 89.4666
v 1.8 216.463 89.5264
v 1.1158 216.296 89.4267
v 1.4583 216.463 89.4927
v 1.4512 216.296 89.5284
v 153.068 216.252 0.0067
v 153.048 216.378 0.0269
v 153.015 216.5 0.0602
v 152.969 216.619 0.1063
v 152.91 216.732 0.1647
v 152.84 216.838 0.2347
v 152.759 216.936 0.3156
v 152.669 217.025 0.4064
v 152.569 217.104 0.5061
v 152.461 217.172 0.6137
v 152.347 217.228 0.7277
v 152.187 217.284 0.8879
v 152.032 217.315 1.0426
v 151.875 217.325 1.2
v 151.275 217.325 88.375
v 151.875 217.325 87.775
v 151.821 217.325 88.0242
v 151.851 217.325 87.944
v 151.869 217.325 87.8604
v 151.599 217.325 88.2798
v 151.36 217.325 88.3689
v 151.444 217.325 88.3507
v 151.524 217.325 88.3208
v 151.728 217.325 88.1679
v 151.668 217.325 88.2284
v 151.78 217.325 88.0994
v 153.075 216.125 87.775
v 153.075 206.3 56.325
v 153.075 206.3 87.775
v 153.075 117.5 56.325
v 153.075 117.5 87.775
v 153.057 117.5 88.0312
v 153.002 117.5 88.2821
v 152.912 117.5 88.5227
v 152.789 117.5 88.7482
v 152.635 117.5 88.9537
v 152.454 117.5 89.1353
v 152.248 117.5 89.2893
v 152.023 117.5 89.4123
v 151.782 117.5 89.5021
v 151.531 117.5 89.5567
v 55.5375 35.72 79.7514
v 97.5375 35.72 79.7514
v 97.5375 20.8576 55.3616
v 55.5375 20.8576 55.3616
v 6.8 34.4678 55.3616
v 146.275 34.4678 55.3616
v 146.275 34.4678 46.7122
v 55.5375 15.5868 46.7122
v 6.8 34.4678 46.7122
v 97.5375 15.5868 46.7122
v 97.5375 2 24.4158
v 55.5375 2 24.4158
v 151.275 217.313 88.5458
v 151.275 217.276 88.7131
v 151.275 217.217 88.8735
v 151.275 217.135 89.0238
v 151.275 217.032 89.1608
v 151.275 216.911 89.2819
v 151.275 216.774 89.3845
v 151.275 216.624 89.4666
v 151.275 216.463 89.5264
v 151.275 216.296 89.5628
v 153.057 216.125 88.0312
v 153.057 206.3 88.0312
v 153.002 216.125 88.2821
v 153.002 206.3 88.2821
v 152.912 216.125 88.5227
v 152.912 206.3 88.5227
v 152.789 216.125 88.7482
v 152.789 206.3 88.7482
v 152.635 216.125 88.9537
v 152.635 206.3 88.9537
v 152.454 216.125 89.1353
v 152.454 206.3 89.1353
v 152.248 216.125 89.2893
v 152.248 206.3 89.2893
v 152.023 216.125 89.4123
v 152.023 206.3 89.4123
v 151.782 216.125 89.5021
v 151.782 206.3 89.5021
v 151.531 216.125 89.5567
v 151.531 206.3 89.5567
v 149.075 206.3 85.275
v 149.075 206.3 56.325
v 148.775 206.3 85.575
v 141.325 206.3 85.575
v 148.818 206.3 85.5719
v 148.859 206.3 85.5628
v 148.9 206.3 85.5479
v 148.937 206.3 85.5274
v 148.971 206.3 85.5017
v 149.002 206.3 85.4715
v 149.027 206.3 85.4372
v 149.048 206.3 85.3996
v 149.063 206.3 85.3595
v 149.072 206.3 85.3177
v 141.325 117.5 85.575
v 149.075 117.5 85.275
v 149.075 117.5 56.325
v 148.775 117.5 85.575
v 148.818 117.5 85.5719
v 148.859 117.5 85.5628
v 148.9 117.5 85.5479
v 148.937 117.5 85.5274
v 148.971 117.5 85.5017
v 149.002 117.5 85.4715
v 149.027 117.5 85.4372
v 149.048 117.5 85.3996
v 149.063 117.5 85.3595
v 149.072 117.5 85.3177
v 152.046 217.313 87.775
v 152.213 217.276 87.775
v 152.374 217.217 87.775
v 152.524 217.135 87.775
v 152.661 217.032 87.775
v 152.782 216.911 87.775
v 152.885 216.774 87.775
v 152.967 216.624 87.775
v 153.026 216.463 87.775
v 153.063 216.296 87.775
v 151.425 217.313 88.531
v 151.458 217.276 88.6951
v 151.57 217.313 88.4871
v 151.489 217.217 88.8524
v 151.634 217.276 88.6417
v 151.703 217.313 88.4159
v 151.519 217.135 88.9998
v 151.695 217.217 88.7899
v 151.796 217.276 88.555
v 151.545 217.032 89.1342
v 151.82 217.313 88.32
v 151.753 217.135 88.9287
v 151.885 217.217 88.6884
v 151.569 216.911 89.2529
v 151.938 217.276 88.4383
v 151.805 217.032 89.0553
v 151.916 217.313 88.2032
v 151.969 217.135 88.8133
v 151.589 216.774 89.3536
v 152.052 217.217 88.5518
v 151.852 216.911 89.1672
v 152.055 217.276 88.2962
v 152.045 217.032 88.9273
v 151.605 216.624 89.4341
v 151.987 217.313 88.07
v 152.158 217.135 88.658
v 151.891 216.774 89.262
v 152.188 217.217 88.3853
v 152.112 216.911 89.0279
v 151.617 216.463 89.4927
v 152.142 217.276 88.134
v 152.255 217.032 88.7549
v 151.922 216.624 89.3378
v 152.031 217.313 87.9254
v 152.313 217.135 88.4688
v 152.169 216.774 89.1133
v 151.624 216.296 89.5284
v 152.29 217.217 88.1954
v 152.34 216.911 88.8405
v 151.945 216.463 89.3931
v 152.195 217.276 87.958
v 152.427 217.032 88.5449
v 152.215 216.624 89.1815
v 152.429 217.135 88.2529
v 152.413 216.774 88.9131
v 151.959 216.296 89.4267
v 152.352 217.217 87.9893
v 152.528 216.911 88.6122
v 152.248 216.463 89.2312
v 152.555 217.032 88.3053
v 152.471 216.624 88.9711
v 152.5 217.135 88.0186
v 152.613 216.774 88.6692
v 152.268 216.296 89.2615
v 152.667 216.911 88.3517
v 152.513 216.463 89.0134
v 152.634 217.032 88.0454
v 152.681 216.624 88.7148
v 152.762 216.774 88.3909
v 152.539 216.296 89.0392
v 152.753 216.911 88.069
v 152.731 216.463 88.748
v 152.838 216.624 88.4223
v 152.854 216.774 88.089
v 152.762 216.296 88.7682
v 152.893 216.463 88.4452
v 152.934 216.624 88.105
v 152.927 216.296 88.4592
v 152.993 216.463 88.1167
v 153.028 216.296 88.1238
v -1.25 204.82 56.6645
v -1.25 204.96 56.8047
v -1.25 217.325 -1.25
v -1.25 204.661 56.5457
v -1.25 205.079 56.9635
v -1.25 205.174 57.1376
v -1.25 204.487 56.4506
v -1.25 205.244 57.3234
v -1.25 204.302 56.3813
v -1.25 205.286 57.5172
v -1.25 204.108 56.3391
v -1.25 203.91 56.325
v -1.25 203.89 56.325
v -1.25 203.692 56.3391
v -1.25 194.32 56.6645
v -1.25 202.839 56.8047
v -1.25 202.98 56.6645
v -1.25 194.46 56.8047
v -1.25 194.161 56.5457
v -1.25 203.138 56.5457
v -1.25 194.579 56.9635
v -1.25 202.721 56.9635
v -1.25 194.674 57.1376
v -1.25 202.626 57.1376
v -1.25 193.987 56.4506
v -1.25 203.313 56.4506
v -1.25 194.744 57.3234
v -1.25 202.556 57.3234
v -1.25 193.802 56.3813
v -1.25 203.498 56.3813
v -1.25 194.786 57.5172
v -1.25 202.514 57.5172
v -1.25 193.608 56.3391
v -1.25 193.41 56.325
v -1.25 194.8 57.715
v -1.25 202.5 57.715
v -1.25 193.39 56.325
v -1.25 193.192 56.3391
v -1.25 217.325 87.775
v -1.25 205.3 57.715
v -1.25 183.82 56.6645
v -1.25 183.96 56.8047
v -1.25 192.339 56.8047
v -1.25 192.48 56.6645
v -1.25 192.638 56.5457
v -1.25 183.661 56.5457
v -1.25 184.079 56.9635
v -1.25 192.221 56.9635
v -1.25 183.487 56.4506
v -1.25 192.813 56.4506
v -1.25 184.174 57.1376
v -1.25 192.126 57.1376
v -1.25 184.244 57.3234
v -1.25 192.056 57.3234
v -1.25 183.302 56.3813
v -1.25 192.998 56.3813
v -1.25 184.286 57.5172
v -1.25 192.014 57.5172
v -1.25 183.108 56.3391
v -1.25 182.91 56.325
v -1.25 184.3 57.715
v -1.25 192 57.715
v -1.25 182.89 56.325
v -1.25 182.692 56.3391
v -1.25 205.3 87.775
v -1.25 173.46 56.8047
v -1.25 181.98 56.6645
v -1.25 173.32 56.6645
v -1.25 181.839 56.8047
v -1.25 173.161 56.5457
v -1.25 182.138 56.5457
v -1.25 173.579 56.9635
v -1.25 181.721 56.9635
v -1.25 173.674 57.1376
v -1.25 181.626 57.1376
v -1.25 181.556 57.3234
v -1.25 172.987 56.4506
v -1.25 182.313 56.4506
v -1.25 173.744 57.3234
v -1.25 172.802 56.3813
v -1.25 182.498 56.3813
v -1.25 172.608 56.3391
v -1.25 173.786 57.5172
v -1.25 181.514 57.5172
v -1.25 172.41 56.325
v -1.25 173.8 57.715
v -1.25 181.5 57.715
v -1.25 172.39 56.325
v -1.25 172.192 56.3391
v -1.25 194.8 87.775
v -1.25 202.5 87.775
v -1.25 162.82 56.6645
v -1.25 171.339 56.8047
v -1.25 171.48 56.6645
v -1.25 162.96 56.8047
v -1.25 162.661 56.5457
v -1.25 171.638 56.5457
v -1.25 163.079 56.9635
v -1.25 171.221 56.9635
v -1.25 163.174 57.1376
v -1.25 171.126 57.1376
v -1.25 171.056 57.3234
v -1.25 162.487 56.4506
v -1.25 171.813 56.4506
v -1.25 163.244 57.3234
v -1.25 162.302 56.3813
v -1.25 171.998 56.3813
v -1.25 163.286 57.5172
v -1.25 171.014 57.5172
v -1.25 162.108 56.3391
v -1.25 161.91 56.325
v -1.25 163.3 57.715
v -1.25 171 57.715
v -1.25 161.89 56.325
v -1.25 161.692 56.3391
v -1.25 192 87.775
v -1.25 184.3 87.775
v -1.25 152.32 56.6645
v -1.25 160.839 56.8047
v -1.25 160.98 56.6645
v -1.25 152.46 56.8047
v -1.25 152.161 56.5457
v -1.25 161.138 56.5457
v -1.25 152.579 56.9635
v -1.25 160.721 56.9635
v -1.25 152.674 57.1376
v -1.25 160.626 57.1376
v -1.25 160.556 57.3234
v -1.25 151.987 56.4506
v -1.25 161.313 56.4506
v -1.25 152.744 57.3234
v -1.25 151.802 56.3813
v -1.25 161.498 56.3813
v -1.25 152.786 57.5172
v -1.25 160.514 57.5172
v -1.25 151.608 56.3391
v -1.25 151.41 56.325
v -1.25 152.8 57.715
v -1.25 160.5 57.715
v -1.25 151.39 56.325
v -1.25 181.5 87.775
v -1.25 173.8 87.775
v -1.25 141.96 56.8047
v -1.25 150.48 56.6645
v -1.25 141.82 56.6645
v -1.25 150.339 56.8047
v -1.25 141.661 56.5457
v -1.25 150.638 56.5457
v -1.25 142.079 56.9635
v -1.25 150.221 56.9635
v -1.25 141.487 56.4506
v -1.25 150.813 56.4506
v -1.25 150.998 56.3813
v -1.25 142.174 57.1376
v -1.25 150.126 57.1376
v -1.25 141.302 56.3813
v -1.25 142.244 57.3234
v -1.25 150.056 57.3234
v -1.25 141.108 56.3391
v -1.25 151.192 56.3391
v -1.25 142.286 57.5172
v -1.25 150.014 57.5172
v -1.25 150 57.715
v -1.25 142.3 57.715
v -1.25 140.91 56.325
v -1.25 140.89 56.325
v -1.25 171 87.775
v -1.25 163.3 87.775
v -1.25 131.32 56.6645
v -1.25 139.839 56.8047
v -1.25 139.98 56.6645
v -1.25 131.46 56.8047
v -1.25 131.161 56.5457
v -1.25 140.138 56.5457
v -1.25 131.579 56.9635
v -1.25 139.721 56.9635
v -1.25 130.987 56.4506
v -1.25 140.313 56.4506
v -1.25 131.674 57.1376
v -1.25 139.626 57.1376
v -1.25 130.802 56.3813
v -1.25 140.498 56.3813
v -1.25 131.744 57.3234
v -1.25 139.556 57.3234
v -1.25 130.608 56.3391
v -1.25 140.692 56.3391
v -1.25 131.786 57.5172
v -1.25 139.514 57.5172
v -1.25 131.8 57.715
v -1.25 139.5 57.715
v -1.25 130.41 56.325
v -1.25 130.39 56.325
v -1.25 152.8 87.775
v -1.25 160.5 87.775
v -1.25 120.96 56.8047
v -1.25 129.339 56.8047
v -1.25 129.48 56.6645
v -1.25 120.82 56.6645
v -1.25 120.662 56.5457
v -1.25 129.638 56.5457
v -1.25 121.079 56.9635
v -1.25 129.221 56.9635
v -1.25 121.174 57.1376
v -1.25 129.126 57.1376
v -1.25 129.056 57.3234
v -1.25 120.487 56.4506
v -1.25 129.813 56.4506
v -1.25 120.302 56.3813
v -1.25 129.998 56.3813
v -1.25 130.192 56.3391
v -1.25 121.244 57.3234
v -1.25 129.014 57.5172
v -1.25 120.108 56.3391
v -1.25 121.286 57.5172
v -1.25 121.3 57.715
v -1.25 129 57.715
v -1.25 119.91 56.325
v -1.25 119.89 56.325
v -1.25 119.692 56.3391
v -1.25 142.3 87.775
v -1.25 150 87.775
v -1.25 131.8 87.775
v -1.25 139.5 87.775
v -1.25 121.3 87.775
v -1.25 129 87.775
v -1.25 -1.75 -1.25
v -1.25 119.498 56.3813
v -1.25 119.313 56.4506
v -1.25 119.138 56.5457
v -1.25 118.98 56.6645
v -1.25 118.84 56.8047
v -1.25 118.721 56.9635
v -1.25 118.626 57.1376
v -1.25 118.556 57.3234
v -1.25 118.514 57.5172
v -1.25 -1.75 87.775
v -1.25 118.5 57.715
v -1.25 118.5 87.775
v -1.219 -1.75 88.2091
v -1.219 118.5 88.2091
v -1.1265 -1.75 88.6343
v -1.1265 118.5 88.6343
v -0.9744 -1.75 89.042
v -0.9744 118.5 89.042
v -0.7658 -1.75 89.424
v -0.7658 118.5 89.424
v -0.505 118.5 89.7723
v -0.505 -1.75 89.7723
v -0.1973 -1.75 90.08
v -0.1973 118.5 90.08
v 0.151 118.5 90.3408
v 0.151 -1.75 90.3408
v 0.533 -1.75 90.5494
v 0.533 118.5 90.5494
v 0.9407 -1.75 90.7015
v 0.9407 118.5 90.7015
v 1.3659 118.5 90.794
v 1.3659 -1.75 90.794
v 1.8 118.5 90.825
v 1.8 -1.75 90.825
v -0 118.5 87.775
v 0 118.5 57.715
v 0.0183 118.5 88.0312
v 0.0729 118.5 88.2821
v 0.1627 118.5 88.5227
v 0.2857 118.5 88.7482
v 0.4397 118.5 88.9537
v 0.6213 118.5 89.1353
v 0.8268 118.5 89.2893
v 1.0523 118.5 89.4123
v 1.2929 118.5 89.5021
v 1.5438 118.5 89.5567
v 1.8 118.5 89.575
v 10.36 118.5 89.575
v 10.36 118.5 90.825
v 0 119.89 56.325
v 0 119.692 56.3391
v 0 119.498 56.3813
v 0 119.313 56.4506
v 0 119.138 56.5457
v 0 118.98 56.6645
v 0 118.84 56.8047
v 0 118.721 56.9635
v 0 118.626 57.1376
v 0 118.556 57.3234
v 0 118.514 57.5172
v 0 119.91 56.325
v 0 120.108 56.3391
v 0 120.302 56.3813
v 0 120.487 56.4506
v 0 120.662 56.5457
v 0 120.82 56.6645
v 0 120.96 56.8047
v 0 121.079 56.9635
v 0 121.174 57.1376
v 0 121.244 57.3234
v 0 121.286 57.5172
v 0 121.3 57.715
v -0 121.3 87.775
v -1.219 121.3 88.2091
v 0.0183 121.3 88.0312
v 0.0729 121.3 88.2821
v -1.1265 121.3 88.6343
v 0.1627 121.3 88.5227
v -0.9744 121.3 89.042
v -0.7658 121.3 89.424
v 0.2857 121.3 88.7482
v 0.4397 121.3 88.9537
v -0.505 121.3 89.7723
v -0.1973 121.3 90.08
v 0.6213 121.3 89.1353
v 0.151 121.3 90.3408
v 0.8268 121.3 89.2893
v 0.533 121.3 90.5494
v 1.0523 121.3 89.4123
v 0.9407 121.3 90.7015
v 1.2929 121.3 89.5021
v 1.3659 121.3 90.794
v 1.5438 121.3 89.5567
v 1.8 121.3 90.825
v 1.8 121.3 89.575
v 10.36 121.3 89.575
v 10.36 121.3 90.825
v -1.219 129 88.2091
v -1.1265 129 88.6343
v -0.9744 129 89.042
v -0.7658 129 89.424
v -0.505 129 89.7723
v -0.1973 129 90.08
v 0.151 129 90.3408
v 0.533 129 90.5494
v 0.9407 129 90.7015
v 1.3659 129 90.794
v 1.8 129 90.825
v -0 129 87.775
v 0 129 57.715
v 0.0183 129 88.0312
v 0.0729 129 88.2821
v 0.1627 129 88.5227
v 0.2857 129 88.7482
v 0.4397 129 88.9537
v 0.6213 129 89.1353
v 0.8268 129 89.2893
v 1.0523 129 89.4123
v 1.2929 129 89.5021
v 1.5438 129 89.5567
v 1.8 129 89.575
v 10.36 129 89.575
v 10.36 129 90.825
v 0 130.39 56.325
v 0 130.192 56.3391
v 0 129.998 56.3813
v 0 129.813 56.4506
v 0 129.638 56.5457
v 0 129.48 56.6645
v 0 129.339 56.8047
v 0 129.221 56.9635
v 0 129.126 57.1376
v 0 129.056 57.3234
v 0 129.014 57.5172
v 0 130.41 56.325
v 0 130.608 56.3391
v 0 130.802 56.3813
v 0 130.987 56.4506
v 0 131.161 56.5457
v 0 131.32 56.6645
v 0 131.46 56.8047
v 0 131.579 56.9635
v 0 131.674 57.1376
v 0 131.744 57.3234
v 0 131.786 57.5172
v 0 131.8 57.715
v -0 131.8 87.775
v -1.219 131.8 88.2091
v 0.0183 131.8 88.0312
v 0.0729 131.8 88.2821
v -1.1265 131.8 88.6343
v 0.1627 131.8 88.5227
v -0.9744 131.8 89.042
v -0.7658 131.8 89.424
v 0.2857 131.8 88.7482
v 0.4397 131.8 88.9537
v -0.505 131.8 89.7723
v -0.1973 131.8 90.08
v 0.6213 131.8 89.1353
v 0.151 131.8 90.3408
v 0.8268 131.8 89.2893
v 0.533 131.8 90.5494
v 1.0523 131.8 89.4123
v 0.9407 131.8 90.7015
v 1.2929 131.8 89.5021
v 1.3659 131.8 90.794
v 1.5438 131.8 89.5567
v 1.8 131.8 90.825
v 1.8 131.8 89.575
v 10.36 131.8 89.575
v 10.36 131.8 90.825
v -1.219 139.5 88.2091
v -1.1265 139.5 88.6343
v -0.9744 139.5 89.042
v -0.7658 139.5 89.424
v -0.505 139.5 89.7723
v -0.1973 139.5 90.08
v 0.151 139.5 90.3408
v 0.533 139.5 90.5494
v 0.9407 139.5 90.7015
v 1.3659 139.5 90.794
v 1.8 139.5 90.825
v -0 139.5 87.775
v 0 139.5 57.715
v 0.0183 139.5 88.0312
v 0.0729 139.5 88.2821
v 0.1627 139.5 88.5227
v 0.2857 139.5 88.7482
v 0.4397 139.5 88.9537
v 0.6213 139.5 89.1353
v 0.8268 139.5 89.2893
v 1.0523 139.5 89.4123
v 1.2929 139.5 89.5021
v 1.5438 139.5 89.5567
v 1.8 139.5 89.575
v 10.36 139.5 89.575
v 10.36 139.5 90.825
v 0 140.89 56.325
v 0 140.692 56.3391
v 0 140.498 56.3813
v 0 140.313 56.4506
v 0 140.138 56.5457
v 0 139.98 56.6645
v 0 139.839 56.8047
v 0 139.721 56.9635
v 0 139.626 57.1376
v 0 139.556 57.3234
v 0 139.514 57.5172
v 0 140.91 56.325
v 0 141.108 56.3391
v 0 141.302 56.3813
v 0 141.487 56.4506
v 0 141.661 56.5457
v 0 141.82 56.6645
v 0 141.96 56.8047
v 0 142.079 56.9635
v 0 142.174 57.1376
v 0 142.244 57.3234
v 0 142.286 57.5172
v 0 142.3 57.715
v -0 142.3 87.775
v -1.219 142.3 88.2091
v 0.0183 142.3 88.0312
v 0.0729 142.3 88.2821
v -1.1265 142.3 88.6343
v 0.1627 142.3 88.5227
v -0.9744 142.3 89.042
v -0.7658 142.3 89.424
v 0.2857 142.3 88.7482
v 0.4397 142.3 88.9537
v -0.505 142.3 89.7723
v -0.1973 142.3 90.08
v 0.6213 142.3 89.1353
v 0.151 142.3 90.3408
v 0.8268 142.3 89.2893
v 0.533 142.3 90.5494
v 1.0523 142.3 89.4123
v 0.9407 142.3 90.7015
v 1.2929 142.3 89.5021
v 1.3659 142.3 90.794
v 1.5438 142.3 89.5567
v 1.8 142.3 90.825
v 1.8 142.3 89.575
v 10.36 142.3 89.575
v 10.36 142.3 90.825
v -1.219 150 88.2091
v -1.1265 150 88.6343
v -0.9744 150 89.042
v -0.7658 150 89.424
v -0.505 150 89.7723
v -0.1973 150 90.08
v 0.151 150 90.3408
v 0.533 150 90.5494
v 0.9407 150 90.7015
v 1.3659 150 90.794
v 1.8 150 90.825
v -0 150 87.775
v 0 150 57.715
v 0.0183 150 88.0312
v 0.0729 150 88.2821
v 0.1627 150 88.5227
v 0.2857 150 88.7482
v 0.4397 150 88.9537
v 0.6213 150 89.1353
v 0.8268 150 89.2893
v 1.0523 150 89.4123
v 1.2929 150 89.5021
v 1.5438 150 89.5567
v 1.8 150 89.575
v 10.36 150 89.575
v 10.36 150 90.825
v 0 151.39 56.325
v 0 151.192 56.3391
v 0 150.998 56.3813
v 0 150.813 56.4506
v 0 150.638 56.5457
v 0 150.48 56.6645
v 0 150.339 56.8047
v 0 150.221 56.9635
v 0 150.126 57.1376
v 0 150.056 57.3234
v 0 150.014 57.5172
v 0 151.41 56.325
v 0 151.608 56.3391
v 0 151.802 56.3813
v 0 151.987 56.4506
v 0 152.161 56.5457
v 0 152.32 56.6645
v 0 152.46 56.8047
v 0 152.579 56.9635
v 0 152.674 57.1376
v 0 152.744 57.3234
v 0 152.786 57.5172
v 0 152.8 57.715
v -0 152.8 87.775
v -1.219 152.8 88.2091
v 0.0183 152.8 88.0312
v 0.0729 152.8 88.2821
v -1.1265 152.8 88.6343
v 0.1627 152.8 88.5227
v -0.9744 152.8 89.042
v -0.7658 152.8 89.424
v 0.2857 152.8 88.7482
v 0.4397 152.8 88.9537
v -0.505 152.8 89.7723
v -0.1973 152.8 90.08
v 0.6213 152.8 89.1353
v 0.151 152.8 90.3408
v 0.8268 152.8 89.2893
v 0.533 152.8 90.5494
v 1.0523 152.8 89.4123
v 0.9407 152.8 90.7015
v 1.2929 152.8 89.5021
v 1.3659 152.8 90.794
v 1.5438 152.8 89.5567
v 1.8 152.8 90.825
v 1.8 152.8 89.575
v 10.36 152.8 89.575
v 10.36 152.8 90.825
v -1.219 160.5 88.2091
v -1.1265 160.5 88.6343
v -0.9744 160.5 89.042
v -0.7658 160.5 89.424
v -0.505 160.5 89.7723
v -0.1973 160.5 90.08
v 0.151 160.5 90.3408
v 0.533 160.5 90.5494
v 0.9407 160.5 90.7015
v 1.3659 160.5 90.794
v 1.8 160.5 90.825
v -0 160.5 87.775
v 0 160.5 57.715
v 0.0183 160.5 88.0312
v 0.0729 160.5 88.2821
v 0.1627 160.5 88.5227
v 0.2857 160.5 88.7482
v 0.4397 160.5 88.9537
v 0.6213 160.5 89.1353
v 0.8268 160.5 89.2893
v 1.0523 160.5 89.4123
v 1.2929 160.5 89.5021
v 1.5438 160.5 89.5567
v 1.8 160.5 89.575
v 10.36 160.5 89.575
v 10.36 160.5 90.825
v 0 161.89 56.325
v 0 161.692 56.3391
v 0 161.498 56.3813
v 0 161.313 56.4506
v 0 161.138 56.5457
v 0 160.98 56.6645
v 0 160.839 56.8047
v 0 160.721 56.9635
v 0 160.626 57.1376
v 0 160.556 57.3234
v 0 160.514 57.5172
v 0 161.91 56.325
v 0 162.108 56.3391
v 0 162.302 56.3813
v 0 162.487 56.4506
v 0 162.661 56.5457
v 0 162.82 56.6645
v 0 162.96 56.8047
v 0 163.079 56.9635
v 0 163.174 57.1376
v 0 163.244 57.3234
v 0 163.286 57.5172
v 0 163.3 57.715
v -0 163.3 87.775
v -1.219 163.3 88.2091
v 0.0183 163.3 88.0312
v 0.0729 163.3 88.2821
v -1.1265 163.3 88.6343
v 0.1627 163.3 88.5227
v -0.9744 163.3 89.042
v -0.7658 163.3 89.424
v 0.2857 163.3 88.7482
v 0.4397 163.3 88.9537
v -0.505 163.3 89.7723
v -0.1973 163.3 90.08
v 0.6213 163.3 89.1353
v 0.151 163.3 90.3408
v 0.8268 163.3 89.2893
v 0.533 163.3 90.5494
v 1.0523 163.3 89.4123
v 0.9407 163.3 90.7015
v 1.2929 163.3 89.5021
v 1.3659 163.3 90.794
v 1.5438 163.3 89.5567
v 1.8 163.3 90.825
v 1.8 163.3 89.575
v 10.36 163.3 89.575
v 10.36 163.3 90.825
v -1.219 171 88.2091
v -1.1265 171 88.6343
v -0.9744 171 89.042
v -0.7658 171 89.424
v -0.505 171 89.7723
v -0.1973 171 90.08
v 0.151 171 90.3408
v 0.533 171 90.5494
v 0.9407 171 90.7015
v 1.3659 171 90.794
v 1.8 171 90.825
v -0 171 87.775
v 0 171 57.715
v 0.0183 171 88.0312
v 0.0729 171 88.2821
v 0.1627 171 88.5227
v 0.2857 171 88.7482
v 0.4397 171 88.9537
v 0.6213 171 89.1353
v 0.8268 171 89.2893
v 1.0523 171 89.4123
v 1.2929 171 89.5021
v 1.5438 171 89.5567
v 1.8 171 89.575
v 10.36 171 89.575
v 10.36 171 90.825
v 0 172.39 56.325
v 0 172.192 56.3391
v 0 171.998 56.3813
v 0 171.813 56.4506
v 0 171.638 56.5457
v 0 171.48 56.6645
v 0 171.339 56.8047
v 0 171.221 56.9635
v 0 171.126 57.1376
v 0 171.056 57.3234
v 0 171.014 57.5172
v 0 172.41 56.325
v 0 172.608 56.3391
v 0 172.802 56.3813
v 0 172.987 56.4506
v 0 173.161 56.5457
v 0 173.32 56.6645
v 0 173.46 56.8047
v 0 173.579 56.9635
v 0 173.674 57.1376
v 0 173.744 57.3234
v 0 173.786 57.5172
v 0 173.8 57.715
v -0 173.8 87.775
v -1.219 173.8 88.2091
v 0.0183 173.8 88.0312
v 0.0729 173.8 88.2821
v -1.1265 173.8 88.6343
v 0.1627 173.8 88.5227
v -0.9744 173.8 89.042
v -0.7658 173.8 89.424
v 0.2857 173.8 88.7482
v 0.4397 173.8 88.9537
v -0.505 173.8 89.7723
v -0.1973 173.8 90.08
v 0.6213 173.8 89.1353
v 0.151 173.8 90.3408
v 0.8268 173.8 89.2893
v 0.533 173.8 90.5494
v 1.0523 173.8 89.4123
v 0.9407 173.8 90.7015
v 1.2929 173.8 89.5021
v 1.3659 173.8 90.794
v 1.5438 173.8 89.5567
v 1.8 173.8 90.825
v 1.8 173.8 89.575
v 10.36 173.8 89.575
v 10.36 173.8 90.825
v -1.219 181.5 88.2091
v -1.1265 181.5 88.6343
v -0.9744 181.5 89.042
v -0.7658 181.5 89.424
v -0.505 181.5 89.7723
v -0.1973 181.5 90.08
v 0.151 181.5 90.3408
v 0.533 181.5 90.5494
v 0.9407 181.5 90.7015
v 1.3659 181.5 90.794
v 1.8 181.5 90.825
v -0 181.5 87.775
v 0 181.5 57.715
v 0.0183 181.5 88.0312
v 0.0729 181.5 88.2821
v 0.1627 181.5 88.5227
v 0.2857 181.5 88.7482
v 0.4397 181.5 88.9537
v 0.6213 181.5 89.1353
v 0.8268 181.5 89.2893
v 1.0523 181.5 89.4123
v 1.2929 181.5 89.5021
v 1.5438 181.5 89.5567
v 1.8 181.5 89.575
v 10.36 181.5 89.575
v 10.36 181.5 90.825
v 0 182.89 56.325
v 0 182.692 56.3391
v 0 182.498 56.3813
v 0 182.313 56.4506
v 0 182.138 56.5457
v 0 181.98 56.6645
v 0 181.839 56.8047
v 0 181.721 56.9635
v 0 181.626 57.1376
v 0 181.556 57.3234
v 0 181.514 57.5172
v 0 182.91 56.325
v 0 183.108 56.3391
v 0 183.302 56.3813
v 0 183.487 56.4506
v 0 183.661 56.5457
v 0 183.82 56.6645
v 0 183.96 56.8047
v 0 184.079 56.9635
v 0 184.174 57.1376
v 0 184.244 57.3234
v 0 184.286 57.5172
v 0 184.3 57.715
v -0 184.3 87.775
v -1.219 184.3 88.2091
v 0.0183 184.3 88.0312
v 0.0729 184.3 88.2821
v -1.1265 184.3 88.6343
v 0.1627 184.3 88.5227
v -0.9744 184.3 89.042
v -0.7658 184.3 89.424
v 0.2857 184.3 88.7482
v 0.4397 184.3 88.9537
v -0.505 184.3 89.7723
v -0.1973 184.3 90.08
v 0.6213 184.3 89.1353
v 0.151 184.3 90.3408
v 0.8268 184.3 89.2893
v 0.533 184.3 90.5494
v 1.0523 184.3 89.4123
v 0.9407 184.3 90.7015
v 1.2929 184.3 89.5021
v 1.3659 184.3 90.794
v 1.5438 184.3 89.5567
v 1.8 184.3 90.825
v 1.8 184.3 89.575
v 10.36 184.3 89.575
v 10.36 184.3 90.825
v -1.219 192 88.2091
v -1.1265 192 88.6343
v -0.9744 192 89.042
v -0.7658 192 89.424
v -0.505 192 89.7723
v -0.1973 192 90.08
v 0.151 192 90.3408
v 0.533 192 90.5494
v 0.9407 192 90.7015
v 1.3659 192 90.794
v 1.8 192 90.825
v -0 192 87.775
v 0 192 57.715
v 0.0183 192 88.0312
v 0.0729 192 88.2821
v 0.1627 192 88.5227
v 0.2857 192 88.7482
v 0.4397 192 88.9537
v 0.6213 192 89.1353
v 0.8268 192 89.2893
v 1.0523 192 89.4123
v 1.2929 192 89.5021
v 1.5438 192 89.5567
v 1.8 192 89.575
v 10.36 192 89.575
v 10.36 192 90.825
v 0 193.39 56.325
v 0 193.192 56.3391
v 0 192.998 56.3813
v 0 192.813 56.4506
v 0 192.638 56.5457
v 0 192.48 56.6645
v 0 192.339 56.8047
v 0 192.221 56.9635
v 0 192.126 57.1376
v 0 192.056 57.3234
v 0 192.014 57.5172
v 0 193.41 56.325
v 0 193.608 56.3391
v 0 193.802 56.3813
v 0 193.987 56.4506
v 0 194.161 56.5457
v 0 194.32 56.6645
v 0 194.46 56.8047
v 0 194.579 56.9635
v 0 194.674 57.1376
v 0 194.744 57.3234
v 0 194.786 57.5172
v 0 194.8 57.715
v -0 194.8 87.775
v -1.219 194.8 88.2091
v 0.0183 194.8 88.0312
v 0.0729 194.8 88.2821
v -1.1265 194.8 88.6343
v 0.1627 194.8 88.5227
v -0.9744 194.8 89.042
v -0.7658 194.8 89.424
v 0.2857 194.8 88.7482
v 0.4397 194.8 88.9537
v -0.505 194.8 89.7723
v -0.1973 194.8 90.08
v 0.6213 194.8 89.1353
v 0.151 194.8 90.3408
v 0.8268 194.8 89.2893
v 0.533 194.8 90.5494
v 1.0523 194.8 89.4123
v 0.9407 194.8 90.7015
v 1.2929 194.8 89.5021
v 1.3659 194.8 90.794
v 1.5438 194.8 89.5567
v 1.8 194.8 90.825
v 1.8 194.8 89.575
v 10.36 194.8 89.575
v 10.36 194.8 90.825
v -1.219 202.5 88.2091
v -1.1265 202.5 88.6343
v -0.9744 202.5 89.042
v -0.7658 202.5 89.424
v -0.505 202.5 89.7723
v -0.1973 202.5 90.08
v 0.151 202.5 90.3408
v 0.533 202.5 90.5494
v 0.9407 202.5 90.7015
v 1.3659 202.5 90.794
v 1.8 202.5 90.825
v -0 202.5 87.775
v 0 202.5 57.715
v 0.0183 202.5 88.0312
v 0.0729 202.5 88.2821
v 0.1627 202.5 88.5227
v 0.2857 202.5 88.7482
v 0.4397 202.5 88.9537
v 0.6213 202.5 89.1353
v 0.8268 202.5 89.2893
v 1.0523 202.5 89.4123
v 1.2929 202.5 89.5021
v 1.5438 202.5 89.5567
v 1.8 202.5 89.575
v 10.36 202.5 89.575
v 10.36 202.5 90.825
v 0 203.89 56.325
v 0 203.692 56.3391
v 0 203.498 56.3813
v 0 203.313 56.4506
v 0 203.138 56.5457
v 0 202.98 56.6645
v 0 202.839 56.8047
v 0 202.721 56.9635
v 0 202.626 57.1376
v 0 202.556 57.3234
v 0 202.514 57.5172
v 0 203.91 56.325
v 0 204.108 56.3391
v 0 204.302 56.3813
v 0 204.487 56.4506
v 0 204.661 56.5457
v 0 204.82 56.6645
v 0 204.96 56.8047
v 0 205.079 56.9635
v 0 205.174 57.1376
v 0 205.244 57.3234
v 0 205.286 57.5172
v 0 205.3 57.715
v -0 205.3 87.775
v -1.219 205.3 88.2091
v 0.0183 205.3 88.0312
v 0.0729 205.3 88.2821
v -1.1265 205.3 88.6343
v 0.1627 205.3 88.5227
v -0.9744 205.3 89.042
v -0.7658 205.3 89.424
v 0.2857 205.3 88.7482
v 0.4397 205.3 88.9537
v -0.505 205.3 89.7723
v -0.1973 205.3 90.08
v 0.6213 205.3 89.1353
v 0.151 205.3 90.3408
v 0.8268 205.3 89.2893
v 0.533 205.3 90.5494
v 1.0523 205.3 89.4123
v 0.9407 205.3 90.7015
v 1.2929 205.3 89.5021
v 1.3659 205.3 90.794
v 1.5438 205.3 89.5567
v 1.8 205.3 90.825
v 1.8 205.3 89.575
v 10.36 205.3 89.575
v 10.36 205.3 90.825
v -1.219 217.325 88.2091
v -1.1265 217.325 88.6343
v -0.9744 217.325 89.042
v -0.7658 217.325 89.424
v -0.505 217.325 89.7723
v -0.1973 217.325 90.08
v 0.151 217.325 90.3408
v 0.533 217.325 90.5494
v 0.9407 217.325 90.7015
v 1.3659 217.325 90.794
v 1.8 217.325 90.825
v -0 217.325 87.775
v 0 217.325 -1.25
v 0.0183 217.325 88.0312
v 0.0729 217.325 88.2821
v 0.1627 217.325 88.5227
v 0.2857 217.325 88.7482
v 0.4397 217.325 88.9537
v 0.6213 217.325 89.1353
v 0.8268 217.325 89.2893
v 1.0523 217.325 89.4123
v 1.2929 217.325 89.5021
v 1.5438 217.325 89.5567
v 1.8 217.325 89.575
v 151.275 217.325 90.825
v 151.275 217.325 89.575
v 154.325 217.325 87.775
v 154.325 217.325 -1.25
v 153.075 217.325 -1.25
v 153.075 217.325 87.775
v 154.294 217.325 88.2091
v 153.057 217.325 88.0312
v 151.709 217.325 90.794
v 151.531 217.325 89.5567
v 151.782 217.325 89.5021
v 152.134 217.325 90.7015
v 154.202 217.325 88.6343
v 153.002 217.325 88.2821
v 154.049 217.325 89.042
v 152.912 217.325 88.5227
v 152.542 217.325 90.5494
v 152.023 217.325 89.4123
v 152.248 217.325 89.2893
v 152.924 217.325 90.3408
v 153.841 217.325 89.424
v 152.789 217.325 88.7482
v 153.272 217.325 90.08
v 152.454 217.325 89.1353
v 153.58 217.325 89.7723
v 152.635 217.325 88.9537
v 0 -1.75 -1.25
v -0 -1.75 87.775
v 0.0183 -1.75 88.0312
v 0.0729 -1.75 88.2821
v 0.1627 -1.75 88.5227
v 0.2857 -1.75 88.7482
v 0.4397 -1.75 88.9537
v 0.6213 -1.75 89.1353
v 0.8268 -1.75 89.2893
v 1.0523 -1.75 89.4123
v 1.2929 -1.75 89.5021
v 1.5438 -1.75 89.5567
v 1.8 -1.75 89.575
v 151.275 -1.75 90.825
v 151.275 -1.75 89.575
v 154.325 -1.75 87.775
v 153.075 -1.75 -1.25
v 154.325 -1.75 -1.25
v 153.075 -1.75 87.775
v 154.294 -1.75 88.2091
v 153.057 -1.75 88.0312
v 151.709 -1.75 90.794
v 151.531 -1.75 89.5567
v 151.782 -1.75 89.5021
v 152.134 -1.75 90.7015
v 154.202 -1.75 88.6343
v 153.002 -1.75 88.2821
v 154.049 -1.75 89.042
v 152.912 -1.75 88.5227
v 152.542 -1.75 90.5494
v 152.023 -1.75 89.4123
v 152.248 -1.75 89.2893
v 152.924 -1.75 90.3408
v 153.841 -1.75 89.424
v 152.789 -1.75 88.7482
v 153.272 -1.75 90.08
v 152.454 -1.75 89.1353
v 153.58 -1.75 89.7723
v 152.635 -1.75 88.9537
v 24.1868 21.5965 90.825
v 25.2965 20.4868 90.825
v 23.2462 22.853 90.825
v 26.553 19.5462 90.825
v 27.9304 18.794 90.825
v 22.494 24.2304 90.825
v 29.4009 18.2456 90.825
v 21.9456 25.7009 90.825
v 30.9345 17.912 90.825
v 21.612 27.2345 90.825
v 32.5 17.8 90.825
v 21.5 28.8 90.825
v 21.5 83.8 90.825
v 22.494 88.3696 90.825
v 23.2462 89.747 90.825
v 21.9456 86.8991 90.825
v 21.612 85.3655 90.825
v 24.1868 91.0035 90.825
v 10.5578 118.514 90.825
v 120.575 17.8 90.825
v 24.1868 114.397 90.825
v 10.7516 118.556 90.825
v 10.9374 118.626 90.825
v 25.2965 113.287 90.825
v 25.2965 92.1132 90.825
v 26.553 93.0538 90.825
v 23.2462 115.653 90.825
v 11.1115 118.721 90.825
v 11.2703 118.84 90.825
v 26.553 112.346 90.825
v 22.494 117.03 90.825
v 11.4105 118.98 90.825
v 11.5293 119.138 90.825
v 27.9304 111.594 90.825
v 27.9304 93.806 90.825
v 10.5578 129.014 90.825
v 10.5578 121.286 90.825
v 10.7516 129.056 90.825
v 10.7516 121.244 90.825
v 10.9374 129.126 90.825
v 10.9374 121.174 90.825
v 11.1115 129.221 90.825
v 11.1115 121.079 90.825
v 29.4009 111.046 90.825
v 29.4009 94.3544 90.825
v 21.9456 118.501 90.825
v 11.6244 119.313 90.825
v 11.6937 119.498 90.825
v 11.2703 129.339 90.825
v 11.2703 120.96 90.825
v 11.4105 120.82 90.825
v 11.4105 129.48 90.825
v 21.612 120.034 90.825
v 11.7359 120.108 90.825
v 11.75 119.91 90.825
v 11.75 119.89 90.825
v 11.7359 119.692 90.825
v 30.9345 110.712 90.825
v 30.9345 94.688 90.825
v 21.5 121.6 90.825
v 11.5293 129.638 90.825
v 11.6244 129.813 90.825
v 11.6937 129.998 90.825
v 11.7359 130.192 90.825
v 11.75 130.39 90.825
v 11.6937 120.302 90.825
v 11.6244 120.487 90.825
v 11.5293 120.662 90.825
v 11.7359 130.608 90.825
v 11.75 130.41 90.825
v 11.6937 130.802 90.825
v 32.5 110.6 90.825
v 32.5 94.8 90.825
v 122.141 17.912 90.825
v 123.674 18.2456 90.825
v 125.145 18.794 90.825
v 126.522 19.5462 90.825
v 127.778 20.4868 90.825
v 10.5578 139.514 90.825
v 10.5578 131.786 90.825
v 10.7516 139.556 90.825
v 10.7516 131.744 90.825
v 128.888 21.5965 90.825
v 10.9374 139.626 90.825
v 10.9374 131.674 90.825
v 11.1115 139.721 90.825
v 11.1115 131.579 90.825
v 11.2703 131.46 90.825
v 11.2703 139.839 90.825
v 11.4105 139.98 90.825
v 11.4105 131.32 90.825
v 11.5293 140.138 90.825
v 11.5293 131.161 90.825
v 11.6244 140.313 90.825
v 11.6244 130.987 90.825
v 11.6937 140.498 90.825
v 11.7359 140.692 90.825
v 11.75 140.89 90.825
v 11.75 140.91 90.825
v 129.829 22.853 90.825
v 11.7359 141.108 90.825
v 130.581 24.2304 90.825
v 131.129 25.7009 90.825
v 131.463 27.2345 90.825
v 131.575 28.8 90.825
v 10.5578 150.014 90.825
v 10.5578 142.286 90.825
v 10.7516 150.056 90.825
v 10.7516 142.244 90.825
v 10.9374 150.126 90.825
v 10.9374 142.174 90.825
v 11.1115 150.221 90.825
v 11.1115 142.079 90.825
v 11.2703 141.96 90.825
v 11.2703 150.339 90.825
v 11.4105 141.82 90.825
v 11.4105 150.48 90.825
v 11.5293 150.638 90.825
v 11.5293 141.661 90.825
v 11.6244 150.813 90.825
v 11.6244 141.487 90.825
v 11.6937 150.998 90.825
v 11.6937 141.302 90.825
v 11.7359 151.192 90.825
v 11.75 151.39 90.825
v 11.75 151.41 90.825
v 10.5578 160.514 90.825
v 10.5578 152.786 90.825
v 10.7516 152.744 90.825
v 10.7516 160.556 90.825
v 10.9374 160.626 90.825
v 10.9374 152.674 90.825
v 11.1115 152.579 90.825
v 11.1115 160.721 90.825
v 11.2703 160.839 90.825
v 11.2703 152.46 90.825
v 11.4105 160.98 90.825
v 11.4105 152.32 90.825
v 11.5293 152.161 90.825
v 11.5293 161.138 90.825
v 11.6244 161.313 90.825
v 11.6244 151.987 90.825
v 11.6937 151.802 90.825
v 11.6937 161.498 90.825
v 11.7359 161.692 90.825
v 11.7359 151.608 90.825
v 10.5578 171.014 90.825
v 10.5578 163.286 90.825
v 10.7516 163.244 90.825
v 10.7516 171.056 90.825
v 10.9374 171.126 90.825
v 10.9374 163.174 90.825
v 11.1115 163.079 90.825
v 11.1115 171.221 90.825
v 11.2703 171.339 90.825
v 11.2703 162.96 90.825
v 11.4105 162.82 90.825
v 11.4105 171.48 90.825
v 11.5293 171.638 90.825
v 11.5293 162.661 90.825
v 11.6244 171.813 90.825
v 11.6244 162.487 90.825
v 11.6937 162.302 90.825
v 11.6937 171.998 90.825
v 11.7359 172.192 90.825
v 11.7359 162.108 90.825
v 10.5578 181.514 90.825
v 10.5578 173.786 90.825
v 10.7516 173.744 90.825
v 10.7516 181.556 90.825
v 10.9374 181.626 90.825
v 10.9374 173.674 90.825
v 11.1115 181.721 90.825
v 11.1115 173.579 90.825
v 11.2703 181.839 90.825
v 11.2703 173.46 90.825
v 11.4105 181.98 90.825
v 11.4105 173.32 90.825
v 11.5293 182.138 90.825
v 11.5293 173.161 90.825
v 11.6244 182.313 90.825
v 11.6244 172.987 90.825
v 10.5578 184.286 90.825
v 10.5578 192.014 90.825
v 10.7516 192.056 90.825
v 10.7516 184.244 90.825
v 10.9374 192.126 90.825
v 10.9374 184.174 90.825
v 11.1115 192.221 90.825
v 11.1115 184.079 90.825
v 11.2703 183.96 90.825
v 11.2703 192.339 90.825
v 11.4105 192.48 90.825
v 11.4105 183.82 90.825
v 21.5 190.5 90.825
v 11.75 172.39 90.825
v 11.75 161.91 90.825
v 11.75 161.89 90.825
v 11.5293 192.638 90.825
v 11.6244 192.813 90.825
v 11.6937 192.998 90.825
v 11.7359 183.108 90.825
v 11.75 182.91 90.825
v 11.6937 183.302 90.825
v 11.6244 183.487 90.825
v 11.5293 183.661 90.825
v 11.75 182.89 90.825
v 11.6937 182.498 90.825
v 11.7359 182.692 90.825
v 11.7359 172.608 90.825
v 11.75 172.41 90.825
v 11.6937 172.802 90.825
v 10.5578 202.514 90.825
v 10.5578 194.786 90.825
v 10.7516 194.744 90.825
v 10.7516 202.556 90.825
v 10.9374 202.626 90.825
v 10.9374 194.674 90.825
v 21.612 192.065 90.825
v 11.7359 193.608 90.825
v 11.75 193.41 90.825
v 11.75 193.39 90.825
v 11.7359 193.192 90.825
v 11.1115 202.721 90.825
v 11.1115 194.579 90.825
v 11.2703 194.46 90.825
v 11.2703 202.839 90.825
v 11.4105 202.98 90.825
v 11.4105 194.32 90.825
v 131.575 83.8 90.825
v 21.9456 193.599 90.825
v 11.6937 193.802 90.825
v 11.6244 193.987 90.825
v 22.494 195.07 90.825
v 11.5293 203.138 90.825
v 11.5293 194.161 90.825
v 10.9374 205.174 90.825
v 11.1115 205.079 90.825
v 10.7516 205.244 90.825
v 10.5578 205.286 90.825
v 23.2462 196.447 90.825
v 11.6244 203.313 90.825
v 11.6937 203.498 90.825
v 24.1868 197.703 90.825
v 11.7359 203.692 90.825
v 11.75 203.89 90.825
v 25.2965 198.813 90.825
v 11.7359 204.108 90.825
v 11.75 203.91 90.825
v 11.6937 204.302 90.825
v 26.553 199.754 90.825
v 11.6244 204.487 90.825
v 11.5293 204.661 90.825
v 27.9304 200.506 90.825
v 11.4105 204.82 90.825
v 29.4009 201.054 90.825
v 11.2703 204.96 90.825
v 120.575 110.6 90.825
v 120.575 94.8 90.825
v 30.9345 201.388 90.825
v 122.141 110.712 90.825
v 122.141 94.688 90.825
v 32.5 201.5 90.825
v 123.674 111.046 90.825
v 123.674 94.3544 90.825
v 125.145 111.594 90.825
v 125.145 93.806 90.825
v 126.522 93.0538 90.825
v 126.522 112.346 90.825
v 127.778 113.287 90.825
v 127.778 92.1132 90.825
v 128.888 114.397 90.825
v 128.888 91.0035 90.825
v 141.805 118.84 90.825
v 130.581 117.03 90.825
v 129.829 115.653 90.825
v 141.665 118.98 90.825
v 141.546 119.138 90.825
v 131.129 118.501 90.825
v 141.964 118.721 90.825
v 141.451 119.313 90.825
v 142.138 118.626 90.825
v 141.381 119.498 90.825
v 131.463 120.034 90.825
v 142.323 118.556 90.825
v 141.339 119.692 90.825
v 142.517 118.514 90.825
v 142.715 118.5 90.825
v 129.829 89.747 90.825
v 141.325 119.89 90.825
v 141.325 119.91 90.825
v 141.339 120.108 90.825
v 131.575 121.6 90.825
v 141.381 120.302 90.825
v 141.451 120.487 90.825
v 141.546 120.662 90.825
v 141.665 120.82 90.825
v 151.275 118.5 90.825
v 131.463 85.3655 90.825
v 131.129 86.8991 90.825
v 130.581 88.3696 90.825
v 141.805 129.339 90.825
v 141.805 120.96 90.825
v 141.665 129.48 90.825
v 141.546 129.638 90.825
v 141.964 129.221 90.825
v 141.964 121.079 90.825
v 142.138 121.174 90.825
v 141.451 129.813 90.825
v 142.138 129.126 90.825
v 141.381 129.998 90.825
v 142.323 129.056 90.825
v 142.323 121.244 90.825
v 141.339 130.192 90.825
v 142.517 129.014 90.825
v 142.517 121.286 90.825
v 142.715 121.3 90.825
v 142.715 129 90.825
v 141.325 130.39 90.825
v 141.325 130.41 90.825
v 141.339 130.608 90.825
v 141.381 130.802 90.825
v 151.275 121.3 90.825
v 151.275 129 90.825
v 141.665 139.98 90.825
v 141.665 131.32 90.825
v 141.805 131.46 90.825
v 141.805 139.839 90.825
v 141.546 140.138 90.825
v 141.546 131.161 90.825
v 141.964 139.721 90.825
v 141.964 131.579 90.825
v 141.451 140.313 90.825
v 141.451 130.987 90.825
v 142.138 139.626 90.825
v 142.138 131.674 90.825
v 141.381 140.498 90.825
v 142.323 139.556 90.825
v 142.323 131.744 90.825
v 142.517 131.786 90.825
v 141.339 140.692 90.825
v 142.517 139.514 90.825
v 142.715 139.5 90.825
v 142.715 131.8 90.825
v 141.325 140.89 90.825
v 141.325 140.91 90.825
v 141.339 141.108 90.825
v 151.275 139.5 90.825
v 151.275 131.8 90.825
v 141.665 150.48 90.825
v 141.665 141.82 90.825
v 141.805 141.96 90.825
v 141.805 150.339 90.825
v 141.546 150.638 90.825
v 141.546 141.661 90.825
v 141.964 150.221 90.825
v 141.964 142.079 90.825
v 141.451 150.813 90.825
v 141.451 141.487 90.825
v 141.381 141.302 90.825
v 142.138 150.126 90.825
v 142.138 142.174 90.825
v 141.381 150.998 90.825
v 142.323 150.056 90.825
v 142.323 142.244 90.825
v 142.517 142.286 90.825
v 141.339 151.192 90.825
v 142.517 150.014 90.825
v 142.715 150 90.825
v 142.715 142.3 90.825
v 141.325 151.39 90.825
v 141.325 151.41 90.825
v 151.275 150 90.825
v 151.275 142.3 90.825
v 141.665 160.98 90.825
v 141.665 152.32 90.825
v 141.805 152.46 90.825
v 141.546 152.161 90.825
v 141.805 160.839 90.825
v 141.546 161.138 90.825
v 141.964 160.721 90.825
v 141.964 152.579 90.825
v 141.451 161.313 90.825
v 141.451 151.987 90.825
v 142.138 160.626 90.825
v 142.138 152.674 90.825
v 141.381 161.498 90.825
v 141.381 151.802 90.825
v 141.339 151.608 90.825
v 142.323 160.556 90.825
v 142.323 152.744 90.825
v 142.517 152.786 90.825
v 141.339 161.692 90.825
v 142.517 160.514 90.825
v 142.715 160.5 90.825
v 142.715 152.8 90.825
v 151.275 160.5 90.825
v 151.275 152.8 90.825
v 141.805 171.339 90.825
v 141.665 162.82 90.825
v 141.805 162.96 90.825
v 141.665 171.48 90.825
v 141.546 171.638 90.825
v 141.546 162.661 90.825
v 141.964 171.221 90.825
v 141.964 163.079 90.825
v 141.451 171.813 90.825
v 141.451 162.487 90.825
v 141.381 162.302 90.825
v 142.138 171.126 90.825
v 142.138 163.174 90.825
v 141.381 171.998 90.825
v 141.339 162.108 90.825
v 142.323 171.056 90.825
v 142.323 163.244 90.825
v 141.339 172.192 90.825
v 142.517 171.014 90.825
v 142.517 163.286 90.825
v 142.715 171 90.825
v 142.715 163.3 90.825
v 131.575 190.5 90.825
v 141.325 161.89 90.825
v 141.325 161.91 90.825
v 141.325 172.39 90.825
v 141.325 172.41 90.825
v 141.381 172.802 90.825
v 141.451 172.987 90.825
v 141.339 172.608 90.825
v 151.275 171 90.825
v 151.275 163.3 90.825
v 141.665 181.98 90.825
v 141.805 173.46 90.825
v 141.805 181.839 90.825
v 141.665 173.32 90.825
v 141.546 182.138 90.825
v 141.546 173.161 90.825
v 141.964 181.721 90.825
v 141.964 173.579 90.825
v 141.451 182.313 90.825
v 142.138 181.626 90.825
v 142.138 173.674 90.825
v 141.381 182.498 90.825
v 142.323 181.556 90.825
v 142.323 173.744 90.825
v 142.517 173.786 90.825
v 141.339 182.692 90.825
v 142.517 181.514 90.825
v 142.715 181.5 90.825
v 142.715 173.8 90.825
v 141.325 182.89 90.825
v 141.325 182.91 90.825
v 141.339 183.108 90.825
v 141.381 183.302 90.825
v 141.451 183.487 90.825
v 141.546 183.661 90.825
v 141.665 183.82 90.825
v 151.275 181.5 90.825
v 151.275 173.8 90.825
v 141.665 192.48 90.825
v 141.805 183.96 90.825
v 141.805 192.339 90.825
v 141.546 192.638 90.825
v 141.964 192.221 90.825
v 141.964 184.079 90.825
v 141.451 192.813 90.825
v 142.138 192.126 90.825
v 142.138 184.174 90.825
v 141.381 192.998 90.825
v 131.463 192.065 90.825
v 142.323 192.056 90.825
v 142.323 184.244 90.825
v 142.517 184.286 90.825
v 141.339 193.192 90.825
v 142.517 192.014 90.825
v 142.715 192 90.825
v 142.715 184.3 90.825
v 141.325 193.39 90.825
v 141.325 193.41 90.825
v 141.339 193.608 90.825
v 131.129 193.599 90.825
v 141.381 193.802 90.825
v 141.451 193.987 90.825
v 130.581 195.07 90.825
v 141.546 194.161 90.825
v 141.665 194.32 90.825
v 151.275 192 90.825
v 151.275 184.3 90.825
v 141.805 202.839 90.825
v 141.805 194.46 90.825
v 141.665 202.98 90.825
v 141.546 203.138 90.825
v 129.829 196.447 90.825
v 141.964 202.721 90.825
v 141.964 194.579 90.825
v 141.451 203.313 90.825
v 142.138 202.626 90.825
v 142.138 194.674 90.825
v 141.381 203.498 90.825
v 128.888 197.703 90.825
v 142.323 202.556 90.825
v 142.323 194.744 90.825
v 142.517 194.786 90.825
v 141.339 203.692 90.825
v 142.517 202.514 90.825
v 142.715 202.5 90.825
v 142.715 194.8 90.825
v 141.325 203.89 90.825
v 127.778 198.813 90.825
v 141.325 203.91 90.825
v 141.339 204.108 90.825
v 141.381 204.302 90.825
v 126.522 199.754 90.825
v 141.451 204.487 90.825
v 141.546 204.661 90.825
v 125.145 200.506 90.825
v 141.665 204.82 90.825
v 123.674 201.054 90.825
v 141.805 204.96 90.825
v 141.964 205.079 90.825
v 122.141 201.388 90.825
v 151.275 202.5 90.825
v 151.275 194.8 90.825
v 120.575 201.5 90.825
v 142.517 205.286 90.825
v 142.715 205.3 90.825
v 142.323 205.244 90.825
v 142.138 205.174 90.825
v 151.275 205.3 90.825
v 11.75 119.89 89.575
v 11.7359 119.692 89.575
v 11.6937 119.498 89.575
v 11.6244 119.313 89.575
v 11.5293 119.138 89.575
v 11.4105 118.98 89.575
v 11.2703 118.84 89.575
v 11.1115 118.721 89.575
v 10.9374 118.626 89.575
v 10.7516 118.556 89.575
v 10.5578 118.514 89.575
v 10.5578 129.014 89.575
v 10.5578 121.286 89.575
v 10.7516 129.056 89.575
v 10.7516 121.244 89.575
v 10.9374 129.126 89.575
v 10.9374 121.174 89.575
v 11.1115 129.221 89.575
v 11.1115 121.079 89.575
v 11.2703 129.339 89.575
v 11.4105 120.82 89.575
v 11.2703 120.96 89.575
v 11.4105 129.48 89.575
v 11.5293 129.638 89.575
v 11.6244 120.487 89.575
v 11.5293 120.662 89.575
v 11.6244 129.813 89.575
v 11.6937 129.998 89.575
v 11.6937 120.302 89.575
v 11.7359 130.192 89.575
v 11.7359 120.108 89.575
v 10.5578 139.514 89.575
v 10.5578 131.786 89.575
v 10.7516 139.556 89.575
v 10.7516 131.744 89.575
v 10.9374 139.626 89.575
v 10.9374 131.674 89.575
v 11.1115 139.721 89.575
v 11.2703 131.46 89.575
v 11.1115 131.579 89.575
v 11.2703 139.839 89.575
v 11.4105 139.98 89.575
v 11.4105 131.32 89.575
v 11.5293 140.138 89.575
v 11.5293 131.161 89.575
v 11.6244 140.313 89.575
v 11.6244 130.987 89.575
v 11.6937 140.498 89.575
v 11.6937 130.802 89.575
v 11.7359 140.692 89.575
v 11.7359 130.608 89.575
v 10.5578 150.014 89.575
v 10.5578 142.286 89.575
v 10.7516 150.056 89.575
v 10.7516 142.244 89.575
v 10.9374 150.126 89.575
v 10.9374 142.174 89.575
v 11.1115 150.221 89.575
v 11.2703 141.96 89.575
v 11.1115 142.079 89.575
v 11.2703 150.339 89.575
v 11.4105 141.82 89.575
v 11.4105 150.48 89.575
v 11.5293 150.638 89.575
v 11.5293 141.661 89.575
v 11.6244 150.813 89.575
v 11.6244 141.487 89.575
v 11.6937 150.998 89.575
v 11.6937 141.302 89.575
v 11.7359 151.192 89.575
v 11.7359 141.108 89.575
v 10.5578 160.514 89.575
v 10.7516 152.744 89.575
v 10.5578 152.786 89.575
v 10.7516 160.556 89.575
v 10.9374 160.626 89.575
v 11.1115 152.579 89.575
v 10.9374 152.674 89.575
v 11.1115 160.721 89.575
v 11.2703 160.839 89.575
v 11.2703 152.46 89.575
v 11.4105 160.98 89.575
v 11.5293 152.161 89.575
v 11.4105 152.32 89.575
v 11.5293 161.138 89.575
v 11.6244 161.313 89.575
v 11.6937 151.802 89.575
v 11.6244 151.987 89.575
v 11.6937 161.498 89.575
v 11.7359 161.692 89.575
v 11.7359 151.608 89.575
v 10.5578 171.014 89.575
v 10.7516 163.244 89.575
v 10.5578 163.286 89.575
v 10.7516 171.056 89.575
v 10.9374 171.126 89.575
v 11.1115 163.079 89.575
v 10.9374 163.174 89.575
v 11.1115 171.221 89.575
v 11.2703 171.339 89.575
v 11.4105 162.82 89.575
v 11.2703 162.96 89.575
v 11.4105 171.48 89.575
v 11.5293 171.638 89.575
v 11.5293 162.661 89.575
v 11.6244 171.813 89.575
v 11.6937 162.302 89.575
v 11.6244 162.487 89.575
v 11.6937 171.998 89.575
v 11.7359 172.192 89.575
v 11.7359 162.108 89.575
v 10.5578 181.514 89.575
v 10.7516 173.744 89.575
v 10.5578 173.786 89.575
v 10.7516 181.556 89.575
v 10.9374 181.626 89.575
v 10.9374 173.674 89.575
v 11.1115 181.721 89.575
v 11.1115 173.579 89.575
v 11.2703 181.839 89.575
v 11.2703 173.46 89.575
v 11.4105 181.98 89.575
v 11.4105 173.32 89.575
v 11.5293 182.138 89.575
v 11.5293 173.161 89.575
v 11.6244 182.313 89.575
v 11.6244 172.987 89.575
v 11.6937 182.498 89.575
v 11.6937 172.802 89.575
v 11.7359 182.692 89.575
v 11.7359 172.608 89.575
v 10.5578 184.286 89.575
v 10.5578 192.014 89.575
v 10.7516 192.056 89.575
v 10.7516 184.244 89.575
v 10.9374 192.126 89.575
v 10.9374 184.174 89.575
v 11.1115 192.221 89.575
v 11.2703 183.96 89.575
v 11.1115 184.079 89.575
v 11.2703 192.339 89.575
v 11.4105 192.48 89.575
v 11.4105 183.82 89.575
v 11.5293 192.638 89.575
v 11.5293 183.661 89.575
v 11.6244 192.813 89.575
v 11.6937 183.302 89.575
v 11.6244 183.487 89.575
v 11.6937 192.998 89.575
v 11.7359 193.192 89.575
v 11.7359 183.108 89.575
v 10.5578 202.514 89.575
v 10.7516 194.744 89.575
v 10.5578 194.786 89.575
v 10.7516 202.556 89.575
v 10.9374 202.626 89.575
v 10.9374 194.674 89.575
v 11.1115 202.721 89.575
v 11.2703 194.46 89.575
v 11.1115 194.579 89.575
v 11.2703 202.839 89.575
v 11.4105 202.98 89.575
v 11.4105 194.32 89.575
v 11.5293 203.138 89.575
v 11.5293 194.161 89.575
v 11.6244 203.313 89.575
v 11.6244 193.987 89.575
v 11.6937 203.498 89.575
v 11.6937 193.802 89.575
v 11.7359 203.692 89.575
v 11.7359 193.608 89.575
v 11.4105 204.82 89.575
v 11.2703 204.96 89.575
v 11.1115 205.079 89.575
v 10.9374 205.174 89.575
v 10.7516 205.244 89.575
v 10.5578 205.286 89.575
v 141.805 118.84 89.575
v 141.665 118.98 89.575
v 141.546 119.138 89.575
v 141.964 118.721 89.575
v 141.451 119.313 89.575
v 142.138 118.626 89.575
v 141.381 119.498 89.575
v 142.323 118.556 89.575
v 141.339 119.692 89.575
v 142.517 118.514 89.575
v 142.715 118.5 89.575
v 141.325 119.89 89.575
v 11.75 119.91 89.575
v 141.325 119.91 89.575
v 141.339 120.108 89.575
v 151.275 118.5 89.575
v 141.805 129.339 89.575
v 141.805 120.96 89.575
v 141.665 120.82 89.575
v 141.665 129.48 89.575
v 141.546 120.662 89.575
v 141.546 129.638 89.575
v 141.964 129.221 89.575
v 142.138 121.174 89.575
v 141.964 121.079 89.575
v 141.451 129.813 89.575
v 141.451 120.487 89.575
v 141.381 120.302 89.575
v 142.138 129.126 89.575
v 141.381 129.998 89.575
v 142.323 129.056 89.575
v 142.323 121.244 89.575
v 141.339 130.192 89.575
v 11.75 130.39 89.575
v 142.517 129.014 89.575
v 142.715 121.3 89.575
v 142.517 121.286 89.575
v 142.715 129 89.575
v 141.325 130.39 89.575
v 11.75 130.41 89.575
v 141.325 130.41 89.575
v 141.339 130.608 89.575
v 151.275 121.3 89.575
v 151.275 129 89.575
v 141.665 139.98 89.575
v 141.805 139.839 89.575
v 141.805 131.46 89.575
v 141.665 131.32 89.575
v 141.546 140.138 89.575
v 141.546 131.161 89.575
v 141.964 139.721 89.575
v 141.964 131.579 89.575
v 141.451 140.313 89.575
v 141.451 130.987 89.575
v 141.381 130.802 89.575
v 142.138 139.626 89.575
v 142.138 131.674 89.575
v 141.381 140.498 89.575
v 142.323 139.556 89.575
v 142.517 131.786 89.575
v 142.323 131.744 89.575
v 141.339 140.692 89.575
v 142.517 139.514 89.575
v 142.715 139.5 89.575
v 142.715 131.8 89.575
v 141.325 140.89 89.575
v 11.75 140.89 89.575
v 11.75 140.91 89.575
v 141.325 140.91 89.575
v 141.339 141.108 89.575
v 151.275 139.5 89.575
v 151.275 131.8 89.575
v 141.665 150.48 89.575
v 141.805 141.96 89.575
v 141.665 141.82 89.575
v 141.805 150.339 89.575
v 141.546 150.638 89.575
v 141.546 141.661 89.575
v 141.964 150.221 89.575
v 141.964 142.079 89.575
v 141.451 150.813 89.575
v 141.451 141.487 89.575
v 141.381 141.302 89.575
v 142.138 150.126 89.575
v 142.138 142.174 89.575
v 141.381 150.998 89.575
v 142.323 150.056 89.575
v 142.517 142.286 89.575
v 142.323 142.244 89.575
v 141.339 151.192 89.575
v 142.517 150.014 89.575
v 142.715 150 89.575
v 142.715 142.3 89.575
v 141.325 151.39 89.575
v 11.75 151.39 89.575
v 141.325 151.41 89.575
v 11.75 151.41 89.575
v 141.339 151.608 89.575
v 151.275 150 89.575
v 151.275 142.3 89.575
v 141.665 160.98 89.575
v 141.805 152.46 89.575
v 141.665 152.32 89.575
v 141.546 152.161 89.575
v 141.805 160.839 89.575
v 141.546 161.138 89.575
v 141.964 160.721 89.575
v 141.964 152.579 89.575
v 141.451 161.313 89.575
v 141.451 151.987 89.575
v 142.138 160.626 89.575
v 142.138 152.674 89.575
v 141.381 161.498 89.575
v 141.381 151.802 89.575
v 142.323 160.556 89.575
v 142.517 152.786 89.575
v 142.323 152.744 89.575
v 141.339 161.692 89.575
v 11.75 161.89 89.575
v 142.517 160.514 89.575
v 142.715 160.5 89.575
v 142.715 152.8 89.575
v 141.325 161.89 89.575
v 141.325 161.91 89.575
v 11.75 161.91 89.575
v 141.339 162.108 89.575
v 151.275 160.5 89.575
v 151.275 152.8 89.575
v 141.805 171.339 89.575
v 141.805 162.96 89.575
v 141.665 162.82 89.575
v 141.665 171.48 89.575
v 141.546 171.638 89.575
v 141.546 162.661 89.575
v 141.964 171.221 89.575
v 141.964 163.079 89.575
v 141.451 171.813 89.575
v 141.451 162.487 89.575
v 141.381 162.302 89.575
v 142.138 171.126 89.575
v 142.138 163.174 89.575
v 141.381 171.998 89.575
v 142.323 171.056 89.575
v 142.323 163.244 89.575
v 141.339 172.192 89.575
v 142.517 171.014 89.575
v 142.517 163.286 89.575
v 142.715 171 89.575
v 142.715 163.3 89.575
v 141.325 172.39 89.575
v 11.75 172.39 89.575
v 141.325 172.41 89.575
v 11.75 172.41 89.575
v 141.339 172.608 89.575
v 151.275 171 89.575
v 151.275 163.3 89.575
v 141.665 181.98 89.575
v 141.805 181.839 89.575
v 141.805 173.46 89.575
v 141.665 173.32 89.575
v 141.546 182.138 89.575
v 141.546 173.161 89.575
v 141.964 181.721 89.575
v 141.964 173.579 89.575
v 141.451 182.313 89.575
v 141.451 172.987 89.575
v 142.138 181.626 89.575
v 142.138 173.674 89.575
v 141.381 182.498 89.575
v 141.381 172.802 89.575
v 142.323 181.556 89.575
v 142.517 173.786 89.575
v 142.323 173.744 89.575
v 141.339 182.692 89.575
v 11.75 182.89 89.575
v 142.517 181.514 89.575
v 142.715 181.5 89.575
v 142.715 173.8 89.575
v 141.325 182.89 89.575
v 141.325 182.91 89.575
v 11.75 182.91 89.575
v 141.339 183.108 89.575
v 151.275 181.5 89.575
v 151.275 173.8 89.575
v 141.665 192.48 89.575
v 141.805 183.96 89.575
v 141.665 183.82 89.575
v 141.546 183.661 89.575
v 141.805 192.339 89.575
v 141.546 192.638 89.575
v 141.964 192.221 89.575
v 141.964 184.079 89.575
v 141.451 192.813 89.575
v 141.451 183.487 89.575
v 141.381 183.302 89.575
v 142.138 192.126 89.575
v 142.138 184.174 89.575
v 141.381 192.998 89.575
v 142.323 192.056 89.575
v 142.517 184.286 89.575
v 142.323 184.244 89.575
v 141.339 193.192 89.575
v 142.517 192.014 89.575
v 142.715 192 89.575
v 142.715 184.3 89.575
v 141.325 193.39 89.575
v 11.75 193.39 89.575
v 11.75 193.41 89.575
v 141.325 193.41 89.575
v 141.339 193.608 89.575
v 151.275 192 89.575
v 151.275 184.3 89.575
v 141.805 202.839 89.575
v 141.805 194.46 89.575
v 141.665 194.32 89.575
v 141.665 202.98 89.575
v 141.546 194.161 89.575
v 141.546 203.138 89.575
v 141.964 202.721 89.575
v 141.964 194.579 89.575
v 141.451 203.313 89.575
v 141.451 193.987 89.575
v 141.381 193.802 89.575
v 142.138 202.626 89.575
v 142.138 194.674 89.575
v 141.381 203.498 89.575
v 142.323 202.556 89.575
v 142.517 194.786 89.575
v 142.323 194.744 89.575
v 141.339 203.692 89.575
v 11.75 203.89 89.575
v 142.517 202.514 89.575
v 142.715 202.5 89.575
v 142.715 194.8 89.575
v 141.325 203.89 89.575
v 141.325 203.91 89.575
v 11.75 203.91 89.575
v 141.339 204.108 89.575
v 11.7359 204.108 89.575
v 141.381 204.302 89.575
v 11.6937 204.302 89.575
v 11.6244 204.487 89.575
v 141.451 204.487 89.575
v 141.546 204.661 89.575
v 11.5293 204.661 89.575
v 141.665 204.82 89.575
v 151.275 202.5 89.575
v 151.275 194.8 89.575
v 142.715 205.3 89.575
v 142.517 205.286 89.575
v 142.323 205.244 89.575
v 142.138 205.174 89.575
v 141.964 205.079 89.575
v 141.805 204.96 89.575
v 151.275 205.3 89.575
v 154.325 205.3 87.775
v 154.294 205.3 88.2091
v 154.202 205.3 88.6343
v 154.049 205.3 89.042
v 153.841 205.3 89.424
v 153.58 205.3 89.7723
v 153.272 205.3 90.08
v 152.924 205.3 90.3408
v 152.542 205.3 90.5494
v 152.134 205.3 90.7015
v 151.709 205.3 90.794
v 154.325 204.82 56.6645
v 154.325 204.96 56.8047
v 154.325 205.079 56.9635
v 154.325 204.661 56.5457
v 154.325 205.174 57.1376
v 154.325 204.487 56.4506
v 154.325 205.244 57.3234
v 154.325 204.302 56.3813
v 154.325 205.286 57.5172
v 154.325 204.108 56.3391
v 154.325 203.91 56.325
v 154.325 203.89 56.325
v 154.325 203.692 56.3391
v 154.325 194.32 56.6645
v 154.325 202.98 56.6645
v 154.325 202.839 56.8047
v 154.325 194.46 56.8047
v 154.325 194.579 56.9635
v 154.325 202.721 56.9635
v 154.325 194.161 56.5457
v 154.325 203.138 56.5457
v 154.325 194.674 57.1376
v 154.325 202.626 57.1376
v 154.325 193.987 56.4506
v 154.325 203.313 56.4506
v 154.325 194.744 57.3234
v 154.325 202.556 57.3234
v 154.325 193.802 56.3813
v 154.325 203.498 56.3813
v 154.325 194.786 57.5172
v 154.325 202.514 57.5172
v 154.325 193.608 56.3391
v 154.325 193.41 56.325
v 154.325 194.8 57.715
v 154.325 202.5 57.715
v 154.325 193.39 56.325
v 154.325 193.192 56.3391
v 154.325 205.3 57.715
v 154.325 183.82 56.6645
v 154.325 192.339 56.8047
v 154.325 183.96 56.8047
v 154.325 192.48 56.6645
v 154.325 192.638 56.5457
v 154.325 184.079 56.9635
v 154.325 192.221 56.9635
v 154.325 183.661 56.5457
v 154.325 183.487 56.4506
v 154.325 192.813 56.4506
v 154.325 184.174 57.1376
v 154.325 192.126 57.1376
v 154.325 184.244 57.3234
v 154.325 192.056 57.3234
v 154.325 183.302 56.3813
v 154.325 192.998 56.3813
v 154.325 184.286 57.5172
v 154.325 192.014 57.5172
v 154.325 183.108 56.3391
v 154.325 182.91 56.325
v 154.325 184.3 57.715
v 154.325 192 57.715
v 154.325 182.89 56.325
v 154.325 182.692 56.3391
v 154.325 173.32 56.6645
v 154.325 181.839 56.8047
v 154.325 173.46 56.8047
v 154.325 181.98 56.6645
v 154.325 173.579 56.9635
v 154.325 181.721 56.9635
v 154.325 173.161 56.5457
v 154.325 182.138 56.5457
v 154.325 173.674 57.1376
v 154.325 181.626 57.1376
v 154.325 181.556 57.3234
v 154.325 172.987 56.4506
v 154.325 182.313 56.4506
v 154.325 173.744 57.3234
v 154.325 172.802 56.3813
v 154.325 182.498 56.3813
v 154.325 172.608 56.3391
v 154.325 173.786 57.5172
v 154.325 181.514 57.5172
v 154.325 172.41 56.325
v 154.325 173.8 57.715
v 154.325 181.5 57.715
v 154.325 172.39 56.325
v 154.325 172.192 56.3391
v 154.325 194.8 87.775
v 154.325 202.5 87.775
v 154.325 162.82 56.6645
v 154.325 171.48 56.6645
v 154.325 171.339 56.8047
v 154.325 162.96 56.8047
v 154.325 163.079 56.9635
v 154.325 171.221 56.9635
v 154.325 162.661 56.5457
v 154.325 171.638 56.5457
v 154.325 163.174 57.1376
v 154.325 171.126 57.1376
v 154.325 171.056 57.3234
v 154.325 162.487 56.4506
v 154.325 171.813 56.4506
v 154.325 163.244 57.3234
v 154.325 162.302 56.3813
v 154.325 171.998 56.3813
v 154.325 163.286 57.5172
v 154.325 171.014 57.5172
v 154.325 162.108 56.3391
v 154.325 163.3 57.715
v 154.325 171 57.715
v 154.325 161.91 56.325
v 154.325 161.89 56.325
v 154.325 161.692 56.3391
v 154.325 192 87.775
v 154.325 184.3 87.775
v 154.325 152.32 56.6645
v 154.325 160.98 56.6645
v 154.325 160.839 56.8047
v 154.325 152.46 56.8047
v 154.325 152.579 56.9635
v 154.325 160.721 56.9635
v 154.325 152.161 56.5457
v 154.325 161.138 56.5457
v 154.325 152.674 57.1376
v 154.325 160.626 57.1376
v 154.325 160.556 57.3234
v 154.325 151.987 56.4506
v 154.325 161.313 56.4506
v 154.325 152.744 57.3234
v 154.325 151.802 56.3813
v 154.325 161.498 56.3813
v 154.325 152.786 57.5172
v 154.325 160.514 57.5172
v 154.325 151.608 56.3391
v 154.325 151.41 56.325
v 154.325 152.8 57.715
v 154.325 160.5 57.715
v 154.325 151.39 56.325
v 154.325 181.5 87.775
v 154.325 173.8 87.775
v 154.325 141.82 56.6645
v 154.325 150.339 56.8047
v 154.325 141.96 56.8047
v 154.325 150.48 56.6645
v 154.325 141.661 56.5457
v 154.325 150.638 56.5457
v 154.325 142.079 56.9635
v 154.325 150.221 56.9635
v 154.325 142.174 57.1376
v 154.325 150.126 57.1376
v 154.325 141.487 56.4506
v 154.325 150.813 56.4506
v 154.325 150.998 56.3813
v 154.325 142.244 57.3234
v 154.325 150.056 57.3234
v 154.325 141.302 56.3813
v 154.325 142.286 57.5172
v 154.325 150.014 57.5172
v 154.325 150 57.715
v 154.325 141.108 56.3391
v 154.325 151.192 56.3391
v 154.325 142.3 57.715
v 154.325 140.91 56.325
v 154.325 140.89 56.325
v 154.325 171 87.775
v 154.325 163.3 87.775
v 154.325 131.32 56.6645
v 154.325 139.98 56.6645
v 154.325 139.839 56.8047
v 154.325 131.46 56.8047
v 154.325 131.579 56.9635
v 154.325 139.721 56.9635
v 154.325 131.161 56.5457
v 154.325 140.138 56.5457
v 154.325 140.313 56.4506
v 154.325 131.674 57.1376
v 154.325 139.626 57.1376
v 154.325 130.987 56.4506
v 154.325 131.744 57.3234
v 154.325 139.556 57.3234
v 154.325 130.802 56.3813
v 154.325 140.498 56.3813
v 154.325 131.786 57.5172
v 154.325 139.514 57.5172
v 154.325 130.608 56.3391
v 154.325 140.692 56.3391
v 154.325 131.8 57.715
v 154.325 139.5 57.715
v 154.325 130.41 56.325
v 154.325 130.39 56.325
v 154.325 152.8 87.775
v 154.325 160.5 87.775
v 154.325 120.96 56.8047
v 154.325 129.48 56.6645
v 154.325 129.339 56.8047
v 154.325 120.82 56.6645
v 154.325 121.079 56.9635
v 154.325 129.221 56.9635
v 154.325 120.662 56.5457
v 154.325 129.638 56.5457
v 154.325 129.813 56.4506
v 154.325 121.174 57.1376
v 154.325 129.126 57.1376
v 154.325 129.056 57.3234
v 154.325 120.487 56.4506
v 154.325 121.244 57.3234
v 154.325 129.014 57.5172
v 154.325 120.302 56.3813
v 154.325 129.998 56.3813
v 154.325 130.192 56.3391
v 154.325 120.108 56.3391
v 154.325 121.286 57.5172
v 154.325 121.3 57.715
v 154.325 129 57.715
v 154.325 119.91 56.325
v 154.325 119.89 56.325
v 154.325 119.692 56.3391
v 154.325 142.3 87.775
v 154.325 150 87.775
v 154.325 131.8 87.775
v 154.325 139.5 87.775
v 154.325 121.3 87.775
v 154.325 129 87.775
v 154.325 118.556 57.3234
v 154.325 118.514 57.5172
v 154.325 118.626 57.1376
v 154.325 118.721 56.9635
v 154.325 118.84 56.8047
v 154.325 118.98 56.6645
v 154.325 119.138 56.5457
v 154.325 119.313 56.4506
v 154.325 119.498 56.3813
v 154.325 118.5 57.715
v 154.325 118.5 87.775
v 153.075 204.82 56.6645
v 153.075 204.96 56.8047
v 153.075 205.079 56.9635
v 153.075 204.661 56.5457
v 153.075 205.174 57.1376
v 153.075 204.487 56.4506
v 153.075 205.244 57.3234
v 153.075 204.302 56.3813
v 153.075 205.286 57.5172
v 153.075 204.108 56.3391
v 153.075 203.91 56.325
v 153.075 203.89 56.325
v 153.075 203.692 56.3391
v 153.075 194.32 56.6645
v 153.075 202.839 56.8047
v 153.075 202.98 56.6645
v 153.075 194.46 56.8047
v 153.075 194.579 56.9635
v 153.075 202.721 56.9635
v 153.075 194.161 56.5457
v 153.075 203.138 56.5457
v 153.075 194.674 57.1376
v 153.075 202.626 57.1376
v 153.075 193.987 56.4506
v 153.075 203.313 56.4506
v 153.075 194.744 57.3234
v 153.075 202.556 57.3234
v 153.075 193.802 56.3813
v 153.075 203.498 56.3813
v 153.075 194.786 57.5172
v 153.075 202.514 57.5172
v 153.075 193.608 56.3391
v 153.075 193.41 56.325
v 153.075 194.8 57.715
v 153.075 202.5 57.715
v 153.075 193.39 56.325
v 153.075 193.192 56.3391
v 153.075 205.3 57.715
v 153.075 183.82 56.6645
v 153.075 183.96 56.8047
v 153.075 192.339 56.8047
v 153.075 192.48 56.6645
v 153.075 192.638 56.5457
v 153.075 184.079 56.9635
v 153.075 192.221 56.9635
v 153.075 183.661 56.5457
v 153.075 183.487 56.4506
v 153.075 192.813 56.4506
v 153.075 184.174 57.1376
v 153.075 192.126 57.1376
v 153.075 184.244 57.3234
v 153.075 192.056 57.3234
v 153.075 183.302 56.3813
v 153.075 192.998 56.3813
v 153.075 184.286 57.5172
v 153.075 192.014 57.5172
v 153.075 183.108 56.3391
v 153.075 182.91 56.325
v 153.075 184.3 57.715
v 153.075 192 57.715
v 153.075 182.89 56.325
v 153.075 182.692 56.3391
v 153.075 205.3 87.775
v 153.075 173.32 56.6645
v 153.075 173.46 56.8047
v 153.075 181.839 56.8047
v 153.075 181.98 56.6645
v 153.075 173.579 56.9635
v 153.075 181.721 56.9635
v 153.075 173.161 56.5457
v 153.075 182.138 56.5457
v 153.075 173.674 57.1376
v 153.075 181.556 57.3234
v 153.075 181.626 57.1376
v 153.075 172.987 56.4506
v 153.075 182.313 56.4506
v 153.075 173.744 57.3234
v 153.075 172.802 56.3813
v 153.075 182.498 56.3813
v 153.075 172.608 56.3391
v 153.075 173.786 57.5172
v 153.075 181.514 57.5172
v 153.075 172.41 56.325
v 153.075 173.8 57.715
v 153.075 181.5 57.715
v 153.075 172.39 56.325
v 153.075 172.192 56.3391
v 153.075 194.8 87.775
v 153.075 202.5 87.775
v 153.075 162.82 56.6645
v 153.075 171.339 56.8047
v 153.075 171.48 56.6645
v 153.075 162.96 56.8047
v 153.075 163.079 56.9635
v 153.075 171.221 56.9635
v 153.075 162.661 56.5457
v 153.075 171.638 56.5457
v 153.075 163.174 57.1376
v 153.075 171.056 57.3234
v 153.075 171.126 57.1376
v 153.075 162.487 56.4506
v 153.075 171.813 56.4506
v 153.075 163.244 57.3234
v 153.075 162.302 56.3813
v 153.075 171.998 56.3813
v 153.075 163.286 57.5172
v 153.075 171.014 57.5172
v 153.075 162.108 56.3391
v 153.075 163.3 57.715
v 153.075 171 57.715
v 153.075 161.91 56.325
v 153.075 161.89 56.325
v 153.075 161.692 56.3391
v 153.075 192 87.775
v 153.075 184.3 87.775
v 153.075 152.32 56.6645
v 153.075 160.839 56.8047
v 153.075 160.98 56.6645
v 153.075 152.46 56.8047
v 153.075 152.579 56.9635
v 153.075 160.721 56.9635
v 153.075 152.161 56.5457
v 153.075 161.138 56.5457
v 153.075 152.674 57.1376
v 153.075 160.556 57.3234
v 153.075 160.626 57.1376
v 153.075 151.987 56.4506
v 153.075 161.313 56.4506
v 153.075 152.744 57.3234
v 153.075 151.802 56.3813
v 153.075 161.498 56.3813
v 153.075 152.786 57.5172
v 153.075 160.514 57.5172
v 153.075 151.608 56.3391
v 153.075 151.41 56.325
v 153.075 152.8 57.715
v 153.075 160.5 57.715
v 153.075 151.39 56.325
v 153.075 181.5 87.775
v 153.075 173.8 87.775
v 153.075 141.82 56.6645
v 153.075 141.96 56.8047
v 153.075 150.339 56.8047
v 153.075 150.48 56.6645
v 153.075 141.661 56.5457
v 153.075 150.638 56.5457
v 153.075 142.079 56.9635
v 153.075 150.221 56.9635
v 153.075 142.174 57.1376
v 153.075 150.126 57.1376
v 153.075 141.487 56.4506
v 153.075 150.813 56.4506
v 153.075 150.998 56.3813
v 153.075 142.244 57.3234
v 153.075 150.056 57.3234
v 153.075 141.302 56.3813
v 153.075 142.286 57.5172
v 153.075 150 57.715
v 153.075 150.014 57.5172
v 153.075 141.108 56.3391
v 153.075 151.192 56.3391
v 153.075 142.3 57.715
v 153.075 140.91 56.325
v 153.075 140.89 56.325
v 153.075 171 87.775
v 153.075 163.3 87.775
v 153.075 131.32 56.6645
v 153.075 139.839 56.8047
v 153.075 139.98 56.6645
v 153.075 131.46 56.8047
v 153.075 131.579 56.9635
v 153.075 139.721 56.9635
v 153.075 131.161 56.5457
v 153.075 140.138 56.5457
v 153.075 140.313 56.4506
v 153.075 131.674 57.1376
v 153.075 139.626 57.1376
v 153.075 130.987 56.4506
v 153.075 131.744 57.3234
v 153.075 139.556 57.3234
v 153.075 130.802 56.3813
v 153.075 140.498 56.3813
v 153.075 131.786 57.5172
v 153.075 139.514 57.5172
v 153.075 130.608 56.3391
v 153.075 140.692 56.3391
v 153.075 131.8 57.715
v 153.075 139.5 57.715
v 153.075 130.41 56.325
v 153.075 130.39 56.325
v 153.075 152.8 87.775
v 153.075 160.5 87.775
v 153.075 120.96 56.8047
v 153.075 129.339 56.8047
v 153.075 129.48 56.6645
v 153.075 120.82 56.6645
v 153.075 121.079 56.9635
v 153.075 129.221 56.9635
v 153.075 120.662 56.5457
v 153.075 129.638 56.5457
v 153.075 129.813 56.4506
v 153.075 121.174 57.1376
v 153.075 129.056 57.3234
v 153.075 129.126 57.1376
v 153.075 120.487 56.4506
v 153.075 121.244 57.3234
v 153.075 129.014 57.5172
v 153.075 120.302 56.3813
v 153.075 129.998 56.3813
v 153.075 130.192 56.3391
v 153.075 120.108 56.3391
v 153.075 121.286 57.5172
v 153.075 121.3 57.715
v 153.075 129 57.715
v 153.075 119.91 56.325
v 153.075 119.89 56.325
v 153.075 119.692 56.3391
v 153.075 142.3 87.775
v 153.075 150 87.775
v 153.075 131.8 87.775
v 153.075 139.5 87.775
v 153.075 121.3 87.775
v 153.075 129 87.775
v 153.075 118.514 57.5172
v 153.075 118.556 57.3234
v 153.075 118.626 57.1376
v 153.075 118.721 56.9635
v 153.075 118.84 56.8047
v 153.075 118.98 56.6645
v 153.075 119.138 56.5457
v 153.075 119.313 56.4506
v 153.075 119.498 56.3813
v 153.075 118.5 57.715
v 153.075 118.5 87.775
v 153.057 205.3 88.0312
v 153.002 205.3 88.2821
v 152.912 205.3 88.5227
v 152.789 205.3 88.7482
v 152.635 205.3 88.9537
v 152.454 205.3 89.1353
v 152.248 205.3 89.2893
v 152.023 205.3 89.4123
v 151.782 205.3 89.5021
v 151.531 205.3 89.5567
v 154.294 118.5 88.2091
v 154.202 118.5 88.6343
v 154.049 118.5 89.042
v 153.841 118.5 89.424
v 153.58 118.5 89.7723
v 153.272 118.5 90.08
v 152.924 118.5 90.3408
v 152.542 118.5 90.5494
v 152.134 118.5 90.7015
v 151.709 118.5 90.794
v 153.057 118.5 88.0312
v 153.002 118.5 88.2821
v 152.912 118.5 88.5227
v 152.789 118.5 88.7482
v 152.635 118.5 88.9537
v 152.454 118.5 89.1353
v 152.248 118.5 89.2893
v 152.023 118.5 89.4123
v 151.782 118.5 89.5021
v 151.531 118.5 89.5567
v 153.057 202.5 88.0312
v 151.709 202.5 90.794
v 151.531 202.5 89.5567
v 151.782 202.5 89.5021
v 154.294 202.5 88.2091
v 154.202 202.5 88.6343
v 153.002 202.5 88.2821
v 152.912 202.5 88.5227
v 152.134 202.5 90.7015
v 152.542 202.5 90.5494
v 152.023 202.5 89.4123
v 154.049 202.5 89.042
v 152.789 202.5 88.7482
v 152.924 202.5 90.3408
v 152.248 202.5 89.2893
v 153.841 202.5 89.424
v 153.272 202.5 90.08
v 152.454 202.5 89.1353
v 153.58 202.5 89.7723
v 152.635 202.5 88.9537
v 154.294 194.8 88.2091
v 154.202 194.8 88.6343
v 154.049 194.8 89.042
v 153.841 194.8 89.424
v 153.58 194.8 89.7723
v 152.924 194.8 90.3408
v 153.272 194.8 90.08
v 152.542 194.8 90.5494
v 151.709 194.8 90.794
v 152.134 194.8 90.7015
v 153.057 194.8 88.0312
v 151.531 194.8 89.5567
v 151.782 194.8 89.5021
v 152.912 194.8 88.5227
v 153.002 194.8 88.2821
v 152.023 194.8 89.4123
v 152.789 194.8 88.7482
v 152.248 194.8 89.2893
v 152.454 194.8 89.1353
v 152.635 194.8 88.9537
v 153.057 192 88.0312
v 151.709 192 90.794
v 151.531 192 89.5567
v 151.782 192 89.5021
v 154.294 192 88.2091
v 154.202 192 88.6343
v 153.002 192 88.2821
v 152.912 192 88.5227
v 152.134 192 90.7015
v 152.542 192 90.5494
v 152.023 192 89.4123
v 154.049 192 89.042
v 152.789 192 88.7482
v 152.924 192 90.3408
v 152.248 192 89.2893
v 153.841 192 89.424
v 153.272 192 90.08
v 152.454 192 89.1353
v 153.58 192 89.7723
v 152.635 192 88.9537
v 154.294 184.3 88.2091
v 154.202 184.3 88.6343
v 154.049 184.3 89.042
v 153.841 184.3 89.424
v 153.58 184.3 89.7723
v 152.924 184.3 90.3408
v 153.272 184.3 90.08
v 152.542 184.3 90.5494
v 151.709 184.3 90.794
v 152.134 184.3 90.7015
v 153.057 184.3 88.0312
v 151.531 184.3 89.5567
v 151.782 184.3 89.5021
v 152.912 184.3 88.5227
v 153.002 184.3 88.2821
v 152.023 184.3 89.4123
v 152.789 184.3 88.7482
v 152.248 184.3 89.2893
v 152.454 184.3 89.1353
v 152.635 184.3 88.9537
v 153.057 181.5 88.0312
v 151.709 181.5 90.794
v 151.531 181.5 89.5567
v 151.782 181.5 89.5021
v 154.294 181.5 88.2091
v 154.202 181.5 88.6343
v 153.002 181.5 88.2821
v 152.912 181.5 88.5227
v 152.134 181.5 90.7015
v 152.542 181.5 90.5494
v 152.023 181.5 89.4123
v 154.049 181.5 89.042
v 152.789 181.5 88.7482
v 152.924 181.5 90.3408
v 152.248 181.5 89.2893
v 153.841 181.5 89.424
v 153.272 181.5 90.08
v 152.454 181.5 89.1353
v 153.58 181.5 89.7723
v 152.635 181.5 88.9537
v 154.294 173.8 88.2091
v 154.202 173.8 88.6343
v 154.049 173.8 89.042
v 153.841 173.8 89.424
v 153.58 173.8 89.7723
v 152.924 173.8 90.3408
v 153.272 173.8 90.08
v 152.542 173.8 90.5494
v 151.709 173.8 90.794
v 152.134 173.8 90.7015
v 153.057 173.8 88.0312
v 151.531 173.8 89.5567
v 151.782 173.8 89.5021
v 152.912 173.8 88.5227
v 153.002 173.8 88.2821
v 152.023 173.8 89.4123
v 152.789 173.8 88.7482
v 152.248 173.8 89.2893
v 152.454 173.8 89.1353
v 152.635 173.8 88.9537
v 153.057 171 88.0312
v 151.709 171 90.794
v 151.531 171 89.5567
v 151.782 171 89.5021
v 154.294 171 88.2091
v 154.202 171 88.6343
v 153.002 171 88.2821
v 152.912 171 88.5227
v 152.134 171 90.7015
v 152.542 171 90.5494
v 152.023 171 89.4123
v 154.049 171 89.042
v 152.789 171 88.7482
v 152.924 171 90.3408
v 152.248 171 89.2893
v 153.841 171 89.424
v 153.272 171 90.08
v 152.454 171 89.1353
v 153.58 171 89.7723
v 152.635 171 88.9537
v 154.294 163.3 88.2091
v 154.202 163.3 88.6343
v 154.049 163.3 89.042
v 153.841 163.3 89.424
v 153.58 163.3 89.7723
v 152.924 163.3 90.3408
v 153.272 163.3 90.08
v 152.542 163.3 90.5494
v 151.709 163.3 90.794
v 152.134 163.3 90.7015
v 153.057 163.3 88.0312
v 151.531 163.3 89.5567
v 151.782 163.3 89.5021
v 152.912 163.3 88.5227
v 153.002 163.3 88.2821
v 152.023 163.3 89.4123
v 152.789 163.3 88.7482
v 152.248 163.3 89.2893
v 152.454 163.3 89.1353
v 152.635 163.3 88.9537
v 153.057 160.5 88.0312
v 151.709 160.5 90.794
v 151.531 160.5 89.5567
v 151.782 160.5 89.5021
v 154.294 160.5 88.2091
v 154.202 160.5 88.6343
v 153.002 160.5 88.2821
v 152.912 160.5 88.5227
v 152.134 160.5 90.7015
v 152.542 160.5 90.5494
v 152.023 160.5 89.4123
v 154.049 160.5 89.042
v 152.789 160.5 88.7482
v 152.924 160.5 90.3408
v 152.248 160.5 89.2893
v 153.841 160.5 89.424
v 153.272 160.5 90.08
v 152.454 160.5 89.1353
v 153.58 160.5 89.7723
v 152.635 160.5 88.9537
v 154.294 152.8 88.2091
v 154.202 152.8 88.6343
v 154.049 152.8 89.042
v 153.841 152.8 89.424
v 153.58 152.8 89.7723
v 152.924 152.8 90.3408
v 153.272 152.8 90.08
v 152.542 152.8 90.5494
v 151.709 152.8 90.794
v 152.134 152.8 90.7015
v 153.057 152.8 88.0312
v 151.531 152.8 89.5567
v 151.782 152.8 89.5021
v 152.912 152.8 88.5227
v 153.002 152.8 88.2821
v 152.023 152.8 89.4123
v 152.789 152.8 88.7482
v 152.248 152.8 89.2893
v 152.454 152.8 89.1353
v 152.635 152.8 88.9537
v 153.057 150 88.0312
v 151.709 150 90.794
v 151.531 150 89.5567
v 151.782 150 89.5021
v 154.294 150 88.2091
v 154.202 150 88.6343
v 153.002 150 88.2821
v 152.912 150 88.5227
v 152.134 150 90.7015
v 152.542 150 90.5494
v 152.023 150 89.4123
v 154.049 150 89.042
v 152.789 150 88.7482
v 152.924 150 90.3408
v 152.248 150 89.2893
v 153.841 150 89.424
v 153.272 150 90.08
v 152.454 150 89.1353
v 153.58 150 89.7723
v 152.635 150 88.9537
v 154.294 142.3 88.2091
v 154.202 142.3 88.6343
v 154.049 142.3 89.042
v 153.841 142.3 89.424
v 153.58 142.3 89.7723
v 152.924 142.3 90.3408
v 153.272 142.3 90.08
v 152.542 142.3 90.5494
v 151.709 142.3 90.794
v 152.134 142.3 90.7015
v 153.057 142.3 88.0312
v 151.531 142.3 89.5567
v 151.782 142.3 89.5021
v 152.912 142.3 88.5227
v 153.002 142.3 88.2821
v 152.023 142.3 89.4123
v 152.789 142.3 88.7482
v 152.248 142.3 89.2893
v 152.454 142.3 89.1353
v 152.635 142.3 88.9537
v 153.057 139.5 88.0312
v 151.709 139.5 90.794
v 151.531 139.5 89.5567
v 151.782 139.5 89.5021
v 154.294 139.5 88.2091
v 154.202 139.5 88.6343
v 153.002 139.5 88.2821
v 152.912 139.5 88.5227
v 152.134 139.5 90.7015
v 152.542 139.5 90.5494
v 152.023 139.5 89.4123
v 154.049 139.5 89.042
v 152.789 139.5 88.7482
v 152.924 139.5 90.3408
v 152.248 139.5 89.2893
v 153.841 139.5 89.424
v 153.272 139.5 90.08
v 152.454 139.5 89.1353
v 153.58 139.5 89.7723
v 152.635 139.5 88.9537
v 154.294 131.8 88.2091
v 154.202 131.8 88.6343
v 154.049 131.8 89.042
v 153.841 131.8 89.424
v 153.58 131.8 89.7723
v 152.924 131.8 90.3408
v 153.272 131.8 90.08
v 152.542 131.8 90.5494
v 151.709 131.8 90.794
v 152.134 131.8 90.7015
v 153.057 131.8 88.0312
v 151.531 131.8 89.5567
v 151.782 131.8 89.5021
v 152.912 131.8 88.5227
v 153.002 131.8 88.2821
v 152.023 131.8 89.4123
v 152.789 131.8 88.7482
v 152.248 131.8 89.2893
v 152.454 131.8 89.1353
v 152.635 131.8 88.9537
v 153.057 129 88.0312
v 151.709 129 90.794
v 151.531 129 89.5567
v 151.782 129 89.5021
v 154.294 129 88.2091
v 154.202 129 88.6343
v 153.002 129 88.2821
v 152.912 129 88.5227
v 152.134 129 90.7015
v 152.542 129 90.5494
v 152.023 129 89.4123
v 154.049 129 89.042
v 152.789 129 88.7482
v 152.924 129 90.3408
v 152.248 129 89.2893
v 153.841 129 89.424
v 153.272 129 90.08
v 152.454 129 89.1353
v 153.58 129 89.7723
v 152.635 129 88.9537
v 154.202 121.3 88.6343
v 154.294 121.3 88.2091
v 154.049 121.3 89.042
v 153.841 121.3 89.424
v 153.272 121.3 90.08
v 153.58 121.3 89.7723
v 152.924 121.3 90.3408
v 152.542 121.3 90.5494
v 151.709 121.3 90.794
v 152.134 121.3 90.7015
v 153.057 121.3 88.0312
v 151.531 121.3 89.5567
v 151.782 121.3 89.5021
v 152.912 121.3 88.5227
v 153.002 121.3 88.2821
v 152.023 121.3 89.4123
v 152.789 121.3 88.7482
v 152.248 121.3 89.2893
v 152.454 121.3 89.1353
v 152.635 121.3 88.9537
v 21.5 28.8 90.809
v 21.612 27.2345 90.809
v 21.9456 25.7009 90.809
v 22.494 24.2304 90.809
v 23.2462 22.853 90.809
v 24.1868 21.5965 90.809
v 25.2965 20.4868 90.809
v 26.553 19.5462 90.809
v 27.9304 18.794 90.809
v 29.4009 18.2456 90.809
v 30.9345 17.912 90.809
v 32.5 17.8 90.809
v 120.575 17.8 90.809
v 131.575 28.8 90.809
v 131.463 27.2345 90.809
v 131.129 25.7009 90.809
v 130.581 24.2304 90.809
v 129.829 22.853 90.809
v 128.888 21.5965 90.809
v 127.778 20.4868 90.809
v 126.522 19.5462 90.809
v 125.145 18.794 90.809
v 123.674 18.2456 90.809
v 122.141 17.912 90.809
v 131.575 83.8 90.809
v 131.463 85.3655 90.809
v 131.129 86.8991 90.809
v 130.581 88.3696 90.809
v 129.829 89.747 90.809
v 128.888 91.0035 90.809
v 127.778 92.1132 90.809
v 126.522 93.0538 90.809
v 125.145 93.806 90.809
v 123.674 94.3544 90.809
v 122.141 94.688 90.809
v 120.575 94.8 90.809
v 32.5 94.8 90.809
v 21.5 83.8 90.809
v 21.612 85.3655 90.809
v 21.9456 86.8991 90.809
v 22.494 88.3696 90.809
v 23.2462 89.747 90.809
v 24.1868 91.0035 90.809
v 25.2965 92.1132 90.809
v 26.553 93.0538 90.809
v 27.9304 93.806 90.809
v 29.4009 94.3544 90.809
v 30.9345 94.688 90.809
v 21.5 121.6 90.809
v 21.612 120.034 90.809
v 21.9456 118.501 90.809
v 22.494 117.03 90.809
v 23.2462 115.653 90.809
v 24.1868 114.397 90.809
v 25.2965 113.287 90.809
v 26.553 112.346 90.809
v 27.9304 111.594 90.809
v 29.4009 111.046 90.809
v 30.9345 110.712 90.809
v 32.5 110.6 90.809
v 120.575 110.6 90.809
v 131.575 121.6 90.809
v 131.463 120.034 90.809
v 131.129 118.501 90.809
v 130.581 117.03 90.809
v 129.829 115.653 90.809
v 128.888 114.397 90.809
v 127.778 113.287 90.809
v 126.522 112.346 90.809
v 125.145 111.594 90.809
v 123.674 111.046 90.809
v 122.141 110.712 90.809
v 131.575 190.5 90.809
v 131.463 192.065 90.809
v 131.129 193.599 90.809
v 130.581 195.07 90.809
v 129.829 196.447 90.809
v 128.888 197.703 90.809
v 127.778 198.813 90.809
v 126.522 199.754 90.809
v 125.145 200.506 90.809
v 123.674 201.054 90.809
v 122.141 201.388 90.809
v 120.575 201.5 90.809
v 32.5 201.5 90.809
v 21.5 190.5 90.809
v 21.612 192.065 90.809
v 21.9456 193.599 90.809
v 22.494 195.07 90.809
v 23.2462 196.447 90.809
v 24.1868 197.703 90.809
v 25.2965 198.813 90.809
v 26.553 199.754 90.809
v 27.9304 200.506 90.809
v 29.4009 201.054 90.809
v 30.9345 201.388 90.809
v 31.0461 18.688 90.025
v 32.5 18.584 90.025
v 29.6218 18.9978 90.025
v 28.2561 19.5072 90.025
v 26.9768 20.2058 90.025
v 25.8099 21.0793 90.025
v 24.7793 22.1099 90.025
v 23.9058 23.2768 90.025
v 23.2072 24.5561 90.025
v 22.6978 25.9218 90.025
v 22.388 27.3461 90.025
v 22.284 28.8 90.025
v 120.575 18.584 90.025
v 130.687 27.3461 90.025
v 130.791 28.8 90.025
v 130.377 25.9218 90.025
v 129.868 24.5561 90.025
v 129.169 23.2768 90.025
v 128.296 22.1099 90.025
v 127.265 21.0793 90.025
v 126.098 20.2058 90.025
v 124.819 19.5072 90.025
v 123.453 18.9978 90.025
v 122.029 18.688 90.025
v 130.791 83.8 90.025
v 122.029 93.912 90.025
v 120.575 94.016 90.025
v 123.453 93.6022 90.025
v 124.819 93.0928 90.025
v 126.098 92.3942 90.025
v 127.265 91.5207 90.025
v 128.296 90.4901 90.025
v 129.169 89.3232 90.025
v 129.868 88.0439 90.025
v 130.377 86.6782 90.025
v 130.687 85.2539 90.025
v 32.5 94.016 90.025
v 22.388 85.2539 90.025
v 22.284 83.8 90.025
v 22.6978 86.6782 90.025
v 23.2072 88.0439 90.025
v 23.9058 89.3232 90.025
v 24.7793 90.4901 90.025
v 25.8099 91.5207 90.025
v 26.9768 92.3942 90.025
v 28.2561 93.0928 90.025
v 29.6218 93.6022 90.025
v 31.0461 93.912 90.025
v 31.0461 111.488 90.025
v 32.5 111.384 90.025
v 29.6218 111.798 90.025
v 28.2561 112.307 90.025
v 26.9768 113.006 90.025
v 25.8099 113.879 90.025
v 24.7793 114.91 90.025
v 23.9058 116.077 90.025
v 23.2072 117.356 90.025
v 22.6978 118.722 90.025
v 22.388 120.146 90.025
v 22.284 121.6 90.025
v 120.575 111.384 90.025
v 130.687 120.146 90.025
v 130.791 121.6 90.025
v 130.377 118.722 90.025
v 129.868 117.356 90.025
v 129.169 116.077 90.025
v 128.296 114.91 90.025
v 127.265 113.879 90.025
v 126.098 113.006 90.025
v 124.819 112.307 90.025
v 123.453 111.798 90.025
v 122.029 111.488 90.025
v 130.791 190.5 90.025
v 122.029 200.612 90.025
v 120.575 200.716 90.025
v 123.453 200.302 90.025
v 124.819 199.793 90.025
v 126.098 199.094 90.025
v 127.265 198.221 90.025
v 128.296 197.19 90.025
v 129.169 196.023 90.025
v 129.868 194.744 90.025
v 130.377 193.378 90.025
v 130.687 191.954 90.025
v 32.5 200.716 90.025
v 22.388 191.954 90.025
v 22.284 190.5 90.025
v 22.6978 193.378 90.025
v 23.2072 194.744 90.025
v 23.9058 196.023 90.025
v 24.7793 197.19 90.025
v 25.8099 198.221 90.025
v 26.9768 199.094 90.025
v 28.2561 199.793 90.025
v 29.6218 200.302 90.025
v 31.0461 200.612 90.025
v 0 217.325 89.575
v 0 216.075 0
v 0 216.075 89.575
v 0 34 -1.25
v 0 34 0
v 153.075 216.075 89.575
v 153.075 216.075 0
v 153.075 217.325 89.575
v 153.075 34 -1.25
v 153.075 34 0
v 137.075 34 -1.25
v 137.075 34 0
v 137.075 -1.75 0
v 137.075 -1.75 -1.25
v 16 -1.75 -1.25
v 16 -1.75 0
v 16 34 -1.25
v 16 34 0
v 4.2322 -2.5 57.9294
v 4.2322 -0.4 44.1444
v 4.2322 -2.5 44.1444
v 4.2322 -0.4 57.9294
v 6.2322 -2.5 55.9294
v 6.2322 -2.5 46.1444
v 56.5375 -2.5 44.1444
v 56.5375 -2.5 46.1444
v 56.5375 -2.5 57.9294
v 56.5375 -2.5 55.9294
v 56.5375 -0.4 57.9294
v 8 -0.4 54.1616
v 8 -0.4 47.9122
v 56.5375 -0.4 44.1444
v 56.5375 -0.4 47.9122
v 56.5375 -0.4 54.1616
v 56.5375 -0.7322 47.9122
v 8 -0.7322 47.9122
v 8 -0.7322 54.1616
v 56.5375 -0.7322 54.1616
v 146.843 -2.5 46.1444
v 96.5375 -2.5 46.1444
v 96.5375 -2.5 44.1444
v 148.843 -2.5 44.1444
v 146.843 -2.5 55.9294
v 96.5375 -2.5 57.9294
v 96.5375 -2.5 55.9294
v 148.843 -2.5 57.9294
v 148.843 -0.4 44.1444
v 96.5375 -0.4 44.1444
v 148.843 -0.4 57.9294
v 96.5375 -0.4 57.9294
v 96.5375 -0.4 54.1616
v 96.5375 -0.7322 54.1616
v 145.075 -0.7322 54.1616
v 145.075 -0.7322 47.9122
v 96.5375 -0.7322 47.9122
v 96.5375 -0.4 47.9122
v 145.075 -0.4 47.9122
v 145.075 -0.4 54.1616
v 0 1 89.575
v 0 1 44.1444
v 0 -1 44.1444
v 0 -1 89.575
v 7.7322 -1 54.4294
v 7.7322 -1 47.6444
v 56.5375 -1 44.1444
v 56.5375 -1 47.6444
v 56.5375 -1 78.7514
v 56.5375 -1 54.4294
v 145.343 -1 47.6444
v 96.5375 -1 47.6444
v 96.5375 -1 44.1444
v 153.075 -1 44.1444
v 145.343 -1 54.4294
v 96.5375 -1 78.7514
v 96.5375 -1 54.4294
v 153.075 -1 89.575
v 153.075 1 89.575
v 8 1 54.1616
v 8 1 47.9122
v 56.5375 1 44.1444
v 56.5375 1 47.9122
v 56.5375 1 78.7514
v 56.5375 1 54.1616
v 145.075 1 47.9122
v 96.5375 1 44.1444
v 96.5375 1 47.9122
v 153.075 1 44.1444
v 145.075 1 54.1616
v 96.5375 1 54.1616
v 96.5375 1 78.7514
v 0 -1 0
v 56.5375 -1 25.4158
v 153.075 -1 0
v 96.5375 -1 25.4158
v 56.5375 1 25.4158
v 96.5375 1 25.4158
v 6.8 -0.7322 46.7122
v 6.8 -0.7322 55.3616
v 146.275 -0.7322 46.7122
v 146.275 -0.7322 55.3616
v 145.075 33.2678 54.1616
v 8 33.2678 54.1616
v 145.075 33.2678 47.9122
v 8 33.2678 47.9122
v 97.5375 -2.5 24.4158
v 55.5375 -2.5 24.4158
v 56.5375 -2.5 78.7514
v 97.5375 -2.5 79.7514
v 55.5375 -2.5 79.7514
v 96.5375 -2.5 78.7514
v 96.5375 -2.5 25.4158
v 56.5375 -2.5 25.4158
v 55.5375 -0.7322 46.7122
v 55.5375 -0.7322 55.3616
v 97.5375 -0.7322 46.7122
v 97.5375 -0.7322 55.3616
v 56.5375 -0.7322 46.7122
v 56.5375 14.4641 46.7122
v 56.5375 -0.7322 55.3616
v 56.5375 19.9325 55.3616
v 56.5375 34.72 78.7514
v 96.5375 34.72 78.7514
v 96.5375 -0.7322 46.7122
v 96.5375 14.4641 46.7122
v 96.5375 19.9325 55.3616
v 96.5375 -0.7322 55.3616
v 57.0375 -1 78.7514
v 57.0375 1 57.9294
v 57.0375 -1 57.9294
v 57.0375 1 78.7514
v 96.0375 -1 78.7514
v 96.0375 -1 57.9294
v 96.0375 1 78.7514
v 96.0375 1 57.9294
v 96.0375 -1 44.1444
v 57.0375 -1 44.1444
v 57.0375 -4.25 44.1444
v 96.0375 -4.25 44.1444
v 96.0375 -4.25 57.9294
v 57.0375 -4.25 57.9294
v 95.5875 -4.7 44.5944
v 57.4875 -4.7 44.5944
v 95.5875 -4.7 57.4794
v 57.4875 -4.7 57.4794
v 34.231 -1 28.4985
v 34 -1 28.5158
v 34 -1.45 28.5158
v 34.231 -1.45 28.4985
v 34.4569 -1 28.4469
v 34.4569 -1.45 28.4469
v 34.6725 -1 28.3623
v 34.6725 -1.45 28.3623
v 34.8731 -1 28.2465
v 34.8731 -1.45 28.2465
v 35.0543 -1 28.102
v 35.0543 -1.45 28.102
v 35.2118 -1 27.9322
v 35.2118 -1.45 27.9322
v 35.3423 -1 27.7408
v 35.3423 -1.45 27.7408
v 35.4429 -1 27.5321
v 35.4429 -1.45 27.5321
v 35.5111 -1 27.3107
v 35.5111 -1.45 27.3107
v 35.5457 -1 27.0816
v 35.5457 -1.45 27.0816
v 35.5457 -1 26.85
v 35.5457 -1.45 26.85
v 35.5111 -1 26.6209
v 35.5111 -1.45 26.6209
v 35.4429 -1 26.3995
v 35.4429 -1.45 26.3995
v 35.3423 -1 26.1908
v 35.3423 -1.45 26.1908
v 35.2118 -1 25.9994
v 35.2118 -1.45 25.9994
v 35.0543 -1 25.8296
v 35.0543 -1.45 25.8296
v 34.8731 -1 25.6851
v 34.8731 -1.45 25.6851
v 34.6725 -1 25.5693
v 34.6725 -1.45 25.5693
v 34.4569 -1 25.4847
v 34.4569 -1.45 25.4847
v 34.231 -1 25.4331
v 34.231 -1.45 25.4331
v 34 -1 25.4158
v 34 -1.45 25.4158
v 33.769 -1 25.4331
v 33.769 -1.45 25.4331
v 33.5431 -1.45 25.4847
v 33.5431 -1 25.4847
v 33.3275 -1.45 25.5693
v 33.3275 -1 25.5693
v 33.1269 -1 25.6851
v 33.1269 -1.45 25.6851
v 32.9457 -1.45 25.8296
v 32.9457 -1 25.8296
v 32.7882 -1 25.9994
v 32.7882 -1.45 25.9994
v 32.6577 -1 26.1908
v 32.6577 -1.45 26.1908
v 32.5571 -1 26.3995
v 32.5571 -1.45 26.3995
v 32.4889 -1 26.6209
v 32.4889 -1.45 26.6209
v 32.4543 -1 26.85
v 32.4543 -1.45 26.85
v 32.4543 -1 27.0816
v 32.4543 -1.45 27.0816
v 32.4889 -1.45 27.3107
v 32.4889 -1 27.3107
v 32.5571 -1 27.5321
v 32.5571 -1.45 27.5321
v 32.6577 -1 27.7408
v 32.6577 -1.45 27.7408
v 32.7882 -1 27.9322
v 32.7882 -1.45 27.9322
v 32.9457 -1.45 28.102
v 32.9457 -1 28.102
v 33.1269 -1.45 28.2465
v 33.1269 -1 28.2465
v 33.3275 -1 28.3623
v 33.3275 -1.45 28.3623
v 33.5431 -1.45 28.4469
v 33.5431 -1 28.4469
v 33.769 -1 28.4985
v 33.769 -1.45 28.4985
v 33.6795 -1.4837 25.4497
v 33.6935 -1.5496 25.4497
v 33.7209 -1.6111 25.4497
v 33.7605 -1.6656 25.4497
v 33.3833 -1.5811 25.5498
v 33.8106 -1.7107 25.4497
v 33.4241 -1.7064 25.5498
v 33.8689 -1.7444 25.4497
v 33.49 -1.8206 25.5498
v 33.0939 -1.5452 25.7118
v 33.933 -1.7652 25.4497
v 33.5782 -1.9185 25.5498
v 33.1335 -1.7315 25.7118
v 34 -1.7723 25.4497
v 33.6848 -1.996 25.5498
v 33.211 -1.9055 25.7118
v 34.067 -1.7652 25.4497
v 33.8052 -2.0496 25.5498
v 33.3229 -2.0596 25.7118
v 34.1311 -1.7444 25.4497
v 32.8733 -1.6895 25.9287
v 33.9341 -2.077 25.5498
v 33.4645 -2.1871 25.7118
v 34.1894 -1.7107 25.4497
v 32.9477 -1.9185 25.9287
v 34.0659 -2.077 25.5498
v 33.6294 -2.2823 25.7118
v 34.2395 -1.6656 25.4497
v 33.0681 -2.1271 25.9287
v 34.1948 -2.0496 25.5498
v 32.665 -1.5903 26.1908
v 33.8106 -2.3412 25.7118
v 34.2791 -1.6111 25.4497
v 33.2292 -2.306 25.9287
v 34.3152 -1.996 25.5498
v 32.7234 -1.8648 26.1908
v 34 -2.3611 25.7118
v 34.3065 -1.5496 25.4497
v 33.4241 -2.4476 25.9287
v 34.4218 -1.9185 25.5498
v 32.8375 -2.1212 26.1908
v 34.1894 -2.3412 25.7118
v 34.3205 -1.4837 25.4497
v 33.6441 -2.5455 25.9287
v 34.51 -1.8206 25.5498
v 33.0024 -2.3482 26.1908
v 34.3706 -2.2823 25.7118
v 32.5581 -1.7565 26.4868
v 33.8796 -2.5956 25.9287
v 34.5759 -1.7064 25.5498
v 33.211 -2.536 26.1908
v 34.5355 -2.1871 25.7118
v 32.6533 -2.0496 26.4868
v 34.1204 -2.5956 25.9287
v 34.6167 -1.5811 25.5498
v 33.454 -2.6763 26.1908
v 34.6771 -2.0596 25.7118
v 32.8074 -2.3165 26.4868
v 34.3559 -2.5455 25.9287
v 32.4669 -1.6111 26.8038
v 33.7209 -2.763 26.1908
v 34.789 -1.9055 25.7118
v 33.0136 -2.5455 26.4868
v 34.5759 -2.4476 25.9287
v 32.5339 -1.9264 26.8038
v 34 -2.7923 26.1908
v 34.8665 -1.7315 25.7118
v 33.2629 -2.7266 26.4868
v 34.7708 -2.306 25.9287
v 32.665 -2.2208 26.8038
v 34.2791 -2.763 26.1908
v 34.9061 -1.5452 25.7118
v 33.5445 -2.852 26.4868
v 34.9319 -2.1271 25.9287
v 32.8544 -2.4815 26.8038
v 34.546 -2.6763 26.1908
v 32.4922 -1.7705 27.1278
v 33.8459 -2.9161 26.4868
v 35.0523 -1.9185 25.9287
v 33.0939 -2.6971 26.8038
v 34.789 -2.536 26.1908
v 32.5918 -2.077 27.1278
v 34.1541 -2.9161 26.4868
v 35.1267 -1.6895 25.9287
v 33.373 -2.8582 26.8038
v 34.9976 -2.3482 26.1908
v 32.7529 -2.3561 27.1278
v 34.4555 -2.852 26.4868
v 33.6795 -2.9578 26.8038
v 32.5339 -1.6041 27.4448
v 35.1625 -2.1212 26.1908
v 32.9685 -2.5956 27.1278
v 34.7371 -2.7266 26.4868
v 32.598 -1.9055 27.4448
v 34 -2.9915 26.8038
v 35.2766 -1.8648 26.1908
v 33.2292 -2.785 27.1278
v 34.9864 -2.5455 26.4868
v 32.7234 -2.1871 27.4448
v 34.3205 -2.9578 26.8038
v 35.335 -1.5903 26.1908
v 33.5236 -2.9161 27.1278
v 35.1926 -2.3165 26.4868
v 32.9045 -2.4364 27.4448
v 34.627 -2.8582 26.8038
v 32.687 -1.7291 27.7408
v 33.8389 -2.9831 27.1278
v 35.3467 -2.0496 26.4868
v 33.1335 -2.6426 27.4448
v 34.9061 -2.6971 26.8038
v 32.7737 -1.996 27.7408
v 34.1611 -2.9831 27.1278
v 35.4419 -1.7565 26.4868
v 33.4004 -2.7967 27.4448
v 35.1456 -2.4815 26.8038
v 32.914 -2.239 27.7408
v 34.4764 -2.9161 27.1278
v 32.8544 -1.5704 28.003
v 33.6935 -2.8919 27.4448
v 35.335 -2.2208 26.8038
v 33.1018 -2.4476 27.7408
v 34.7708 -2.785 27.1278
v 32.9045 -1.8059 28.003
v 34 -2.9241 27.4448
v 35.4661 -1.9264 26.8038
v 33.3288 -2.6125 27.7408
v 35.0315 -2.5956 27.1278
v 33.0024 -2.0259 28.003
v 34.3065 -2.8919 27.4448
v 35.5331 -1.6111 26.8038
v 33.5852 -2.7266 27.7408
v 35.2471 -2.3561 27.1278
v 33.144 -2.2208 28.003
v 34.5996 -2.7967 27.4448
v 33.8597 -2.785 27.7408
v 33.1088 -1.6394 28.2198
v 35.4082 -2.077 27.1278
v 33.3229 -2.3819 28.003
v 34.8665 -2.6426 27.4448
v 33.1677 -1.8206 28.2198
v 34.1403 -2.785 27.7408
v 35.5078 -1.7705 27.1278
v 33.5315 -2.5023 28.003
v 35.0955 -2.4364 27.4448
v 34.4148 -2.7266 27.7408
v 33.2629 -1.9855 28.2198
v 33.7605 -2.5767 28.003
v 33.373 -1.5159 28.3818
v 35.2766 -2.1871 27.4448
v 33.3904 -2.1271 28.2198
v 34.6712 -2.6125 27.7408
v 34 -2.6019 28.003
v 33.4004 -1.6448 28.3818
v 35.402 -1.9055 27.4448
v 33.5445 -2.239 28.2198
v 34.8982 -2.4476 27.7408
v 34.2395 -2.5767 28.003
v 33.454 -1.7652 28.3818
v 35.4661 -1.6041 27.4448
v 33.7185 -2.3165 28.2198
v 35.086 -2.239 27.7408
v 34.4685 -2.5023 28.003
v 33.5315 -1.8718 28.3818
v 33.6848 -1.517 28.4819
v 33.9048 -2.3561 28.2198
v 35.2263 -1.996 27.7408
v 34.6771 -2.3819 28.003
v 33.6294 -1.96 28.3818
v 33.7056 -1.5811 28.4819
v 34.0952 -2.3561 28.2198
v 35.313 -1.7291 27.7408
v 34.856 -2.2208 28.003
v 33.7436 -2.0259 28.3818
v 33.7393 -1.6394 28.4819
v 34.2815 -2.3165 28.2198
v 34.9976 -2.0259 28.003
v 33.8689 -2.0667 28.3818
v 33.7844 -1.6895 28.4819
v 34.4555 -2.239 28.2198
v 35.0955 -1.8059 28.003
v 34 -2.0804 28.3818
v 33.8389 -1.7291 28.4819
v 34.6096 -2.1271 28.2198
v 35.1456 -1.5704 28.003
v 34.1311 -2.0667 28.3818
v 33.9004 -1.7565 28.4819
v 34.7371 -1.9855 28.2198
v 34.2564 -2.0259 28.3818
v 33.9663 -1.7705 28.4819
v 34.8323 -1.8206 28.2198
v 34.3706 -1.96 28.3818
v 34.0337 -1.7705 28.4819
v 34.8912 -1.6394 28.2198
v 34.4685 -1.8718 28.3818
v 34.0996 -1.7565 28.4819
v 34.546 -1.7652 28.3818
v 34.1611 -1.7291 28.4819
v 34.5996 -1.6448 28.3818
v 34.2156 -1.6895 28.4819
v 34.627 -1.5159 28.3818
v 34.2607 -1.6394 28.4819
v 34.2944 -1.5811 28.4819
v 34.3152 -1.517 28.4819
v 32.8404 -1 26.041
v 32.9911 -1 25.8785
v 33.1645 -1 25.7403
v 32.7155 -1 26.2242
v 33.3564 -1 25.6295
v 32.6193 -1 26.4239
v 33.5628 -1 25.5485
v 32.5539 -1 26.6358
v 33.7789 -1 25.4991
v 32.5209 -1 26.855
v 34 -1 25.4826
v 32.5209 -1 27.0766
v 34.2211 -1 25.4991
v 32.5539 -1 27.2959
v 34.4372 -1 25.5485
v 32.6193 -1 27.5077
v 34.6436 -1 25.6295
v 32.7155 -1 27.7074
v 34.8355 -1 25.7403
v 32.8404 -1 27.8906
v 35.0089 -1 25.8785
v 32.9911 -1 28.0531
v 35.1596 -1 26.041
v 33.1645 -1 28.1913
v 35.2845 -1 26.2242
v 33.3564 -1 28.3022
v 35.3807 -1 26.4239
v 33.5628 -1 28.3832
v 35.4461 -1 26.6358
v 33.7789 -1 28.4325
v 35.4791 -1 26.855
v 34 -1 28.449
v 35.4791 -1 27.0766
v 34.2211 -1 28.4325
v 35.4461 -1 27.2959
v 34.4372 -1 28.3832
v 35.3807 -1 27.5077
v 35.2845 -1 27.7074
v 34.6436 -1 28.3022
v 35.1596 -1 27.8906
v 34.8355 -1 28.1913
v 35.0089 -1 28.0531
v 34.5164 -0.933 25.5989
v 34.4057 -0.8423 25.5989
v 34.7598 -0.8257 25.7677
v 34.2795 -0.7748 25.5989
v 34.6235 -0.6896 25.7677
v 34.9958 -0.7837 25.9825
v 34.1425 -0.7333 25.5989
v 34.4633 -0.5826 25.7677
v 34.8468 -0.6023 25.9825
v 34 -0.7193 25.5989
v 35.2051 -0.8048 26.2352
v 34.2853 -0.5089 25.7677
v 34.6653 -0.4535 25.9825
v 33.8575 -0.7333 25.5989
v 35.0562 -0.5822 26.2352
v 34.0963 -0.4714 25.7677
v 35.3699 -0.8813 26.5159
v 34.4582 -0.3429 25.9825
v 33.7205 -0.7748 25.5989
v 34.8667 -0.3929 26.2352
v 33.9037 -0.4714 25.7677
v 35.2328 -0.6252 26.5159
v 34.2336 -0.2748 25.9825
v 33.5943 -0.8423 25.5989
v 34.644 -0.2442 26.2352
v 33.7147 -0.5089 25.7677
v 35.0483 -0.4006 26.5159
v 34 -0.2518 25.9825
v 35.3599 -0.7219 26.8139
v 33.4836 -0.933 25.5989
v 34.3966 -0.1418 26.2352
v 33.5367 -0.5826 25.7677
v 34.8236 -0.2164 26.5159
v 33.7664 -0.2748 25.9825
v 35.1918 -0.4707 26.8139
v 34.1339 -0.0896 26.2352
v 35.4247 -0.8586 27.1177
v 33.3765 -0.6896 25.7677
v 34.5673 -0.0795 26.5159
v 33.5418 -0.3429 25.9825
v 34.978 -0.2572 26.8139
v 33.8661 -0.0896 26.2352
v 35.282 -0.5922 27.1177
v 33.2402 -0.8257 25.7677
v 34.2892 0.0048 26.5159
v 33.3347 -0.4535 25.9825
v 34.7267 -0.0894 26.8139
v 33.6034 -0.1418 26.2352
v 35.0902 -0.3587 27.1177
v 34 0.0333 26.5159
v 35.3076 -0.7499 27.4157
v 33.1532 -0.6023 25.9825
v 34.4475 0.0262 26.8139
v 33.356 -0.2442 26.2352
v 34.8565 -0.1671 27.1177
v 33.7108 0.0048 26.5159
v 35.146 -0.5084 27.4157
v 33.0042 -0.7837 25.9825
v 34.1511 0.0851 26.8139
v 35.2625 -0.9259 27.6965
v 33.1333 -0.3929 26.2352
v 34.5899 -0.0247 27.1177
v 33.4327 -0.0795 26.5159
v 34.9405 -0.303 27.4157
v 33.8489 0.0851 26.8139
v 35.1361 -0.6898 27.6965
v 32.9438 -0.5822 26.2352
v 34.3007 0.0629 27.1177
v 33.1764 -0.2164 26.5159
v 34.6988 -0.1417 27.4157
v 33.5525 0.0262 26.8139
v 34.9661 -0.4829 27.6965
v 32.7949 -0.8048 26.2352
v 34 0.0925 27.1177
v 35.0563 -0.8844 27.9491
v 32.9517 -0.4006 26.5159
v 34.4303 -0.0305 27.4157
v 33.2733 -0.0894 26.8139
v 34.759 -0.3131 27.6965
v 33.6993 0.0629 27.1177
v 34.9258 -0.6894 27.9491
v 32.7672 -0.6252 26.5159
v 34.1453 0.0261 27.4157
v 33.022 -0.2572 26.8139
v 34.5228 -0.1869 27.6965
v 33.4101 -0.0247 27.1177
v 34.7597 -0.5235 27.9491
v 32.6301 -0.8813 26.5159
v 33.8547 0.0261 27.4157
v 34.8173 -0.9032 28.1639
v 32.8082 -0.4707 26.8139
v 34.2665 -0.1092 27.6965
v 33.1435 -0.1671 27.1177
v 34.5645 -0.3931 27.9491
v 33.5697 -0.0305 27.4157
v 34.695 -0.7543 28.1639
v 32.6401 -0.7219 26.8139
v 34 -0.083 27.6965
v 32.9098 -0.3587 27.1177
v 34.3476 -0.3033 27.9491
v 33.3012 -0.1417 27.4157
v 34.546 -0.6322 28.1639
v 33.7335 -0.1092 27.6965
v 32.718 -0.5922 27.1177
v 34.1174 -0.2576 27.9491
v 33.0595 -0.303 27.4157
v 34.3761 -0.5414 28.1639
v 33.4772 -0.1869 27.6965
v 34.4633 -0.8849 28.3328
v 32.5753 -0.8586 27.1177
v 33.8826 -0.2576 27.9491
v 32.854 -0.5084 27.4157
v 34.1917 -0.4855 28.1639
v 33.241 -0.3131 27.6965
v 34.3443 -0.8055 28.3328
v 33.6524 -0.3033 27.9491
v 32.6924 -0.7499 27.4157
v 34 -0.4667 28.1639
v 33.0339 -0.4829 27.6965
v 34.212 -0.7507 28.3328
v 33.4355 -0.3931 27.9491
v 33.8083 -0.4855 28.1639
v 32.8639 -0.6898 27.6965
v 34.0716 -0.7228 28.3328
v 33.2403 -0.5235 27.9491
v 33.6239 -0.5414 28.1639
v 32.7375 -0.9259 27.6965
v 33.9284 -0.7228 28.3328
v 33.0742 -0.6894 27.9491
v 33.454 -0.6322 28.1639
v 33.788 -0.7507 28.3328
v 32.9437 -0.8844 27.9491
v 33.305 -0.7543 28.1639
v 33.6557 -0.8055 28.3328
v 33.1827 -0.9032 28.1639
v 33.5367 -0.8849 28.3328
v 21.933 18.8943 -1.25
v 22 18 -1.25
v 22 18 -4.425
v 21.933 18.8943 -4.425
v 21.7334 19.7685 -1.25
v 21.7334 19.7685 -4.425
v 21.4058 20.6033 -1.25
v 21.4058 20.6033 -4.425
v 20.9574 21.3799 -1.25
v 20.9574 21.3799 -4.425
v 20.3983 22.081 -1.25
v 20.3983 22.081 -4.425
v 19.7409 22.691 -4.425
v 19.7409 22.691 -1.25
v 19 23.1962 -1.25
v 19 23.1962 -4.425
v 18.192 23.5852 -1.25
v 18.192 23.5852 -4.425
v 17.3351 23.8496 -1.25
v 17.3351 23.8496 -4.425
v 16.4484 23.9832 -4.425
v 16.4484 23.9832 -1.25
v 15.5516 23.9832 -1.25
v 15.5516 23.9832 -4.425
v 14.6649 23.8496 -4.425
v 14.6649 23.8496 -1.25
v 13.808 23.5852 -1.25
v 13.808 23.5852 -4.425
v 13 23.1962 -1.25
v 13 23.1962 -4.425
v 12.2591 22.691 -4.425
v 12.2591 22.691 -1.25
v 11.6017 22.081 -1.25
v 11.6017 22.081 -4.425
v 11.0426 21.3799 -1.25
v 11.0426 21.3799 -4.425
v 10.5942 20.6033 -4.425
v 10.5942 20.6033 -1.25
v 10.2666 19.7685 -1.25
v 10.2666 19.7685 -4.425
v 10.067 18.8943 -4.425
v 10.067 18.8943 -1.25
v 10 18 -1.25
v 10 18 -4.425
v 10.067 17.1057 -1.25
v 10.067 17.1057 -4.425
v 10.2666 16.2315 -1.25
v 10.2666 16.2315 -4.425
v 10.5942 15.3967 -1.25
v 10.5942 15.3967 -4.425
v 11.0426 14.6201 -1.25
v 11.0426 14.6201 -4.425
v 11.6017 13.919 -1.25
v 11.6017 13.919 -4.425
v 12.2591 13.309 -1.25
v 12.2591 13.309 -4.425
v 13 12.8038 -4.425
v 13 12.8038 -1.25
v 13.808 12.4148 -1.25
v 13.808 12.4148 -4.425
v 14.6649 12.1504 -1.25
v 14.6649 12.1504 -4.425
v 15.5516 12.0168 -4.425
v 15.5516 12.0168 -1.25
v 16.4484 12.0168 -1.25
v 16.4484 12.0168 -4.425
v 17.3351 12.1504 -4.425
v 17.3351 12.1504 -1.25
v 18.192 12.4148 -1.25
v 18.192 12.4148 -4.425
v 19 12.8038 -4.425
v 19 12.8038 -1.25
v 19.7409 13.309 -1.25
v 19.7409 13.309 -4.425
v 20.3983 13.919 -4.425
v 20.3983 13.919 -1.25
v 20.9574 14.6201 -4.425
v 20.9574 14.6201 -1.25
v 21.4058 15.3967 -1.25
v 21.4058 15.3967 -4.425
v 21.7334 16.2315 -4.425
v 21.7334 16.2315 -1.25
v 21.933 17.1057 -1.25
v 21.933 17.1057 -4.425
v 21.933 200.219 -1.25
v 22 199.325 -1.25
v 22 199.325 -4.425
v 21.933 200.219 -4.425
v 21.7334 201.094 -1.25
v 21.7334 201.094 -4.425
v 21.4058 201.928 -1.25
v 21.4058 201.928 -4.425
v 20.9574 202.705 -1.25
v 20.9574 202.705 -4.425
v 20.3983 203.406 -1.25
v 20.3983 203.406 -4.425
v 19.7409 204.016 -4.425
v 19.7409 204.016 -1.25
v 19 204.521 -1.25
v 19 204.521 -4.425
v 18.192 204.91 -1.25
v 18.192 204.91 -4.425
v 17.3351 205.175 -1.25
v 17.3351 205.175 -4.425
v 16.4484 205.308 -4.425
v 16.4484 205.308 -1.25
v 15.5516 205.308 -1.25
v 15.5516 205.308 -4.425
v 14.6649 205.175 -4.425
v 14.6649 205.175 -1.25
v 13.808 204.91 -1.25
v 13.808 204.91 -4.425
v 13 204.521 -1.25
v 13 204.521 -4.425
v 12.2591 204.016 -4.425
v 12.2591 204.016 -1.25
v 11.6017 203.406 -1.25
v 11.6017 203.406 -4.425
v 11.0426 202.705 -1.25
v 11.0426 202.705 -4.425
v 10.5942 201.928 -4.425
v 10.5942 201.928 -1.25
v 10.2666 201.094 -1.25
v 10.2666 201.094 -4.425
v 10.067 200.219 -4.425
v 10.067 200.219 -1.25
v 10 199.325 -1.25
v 10 199.325 -4.425
v 10.067 198.431 -1.25
v 10.067 198.431 -4.425
v 10.2666 197.556 -1.25
v 10.2666 197.556 -4.425
v 10.5942 196.722 -1.25
v 10.5942 196.722 -4.425
v 11.0426 195.945 -1.25
v 11.0426 195.945 -4.425
v 11.6017 195.244 -1.25
v 11.6017 195.244 -4.425
v 12.2591 194.634 -1.25
v 12.2591 194.634 -4.425
v 13 194.129 -4.425
v 13 194.129 -1.25
v 13.808 193.74 -1.25
v 13.808 193.74 -4.425
v 14.6649 193.475 -1.25
v 14.6649 193.475 -4.425
v 15.5516 193.342 -4.425
v 15.5516 193.342 -1.25
v 16.4484 193.342 -1.25
v 16.4484 193.342 -4.425
v 17.3351 193.475 -4.425
v 17.3351 193.475 -1.25
v 18.192 193.74 -1.25
v 18.192 193.74 -4.425
v 19 194.129 -4.425
v 19 194.129 -1.25
v 19.7409 194.634 -1.25
v 19.7409 194.634 -4.425
v 20.3983 195.244 -4.425
v 20.3983 195.244 -1.25
v 20.9574 195.945 -4.425
v 20.9574 195.945 -1.25
v 21.4058 196.722 -1.25
v 21.4058 196.722 -4.425
v 21.7334 197.556 -4.425
v 21.7334 197.556 -1.25
v 21.933 198.431 -1.25
v 21.933 198.431 -4.425
v 143.008 18.8943 -1.25
v 143.075 18 -1.25
v 143.075 18 -4.425
v 143.008 18.8943 -4.425
v 142.808 19.7685 -1.25
v 142.808 19.7685 -4.425
v 142.481 20.6033 -1.25
v 142.481 20.6033 -4.425
v 142.032 21.3799 -1.25
v 142.032 21.3799 -4.425
v 141.473 22.081 -1.25
v 141.473 22.081 -4.425
v 140.816 22.691 -4.425
v 140.816 22.691 -1.25
v 140.075 23.1962 -1.25
v 140.075 23.1962 -4.425
v 139.267 23.5852 -1.25
v 139.267 23.5852 -4.425
v 138.41 23.8496 -1.25
v 138.41 23.8496 -4.425
v 137.523 23.9832 -4.425
v 137.523 23.9832 -1.25
v 136.627 23.9832 -1.25
v 136.627 23.9832 -4.425
v 135.74 23.8496 -4.425
v 135.74 23.8496 -1.25
v 134.883 23.5852 -1.25
v 134.883 23.5852 -4.425
v 134.075 23.1962 -1.25
v 134.075 23.1962 -4.425
v 133.334 22.691 -4.425
v 133.334 22.691 -1.25
v 132.677 22.081 -1.25
v 132.677 22.081 -4.425
v 132.118 21.3799 -1.25
v 132.118 21.3799 -4.425
v 131.669 20.6033 -4.425
v 131.669 20.6033 -1.25
v 131.342 19.7685 -1.25
v 131.342 19.7685 -4.425
v 131.142 18.8943 -4.425
v 131.142 18.8943 -1.25
v 131.075 18 -1.25
v 131.075 18 -4.425
v 131.142 17.1057 -1.25
v 131.142 17.1057 -4.425
v 131.342 16.2315 -1.25
v 131.342 16.2315 -4.425
v 131.669 15.3967 -1.25
v 131.669 15.3967 -4.425
v 132.118 14.6201 -1.25
v 132.118 14.6201 -4.425
v 132.677 13.919 -1.25
v 132.677 13.919 -4.425
v 133.334 13.309 -1.25
v 133.334 13.309 -4.425
v 134.075 12.8038 -4.425
v 134.075 12.8038 -1.25
v 134.883 12.4148 -1.25
v 134.883 12.4148 -4.425
v 135.74 12.1504 -1.25
v 135.74 12.1504 -4.425
v 136.627 12.0168 -4.425
v 136.627 12.0168 -1.25
v 137.523 12.0168 -1.25
v 137.523 12.0168 -4.425
v 138.41 12.1504 -4.425
v 138.41 12.1504 -1.25
v 139.267 12.4148 -1.25
v 139.267 12.4148 -4.425
v 140.075 12.8038 -4.425
v 140.075 12.8038 -1.25
v 140.816 13.309 -1.25
v 140.816 13.309 -4.425
v 141.473 13.919 -4.425
v 141.473 13.919 -1.25
v 142.032 14.6201 -4.425
v 142.032 14.6201 -1.25
v 142.481 15.3967 -1.25
v 142.481 15.3967 -4.425
v 142.808 16.2315 -4.425
v 142.808 16.2315 -1.25
v 143.008 17.1057 -1.25
v 143.008 17.1057 -4.425
v 143.008 200.219 -1.25
v 143.075 199.325 -1.25
v 143.075 199.325 -4.425
v 143.008 200.219 -4.425
v 142.808 201.094 -1.25
v 142.808 201.094 -4.425
v 142.481 201.928 -1.25
v 142.481 201.928 -4.425
v 142.032 202.705 -1.25
v 142.032 202.705 -4.425
v 141.473 203.406 -1.25
v 141.473 203.406 -4.425
v 140.816 204.016 -4.425
v 140.816 204.016 -1.25
v 140.075 204.521 -1.25
v 140.075 204.521 -4.425
v 139.267 204.91 -1.25
v 139.267 204.91 -4.425
v 138.41 205.175 -1.25
v 138.41 205.175 -4.425
v 137.523 205.308 -4.425
v 137.523 205.308 -1.25
v 136.627 205.308 -1.25
v 136.627 205.308 -4.425
v 135.74 205.175 -4.425
v 135.74 205.175 -1.25
v 134.883 204.91 -1.25
v 134.883 204.91 -4.425
v 134.075 204.521 -1.25
v 134.075 204.521 -4.425
v 133.334 204.016 -4.425
v 133.334 204.016 -1.25
v 132.677 203.406 -1.25
v 132.677 203.406 -4.425
v 132.118 202.705 -1.25
v 132.118 202.705 -4.425
v 131.669 201.928 -4.425
v 131.669 201.928 -1.25
v 131.342 201.094 -1.25
v 131.342 201.094 -4.425
v 131.142 200.219 -4.425
v 131.142 200.219 -1.25
v 131.075 199.325 -1.25
v 131.075 199.325 -4.425
v 131.142 198.431 -1.25
v 131.142 198.431 -4.425
v 131.342 197.556 -1.25
v 131.342 197.556 -4.425
v 131.669 196.722 -1.25
v 131.669 196.722 -4.425
v 132.118 195.945 -1.25
v 132.118 195.945 -4.425
v 132.677 195.244 -1.25
v 132.677 195.244 -4.425
v 133.334 194.634 -1.25
v 133.334 194.634 -4.425
v 134.075 194.129 -4.425
v 134.075 194.129 -1.25
v 134.883 193.74 -1.25
v 134.883 193.74 -4.425
v 135.74 193.475 -1.25
v 135.74 193.475 -4.425
v 136.627 193.342 -4.425
v 136.627 193.342 -1.25
v 137.523 193.342 -1.25
v 137.523 193.342 -4.425
v 138.41 193.475 -4.425
v 138.41 193.475 -1.25
v 139.267 193.74 -1.25
v 139.267 193.74 -4.425
v 140.075 194.129 -4.425
v 140.075 194.129 -1.25
v 140.816 194.634 -1.25
v 140.816 194.634 -4.425
v 141.473 195.244 -4.425
v 141.473 195.244 -1.25
v 142.032 195.945 -4.425
v 142.032 195.945 -1.25
v 142.481 196.722 -1.25
v 142.481 196.722 -4.425
v 142.808 197.556 -4.425
v 142.808 197.556 -1.25
v 143.008 198.431 -1.25
v 143.008 198.431 -4.425
usemtl case
f 1 2 3
f 4 1 3
f 5 3 2
f 6 5 2
f 7 8 5
f 7 5 6
f 9 8 7
f 9 7 10
f 11 10 12
f 11 12 13
f 11 9 10
f 14 11 13
f 15 13 16
f 15 16 17
f 15 14 13
f 18 17 19
f 18 15 17
f 20 18 19
f 21 19 22
f 21 20 19
f 23 22 24
f 23 24 25
f 23 21 22
f 26 23 25
f 27 25 28
f 27 28 29
f 27 26 25
f 30 27 29
f 11 8 9
f 15 11 14
f 15 8 11
f 31 32 5
f 31 5 8
f 33 31 8
f 34 33 8
f 18 8 15
f 35 34 8
f 36 35 8
f 37 36 8
f 23 18 20
f 23 20 21
f 26 18 23
f 30 26 27
f 30 38 37
f 30 39 38
f 30 40 39
f 30 41 40
f 30 42 41
f 30 43 42
f 30 8 18
f 30 37 8
f 30 18 26
f 44 45 43
f 44 43 30
f 46 3 5
f 46 5 32
f 47 48 4
f 49 50 47
f 49 47 4
f 51 3 46
f 51 4 3
f 52 4 51
f 53 4 52
f 54 49 4
f 55 4 53
f 56 4 55
f 57 4 56
f 58 59 54
f 58 60 59
f 61 58 54
f 62 63 61
f 62 57 64
f 62 64 65
f 62 65 66
f 62 66 67
f 62 67 68
f 62 68 69
f 62 54 4
f 62 4 57
f 62 61 54
f 70 69 71
f 70 62 69
f 72 1 4
f 72 4 48
f 73 48 47
f 73 47 50
f 73 72 48
f 74 73 50
f 75 50 49
f 75 49 54
f 75 74 50
f 76 54 59
f 76 75 54
f 77 76 59
f 78 59 60
f 78 77 59
f 79 60 58
f 79 78 60
f 80 58 61
f 80 79 58
f 81 61 63
f 81 80 61
f 82 63 62
f 82 81 63
f 83 84 85
f 86 85 87
f 86 83 85
f 88 87 89
f 88 86 87
f 90 89 91
f 90 88 89
f 92 91 93
f 92 90 91
f 94 95 96
f 94 93 95
f 94 92 93
f 97 96 98
f 97 94 96
f 99 98 100
f 99 97 98
f 101 102 103
f 101 100 102
f 101 99 100
f 104 103 105
f 104 101 103
f 106 105 107
f 106 104 105
f 1 107 2
f 1 106 107
f 108 6 2
f 108 109 6
f 110 111 6
f 7 111 112
f 7 6 111
f 13 10 7
f 13 12 10
f 16 13 7
f 22 17 16
f 22 19 17
f 22 16 7
f 25 24 22
f 25 22 7
f 29 28 25
f 29 7 112
f 29 25 7
f 113 111 110
f 114 112 115
f 114 29 112
f 109 116 110
f 109 110 6
f 117 118 116
f 117 116 109
f 119 120 121
f 122 120 119
f 123 122 119
f 124 123 125
f 126 127 122
f 126 128 127
f 129 126 122
f 129 122 123
f 130 123 124
f 130 124 131
f 132 129 123
f 133 123 130
f 133 132 123
f 123 117 109
f 123 119 117
f 29 120 122
f 29 114 120
f 44 30 29
f 122 44 29
f 70 82 62
f 134 44 122
f 135 134 122
f 136 70 44
f 136 44 134
f 137 136 138
f 137 82 70
f 137 70 136
f 31 46 32
f 31 51 46
f 52 51 31
f 52 31 33
f 53 33 34
f 53 34 35
f 53 52 33
f 55 35 36
f 55 53 35
f 56 55 36
f 57 36 37
f 57 56 36
f 64 37 38
f 64 57 37
f 65 38 39
f 65 39 40
f 65 64 38
f 66 65 40
f 67 40 41
f 67 41 42
f 67 66 40
f 68 67 42
f 69 42 43
f 69 68 42
f 69 43 45
f 71 69 45
f 44 71 45
f 44 70 71
f 139 83 86
f 72 106 1
f 140 141 142
f 82 143 81
f 144 145 139
f 144 139 86
f 146 86 88
f 146 144 86
f 147 148 145
f 147 145 144
f 149 88 90
f 149 146 88
f 150 147 144
f 150 144 146
f 151 148 147
f 151 152 148
f 151 153 152
f 154 90 92
f 154 149 90
f 155 146 149
f 155 150 146
f 156 147 150
f 156 151 147
f 157 92 94
f 157 154 92
f 158 159 153
f 158 153 151
f 160 149 154
f 160 155 149
f 161 150 155
f 161 156 150
f 162 94 97
f 162 157 94
f 163 151 156
f 163 158 151
f 164 160 154
f 164 154 157
f 165 159 158
f 165 166 159
f 165 167 166
f 165 158 163
f 168 155 160
f 168 161 155
f 169 97 99
f 169 162 97
f 170 156 161
f 170 163 156
f 171 157 162
f 171 164 157
f 172 165 163
f 173 168 160
f 173 164 171
f 173 160 164
f 174 169 99
f 174 99 101
f 175 167 165
f 175 176 167
f 177 170 161
f 177 161 168
f 178 171 162
f 178 162 169
f 179 163 170
f 179 172 163
f 180 173 171
f 181 174 101
f 181 101 104
f 182 165 172
f 182 175 165
f 183 168 173
f 183 177 168
f 184 169 174
f 184 178 169
f 185 142 176
f 185 176 175
f 185 140 142
f 186 179 170
f 186 170 177
f 187 180 171
f 187 178 184
f 187 171 178
f 188 104 106
f 188 72 73
f 188 181 104
f 188 106 72
f 189 182 172
f 189 172 179
f 190 183 173
f 190 173 180
f 191 184 174
f 191 174 181
f 192 193 140
f 192 175 182
f 192 185 175
f 192 140 185
f 194 177 183
f 194 186 177
f 195 187 184
f 196 186 194
f 196 179 186
f 196 189 179
f 197 190 180
f 197 180 187
f 198 191 181
f 198 73 74
f 198 188 73
f 198 181 188
f 199 200 193
f 199 193 192
f 199 192 182
f 199 182 189
f 201 194 183
f 201 183 190
f 202 195 184
f 202 184 191
f 203 196 194
f 203 194 201
f 204 197 187
f 204 187 195
f 205 189 196
f 205 206 200
f 205 199 189
f 205 200 199
f 207 190 197
f 207 201 190
f 207 197 204
f 208 191 198
f 208 198 74
f 208 74 75
f 208 75 76
f 208 202 191
f 209 201 207
f 209 203 201
f 210 195 202
f 210 204 195
f 211 212 206
f 211 213 212
f 211 205 196
f 211 206 205
f 211 196 203
f 214 207 204
f 215 209 207
f 216 202 208
f 216 76 77
f 216 208 76
f 216 210 202
f 217 213 211
f 217 203 209
f 217 211 203
f 218 204 210
f 218 214 204
f 219 215 207
f 219 207 214
f 220 221 213
f 220 209 215
f 220 213 217
f 220 217 209
f 222 77 78
f 222 78 79
f 222 216 77
f 222 218 210
f 222 210 216
f 223 214 218
f 223 219 214
f 224 225 221
f 224 226 225
f 224 220 215
f 224 215 219
f 224 221 220
f 227 79 80
f 227 222 79
f 227 218 222
f 227 223 218
f 228 226 224
f 228 219 223
f 228 224 219
f 228 223 227
f 229 143 226
f 229 81 143
f 229 80 81
f 229 226 228
f 229 228 227
f 229 227 80
f 230 108 2
f 230 2 107
f 231 107 105
f 231 230 107
f 232 105 103
f 232 231 105
f 233 103 102
f 233 232 103
f 234 102 100
f 234 233 102
f 235 100 98
f 235 234 100
f 236 98 96
f 236 235 98
f 237 96 95
f 237 236 96
f 238 95 93
f 238 237 95
f 239 93 91
f 239 238 93
f 240 91 89
f 240 239 91
f 241 89 87
f 241 240 89
f 242 87 85
f 242 241 87
f 243 85 84
f 243 242 85
f 148 83 139
f 148 139 145
f 159 148 152
f 159 152 153
f 159 83 148
f 166 83 159
f 167 83 166
f 142 167 176
f 142 83 167
f 141 84 83
f 141 83 142
f 244 243 84
f 244 245 243
f 244 84 141
f 246 247 248
f 246 248 245
f 249 250 251
f 249 251 252
f 253 244 250
f 253 249 254
f 253 255 246
f 253 245 244
f 253 246 245
f 253 250 249
f 256 257 108
f 258 257 256
f 259 108 257
f 109 108 259
f 123 259 260
f 123 109 259
f 261 123 260
f 261 124 125
f 261 125 123
f 262 131 124
f 262 124 261
f 263 131 262
f 264 130 131
f 264 131 263
f 265 133 130
f 265 130 264
f 266 129 132
f 266 132 133
f 266 133 265
f 267 129 266
f 268 128 126
f 268 126 129
f 268 129 267
f 269 128 268
f 270 127 128
f 270 128 269
f 135 122 127
f 135 127 270
f 114 271 272
f 114 272 120
f 120 273 121
f 120 272 273
f 274 112 275
f 274 115 112
f 119 121 273
f 276 119 273
f 276 274 275
f 276 273 274
f 117 276 277
f 119 276 117
f 278 279 111
f 278 111 113
f 117 280 118
f 277 280 117
f 277 279 278
f 277 278 280
f 118 281 116
f 118 280 281
f 282 110 116
f 282 116 281
f 113 110 282
f 113 282 278
f 111 279 275
f 112 111 275
f 114 115 274
f 114 274 271
f 244 141 140
f 283 140 193
f 283 244 140
f 284 193 200
f 284 283 193
f 285 200 206
f 285 284 200
f 286 206 212
f 286 285 206
f 287 212 213
f 287 286 212
f 288 213 221
f 288 287 213
f 289 221 225
f 289 288 221
f 290 289 225
f 291 225 226
f 291 290 225
f 292 226 143
f 292 143 82
f 292 291 226
f 137 292 82
f 293 258 256
f 293 294 258
f 295 296 294
f 295 294 293
f 297 298 296
f 297 296 295
f 299 300 298
f 299 298 297
f 301 302 300
f 301 300 299
f 303 304 302
f 303 302 301
f 305 306 304
f 305 304 303
f 307 308 306
f 307 306 305
f 309 310 308
f 309 308 307
f 311 312 310
f 311 310 309
f 137 138 312
f 137 312 311
f 313 314 257
f 315 136 316
f 138 315 317
f 138 317 318
f 138 318 319
f 138 319 320
f 138 320 321
f 138 136 315
f 258 321 322
f 258 322 323
f 258 323 324
f 258 324 325
f 258 325 326
f 258 326 313
f 258 313 257
f 258 138 321
f 296 258 294
f 300 296 298
f 300 258 296
f 302 138 258
f 302 258 300
f 304 312 138
f 304 310 312
f 304 308 310
f 304 306 308
f 304 138 302
f 134 327 316
f 134 316 136
f 328 259 329
f 330 327 134
f 135 331 330
f 135 332 331
f 135 333 332
f 135 334 333
f 135 335 334
f 135 330 134
f 260 336 335
f 260 337 336
f 260 338 337
f 260 339 338
f 260 340 339
f 260 328 340
f 260 259 328
f 260 335 135
f 262 261 260
f 264 263 262
f 264 262 260
f 265 260 135
f 265 264 260
f 266 135 270
f 266 270 269
f 266 269 268
f 266 268 267
f 266 265 135
f 242 243 245
f 242 245 341
f 241 341 342
f 241 242 341
f 240 342 343
f 240 241 342
f 239 343 344
f 239 240 343
f 238 344 345
f 238 239 344
f 237 238 345
f 236 345 346
f 236 237 345
f 235 346 347
f 235 236 346
f 234 347 348
f 234 235 347
f 233 234 348
f 232 348 349
f 232 233 348
f 231 349 350
f 231 232 349
f 230 350 256
f 230 231 350
f 108 230 256
f 250 244 283
f 311 292 137
f 341 245 248
f 256 350 293
f 351 251 250
f 351 250 283
f 352 283 284
f 352 351 283
f 353 252 251
f 353 251 351
f 354 284 285
f 354 352 284
f 355 353 351
f 355 351 352
f 356 252 353
f 356 249 252
f 356 254 249
f 357 285 286
f 357 354 285
f 358 352 354
f 358 355 352
f 359 353 355
f 359 356 353
f 360 286 287
f 360 357 286
f 361 253 254
f 361 254 356
f 362 354 357
f 362 358 354
f 363 355 358
f 363 359 355
f 364 287 288
f 364 360 287
f 365 356 359
f 365 361 356
f 366 362 357
f 366 357 360
f 367 253 361
f 367 255 253
f 367 246 255
f 368 358 362
f 368 363 358
f 369 288 289
f 369 364 288
f 370 359 363
f 370 365 359
f 371 360 364
f 371 366 360
f 372 361 365
f 372 367 361
f 373 368 362
f 373 362 366
f 374 369 289
f 374 289 290
f 375 246 367
f 375 247 246
f 376 370 363
f 376 363 368
f 377 371 364
f 377 364 369
f 378 365 370
f 378 372 365
f 378 370 376
f 379 366 371
f 379 373 366
f 380 374 290
f 380 290 291
f 381 367 372
f 381 375 367
f 382 368 373
f 382 376 368
f 383 369 374
f 383 377 369
f 384 248 247
f 384 247 375
f 384 341 248
f 385 378 376
f 386 379 371
f 386 371 377
f 387 291 292
f 387 311 309
f 387 380 291
f 387 292 311
f 388 372 378
f 388 381 372
f 389 382 373
f 389 373 379
f 390 383 374
f 390 374 380
f 391 342 341
f 391 375 381
f 391 384 375
f 391 341 384
f 392 385 376
f 392 376 382
f 393 377 383
f 393 386 377
f 394 388 378
f 394 378 385
f 395 379 386
f 395 389 379
f 396 390 380
f 396 309 307
f 396 387 309
f 396 380 387
f 397 343 342
f 397 391 381
f 397 342 391
f 397 381 388
f 398 382 389
f 398 392 382
f 399 383 390
f 399 393 383
f 400 385 392
f 400 394 385
f 401 386 393
f 401 395 386
f 402 388 394
f 402 344 343
f 402 343 397
f 402 397 388
f 403 389 395
f 403 395 401
f 403 398 389
f 404 390 396
f 404 399 390
f 404 307 305
f 404 305 303
f 404 396 307
f 405 400 392
f 405 392 398
f 406 393 399
f 406 401 393
f 407 344 402
f 407 345 344
f 407 394 400
f 407 402 394
f 408 403 401
f 409 398 403
f 409 405 398
f 410 303 301
f 410 404 303
f 410 406 399
f 410 399 404
f 411 400 405
f 411 346 345
f 411 407 400
f 411 345 407
f 412 401 406
f 412 408 401
f 413 403 408
f 413 409 403
f 413 408 412
f 414 347 346
f 414 348 347
f 414 346 411
f 414 405 409
f 414 411 405
f 415 410 301
f 415 301 299
f 415 412 406
f 415 299 297
f 415 406 410
f 416 413 412
f 417 348 414
f 417 409 413
f 417 414 409
f 418 297 295
f 418 412 415
f 418 415 297
f 418 416 412
f 419 413 416
f 419 349 348
f 419 348 417
f 419 417 413
f 420 419 416
f 420 416 418
f 420 418 295
f 420 350 349
f 420 293 350
f 420 295 293
f 420 349 419
f 257 314 329
f 257 329 259
f 274 273 272
f 271 274 272
f 276 279 277
f 276 275 279
f 278 282 281
f 278 281 280
f 315 316 327
f 315 327 330
f 326 328 313
f 326 340 328
f 325 339 340
f 325 340 326
f 324 338 339
f 324 339 325
f 323 337 338
f 323 338 324
f 322 335 336
f 322 336 337
f 322 337 323
f 321 335 322
f 320 334 335
f 320 335 321
f 319 332 333
f 319 333 334
f 319 334 320
f 318 331 332
f 318 332 319
f 317 331 318
f 315 330 331
f 315 331 317
f 328 329 314
f 328 314 313
usemtl vent_cavity
f 8 3 5
f 8 4 3
f 48 4 8
f 48 8 9
f 47 9 11
f 47 11 14
f 47 48 9
f 50 14 15
f 50 47 14
f 49 50 15
f 54 15 18
f 54 49 15
f 59 18 20
f 59 54 18
f 60 20 21
f 60 21 23
f 60 59 20
f 58 60 23
f 61 23 26
f 61 26 27
f 61 58 23
f 63 61 27
f 62 27 30
f 62 63 27
f 47 4 48
f 49 47 50
f 49 4 47
f 51 46 3
f 51 3 4
f 52 51 4
f 53 52 4
f 54 4 49
f 55 53 4
f 56 55 4
f 57 56 4
f 58 54 59
f 58 59 60
f 61 54 58
f 62 61 63
f 62 64 57
f 62 65 64
f 62 66 65
f 62 67 66
f 62 68 67
f 62 69 68
f 62 4 54
f 62 57 4
f 62 54 61
f 70 71 69
f 70 69 62
f 46 5 3
f 46 32 5
f 11 9 8
f 15 14 11
f 15 11 8
f 31 5 32
f 31 8 5
f 33 8 31
f 34 8 33
f 18 15 8
f 35 8 34
f 36 8 35
f 37 8 36
f 23 20 18
f 23 21 20
f 26 23 18
f 30 27 26
f 30 37 38
f 30 38 39
f 30 39 40
f 30 40 41
f 30 41 42
f 30 42 43
f 30 18 8
f 30 8 37
f 30 26 18
f 44 43 45
f 44 30 43
f 62 30 44
f 70 62 44
f 31 32 46
f 31 46 51
f 52 31 51
f 52 33 31
f 53 34 33
f 53 35 34
f 53 33 52
f 55 36 35
f 55 35 53
f 56 36 55
f 57 37 36
f 57 36 56
f 64 38 37
f 64 37 57
f 65 39 38
f 65 40 39
f 65 38 64
f 66 40 65
f 67 41 40
f 67 42 41
f 67 40 66
f 68 42 67
f 69 43 42
f 69 42 68
f 69 45 43
f 71 45 69
f 44 45 71
f 44 71 70
f 260 259 257
f 260 257 258
f 294 260 258
f 294 261 260
f 296 262 261
f 296 261 294
f 298 263 262
f 298 262 296
f 300 264 263
f 300 263 298
f 302 266 265
f 302 265 264
f 302 264 300
f 304 266 302
f 306 267 266
f 306 266 304
f 308 269 268
f 308 268 267
f 308 267 306
f 310 270 269
f 310 269 308
f 312 270 310
f 138 135 270
f 138 270 312
f 313 257 314
f 315 316 136
f 138 317 315
f 138 318 317
f 138 319 318
f 138 320 319
f 138 321 320
f 138 315 136
f 258 322 321
f 258 323 322
f 258 324 323
f 258 325 324
f 258 326 325
f 258 313 326
f 258 257 313
f 258 321 138
f 296 294 258
f 300 298 296
f 300 296 258
f 302 258 138
f 302 300 258
f 304 138 312
f 304 312 310
f 304 310 308
f 304 308 306
f 304 302 138
f 257 329 314
f 257 259 329
f 328 329 259
f 330 134 327
f 135 330 331
f 135 331 332
f 135 332 333
f 135 333 334
f 135 334 335
f 135 134 330
f 260 335 336
f 260 336 337
f 260 337 338
f 260 338 339
f 260 339 340
f 260 340 328
f 260 328 259
f 260 135 335
f 262 260 261
f 264 262 263
f 264 260 262
f 265 135 260
f 265 260 264
f 266 270 135
f 266 269 270
f 266 268 269
f 266 267 268
f 266 135 265
f 138 136 134
f 138 134 135
f 134 316 327
f 134 136 316
f 315 327 316
f 315 330 327
f 326 313 328
f 326 328 340
f 325 340 339
f 325 326 340
f 324 339 338
f 324 325 339
f 323 338 337
f 323 324 338
f 322 336 335
f 322 337 336
f 322 323 337
f 321 322 335
f 320 335 334
f 320 321 335
f 319 333 332
f 319 334 333
f 319 320 334
f 318 332 331
f 318 319 332
f 317 318 331
f 315 331 330
f 315 317 331
f 328 314 329
f 328 313 314
usemtl shell
f 421 422 423
f 424 421 423
f 425 423 422
f 426 423 425
f 427 424 423
f 428 423 426
f 429 427 423
f 430 423 428
f 431 429 423
f 432 431 423
f 433 432 423
f 434 433 423
f 435 436 437
f 435 438 436
f 439 437 440
f 439 435 437
f 441 442 436
f 441 436 438
f 443 444 442
f 443 442 441
f 445 440 446
f 445 439 440
f 447 448 444
f 447 444 443
f 449 450 434
f 449 446 450
f 449 445 446
f 451 448 447
f 451 452 448
f 453 434 423
f 453 449 434
f 454 453 423
f 455 456 452
f 455 452 451
f 457 454 423
f 458 457 423
f 459 430 460
f 459 423 430
f 461 462 463
f 461 464 465
f 461 463 464
f 466 461 465
f 467 463 462
f 467 468 463
f 469 466 465
f 469 465 470
f 471 468 467
f 471 472 468
f 473 472 471
f 473 474 472
f 475 476 458
f 475 470 476
f 475 469 470
f 477 474 473
f 477 478 474
f 479 458 423
f 479 475 458
f 480 479 423
f 481 478 477
f 481 482 478
f 483 480 423
f 484 483 423
f 485 459 460
f 486 487 488
f 486 489 487
f 490 488 487
f 490 487 491
f 492 493 489
f 492 489 486
f 494 495 493
f 494 496 495
f 494 493 492
f 497 491 498
f 497 490 491
f 499 496 494
f 500 497 498
f 500 501 484
f 500 498 501
f 502 484 423
f 502 500 484
f 503 504 496
f 503 496 499
f 505 502 423
f 506 504 503
f 506 507 504
f 508 505 423
f 509 508 423
f 510 456 455
f 510 511 456
f 512 513 514
f 512 515 513
f 516 514 517
f 516 512 514
f 518 519 513
f 518 513 515
f 520 521 519
f 520 522 521
f 520 519 518
f 523 516 517
f 523 517 524
f 525 522 520
f 526 523 524
f 526 527 509
f 526 524 527
f 528 529 522
f 528 522 525
f 530 509 423
f 530 526 509
f 531 530 423
f 532 533 529
f 532 529 528
f 534 531 423
f 535 534 423
f 536 482 481
f 537 536 481
f 538 539 540
f 538 541 539
f 542 540 543
f 542 538 540
f 544 545 539
f 544 539 541
f 546 547 545
f 546 548 547
f 546 545 544
f 549 543 550
f 549 542 543
f 551 548 546
f 552 553 535
f 552 550 553
f 552 549 550
f 554 548 551
f 554 555 548
f 556 552 535
f 556 535 423
f 557 556 423
f 558 559 555
f 558 555 554
f 560 557 423
f 561 507 506
f 562 561 506
f 563 564 565
f 563 566 564
f 567 565 564
f 567 564 568
f 569 566 563
f 569 570 566
f 571 572 573
f 571 568 572
f 571 567 568
f 574 570 569
f 574 575 570
f 576 571 573
f 577 575 574
f 577 578 575
f 579 580 560
f 579 573 580
f 579 576 573
f 581 578 577
f 581 582 578
f 581 583 582
f 584 583 581
f 585 560 423
f 585 579 560
f 586 585 423
f 587 533 532
f 588 587 532
f 589 590 591
f 592 590 589
f 593 589 591
f 593 591 594
f 595 590 592
f 595 596 590
f 597 593 594
f 597 594 598
f 599 596 595
f 599 600 596
f 601 597 598
f 601 598 602
f 603 600 599
f 603 604 600
f 605 601 602
f 605 606 586
f 605 602 606
f 607 604 603
f 607 608 604
f 609 608 607
f 609 610 608
f 611 586 423
f 611 605 586
f 612 611 423
f 613 559 558
f 613 614 559
f 615 616 617
f 618 615 617
f 619 617 620
f 619 618 617
f 621 622 616
f 621 616 615
f 623 624 622
f 623 625 624
f 623 622 621
f 626 620 627
f 626 619 620
f 628 629 630
f 628 627 629
f 628 626 627
f 631 632 625
f 631 625 623
f 633 628 630
f 633 630 612
f 634 632 631
f 635 636 632
f 635 632 634
f 637 612 423
f 637 633 612
f 638 637 423
f 639 638 423
f 640 641 583
f 640 583 584
f 642 610 609
f 642 643 610
f 644 645 636
f 644 636 635
f 646 647 639
f 646 648 647
f 646 649 648
f 646 650 649
f 646 651 650
f 646 652 651
f 646 653 652
f 646 654 653
f 646 655 654
f 646 639 423
f 656 657 655
f 656 658 657
f 656 655 646
f 658 656 659
f 660 659 661
f 660 658 659
f 662 661 663
f 662 660 661
f 664 663 665
f 664 662 663
f 666 664 665
f 667 665 668
f 667 668 669
f 667 666 665
f 670 667 669
f 671 669 672
f 671 672 673
f 671 670 669
f 674 673 675
f 674 671 673
f 676 674 675
f 677 675 678
f 677 676 675
f 679 678 680
f 679 677 678
f 681 682 657
f 681 657 658
f 681 658 660
f 683 681 660
f 684 660 662
f 684 683 660
f 685 662 664
f 685 664 666
f 685 684 662
f 686 685 666
f 687 666 667
f 687 686 666
f 670 688 687
f 670 687 667
f 671 689 688
f 671 688 670
f 674 690 689
f 674 689 671
f 676 691 690
f 676 690 674
f 677 692 691
f 677 691 676
f 679 693 692
f 679 692 677
f 694 693 679
f 695 694 679
f 639 696 638
f 639 697 696
f 647 698 697
f 647 697 639
f 648 699 698
f 648 698 647
f 649 700 699
f 649 699 648
f 650 701 700
f 650 700 649
f 651 702 701
f 651 703 702
f 651 701 650
f 652 703 651
f 653 704 703
f 653 705 704
f 653 703 652
f 654 705 653
f 655 706 705
f 655 705 654
f 657 682 706
f 657 706 655
f 707 637 638
f 707 638 696
f 708 637 707
f 708 633 637
f 709 628 633
f 709 633 708
f 710 626 628
f 710 628 709
f 711 619 626
f 711 626 710
f 712 618 619
f 712 619 711
f 713 615 618
f 713 621 615
f 713 618 712
f 714 621 713
f 715 623 621
f 715 631 623
f 715 621 714
f 716 631 715
f 717 634 631
f 717 631 716
f 718 635 634
f 718 634 717
f 719 635 718
f 719 644 635
f 719 720 644
f 721 720 719
f 722 723 720
f 722 720 721
f 724 725 723
f 724 726 725
f 724 723 722
f 727 726 724
f 728 729 726
f 728 726 727
f 730 728 731
f 730 729 728
f 732 731 733
f 732 730 731
f 734 733 735
f 734 732 733
f 736 735 737
f 736 734 735
f 738 737 739
f 738 736 737
f 740 739 741
f 740 738 739
f 742 740 741
f 743 740 742
f 744 645 644
f 744 644 720
f 745 720 723
f 745 744 720
f 746 723 725
f 746 725 726
f 746 745 723
f 747 746 726
f 748 726 729
f 748 729 730
f 748 747 726
f 749 748 730
f 750 730 732
f 750 749 730
f 751 732 734
f 751 750 732
f 752 734 736
f 752 751 734
f 753 736 738
f 753 738 740
f 753 752 736
f 754 753 740
f 755 756 636
f 755 636 645
f 755 645 744
f 757 755 744
f 758 744 745
f 758 757 744
f 759 745 746
f 759 746 747
f 759 758 745
f 760 759 747
f 761 747 748
f 761 760 747
f 749 762 761
f 749 761 748
f 750 763 762
f 750 762 749
f 751 764 763
f 751 763 750
f 752 765 764
f 752 764 751
f 753 766 765
f 753 765 752
f 754 767 766
f 754 766 753
f 768 767 754
f 769 768 754
f 630 770 612
f 630 771 770
f 629 772 771
f 629 771 630
f 627 773 772
f 627 772 629
f 620 774 773
f 620 773 627
f 617 775 774
f 617 774 620
f 616 776 775
f 616 777 776
f 616 775 617
f 622 777 616
f 624 778 777
f 624 779 778
f 624 777 622
f 625 779 624
f 632 780 779
f 632 779 625
f 636 756 780
f 636 780 632
f 781 611 612
f 781 612 770
f 782 611 781
f 782 605 611
f 783 601 605
f 783 605 782
f 784 597 601
f 784 601 783
f 785 593 597
f 785 597 784
f 786 589 593
f 786 593 785
f 787 592 589
f 787 595 592
f 787 589 786
f 788 595 787
f 789 599 595
f 789 603 599
f 789 595 788
f 790 603 789
f 791 607 603
f 791 603 790
f 792 609 607
f 792 607 791
f 793 609 792
f 793 642 609
f 793 794 642
f 795 794 793
f 796 797 794
f 796 794 795
f 798 799 797
f 798 800 799
f 798 797 796
f 801 800 798
f 802 803 800
f 802 800 801
f 804 802 805
f 804 803 802
f 806 805 807
f 806 804 805
f 808 807 809
f 808 806 807
f 810 809 811
f 810 808 809
f 812 811 813
f 812 810 811
f 814 813 815
f 814 812 813
f 816 814 815
f 817 814 816
f 818 643 642
f 818 642 794
f 819 794 797
f 819 797 799
f 819 818 794
f 820 819 799
f 821 799 800
f 821 820 799
f 822 800 803
f 822 821 800
f 823 803 804
f 823 822 803
f 824 804 806
f 824 823 804
f 825 806 808
f 825 824 806
f 826 808 810
f 826 825 808
f 827 810 812
f 827 812 814
f 827 826 810
f 828 827 814
f 829 830 610
f 829 610 643
f 829 643 818
f 831 829 818
f 832 818 819
f 832 831 818
f 833 819 820
f 833 820 821
f 833 832 819
f 834 833 821
f 835 821 822
f 835 834 821
f 823 836 835
f 823 835 822
f 824 837 836
f 824 836 823
f 825 838 837
f 825 837 824
f 826 839 838
f 826 838 825
f 827 840 839
f 827 839 826
f 828 841 840
f 828 840 827
f 842 841 828
f 843 842 828
f 606 844 586
f 606 845 844
f 602 846 845
f 602 845 606
f 598 847 846
f 598 846 602
f 594 848 847
f 594 847 598
f 591 849 848
f 591 848 594
f 590 850 849
f 590 851 850
f 590 849 591
f 596 851 590
f 600 852 851
f 600 853 852
f 600 851 596
f 604 853 600
f 608 854 853
f 608 853 604
f 610 830 854
f 610 854 608
f 855 585 586
f 855 586 844
f 856 585 855
f 856 579 585
f 857 576 579
f 857 579 856
f 858 571 576
f 858 576 857
f 859 567 571
f 859 571 858
f 860 565 567
f 860 567 859
f 861 563 565
f 861 569 563
f 861 565 860
f 862 569 861
f 863 574 569
f 863 577 574
f 863 569 862
f 864 577 863
f 865 581 577
f 865 577 864
f 866 584 581
f 866 581 865
f 867 584 866
f 867 640 584
f 867 868 640
f 869 868 867
f 870 871 868
f 870 868 869
f 872 873 871
f 872 874 873
f 872 871 870
f 875 874 872
f 876 877 874
f 876 874 875
f 878 876 879
f 878 877 876
f 880 879 881
f 880 878 879
f 882 881 883
f 882 880 881
f 884 883 885
f 884 882 883
f 886 885 887
f 886 884 885
f 888 887 889
f 888 886 887
f 890 888 889
f 891 888 890
f 892 641 640
f 892 640 868
f 893 868 871
f 893 871 873
f 893 892 868
f 894 893 873
f 895 873 874
f 895 894 873
f 896 874 877
f 896 895 874
f 897 877 878
f 897 896 877
f 898 878 880
f 898 897 878
f 899 880 882
f 899 898 880
f 900 882 884
f 900 899 882
f 901 884 886
f 901 886 888
f 901 900 884
f 902 901 888
f 903 904 583
f 903 583 641
f 903 641 892
f 905 903 892
f 906 892 893
f 906 905 892
f 907 893 894
f 907 894 895
f 907 906 893
f 908 907 895
f 909 895 896
f 909 908 895
f 897 910 909
f 897 909 896
f 898 911 910
f 898 910 897
f 899 912 911
f 899 911 898
f 900 913 912
f 900 912 899
f 901 914 913
f 901 913 900
f 902 915 914
f 902 914 901
f 916 915 902
f 917 916 902
f 580 918 560
f 580 919 918
f 573 920 919
f 573 919 580
f 572 921 920
f 572 920 573
f 568 922 921
f 568 921 572
f 564 923 922
f 564 922 568
f 566 924 923
f 566 925 924
f 566 923 564
f 570 925 566
f 575 926 925
f 575 927 926
f 575 925 570
f 578 927 575
f 582 928 927
f 582 927 578
f 583 904 928
f 583 928 582
f 929 557 560
f 929 560 918
f 930 557 929
f 930 556 557
f 931 552 556
f 931 556 930
f 932 549 552
f 932 552 931
f 933 542 549
f 933 549 932
f 934 538 542
f 934 542 933
f 935 541 538
f 935 544 541
f 935 538 934
f 936 544 935
f 937 546 544
f 937 551 546
f 937 544 936
f 938 551 937
f 939 554 551
f 939 551 938
f 940 558 554
f 940 554 939
f 941 558 940
f 941 613 558
f 941 942 613
f 943 942 941
f 944 945 942
f 944 942 943
f 946 947 945
f 946 948 947
f 946 945 944
f 949 948 946
f 950 951 948
f 950 948 949
f 952 950 953
f 952 951 950
f 954 953 955
f 954 952 953
f 956 955 957
f 956 954 955
f 958 957 959
f 958 956 957
f 960 959 961
f 960 958 959
f 962 961 963
f 962 960 961
f 964 962 963
f 965 962 964
f 966 614 613
f 966 613 942
f 967 942 945
f 967 945 947
f 967 966 942
f 968 967 947
f 969 947 948
f 969 968 947
f 970 948 951
f 970 969 948
f 971 951 952
f 971 970 951
f 972 952 954
f 972 971 952
f 973 954 956
f 973 972 954
f 974 956 958
f 974 973 956
f 975 958 960
f 975 960 962
f 975 974 958
f 976 975 962
f 977 978 559
f 977 559 614
f 977 614 966
f 979 977 966
f 980 966 967
f 980 979 966
f 981 967 968
f 981 968 969
f 981 980 967
f 982 981 969
f 983 969 970
f 983 982 969
f 971 984 983
f 971 983 970
f 972 985 984
f 972 984 971
f 973 986 985
f 973 985 972
f 974 987 986
f 974 986 973
f 975 988 987
f 975 987 974
f 976 989 988
f 976 988 975
f 990 989 976
f 991 990 976
f 535 992 534
f 535 993 992
f 553 994 993
f 553 993 535
f 550 995 994
f 550 994 553
f 543 996 995
f 543 995 550
f 540 997 996
f 540 996 543
f 539 998 997
f 539 999 998
f 539 997 540
f 545 999 539
f 547 1000 999
f 547 1001 1000
f 547 999 545
f 548 1001 547
f 555 1002 1001
f 555 1001 548
f 559 978 1002
f 559 1002 555
f 1003 531 534
f 1003 534 992
f 1004 531 1003
f 1004 530 531
f 1005 526 530
f 1005 530 1004
f 1006 523 526
f 1006 526 1005
f 1007 516 523
f 1007 523 1006
f 1008 512 516
f 1008 516 1007
f 1009 515 512
f 1009 518 515
f 1009 512 1008
f 1010 518 1009
f 1011 520 518
f 1011 525 520
f 1011 518 1010
f 1012 525 1011
f 1013 528 525
f 1013 525 1012
f 1014 532 528
f 1014 528 1013
f 1015 532 1014
f 1015 588 532
f 1015 1016 588
f 1017 1016 1015
f 1018 1019 1016
f 1018 1016 1017
f 1020 1021 1019
f 1020 1022 1021
f 1020 1019 1018
f 1023 1022 1020
f 1024 1025 1022
f 1024 1022 1023
f 1026 1024 1027
f 1026 1025 1024
f 1028 1027 1029
f 1028 1026 1027
f 1030 1029 1031
f 1030 1028 1029
f 1032 1031 1033
f 1032 1030 1031
f 1034 1033 1035
f 1034 1032 1033
f 1036 1035 1037
f 1036 1034 1035
f 1038 1036 1037
f 1039 1036 1038
f 1040 587 588
f 1040 588 1016
f 1041 1016 1019
f 1041 1019 1021
f 1041 1040 1016
f 1042 1041 1021
f 1043 1021 1022
f 1043 1042 1021
f 1044 1022 1025
f 1044 1043 1022
f 1045 1025 1026
f 1045 1044 1025
f 1046 1026 1028
f 1046 1045 1026
f 1047 1028 1030
f 1047 1046 1028
f 1048 1030 1032
f 1048 1047 1030
f 1049 1032 1034
f 1049 1034 1036
f 1049 1048 1032
f 1050 1049 1036
f 1051 1052 533
f 1051 533 587
f 1051 587 1040
f 1053 1051 1040
f 1054 1040 1041
f 1054 1053 1040
f 1055 1041 1042
f 1055 1042 1043
f 1055 1054 1041
f 1056 1055 1043
f 1057 1043 1044
f 1057 1056 1043
f 1045 1058 1057
f 1045 1057 1044
f 1046 1059 1058
f 1046 1058 1045
f 1047 1060 1059
f 1047 1059 1046
f 1048 1061 1060
f 1048 1060 1047
f 1049 1062 1061
f 1049 1061 1048
f 1050 1063 1062
f 1050 1062 1049
f 1064 1063 1050
f 1065 1064 1050
f 509 1066 508
f 509 1067 1066
f 527 1068 1067
f 527 1067 509
f 524 1069 1068
f 524 1068 527
f 517 1070 1069
f 517 1069 524
f 514 1071 1070
f 514 1070 517
f 513 1072 1071
f 513 1073 1072
f 513 1071 514
f 519 1073 513
f 521 1074 1073
f 521 1075 1074
f 521 1073 519
f 522 1075 521
f 529 1076 1075
f 529 1075 522
f 533 1052 1076
f 533 1076 529
f 1077 505 508
f 1077 508 1066
f 1078 505 1077
f 1078 502 505
f 1079 500 502
f 1079 502 1078
f 1080 497 500
f 1080 500 1079
f 1081 490 497
f 1081 497 1080
f 1082 488 490
f 1082 490 1081
f 1083 486 488
f 1083 492 486
f 1083 488 1082
f 1084 492 1083
f 1085 494 492
f 1085 499 494
f 1085 492 1084
f 1086 499 1085
f 1087 503 499
f 1087 499 1086
f 1088 506 503
f 1088 503 1087
f 1089 506 1088
f 1089 562 506
f 1089 1090 562
f 1091 1090 1089
f 1092 1093 1090
f 1092 1090 1091
f 1094 1095 1093
f 1094 1096 1095
f 1094 1093 1092
f 1097 1096 1094
f 1098 1099 1096
f 1098 1096 1097
f 1100 1098 1101
f 1100 1099 1098
f 1102 1101 1103
f 1102 1100 1101
f 1104 1103 1105
f 1104 1102 1103
f 1106 1105 1107
f 1106 1104 1105
f 1108 1107 1109
f 1108 1106 1107
f 1110 1109 1111
f 1110 1108 1109
f 1112 1110 1111
f 1113 1110 1112
f 1114 561 562
f 1114 562 1090
f 1115 1090 1093
f 1115 1093 1095
f 1115 1114 1090
f 1116 1115 1095
f 1117 1095 1096
f 1117 1116 1095
f 1118 1096 1099
f 1118 1117 1096
f 1119 1099 1100
f 1119 1118 1099
f 1120 1100 1102
f 1120 1119 1100
f 1121 1102 1104
f 1121 1120 1102
f 1122 1104 1106
f 1122 1121 1104
f 1123 1106 1108
f 1123 1108 1110
f 1123 1122 1106
f 1124 1123 1110
f 1125 1126 507
f 1125 507 561
f 1125 561 1114
f 1127 1125 1114
f 1128 1114 1115
f 1128 1127 1114
f 1129 1115 1116
f 1129 1116 1117
f 1129 1128 1115
f 1130 1129 1117
f 1131 1117 1118
f 1131 1130 1117
f 1119 1132 1131
f 1119 1131 1118
f 1120 1133 1132
f 1120 1132 1119
f 1121 1134 1133
f 1121 1133 1120
f 1122 1135 1134
f 1122 1134 1121
f 1123 1136 1135
f 1123 1135 1122
f 1124 1137 1136
f 1124 1136 1123
f 1138 1137 1124
f 1139 1138 1124
f 484 1140 483
f 484 1141 1140
f 501 1142 1141
f 501 1141 484
f 498 1143 1142
f 498 1142 501
f 491 1144 1143
f 491 1143 498
f 487 1145 1144
f 487 1144 491
f 489 1146 1145
f 489 1147 1146
f 489 1145 487
f 493 1147 489
f 495 1148 1147
f 495 1149 1148
f 495 1147 493
f 496 1149 495
f 504 1150 1149
f 504 1149 496
f 507 1126 1150
f 507 1150 504
f 1151 480 483
f 1151 483 1140
f 1152 480 1151
f 1152 479 480
f 1153 475 479
f 1153 479 1152
f 1154 469 475
f 1154 475 1153
f 1155 466 469
f 1155 469 1154
f 1156 461 466
f 1156 466 1155
f 1157 462 461
f 1157 467 462
f 1157 461 1156
f 1158 467 1157
f 1159 471 467
f 1159 473 471
f 1159 467 1158
f 1160 473 1159
f 1161 477 473
f 1161 473 1160
f 1162 481 477
f 1162 477 1161
f 1163 481 1162
f 1163 537 481
f 1163 1164 537
f 1165 1164 1163
f 1166 1167 1164
f 1166 1164 1165
f 1168 1169 1167
f 1168 1170 1169
f 1168 1167 1166
f 1171 1170 1168
f 1172 1173 1170
f 1172 1170 1171
f 1174 1172 1175
f 1174 1173 1172
f 1176 1175 1177
f 1176 1174 1175
f 1178 1177 1179
f 1178 1176 1177
f 1180 1179 1181
f 1180 1178 1179
f 1182 1181 1183
f 1182 1180 1181
f 1184 1183 1185
f 1184 1182 1183
f 1186 1184 1185
f 1187 1184 1186
f 1188 536 537
f 1188 537 1164
f 1189 1164 1167
f 1189 1167 1169
f 1189 1188 1164
f 1190 1189 1169
f 1191 1169 1170
f 1191 1190 1169
f 1192 1170 1173
f 1192 1191 1170
f 1193 1173 1174
f 1193 1192 1173
f 1194 1174 1176
f 1194 1193 1174
f 1195 1176 1178
f 1195 1194 1176
f 1196 1178 1180
f 1196 1195 1178
f 1197 1180 1182
f 1197 1182 1184
f 1197 1196 1180
f 1198 1197 1184
f 1199 1200 482
f 1199 482 536
f 1199 536 1188
f 1201 1199 1188
f 1202 1188 1189
f 1202 1201 1188
f 1203 1189 1190
f 1203 1190 1191
f 1203 1202 1189
f 1204 1203 1191
f 1205 1191 1192
f 1205 1204 1191
f 1193 1206 1205
f 1193 1205 1192
f 1194 1207 1206
f 1194 1206 1193
f 1195 1208 1207
f 1195 1207 1194
f 1196 1209 1208
f 1196 1208 1195
f 1197 1210 1209
f 1197 1209 1196
f 1198 1211 1210
f 1198 1210 1197
f 1212 1211 1198
f 1213 1212 1198
f 458 1214 457
f 458 1215 1214
f 476 1216 1215
f 476 1215 458
f 470 1217 1216
f 470 1216 476
f 465 1218 1217
f 465 1217 470
f 464 1219 1218
f 464 1218 465
f 463 1220 1219
f 463 1221 1220
f 463 1219 464
f 468 1221 463
f 472 1222 1221
f 472 1223 1222
f 472 1221 468
f 474 1223 472
f 478 1224 1223
f 478 1223 474
f 482 1200 1224
f 482 1224 478
f 1225 454 457
f 1225 457 1214
f 1226 454 1225
f 1226 453 454
f 1227 449 453
f 1227 453 1226
f 1228 445 449
f 1228 449 1227
f 1229 439 445
f 1229 445 1228
f 1230 435 439
f 1230 439 1229
f 1231 438 435
f 1231 441 438
f 1231 435 1230
f 1232 441 1231
f 1233 443 441
f 1233 447 443
f 1233 441 1232
f 1234 447 1233
f 1235 451 447
f 1235 447 1234
f 1236 455 451
f 1236 451 1235
f 1237 455 1236
f 1237 510 455
f 1237 1238 510
f 1239 1238 1237
f 1240 1241 1238
f 1240 1238 1239
f 1242 1243 1241
f 1242 1244 1243
f 1242 1241 1240
f 1245 1244 1242
f 1246 1247 1244
f 1246 1244 1245
f 1248 1246 1249
f 1248 1247 1246
f 1250 1249 1251
f 1250 1248 1249
f 1252 1251 1253
f 1252 1250 1251
f 1254 1253 1255
f 1254 1252 1253
f 1256 1255 1257
f 1256 1254 1255
f 1258 1257 1259
f 1258 1256 1257
f 1260 1258 1259
f 1261 1258 1260
f 1262 511 510
f 1262 510 1238
f 1263 1238 1241
f 1263 1241 1243
f 1263 1262 1238
f 1264 1263 1243
f 1265 1243 1244
f 1265 1264 1243
f 1266 1244 1247
f 1266 1265 1244
f 1267 1247 1248
f 1267 1266 1247
f 1268 1248 1250
f 1268 1267 1248
f 1269 1250 1252
f 1269 1268 1250
f 1270 1252 1254
f 1270 1269 1252
f 1271 1254 1256
f 1271 1256 1258
f 1271 1270 1254
f 1272 1271 1258
f 1273 1274 456
f 1273 456 511
f 1273 511 1262
f 1275 1273 1262
f 1276 1262 1263
f 1276 1275 1262
f 1277 1263 1264
f 1277 1264 1265
f 1277 1276 1263
f 1278 1277 1265
f 1279 1265 1266
f 1279 1278 1265
f 1267 1280 1279
f 1267 1279 1266
f 1268 1281 1280
f 1268 1280 1267
f 1269 1282 1281
f 1269 1281 1268
f 1270 1283 1282
f 1270 1282 1269
f 1271 1284 1283
f 1271 1283 1270
f 1272 1285 1284
f 1272 1284 1271
f 1286 1285 1272
f 1287 1286 1272
f 434 1288 433
f 434 1289 1288
f 450 1290 1289
f 450 1289 434
f 446 1291 1290
f 446 1290 450
f 440 1292 1291
f 440 1291 446
f 437 1293 1292
f 437 1292 440
f 436 1294 1293
f 436 1295 1294
f 436 1293 437
f 442 1295 436
f 444 1296 1295
f 444 1297 1296
f 444 1295 442
f 448 1297 444
f 452 1298 1297
f 452 1297 448
f 456 1274 1298
f 456 1298 452
f 1299 432 433
f 1299 433 1288
f 1300 432 1299
f 1300 431 432
f 1301 429 431
f 1301 431 1300
f 1302 427 429
f 1302 429 1301
f 1303 424 427
f 1303 427 1302
f 1304 421 424
f 1304 424 1303
f 1305 422 421
f 1305 425 422
f 1305 421 1304
f 1306 425 1305
f 1307 426 425
f 1307 428 426
f 1307 425 1306
f 1308 428 1307
f 1309 430 428
f 1309 428 1308
f 1310 460 430
f 1310 430 1309
f 1311 460 1310
f 1311 485 460
f 1311 1312 485
f 1313 1312 1311
f 1314 1315 1312
f 1314 1312 1313
f 1316 1317 1315
f 1316 1318 1317
f 1316 1315 1314
f 1319 1318 1316
f 1320 1321 1318
f 1320 1318 1319
f 1322 1320 1323
f 1322 1321 1320
f 1324 1323 1325
f 1324 1322 1323
f 1326 1325 1327
f 1326 1324 1325
f 1328 1327 1329
f 1328 1326 1327
f 1330 1329 1331
f 1330 1328 1329
f 1332 1331 1333
f 1332 1330 1331
f 1334 1332 1333
f 1335 1332 1334
f 1336 459 485
f 1336 485 1312
f 1337 1312 1315
f 1337 1336 1312
f 1338 1315 1317
f 1338 1337 1315
f 1339 1317 1318
f 1339 1338 1317
f 1340 1318 1321
f 1340 1339 1318
f 1341 1321 1322
f 1341 1340 1321
f 1342 1322 1324
f 1342 1341 1322
f 1343 1324 1326
f 1343 1342 1324
f 1344 1326 1328
f 1344 1343 1326
f 1345 1328 1330
f 1345 1330 1332
f 1345 1344 1328
f 1346 1345 1332
f 1347 1348 423
f 1347 423 459
f 1349 459 1336
f 1349 1347 459
f 1350 1336 1337
f 1350 1349 1336
f 1351 1337 1338
f 1351 1350 1337
f 1352 1338 1339
f 1352 1351 1338
f 1353 1339 1340
f 1353 1352 1339
f 1341 1354 1353
f 1341 1353 1340
f 1342 1355 1354
f 1342 1354 1341
f 1343 1356 1355
f 1343 1357 1356
f 1343 1355 1342
f 1344 1357 1343
f 1345 1357 1344
f 1345 1358 1357
f 1346 1358 1345
f 1346 1359 1358
f 1360 1361 1359
f 1360 1359 1346
f 1362 1363 1364
f 1362 1364 1365
f 1366 1362 1365
f 1366 1365 1367
f 1368 1369 1361
f 1368 1370 1369
f 1368 1361 1360
f 1371 1370 1368
f 1372 1367 1373
f 1372 1366 1367
f 1374 1373 1375
f 1374 1372 1373
f 1376 1377 1370
f 1376 1378 1377
f 1376 1370 1371
f 1379 1378 1376
f 1380 1374 1375
f 1380 1375 1381
f 1382 1378 1379
f 1382 1383 1378
f 1384 1385 1383
f 1384 1381 1385
f 1384 1380 1381
f 1384 1383 1382
f 1348 646 423
f 1348 1386 646
f 1387 646 1386
f 1387 656 646
f 1388 659 656
f 1388 656 1387
f 1389 661 659
f 1389 659 1388
f 1390 663 661
f 1390 661 1389
f 1391 665 663
f 1391 663 1390
f 1392 668 665
f 1392 665 1391
f 669 1392 1393
f 669 668 1392
f 672 1393 1394
f 672 669 1393
f 673 1394 1395
f 673 1395 1396
f 673 672 1394
f 675 673 1396
f 678 675 1396
f 678 1396 1397
f 680 678 1397
f 680 1397 1398
f 1399 1398 1400
f 1399 680 1398
f 1401 1402 1403
f 1401 1404 1402
f 1405 1404 1401
f 1405 1406 1404
f 1407 1400 1408
f 1407 1408 1409
f 1407 1399 1400
f 1410 1407 1409
f 1411 1412 1406
f 1411 1406 1405
f 1413 1414 1412
f 1413 1412 1411
f 1415 1409 1416
f 1415 1416 1417
f 1415 1410 1409
f 1418 1415 1417
f 1419 1414 1413
f 1419 1420 1414
f 1421 1418 1417
f 1421 1417 1422
f 1423 1422 1424
f 1423 1424 1420
f 1423 1420 1419
f 1423 1421 1422
f 1425 680 1426
f 1427 680 1425
f 1428 1426 680
f 1429 1428 680
f 1430 680 1427
f 1431 1429 680
f 1432 680 1430
f 1433 1431 680
f 1434 680 1432
f 1435 1433 680
f 1436 680 1434
f 1437 680 1436
f 679 1438 1439
f 679 1440 1438
f 679 1441 1440
f 679 1437 1441
f 679 680 1437
f 695 1439 1442
f 695 679 1439
f 1443 695 1442
f 1444 1435 680
f 1445 1446 1443
f 1445 1447 1446
f 1445 1443 1442
f 1448 1445 1442
f 1448 1449 1450
f 1448 1442 1449
f 1451 1452 1447
f 1451 1453 1452
f 1451 1447 1445
f 1454 1448 1450
f 769 754 740
f 769 740 743
f 1455 1456 1453
f 1455 1457 1456
f 1455 1453 1451
f 1458 1454 1450
f 1458 1450 1459
f 1460 743 1461
f 1460 769 743
f 1462 1461 1463
f 1462 1460 1461
f 1464 1463 1465
f 1464 1462 1463
f 1466 1465 1467
f 1466 1464 1465
f 1468 1459 1469
f 1468 1458 1459
f 1470 1471 1457
f 1470 1472 1471
f 1470 1457 1455
f 1473 1474 1475
f 1473 1467 1474
f 1473 1466 1467
f 1476 1473 1475
f 1477 1478 1479
f 1477 1479 1480
f 1477 1481 1472
f 1477 1480 1481
f 1477 1472 1470
f 1482 1468 1469
f 1482 1469 1483
f 817 828 814
f 1484 1485 1476
f 1484 1486 1485
f 1484 1487 1486
f 1484 1478 1477
f 1484 1488 1487
f 1484 1489 1488
f 1484 1490 1478
f 1484 1491 1490
f 1484 1492 1491
f 1484 1475 1492
f 1484 1493 1494
f 1484 1495 1493
f 1484 1494 1489
f 1484 1476 1475
f 1496 1482 1483
f 1496 1483 1497
f 1399 1498 1444
f 1399 1499 1498
f 1399 1500 1499
f 1399 1501 1500
f 1399 1502 1501
f 1399 1444 680
f 843 828 817
f 1503 843 817
f 1503 817 1504
f 1505 1503 1504
f 1505 1504 1506
f 1507 1502 1399
f 1508 1505 1506
f 1508 1506 1509
f 1510 1508 1509
f 1510 1511 1512
f 1510 1509 1511
f 1513 1510 1512
f 1514 1513 1512
f 1514 1512 1515
f 1516 1514 1515
f 1516 1515 1517
f 1518 1516 1517
f 1518 1517 1519
f 1520 1495 1484
f 1520 1518 1519
f 1520 1519 1495
f 1521 1520 1484
f 1522 1521 1484
f 1523 1522 1484
f 1524 1507 1399
f 1525 1523 1484
f 1526 1524 1399
f 1527 1526 1399
f 1528 1527 1399
f 917 902 888
f 917 888 891
f 1529 1528 1399
f 1530 917 891
f 1530 891 1531
f 1532 1530 1531
f 1532 1531 1533
f 1534 1532 1533
f 1534 1533 1535
f 1536 1534 1535
f 1536 1537 1538
f 1536 1535 1537
f 1539 1538 1540
f 1539 1536 1538
f 1541 1539 1540
f 1542 1541 1540
f 1542 1540 1543
f 1544 1542 1543
f 1544 1543 1545
f 1546 1544 1545
f 1546 1545 1547
f 1548 1546 1547
f 1548 1547 1525
f 1548 1525 1484
f 1549 1548 1484
f 1550 1549 1484
f 991 976 962
f 991 962 965
f 1551 1552 1553
f 1551 965 1552
f 1551 991 965
f 1554 1551 1553
f 1555 1556 1557
f 1555 1553 1556
f 1555 1554 1553
f 1558 1555 1557
f 1559 1557 1560
f 1559 1558 1557
f 1561 1562 1563
f 1561 1560 1562
f 1561 1559 1560
f 1564 1561 1563
f 1565 1566 1567
f 1565 1563 1566
f 1565 1564 1563
f 1568 1565 1567
f 1569 1567 1570
f 1569 1568 1567
f 1039 1050 1036
f 1065 1050 1039
f 1571 1065 1039
f 1571 1572 1573
f 1571 1039 1572
f 1574 1571 1573
f 1575 1576 1577
f 1575 1573 1576
f 1575 1574 1573
f 1578 1575 1577
f 1579 1580 1581
f 1579 1577 1580
f 1579 1578 1577
f 1582 1579 1581
f 1583 1581 1584
f 1583 1582 1581
f 1585 1583 1584
f 1585 1586 1587
f 1585 1584 1586
f 1588 1585 1587
f 1589 1587 1590
f 1589 1588 1587
f 1139 1124 1110
f 1139 1110 1113
f 1591 1139 1113
f 1591 1592 1593
f 1591 1113 1592
f 1594 1591 1593
f 1595 1594 1593
f 1595 1593 1596
f 1597 1596 1598
f 1597 1595 1596
f 1599 1598 1600
f 1599 1597 1598
f 1601 1600 1602
f 1601 1599 1600
f 1603 1602 1604
f 1603 1601 1602
f 1605 1604 1606
f 1605 1603 1604
f 1213 1198 1184
f 1213 1184 1187
f 1213 1187 1607
f 1608 1213 1607
f 1609 1608 1607
f 1609 1607 1610
f 1611 1609 1610
f 1611 1610 1612
f 1613 1611 1612
f 1613 1614 1615
f 1613 1612 1614
f 1616 1613 1615
f 1617 1616 1615
f 1617 1615 1618
f 1619 1605 1606
f 1619 1620 1589
f 1619 1590 1621
f 1619 1621 1622
f 1619 1617 1618
f 1619 1623 1617
f 1619 1624 1623
f 1619 1625 1624
f 1619 1589 1590
f 1619 1626 1627
f 1619 1628 1626
f 1619 1629 1628
f 1619 1630 1629
f 1619 1618 1630
f 1619 1627 1631
f 1619 1632 1605
f 1619 1633 1632
f 1619 1631 1633
f 1619 1634 1635
f 1619 1636 1634
f 1619 1606 1636
f 1619 1635 1620
f 1287 1272 1258
f 1287 1258 1261
f 1637 1287 1261
f 1637 1638 1639
f 1637 1261 1638
f 1640 1637 1639
f 1641 1639 1642
f 1641 1640 1639
f 1643 1625 1619
f 1643 1644 1645
f 1643 1645 1646
f 1643 1647 1625
f 1643 1646 1647
f 1648 1649 1650
f 1648 1642 1649
f 1648 1641 1642
f 1651 1648 1650
f 1652 1650 1653
f 1652 1651 1650
f 1654 1529 1399
f 1655 1656 1644
f 1655 1657 1656
f 1655 1644 1643
f 1658 1659 1652
f 1658 1660 1657
f 1658 1653 1660
f 1658 1657 1655
f 1658 1652 1653
f 1346 1332 1335
f 1346 1661 1662
f 1346 1663 1661
f 1346 1664 1663
f 1346 1335 1664
f 1665 1666 1659
f 1665 1667 1666
f 1665 1659 1658
f 1668 1669 1667
f 1668 1670 1669
f 1668 1667 1665
f 1671 1672 1673
f 1671 1674 1672
f 1671 1673 1670
f 1671 1670 1668
f 1675 1676 1674
f 1675 1677 1676
f 1675 1674 1671
f 1678 1679 1677
f 1678 1677 1675
f 1680 1681 1679
f 1680 1662 1681
f 1680 1679 1678
f 1682 1496 1497
f 1682 1497 1683
f 1684 1662 1680
f 1684 1346 1662
f 1685 1683 1686
f 1685 1682 1683
f 1687 1346 1684
f 1688 1686 1689
f 1688 1685 1686
f 1690 1689 1691
f 1690 1688 1689
f 1690 1691 1692
f 1693 1690 1692
f 1694 1693 1692
f 1694 1692 1695
f 1696 1694 1695
f 1696 1695 1697
f 1698 1699 1700
f 1698 1701 1699
f 1702 1703 1699
f 1702 1699 1701
f 1704 1698 1700
f 1705 1703 1702
f 1706 1704 1700
f 1706 1700 1696
f 1707 1708 1703
f 1707 1703 1705
f 1709 1706 1696
f 1710 1708 1707
f 1711 1709 1696
f 1711 1696 1697
f 1712 1711 1697
f 1712 1697 1713
f 1714 1708 1710
f 1715 1708 1714
f 1716 1708 1715
f 1716 1717 1708
f 1718 1717 1716
f 1719 1717 1718
f 1720 1717 1719
f 1721 1717 1720
f 1722 1654 1399
f 1722 1712 1713
f 1722 1723 1654
f 1722 1724 1723
f 1722 1725 1724
f 1722 1713 1725
f 1726 1721 1727
f 1728 1717 1721
f 1728 1721 1726
f 1729 1717 1728
f 1730 1731 1732
f 1730 1727 1731
f 1730 1726 1727
f 1733 1717 1729
f 1734 1730 1732
f 1735 1717 1733
f 1736 1734 1732
f 1736 1732 1737
f 1738 1717 1735
f 1739 1736 1737
f 1739 1740 1741
f 1739 1737 1740
f 1742 1739 1741
f 1743 1717 1738
f 1744 1717 1743
f 1745 1717 1744
f 1746 1717 1745
f 1747 1742 1741
f 1748 1742 1747
f 1749 1750 1751
f 1749 1751 1752
f 1753 1750 1749
f 1753 1754 1750
f 1755 1751 1756
f 1755 1752 1751
f 1757 1754 1753
f 1757 1758 1754
f 1757 1746 1758
f 1759 1755 1756
f 1759 1756 1760
f 1761 1746 1757
f 1761 1717 1746
f 1762 1759 1760
f 1762 1763 1764
f 1762 1760 1763
f 1765 1717 1761
f 1766 1762 1764
f 1767 1764 1768
f 1767 1766 1764
f 1769 1717 1765
f 1770 1717 1769
f 1771 1717 1770
f 1772 1767 1768
f 1772 1768 1773
f 1774 1775 1776
f 1774 1776 1777
f 1778 1779 1775
f 1778 1775 1774
f 1780 1776 1781
f 1780 1777 1776
f 1782 1783 1779
f 1782 1784 1783
f 1782 1779 1778
f 1785 1781 1786
f 1785 1780 1781
f 1787 1771 1784
f 1787 1784 1782
f 1788 1789 1790
f 1788 1786 1789
f 1788 1785 1786
f 1791 1717 1771
f 1791 1771 1787
f 1792 1788 1790
f 1793 1790 1794
f 1793 1792 1790
f 1795 1717 1791
f 1796 1717 1795
f 1797 1794 1798
f 1797 1793 1794
f 1799 1800 1801
f 1799 1802 1800
f 1799 1801 1803
f 1804 1802 1799
f 1805 1801 1806
f 1805 1803 1801
f 1807 1802 1804
f 1807 1808 1802
f 1809 1805 1806
f 1809 1806 1810
f 1811 1808 1807
f 1811 1812 1808
f 1811 1813 1812
f 1814 1809 1810
f 1814 1815 1816
f 1814 1810 1815
f 1817 1813 1811
f 1818 1814 1816
f 1819 1816 1820
f 1819 1818 1816
f 1821 1819 1820
f 1821 1820 1822
f 1823 1824 1825
f 1826 1824 1823
f 1827 1828 1824
f 1827 1824 1826
f 1829 1823 1825
f 1829 1825 1830
f 1831 1828 1827
f 1831 1832 1828
f 1831 1833 1832
f 1834 1829 1830
f 1834 1830 1835
f 1836 1837 1833
f 1836 1833 1831
f 1838 1834 1835
f 1838 1835 1839
f 1840 1837 1836
f 1841 1838 1839
f 1841 1839 1842
f 1843 1842 1844
f 1843 1841 1842
f 1845 1846 1847
f 1845 1847 1837
f 1845 1840 1848
f 1845 1837 1840
f 1845 1848 1849
f 1845 1850 1851
f 1845 1852 1850
f 1845 1849 1852
f 1853 1844 1854
f 1853 1843 1844
f 1855 1856 1857
f 1855 1858 1856
f 1859 1858 1855
f 1859 1860 1858
f 1861 1857 1856
f 1861 1856 1862
f 1863 1845 1851
f 1863 1860 1859
f 1863 1851 1860
f 1864 1861 1862
f 1864 1862 1865
f 1866 1845 1863
f 1867 1864 1865
f 1867 1868 1869
f 1867 1865 1868
f 1870 1845 1866
f 1871 1867 1869
f 1872 1871 1869
f 1872 1869 1873
f 1874 1845 1870
f 1875 1845 1874
f 1876 1845 1875
f 1877 1845 1876
f 1878 1845 1877
f 1879 1845 1878
f 1880 1845 1879
f 1881 1872 1873
f 1881 1873 1882
f 1883 1880 1884
f 1883 1884 1885
f 1883 1845 1880
f 1886 1845 1883
f 1887 1884 1888
f 1887 1885 1884
f 1889 1845 1886
f 1890 1888 1891
f 1890 1887 1888
f 1892 1893 1845
f 1892 1845 1889
f 1894 1895 1896
f 1894 1891 1895
f 1894 1890 1891
f 1897 1893 1892
f 1898 1894 1896
f 1899 1896 1900
f 1899 1898 1896
f 1901 1893 1897
f 1902 1893 1901
f 1903 1893 1902
f 1903 1904 1893
f 1905 1904 1903
f 1906 1904 1905
f 1906 1907 1904
f 1908 1907 1906
f 1909 1907 1908
f 1910 1899 1900
f 1910 1900 1911
f 1912 1909 1913
f 1914 1907 1909
f 1914 1909 1912
f 1915 1907 1914
f 1915 1916 1907
f 1917 1912 1913
f 1917 1913 1918
f 1919 1916 1915
f 1920 1918 1921
f 1920 1917 1918
f 1922 1916 1919
f 1922 1923 1916
f 1924 1920 1921
f 1924 1925 1926
f 1924 1921 1925
f 1927 1923 1922
f 1928 1924 1926
f 1929 1926 1930
f 1929 1928 1926
f 1931 1932 1923
f 1931 1923 1927
f 1933 1932 1931
f 1934 1932 1933
f 1935 1936 1932
f 1935 1932 1934
f 1937 1936 1935
f 1938 1936 1937
f 1938 1939 1936
f 1940 1941 1939
f 1940 1939 1938
f 1942 1941 1940
f 1943 1944 1941
f 1943 1941 1942
f 1945 1930 1946
f 1945 1929 1930
f 1360 1947 1944
f 1360 1948 1949
f 1360 1950 1948
f 1360 1951 1950
f 1360 1943 1951
f 1360 1949 1952
f 1360 1944 1943
f 1360 1346 1687
f 1360 1687 1947
f 1484 1619 1622
f 1484 1622 1569
f 1484 1569 1570
f 1484 1570 1550
f 1845 1717 1796
f 1845 1796 1813
f 1845 1813 1817
f 1845 1817 1846
f 1481 1480 1953
f 1481 1953 1954
f 1472 1954 1955
f 1472 1481 1954
f 1471 1955 1956
f 1471 1472 1955
f 1457 1956 1957
f 1457 1471 1956
f 1456 1957 1958
f 1456 1457 1957
f 1453 1959 1960
f 1453 1958 1959
f 1453 1456 1958
f 1452 1453 1960
f 1447 1960 1961
f 1447 1452 1960
f 1446 1961 1962
f 1446 1447 1961
f 1443 1962 1963
f 1443 1446 1962
f 695 1963 694
f 695 1443 1963
f 1304 1348 1305
f 1303 1348 1304
f 1306 1305 1348
f 1307 1306 1348
f 1302 1348 1303
f 1308 1307 1348
f 1301 1348 1302
f 1309 1308 1348
f 1300 1348 1301
f 1299 1348 1300
f 1288 1348 1299
f 1289 1348 1288
f 1230 1293 1294
f 1230 1294 1231
f 1229 1292 1293
f 1229 1293 1230
f 1232 1294 1295
f 1232 1231 1294
f 1233 1295 1296
f 1233 1232 1295
f 1228 1291 1292
f 1228 1292 1229
f 1234 1296 1297
f 1234 1233 1296
f 1227 1289 1290
f 1227 1290 1291
f 1227 1291 1228
f 1235 1234 1297
f 1235 1297 1298
f 1226 1348 1289
f 1226 1289 1227
f 1225 1348 1226
f 1236 1298 1274
f 1236 1235 1298
f 1214 1348 1225
f 1215 1348 1214
f 1347 1310 1309
f 1347 1309 1348
f 1156 1220 1157
f 1156 1218 1219
f 1156 1219 1220
f 1158 1157 1220
f 1158 1220 1221
f 1155 1218 1156
f 1159 1158 1221
f 1159 1221 1222
f 1154 1217 1218
f 1154 1218 1155
f 1160 1159 1222
f 1160 1222 1223
f 1153 1215 1216
f 1153 1216 1217
f 1153 1217 1154
f 1161 1160 1223
f 1161 1223 1224
f 1152 1348 1215
f 1152 1215 1153
f 1151 1348 1152
f 1162 1161 1224
f 1162 1224 1200
f 1140 1348 1151
f 1141 1348 1140
f 1311 1310 1347
f 1082 1146 1083
f 1082 1145 1146
f 1081 1144 1145
f 1081 1145 1082
f 1084 1083 1146
f 1084 1146 1147
f 1085 1147 1148
f 1085 1148 1149
f 1085 1084 1147
f 1080 1143 1144
f 1080 1144 1081
f 1086 1085 1149
f 1079 1141 1142
f 1079 1142 1143
f 1079 1143 1080
f 1078 1141 1079
f 1078 1348 1141
f 1087 1149 1150
f 1087 1086 1149
f 1077 1348 1078
f 1088 1087 1150
f 1088 1150 1126
f 1066 1348 1077
f 1067 1348 1066
f 1237 1236 1274
f 1237 1274 1273
f 1008 1072 1009
f 1008 1071 1072
f 1007 1071 1008
f 1007 1070 1071
f 1010 1009 1072
f 1010 1072 1073
f 1011 1073 1074
f 1011 1074 1075
f 1011 1010 1073
f 1006 1070 1007
f 1006 1069 1070
f 1012 1011 1075
f 1005 1069 1006
f 1005 1067 1068
f 1005 1068 1069
f 1013 1075 1076
f 1013 1012 1075
f 1004 1348 1067
f 1004 1067 1005
f 1014 1076 1052
f 1014 1013 1076
f 1003 1348 1004
f 992 1348 1003
f 993 1348 992
f 1199 1162 1200
f 1163 1162 1199
f 934 997 998
f 934 998 935
f 933 996 997
f 933 997 934
f 936 998 999
f 936 935 998
f 937 999 1000
f 937 1000 1001
f 937 936 999
f 932 995 996
f 932 996 933
f 938 937 1001
f 931 993 994
f 931 994 995
f 931 995 932
f 939 1001 1002
f 939 938 1001
f 930 993 931
f 930 1348 993
f 929 1348 930
f 940 939 1002
f 940 1002 978
f 918 1348 929
f 1125 1088 1126
f 1089 1088 1125
f 861 860 923
f 861 923 924
f 862 861 924
f 862 924 925
f 859 923 860
f 859 922 923
f 858 922 859
f 858 920 921
f 858 921 922
f 863 862 925
f 863 925 926
f 857 920 858
f 864 863 926
f 864 926 927
f 856 920 857
f 856 918 919
f 856 919 920
f 865 864 927
f 865 927 928
f 865 928 904
f 866 865 904
f 855 1348 918
f 855 918 856
f 844 1348 855
f 1051 1014 1052
f 1015 1014 1051
f 786 849 850
f 787 786 850
f 785 848 849
f 785 849 786
f 788 850 851
f 788 787 850
f 784 848 785
f 784 847 848
f 789 788 851
f 789 851 852
f 783 847 784
f 783 846 847
f 790 852 853
f 790 789 852
f 782 846 783
f 782 844 845
f 782 845 846
f 791 790 853
f 791 853 854
f 792 791 854
f 792 854 830
f 781 1348 844
f 781 844 782
f 770 1348 781
f 941 978 977
f 941 940 978
f 713 775 776
f 713 712 775
f 711 774 775
f 711 775 712
f 714 776 777
f 714 713 776
f 710 774 711
f 710 773 774
f 715 777 778
f 715 778 779
f 715 714 777
f 709 773 710
f 709 771 772
f 709 772 773
f 716 779 780
f 716 715 779
f 708 771 709
f 708 770 771
f 717 716 780
f 718 780 756
f 718 717 780
f 707 1348 770
f 707 770 708
f 696 1348 707
f 697 1348 696
f 867 904 903
f 867 866 904
f 793 792 830
f 793 830 829
f 719 756 755
f 719 718 756
f 1386 697 698
f 1386 698 699
f 1386 699 700
f 1386 700 701
f 1386 701 702
f 1386 702 703
f 1386 703 704
f 1386 704 705
f 1386 705 706
f 1386 1348 697
f 1387 706 682
f 1387 682 681
f 1387 1386 706
f 683 1387 681
f 683 1388 1387
f 684 1389 1388
f 684 1390 1389
f 684 1388 683
f 685 1390 684
f 686 1391 1390
f 686 1390 685
f 687 1392 1391
f 687 1393 1392
f 687 1391 686
f 688 1393 687
f 689 1394 1393
f 689 1393 688
f 690 1395 1394
f 690 1394 689
f 691 1396 1395
f 691 1395 690
f 692 1397 1396
f 692 1396 691
f 693 1398 1397
f 693 1397 692
f 694 1398 693
f 1963 1398 694
f 1962 1398 1963
f 1961 1398 1962
f 1960 1398 1961
f 1959 1398 1960
f 768 741 767
f 768 742 741
f 1964 1965 742
f 1964 742 768
f 1966 1965 1964
f 1966 1967 1965
f 1968 1969 1967
f 1968 1967 1966
f 1970 1971 1969
f 1970 1969 1968
f 1972 1973 1974
f 1972 1974 1971
f 1972 1971 1970
f 1975 1973 1972
f 1976 1977 1978
f 1976 1978 1973
f 1976 1973 1975
f 1979 1977 1976
f 1980 1981 1977
f 1980 1977 1979
f 1982 1983 1981
f 1982 1981 1980
f 816 815 841
f 842 816 841
f 1984 816 842
f 1984 1985 816
f 1986 1985 1984
f 1986 1987 1985
f 1988 1987 1986
f 1988 1989 1987
f 1990 1991 1992
f 1990 1992 1989
f 1990 1989 1988
f 1993 1991 1990
f 1994 1991 1993
f 1994 1995 1991
f 1996 1997 1995
f 1996 1995 1994
f 1998 1999 1997
f 1998 1997 1996
f 2000 1999 1998
f 2000 2001 1999
f 2002 2001 2000
f 2002 2003 2001
f 890 889 915
f 916 890 915
f 2004 890 916
f 2004 2005 890
f 2006 2005 2004
f 2006 2007 2005
f 2008 2007 2006
f 2008 2009 2007
f 2010 2009 2008
f 2010 2011 2012
f 2010 2012 2009
f 2013 2011 2010
f 2013 2014 2011
f 2015 2014 2013
f 2016 2014 2015
f 2016 2017 2014
f 2018 2017 2016
f 2018 2019 2017
f 2020 2019 2018
f 2020 2021 2019
f 2022 2021 2020
f 2022 2023 2021
f 990 963 989
f 990 964 963
f 2024 2025 2026
f 2024 2026 964
f 2024 964 990
f 2027 2025 2024
f 2028 2029 2030
f 2028 2030 2025
f 2028 2025 2027
f 2031 2029 2028
f 2032 2033 2029
f 2032 2029 2031
f 2034 2035 2036
f 2034 2036 2033
f 2034 2033 2032
f 2037 2035 2034
f 2038 2039 2040
f 2038 2040 2035
f 2038 2035 2037
f 2041 2039 2038
f 2042 2039 2041
f 2042 2043 2039
f 1038 1037 1063
f 1064 1038 1063
f 2044 2045 2046
f 2044 2046 1038
f 2044 1038 1064
f 2047 2045 2044
f 2048 2049 2050
f 2048 2050 2045
f 2048 2045 2047
f 2051 2049 2048
f 2052 2053 2054
f 2052 2054 2049
f 2052 2049 2051
f 2055 2053 2052
f 2056 2057 2053
f 2056 2053 2055
f 2058 2059 2060
f 2058 2060 2057
f 2058 2057 2056
f 2061 2059 2058
f 2062 2063 2059
f 2062 2059 2061
f 1138 1111 1137
f 1138 1112 1111
f 2064 1112 1138
f 2064 2065 2066
f 2064 2066 1112
f 2067 2065 2064
f 2068 2069 2065
f 2068 2065 2067
f 2070 2071 2069
f 2070 2069 2068
f 2072 2073 2071
f 2072 2071 2070
f 2074 2073 2072
f 2074 2075 2073
f 2076 2075 2074
f 2076 2077 2075
f 2078 2077 2076
f 2078 2079 2077
f 2080 2079 2078
f 2080 2081 2079
f 2082 2081 2080
f 2082 2083 2081
f 1212 1185 1211
f 1212 1186 1185
f 1212 2084 1186
f 2085 2084 1212
f 2086 2084 2085
f 2086 2087 2084
f 2088 2087 2086
f 2088 2089 2087
f 2090 2089 2088
f 2090 2091 2092
f 2090 2092 2089
f 2093 2091 2090
f 2094 2091 2093
f 2094 2095 2091
f 2096 2095 2094
f 2096 2097 2095
f 2098 2097 2096
f 2098 2099 2100
f 2098 2100 2097
f 2101 2099 2098
f 2102 2103 2099
f 2102 2099 2101
f 1260 1259 1285
f 1286 1260 1285
f 2104 2105 2106
f 2104 2106 1260
f 2104 1260 1286
f 2107 2105 2104
f 2108 2109 2105
f 2108 2105 2107
f 2110 2111 2112
f 2110 2112 2109
f 2110 2109 2108
f 2113 2111 2110
f 2114 2115 2111
f 2114 2111 2113
f 2116 2117 2115
f 2116 2115 2114
f 2118 2119 2117
f 2118 2117 2116
f 2120 2119 2118
f 2120 2121 2119
f 2122 2123 2121
f 2122 2121 2120
f 1359 1334 1333
f 1359 2124 2125
f 1359 2125 2126
f 1359 2126 2127
f 1359 2127 2128
f 1359 2128 2129
f 1359 2129 1334
f 2130 1959 1958
f 2130 1400 1398
f 2130 1958 2131
f 2130 1398 1959
f 2132 1958 1957
f 2132 1957 1956
f 2132 2131 1958
f 2133 1400 2130
f 2134 2132 1956
f 2135 1400 2133
f 2136 1956 1955
f 2136 2134 1956
f 2137 1400 2135
f 2138 2136 1955
f 2138 1955 1954
f 2138 1954 1953
f 2139 1400 2137
f 2140 1400 2139
f 2141 1953 2142
f 2141 2138 1953
f 2143 2141 2142
f 2144 2142 1983
f 2144 2143 2142
f 2145 1400 2140
f 2146 2147 2148
f 2149 2148 2150
f 2149 2146 2148
f 2151 2149 2150
f 2152 2153 2154
f 2152 2154 2147
f 2152 2147 2146
f 2155 2151 2150
f 2155 2150 2156
f 2155 2156 2157
f 2158 2153 2152
f 2159 2155 2157
f 2160 2153 2158
f 2160 2161 2153
f 2162 2159 2157
f 2162 1982 2163
f 2162 1983 1982
f 2162 2144 1983
f 2162 2157 2144
f 2164 2161 2160
f 2164 2165 2166
f 2164 2166 2161
f 2167 2165 2164
f 2168 2162 2163
f 2168 2163 2169
f 2170 2168 2169
f 2171 2170 2169
f 2171 2169 2003
f 2172 2165 2167
f 2173 2172 2167
f 2174 2175 2176
f 2174 2176 2177
f 2178 2174 2177
f 2178 2177 2179
f 2180 2176 2175
f 2180 2181 2176
f 2182 2178 2179
f 2182 2179 2183
f 2182 2183 2184
f 2185 2181 2180
f 2185 2186 2181
f 2187 2182 2184
f 2187 2184 2171
f 2188 2186 2185
f 2188 2189 2190
f 2188 2190 2186
f 2191 2003 2002
f 2191 2187 2171
f 2191 2171 2003
f 2192 2189 2188
f 2193 2189 2192
f 2193 2194 2189
f 2195 2196 2197
f 2195 2002 2196
f 2195 2191 2002
f 2198 2195 2197
f 2199 2197 2023
f 2199 2198 2197
f 2200 2194 2193
f 2200 2201 2194
f 2202 2203 2204
f 2202 2205 2203
f 2206 2204 2207
f 2206 2202 2204
f 2208 2209 2203
f 2208 2203 2205
f 2210 2207 2211
f 2210 2211 2212
f 2210 2206 2207
f 2213 2214 2209
f 2213 2209 2208
f 2215 2210 2212
f 2215 2212 2199
f 2216 2217 2218
f 2216 2218 2214
f 2216 2214 2213
f 2219 2023 2022
f 2219 2199 2023
f 2219 2215 2199
f 2220 2217 2216
f 2221 2222 2217
f 2221 2217 2220
f 2223 2022 2224
f 2223 2219 2022
f 2225 2223 2224
f 2225 2224 2226
f 2227 2226 2043
f 2227 2225 2226
f 2228 2229 2222
f 2228 2222 2221
f 2230 2231 2232
f 2230 2232 2233
f 2230 2234 2231
f 2235 2230 2233
f 2236 2237 2231
f 2236 2231 2234
f 2238 2235 2233
f 2238 2233 2239
f 2240 2241 2237
f 2240 2237 2236
f 2242 2238 2239
f 2242 2239 2243
f 2242 2243 2227
f 2244 2245 2246
f 2244 2246 2241
f 2244 2241 2240
f 2247 2042 2248
f 2247 2227 2043
f 2247 2242 2227
f 2247 2043 2042
f 2249 2245 2244
f 2250 2251 2245
f 2250 2245 2249
f 2252 2247 2248
f 2253 2248 2254
f 2253 2252 2248
f 2255 2254 2063
f 2255 2253 2254
f 2256 2257 2251
f 2256 2251 2250
f 2258 2259 2260
f 2261 2258 2260
f 2262 2260 2263
f 2262 2261 2260
f 2264 2265 2259
f 2264 2259 2258
f 2266 2262 2263
f 2266 2263 2267
f 2266 2267 2268
f 2269 2265 2264
f 2269 2270 2265
f 2271 2268 2255
f 2271 2266 2268
f 2272 2273 2270
f 2272 2270 2269
f 2274 2271 2255
f 2274 2255 2063
f 2274 2063 2062
f 2275 2273 2272
f 2275 2276 2273
f 2277 2276 2275
f 2277 2278 2276
f 2279 2062 2280
f 2279 2274 2062
f 2281 2279 2280
f 2281 2280 2282
f 2283 2281 2282
f 2283 2282 2083
f 2284 2278 2277
f 2284 2285 2278
f 2286 2287 2288
f 2286 2288 2289
f 2290 2286 2289
f 2290 2289 2291
f 2292 2288 2287
f 2292 2293 2288
f 2294 2290 2291
f 2294 2291 2295
f 2296 2293 2292
f 2296 2297 2293
f 2298 2294 2295
f 2298 2295 2299
f 2298 2299 2283
f 2300 2297 2296
f 2300 2301 2302
f 2300 2302 2297
f 2303 2083 2082
f 2303 2298 2283
f 2303 2283 2083
f 2303 2082 2304
f 2305 2301 2300
f 2306 2301 2305
f 2306 2307 2301
f 2308 2303 2304
f 2309 2308 2304
f 2309 2304 2310
f 2311 2310 2103
f 2311 2309 2310
f 2312 2307 2306
f 2312 2313 2307
f 2314 2315 2316
f 2314 2316 2317
f 2314 2318 2315
f 2319 2314 2317
f 2320 2321 2315
f 2320 2315 2318
f 2322 2317 2323
f 2322 2323 2324
f 2322 2319 2317
f 2325 2326 2321
f 2325 2321 2320
f 2327 2324 2311
f 2327 2322 2324
f 2328 2329 2330
f 2328 2330 2326
f 2328 2326 2325
f 2331 2103 2102
f 2331 2311 2103
f 2331 2327 2311
f 2332 2329 2328
f 2333 2334 2329
f 2333 2329 2332
f 2335 2336 2337
f 2335 2102 2336
f 2335 2331 2102
f 2338 2335 2337
f 2339 2338 2337
f 2339 2337 2123
f 2340 2341 2334
f 2340 2334 2333
f 2342 2343 2344
f 2345 2342 2344
f 2345 2344 2346
f 2347 2345 2346
f 2348 2343 2342
f 2348 2349 2343
f 2350 2346 2351
f 2350 2351 2352
f 2350 2347 2346
f 2353 2354 2349
f 2353 2349 2348
f 2355 2352 2339
f 2355 2350 2352
f 2356 2357 2358
f 2356 2358 2354
f 2356 2354 2353
f 2359 2123 2122
f 2359 2122 2360
f 2359 2355 2339
f 2359 2339 2123
f 2361 2357 2356
f 2362 2363 2357
f 2362 2357 2361
f 2364 2359 2360
f 2365 2360 2366
f 2365 2364 2360
f 2367 2366 2368
f 2367 2365 2366
f 2369 2368 2370
f 2369 2370 2371
f 2369 2367 2368
f 2372 2369 2371
f 2373 2371 2374
f 2373 2372 2371
f 2375 2374 2124
f 2375 2373 2374
f 2376 2377 2363
f 2376 2363 2362
f 1361 2124 1359
f 1361 2378 2379
f 1361 2379 2380
f 1361 2380 2381
f 1361 2381 2382
f 1361 2382 2383
f 1361 2383 2375
f 1361 2384 2378
f 1361 2375 2124
f 1478 2142 1479
f 1478 1983 2142
f 1490 1981 1983
f 1490 1983 1478
f 1491 1977 1981
f 1491 1981 1490
f 1492 1978 1977
f 1492 1977 1491
f 1475 1973 1978
f 1475 1978 1492
f 1474 1974 1973
f 1474 1971 1974
f 1474 1973 1475
f 1467 1971 1474
f 1465 1969 1971
f 1465 1967 1969
f 1465 1971 1467
f 1463 1967 1465
f 1461 1965 1967
f 1461 1967 1463
f 743 742 1965
f 743 1965 1461
f 757 719 755
f 757 721 719
f 758 722 721
f 758 721 757
f 759 724 722
f 759 727 724
f 759 722 758
f 760 727 759
f 761 728 727
f 761 731 728
f 761 727 760
f 762 731 761
f 763 733 731
f 763 731 762
f 764 735 733
f 764 733 763
f 765 737 735
f 765 735 764
f 766 739 737
f 766 741 739
f 766 737 765
f 767 741 766
f 1488 1489 2163
f 1488 2163 1982
f 1487 1982 1980
f 1487 1488 1982
f 1486 1980 1979
f 1486 1487 1980
f 1485 1979 1976
f 1485 1486 1979
f 1476 1976 1975
f 1476 1485 1976
f 1473 1972 1970
f 1473 1975 1972
f 1473 1476 1975
f 1466 1473 1970
f 1464 1970 1968
f 1464 1466 1970
f 1462 1968 1966
f 1462 1464 1968
f 1460 1966 1964
f 1460 1462 1966
f 769 1964 768
f 769 1460 1964
f 1493 2169 1494
f 1493 2003 2169
f 1495 2001 2003
f 1495 2003 1493
f 1519 1999 2001
f 1519 2001 1495
f 1517 1997 1999
f 1517 1999 1519
f 1515 1995 1997
f 1515 1997 1517
f 1512 1991 1995
f 1512 1992 1991
f 1512 1995 1515
f 1511 1992 1512
f 1509 1989 1992
f 1509 1987 1989
f 1509 1992 1511
f 1506 1987 1509
f 1504 1985 1987
f 1504 1987 1506
f 817 816 1985
f 817 1985 1504
f 831 793 829
f 831 795 793
f 832 796 795
f 832 798 796
f 832 795 831
f 833 798 832
f 834 801 798
f 834 798 833
f 835 802 801
f 835 801 834
f 836 805 802
f 836 802 835
f 837 807 805
f 837 805 836
f 838 809 807
f 838 807 837
f 839 811 809
f 839 809 838
f 840 813 811
f 840 815 813
f 840 811 839
f 841 815 840
f 1521 1522 2196
f 1521 2196 2002
f 1520 2002 2000
f 1520 1521 2002
f 1518 2000 1998
f 1518 1520 2000
f 1516 1998 1996
f 1516 1518 1998
f 1514 1996 1994
f 1514 1516 1996
f 1513 1993 1990
f 1513 1994 1993
f 1513 1514 1994
f 1510 1513 1990
f 1508 1990 1988
f 1508 1510 1990
f 1505 1988 1986
f 1505 1508 1988
f 1503 1986 1984
f 1503 1505 1986
f 843 1984 842
f 843 1503 1984
f 1525 2197 1523
f 1525 2023 2197
f 1547 2021 2023
f 1547 2023 1525
f 1545 2019 2021
f 1545 2021 1547
f 1543 2017 2019
f 1543 2019 1545
f 1540 2014 2017
f 1540 2017 1543
f 1538 2011 2014
f 1538 2012 2011
f 1538 2014 1540
f 1537 2012 1538
f 1535 2009 2012
f 1535 2007 2009
f 1535 2012 1537
f 1533 2007 1535
f 1531 2005 2007
f 1531 2007 1533
f 891 890 2005
f 891 2005 1531
f 905 867 903
f 905 869 867
f 906 870 869
f 906 872 870
f 906 869 905
f 907 872 906
f 908 875 872
f 908 872 907
f 909 876 875
f 909 875 908
f 910 879 876
f 910 876 909
f 911 881 879
f 911 879 910
f 912 883 881
f 912 881 911
f 913 885 883
f 913 883 912
f 914 887 885
f 914 889 887
f 914 885 913
f 915 889 914
f 1548 1549 2224
f 1548 2224 2022
f 1546 2022 2020
f 1546 1548 2022
f 1544 2020 2018
f 1544 1546 2020
f 1542 2018 2016
f 1542 1544 2018
f 1541 2016 2015
f 1541 1542 2016
f 1539 2013 2010
f 1539 2015 2013
f 1539 1541 2015
f 1536 1539 2010
f 1534 2010 2008
f 1534 1536 2010
f 1532 2008 2006
f 1532 1534 2008
f 1530 2006 2004
f 1530 1532 2006
f 917 2004 916
f 917 1530 2004
f 1570 2226 1550
f 1570 2043 2226
f 1567 2039 2043
f 1567 2043 1570
f 1566 2040 2039
f 1566 2039 1567
f 1563 2035 2040
f 1563 2040 1566
f 1562 2036 2035
f 1562 2035 1563
f 1560 2033 2036
f 1560 2029 2033
f 1560 2036 1562
f 1557 2029 1560
f 1556 2030 2029
f 1556 2025 2030
f 1556 2029 1557
f 1553 2025 1556
f 1552 2026 2025
f 1552 2025 1553
f 965 964 2026
f 965 2026 1552
f 979 941 977
f 979 943 941
f 980 944 943
f 980 946 944
f 980 943 979
f 981 946 980
f 982 949 946
f 982 946 981
f 983 950 949
f 983 949 982
f 984 953 950
f 984 950 983
f 985 955 953
f 985 953 984
f 986 957 955
f 986 955 985
f 987 959 957
f 987 957 986
f 988 961 959
f 988 963 961
f 988 959 987
f 989 963 988
f 1569 1622 2248
f 1569 2248 2042
f 1568 2042 2041
f 1568 1569 2042
f 1565 2041 2038
f 1565 1568 2041
f 1564 2038 2037
f 1564 1565 2038
f 1561 2037 2034
f 1561 1564 2037
f 1559 2032 2031
f 1559 2034 2032
f 1559 1561 2034
f 1558 1559 2031
f 1555 2031 2028
f 1555 1558 2031
f 1554 2028 2027
f 1554 1555 2028
f 1551 2027 2024
f 1551 1554 2027
f 991 2024 990
f 991 1551 2024
f 1590 2254 1621
f 1590 2063 2254
f 1587 2059 2063
f 1587 2063 1590
f 1586 2060 2059
f 1586 2059 1587
f 1584 2057 2060
f 1584 2060 1586
f 1581 2053 2057
f 1581 2057 1584
f 1580 2054 2053
f 1580 2049 2054
f 1580 2053 1581
f 1577 2049 1580
f 1576 2050 2049
f 1576 2045 2050
f 1576 2049 1577
f 1573 2045 1576
f 1572 2046 2045
f 1572 2045 1573
f 1039 1038 2046
f 1039 2046 1572
f 1053 1015 1051
f 1053 1017 1015
f 1054 1018 1017
f 1054 1020 1018
f 1054 1017 1053
f 1055 1020 1054
f 1056 1023 1020
f 1056 1020 1055
f 1057 1024 1023
f 1057 1023 1056
f 1058 1027 1024
f 1058 1024 1057
f 1059 1029 1027
f 1059 1027 1058
f 1060 1031 1029
f 1060 1029 1059
f 1061 1033 1031
f 1061 1031 1060
f 1062 1035 1033
f 1062 1037 1035
f 1062 1033 1061
f 1063 1037 1062
f 1589 1620 2280
f 1589 2280 2062
f 1588 2062 2061
f 1588 1589 2062
f 1585 2061 2058
f 1585 1588 2061
f 1583 2058 2056
f 1583 1585 2058
f 1582 2056 2055
f 1582 1583 2056
f 1579 2052 2051
f 1579 2055 2052
f 1579 1582 2055
f 1578 1579 2051
f 1575 2051 2048
f 1575 1578 2051
f 1574 2048 2047
f 1574 1575 2048
f 1571 2047 2044
f 1571 1574 2047
f 1065 2044 1064
f 1065 1571 2044
f 1634 2282 1635
f 1634 2083 2282
f 1636 2081 2083
f 1636 2083 1634
f 1606 2079 2081
f 1606 2081 1636
f 1604 2077 2079
f 1604 2079 1606
f 1602 2075 2077
f 1602 2077 1604
f 1600 2073 2075
f 1600 2071 2073
f 1600 2075 1602
f 1598 2071 1600
f 1596 2069 2071
f 1596 2065 2069
f 1596 2071 1598
f 1593 2065 1596
f 1592 2066 2065
f 1592 2065 1593
f 1113 1112 2066
f 1113 2066 1592
f 1127 1089 1125
f 1127 1091 1089
f 1128 1092 1091
f 1128 1094 1092
f 1128 1091 1127
f 1129 1094 1128
f 1130 1097 1094
f 1130 1094 1129
f 1131 1098 1097
f 1131 1097 1130
f 1132 1101 1098
f 1132 1098 1131
f 1133 1103 1101
f 1133 1101 1132
f 1134 1105 1103
f 1134 1103 1133
f 1135 1107 1105
f 1135 1105 1134
f 1136 1109 1107
f 1136 1111 1109
f 1136 1107 1135
f 1137 1111 1136
f 1633 1631 2304
f 1633 2304 2082
f 1632 2082 2080
f 1632 1633 2082
f 1605 2080 2078
f 1605 1632 2080
f 1603 2078 2076
f 1603 1605 2078
f 1601 2076 2074
f 1601 1603 2076
f 1599 2072 2070
f 1599 2074 2072
f 1599 1601 2074
f 1597 1599 2070
f 1595 2070 2068
f 1595 1597 2070
f 1594 2068 2067
f 1594 1595 2068
f 1591 2067 2064
f 1591 1594 2067
f 1139 2064 1138
f 1139 1591 2064
f 1626 2310 1627
f 1626 2103 2310
f 1628 2099 2103
f 1628 2103 1626
f 1629 2100 2099
f 1629 2099 1628
f 1630 2097 2100
f 1630 2100 1629
f 1618 2095 2097
f 1618 2097 1630
f 1615 2091 2095
f 1615 2092 2091
f 1615 2095 1618
f 1614 2092 1615
f 1612 2089 2092
f 1612 2087 2089
f 1612 2092 1614
f 1610 2087 1612
f 1607 2084 2087
f 1607 2087 1610
f 1187 1186 2084
f 1187 2084 1607
f 1201 1163 1199
f 1201 1165 1163
f 1202 1166 1165
f 1202 1168 1166
f 1202 1165 1201
f 1203 1168 1202
f 1204 1171 1168
f 1204 1168 1203
f 1205 1172 1171
f 1205 1171 1204
f 1206 1175 1172
f 1206 1172 1205
f 1207 1177 1175
f 1207 1175 1206
f 1208 1179 1177
f 1208 1177 1207
f 1209 1181 1179
f 1209 1179 1208
f 1210 1183 1181
f 1210 1185 1183
f 1210 1181 1209
f 1211 1185 1210
f 1647 1646 2336
f 1647 2336 2102
f 1625 2102 2101
f 1625 1647 2102
f 1624 2101 2098
f 1624 1625 2101
f 1623 2098 2096
f 1623 1624 2098
f 1617 2096 2094
f 1617 1623 2096
f 1616 2093 2090
f 1616 2094 2093
f 1616 1617 2094
f 1613 1616 2090
f 1611 2090 2088
f 1611 1613 2090
f 1609 2088 2086
f 1609 1611 2088
f 1608 2086 2085
f 1608 1609 2086
f 1213 2085 1212
f 1213 1608 2085
f 1644 2337 1645
f 1644 2123 2337
f 1656 2121 2123
f 1656 2123 1644
f 1657 2119 2121
f 1657 2121 1656
f 1660 2117 2119
f 1660 2119 1657
f 1653 2115 2117
f 1653 2117 1660
f 1650 2111 2115
f 1650 2112 2111
f 1650 2115 1653
f 1649 2112 1650
f 1642 2109 2112
f 1642 2105 2109
f 1642 2112 1649
f 1639 2105 1642
f 1638 2106 2105
f 1638 2105 1639
f 1261 1260 2106
f 1261 2106 1638
f 1275 1237 1273
f 1275 1239 1237
f 1276 1240 1239
f 1276 1242 1240
f 1276 1239 1275
f 1277 1242 1276
f 1278 1245 1242
f 1278 1242 1277
f 1279 1246 1245
f 1279 1245 1278
f 1280 1249 1246
f 1280 1246 1279
f 1281 1251 1249
f 1281 1249 1280
f 1282 1253 1251
f 1282 1251 1281
f 1283 1255 1253
f 1283 1253 1282
f 1284 1257 1255
f 1284 1259 1257
f 1284 1255 1283
f 1285 1259 1284
f 1669 1670 2360
f 1669 2360 2122
f 1667 2122 2120
f 1667 1669 2122
f 1666 2120 2118
f 1666 1667 2120
f 1659 2118 2116
f 1659 1666 2118
f 1652 2116 2114
f 1652 1659 2116
f 1651 2113 2110
f 1651 2114 2113
f 1651 1652 2114
f 1648 1651 2110
f 1641 2110 2108
f 1641 1648 2110
f 1640 2108 2107
f 1640 1641 2108
f 1637 2107 2104
f 1637 1640 2107
f 1287 2104 1286
f 1287 1637 2104
f 1672 2366 1673
f 1672 2368 2366
f 1674 2370 2368
f 1674 2368 1672
f 1676 2371 2370
f 1676 2370 1674
f 1677 2374 2371
f 1677 2371 1676
f 1679 2124 2374
f 1679 2374 1677
f 1681 2125 2124
f 1681 2126 2125
f 1681 2124 1679
f 1662 2126 1681
f 1661 2127 2126
f 1661 2128 2127
f 1661 2126 1662
f 1663 2128 1661
f 1664 2129 2128
f 1664 2128 1663
f 1335 1334 2129
f 1335 2129 1664
f 1349 1311 1347
f 1349 1313 1311
f 1350 1314 1313
f 1350 1313 1349
f 1351 1316 1314
f 1351 1314 1350
f 1352 1319 1316
f 1352 1320 1319
f 1352 1316 1351
f 1353 1320 1352
f 1354 1323 1320
f 1354 1325 1323
f 1354 1320 1353
f 1355 1325 1354
f 1356 1327 1325
f 1356 1325 1355
f 1357 1329 1327
f 1357 1327 1356
f 1358 1331 1329
f 1358 1329 1357
f 1359 1333 1331
f 1359 1331 1358
f 1366 2385 1362
f 1366 2386 2385
f 1372 2387 2386
f 1372 2386 1366
f 1374 2388 2387
f 1374 2387 1372
f 1380 2389 2388
f 1380 2388 1374
f 1384 2390 2389
f 1384 2389 1380
f 1382 2391 2390
f 1382 2390 1384
f 1379 2392 2391
f 1379 2391 1382
f 1376 2393 2392
f 1376 2392 1379
f 1371 2394 2393
f 1371 2393 1376
f 1368 2395 2394
f 1368 2394 1371
f 1360 1952 2395
f 1360 2395 1368
f 2396 1363 2397
f 2398 2397 1363
f 2399 1363 2396
f 2400 2398 1363
f 2401 1363 2399
f 2402 2400 1363
f 2403 1363 2401
f 2404 2402 1363
f 2405 1363 2403
f 2406 1363 2405
f 2407 1363 2406
f 2408 1363 2407
f 2409 2410 2411
f 2409 2411 2412
f 2413 2411 2414
f 2413 2412 2411
f 2415 2416 2410
f 2415 2410 2409
f 2417 2414 2418
f 2417 2413 2414
f 2419 2420 2416
f 2419 2416 2415
f 2421 2418 2422
f 2421 2417 2418
f 2423 2424 2420
f 2423 2408 2424
f 2423 2420 2419
f 2425 2422 2426
f 2425 2421 2422
f 2427 2408 2423
f 2427 1363 2408
f 2428 1363 2427
f 2429 2425 2426
f 2429 2426 2430
f 2431 1363 2428
f 2432 1363 2431
f 1362 2433 2404
f 1362 2404 1363
f 2434 2435 2436
f 2434 2437 2435
f 2434 2438 2437
f 2439 2436 2435
f 2439 2435 2440
f 2441 2438 2434
f 2442 2438 2441
f 2442 2443 2438
f 2444 2440 2445
f 2444 2439 2440
f 2446 2445 2447
f 2446 2444 2445
f 2448 2443 2442
f 2448 2449 2443
f 2448 2432 2449
f 2450 2447 2451
f 2450 2446 2447
f 2452 1363 2432
f 2452 2432 2448
f 2453 1363 2452
f 2454 2450 2451
f 2454 2451 2455
f 2456 1363 2453
f 2457 1363 2456
f 2385 2433 1362
f 2458 2459 2460
f 2458 2461 2459
f 2462 2460 2459
f 2462 2459 2463
f 2464 2465 2461
f 2464 2461 2458
f 2466 2467 2468
f 2466 2463 2467
f 2466 2462 2463
f 2469 2470 2465
f 2469 2465 2464
f 2471 2466 2468
f 2472 2473 2470
f 2472 2457 2473
f 2472 2470 2469
f 2474 2457 2472
f 2474 1363 2457
f 2475 2471 2468
f 2475 2468 2476
f 2477 1363 2474
f 2478 2475 2476
f 2478 2476 2479
f 2480 1363 2477
f 2481 1363 2480
f 2482 2429 2430
f 2482 2430 2483
f 2484 2485 2486
f 2484 2486 2487
f 2488 2486 2489
f 2488 2487 2486
f 2490 2491 2485
f 2490 2485 2484
f 2492 2488 2489
f 2492 2493 2494
f 2492 2489 2493
f 2495 2496 2491
f 2495 2491 2490
f 2497 2492 2494
f 2498 2499 2496
f 2498 2481 2499
f 2498 2496 2495
f 2500 2497 2494
f 2500 2494 2501
f 2502 1363 2481
f 2502 2481 2498
f 2503 2500 2501
f 2503 2501 2504
f 2505 1363 2502
f 2506 1363 2505
f 2507 1363 2506
f 2508 2454 2455
f 2509 2454 2508
f 2510 2511 2512
f 2510 2512 2513
f 2514 2512 2515
f 2514 2513 2512
f 2516 2517 2511
f 2516 2511 2510
f 2518 2519 2520
f 2518 2515 2519
f 2518 2514 2515
f 2521 2522 2517
f 2521 2517 2516
f 2523 2518 2520
f 2524 2522 2521
f 2524 2525 2522
f 2524 2507 2525
f 2526 2520 2527
f 2526 2523 2520
f 2528 2507 2524
f 2528 1363 2507
f 2529 1363 2528
f 2530 2527 2531
f 2530 2526 2527
f 2532 1363 2529
f 2533 2478 2479
f 2534 2478 2533
f 2535 2536 2537
f 2535 2538 2536
f 2539 2538 2535
f 2539 2540 2538
f 2541 2537 2536
f 2541 2536 2542
f 2543 2542 2544
f 2543 2541 2542
f 2545 2540 2539
f 2545 2546 2540
f 2545 2547 2546
f 2548 2544 2549
f 2548 2543 2544
f 2550 2547 2545
f 2551 2552 2553
f 2551 2549 2552
f 2551 2548 2549
f 2554 2555 2547
f 2554 2532 2555
f 2554 2547 2550
f 2556 2551 2553
f 2557 1363 2532
f 2557 2532 2554
f 2558 1363 2557
f 2559 2503 2504
f 2560 2503 2559
f 2561 2562 2563
f 2564 2561 2563
f 2565 2564 2563
f 2565 2563 2566
f 2567 2562 2561
f 2567 2568 2562
f 2567 2569 2568
f 2570 2565 2566
f 2570 2566 2571
f 2572 2569 2567
f 2573 2570 2571
f 2573 2571 2574
f 2575 2576 2569
f 2575 2569 2572
f 2577 2573 2574
f 2577 2574 2578
f 2579 2576 2575
f 2579 2580 2576
f 2579 2558 2580
f 2581 2577 2578
f 2581 2578 2582
f 2583 2558 2579
f 2583 1363 2558
f 2584 1363 2583
f 2585 2531 2586
f 2585 2530 2531
f 2587 2588 2589
f 2587 2590 2588
f 2591 2589 2592
f 2591 2587 2589
f 2593 2594 2588
f 2593 2595 2594
f 2593 2588 2590
f 2596 2597 2598
f 2596 2592 2597
f 2596 2591 2592
f 2599 2595 2593
f 2600 2598 2601
f 2600 2596 2598
f 2602 2603 2595
f 2602 2604 2603
f 2602 2595 2599
f 2605 2584 2604
f 2605 2604 2602
f 2606 2600 2601
f 2607 2606 2601
f 2607 2601 2608
f 2609 1363 2584
f 2609 2584 2605
f 2610 1363 2609
f 2611 1363 2610
f 2612 2553 2613
f 2612 2556 2553
f 2614 2581 2582
f 2614 2582 2615
f 2616 2608 2617
f 2616 2607 2608
f 1403 2618 2619
f 1403 2620 2618
f 1403 2621 2620
f 1403 2622 2621
f 1403 2623 2622
f 1403 2624 2623
f 1403 2625 2624
f 1403 2626 2625
f 1403 2611 2626
f 1403 1363 2611
f 1401 2619 2627
f 1401 2627 2628
f 1401 1403 2619
f 1363 1402 1364
f 1363 1403 1402
f 2629 2630 1364
f 2631 1364 2630
f 2632 2629 1364
f 2633 1364 2631
f 2634 2632 1364
f 2635 1364 2633
f 2636 2634 1364
f 2637 1364 2635
f 2638 2636 1364
f 2639 2638 1364
f 2640 2639 1364
f 2641 2640 1364
f 2642 2643 2644
f 2642 2645 2643
f 2646 2647 2643
f 2646 2643 2645
f 2648 2644 2649
f 2648 2642 2644
f 2650 2651 2647
f 2650 2647 2646
f 2652 2649 2653
f 2652 2648 2649
f 2654 2655 2651
f 2654 2651 2650
f 2656 2653 2657
f 2656 2657 2641
f 2656 2652 2653
f 2658 2659 2655
f 2658 2655 2654
f 2660 2656 2641
f 2660 2641 1364
f 2661 2660 1364
f 2662 2659 2658
f 2662 2663 2659
f 2664 2661 1364
f 2665 2664 1364
f 1365 2637 2666
f 1365 1364 2637
f 2667 2668 2669
f 2667 2669 2670
f 2667 2670 2671
f 2672 2669 2668
f 2672 2673 2669
f 2674 2667 2671
f 2675 2674 2671
f 2675 2671 2676
f 2677 2678 2673
f 2677 2673 2672
f 2679 2680 2678
f 2679 2678 2677
f 2681 2675 2676
f 2681 2676 2682
f 2681 2682 2665
f 2683 2684 2680
f 2683 2680 2679
f 2685 2665 1364
f 2685 2681 2665
f 2686 2685 1364
f 2687 2684 2683
f 2687 2688 2684
f 2689 2686 1364
f 2690 2689 1364
f 2691 1365 2666
f 2692 2693 2694
f 2692 2694 2695
f 2696 2694 2693
f 2696 2697 2694
f 2698 2695 2699
f 2698 2692 2695
f 2700 2701 2702
f 2700 2702 2697
f 2700 2697 2696
f 2703 2699 2704
f 2703 2698 2699
f 2705 2701 2700
f 2706 2704 2707
f 2706 2707 2690
f 2706 2703 2704
f 2708 2706 2690
f 2708 2690 1364
f 2709 2701 2705
f 2709 2710 2701
f 2711 2708 1364
f 2712 2710 2709
f 2712 2713 2710
f 2714 2711 1364
f 2715 2714 1364
f 2716 2663 2662
f 2716 2717 2663
f 2718 2719 2720
f 2718 2721 2719
f 2722 2723 2719
f 2722 2719 2721
f 2724 2720 2725
f 2724 2718 2720
f 2726 2723 2722
f 2726 2727 2728
f 2726 2728 2723
f 2729 2725 2730
f 2729 2724 2725
f 2731 2727 2726
f 2732 2730 2733
f 2732 2733 2715
f 2732 2729 2730
f 2734 2727 2731
f 2734 2735 2727
f 2736 2715 1364
f 2736 2732 2715
f 2737 2735 2734
f 2737 2738 2735
f 2739 2736 1364
f 2740 2739 1364
f 2741 2740 1364
f 2742 2688 2687
f 2743 2742 2687
f 2744 2745 2746
f 2744 2747 2745
f 2748 2749 2745
f 2748 2745 2747
f 2750 2746 2751
f 2750 2744 2746
f 2752 2753 2754
f 2752 2754 2749
f 2752 2749 2748
f 2755 2751 2756
f 2755 2750 2751
f 2757 2753 2752
f 2758 2755 2756
f 2758 2756 2759
f 2758 2759 2741
f 2760 2761 2753
f 2760 2753 2757
f 2762 2758 2741
f 2762 2741 1364
f 2763 2762 1364
f 2764 2765 2761
f 2764 2761 2760
f 2766 2763 1364
f 2767 2713 2712
f 2768 2767 2712
f 2769 2770 2771
f 2769 2771 2772
f 2773 2769 2772
f 2773 2772 2774
f 2775 2771 2770
f 2775 2776 2771
f 2777 2778 2776
f 2777 2776 2775
f 2779 2773 2774
f 2779 2774 2780
f 2779 2780 2781
f 2782 2783 2778
f 2782 2778 2777
f 2784 2779 2781
f 2785 2786 2787
f 2785 2787 2783
f 2785 2783 2782
f 2788 2781 2789
f 2788 2789 2766
f 2788 2784 2781
f 2790 2786 2785
f 2791 2766 1364
f 2791 2788 2766
f 2792 2791 1364
f 2793 2738 2737
f 2794 2793 2737
f 2795 2796 2797
f 2798 2796 2795
f 2799 2796 2798
f 2799 2800 2796
f 2801 2795 2797
f 2801 2797 2802
f 2801 2802 2803
f 2804 2800 2799
f 2804 2805 2800
f 2806 2801 2803
f 2807 2805 2804
f 2807 2808 2805
f 2809 2803 2810
f 2809 2806 2803
f 2811 2808 2807
f 2811 2812 2808
f 2813 2809 2810
f 2813 2810 2814
f 2813 2814 2792
f 2815 2812 2811
f 2815 2816 2812
f 2817 2813 2792
f 2817 2792 1364
f 2818 2817 1364
f 2819 2820 2765
f 2819 2765 2764
f 2821 2822 2823
f 2821 2823 2824
f 2825 2826 2822
f 2825 2822 2821
f 2827 2823 2828
f 2827 2828 2829
f 2827 2824 2823
f 2830 2831 2832
f 2830 2832 2826
f 2830 2826 2825
f 2833 2827 2829
f 2834 2835 2831
f 2834 2831 2830
f 2836 2829 2837
f 2836 2837 2838
f 2836 2833 2829
f 2839 2838 2818
f 2839 2836 2838
f 2840 2835 2834
f 2841 2835 2840
f 2841 2842 2835
f 2843 2818 1364
f 2843 2839 2818
f 2844 2843 1364
f 2845 2844 1364
f 2846 2847 2786
f 2846 2786 2790
f 2848 2816 2815
f 2848 2849 2816
f 2850 2851 2842
f 2850 2842 2841
f 1402 2852 2853
f 1402 2853 2854
f 1402 2854 2855
f 1402 2855 2856
f 1402 2856 2857
f 1402 2857 2858
f 1402 2858 2859
f 1402 2859 2860
f 1402 2860 2845
f 1402 2845 1364
f 1404 2861 2852
f 1404 2862 2861
f 1404 2852 1402
f 1367 1365 2691
f 1367 2691 2863
f 1373 2863 2864
f 1373 1367 2863
f 1375 2865 2866
f 1375 2864 2865
f 1375 1373 2864
f 1381 1375 2866
f 1385 2866 2867
f 1385 1381 2866
f 1383 2867 2868
f 1383 1385 2867
f 1378 2868 2869
f 1378 1383 2868
f 1377 2870 2871
f 1377 2869 2870
f 1377 1378 2869
f 1370 1377 2871
f 1369 2871 2872
f 1369 1370 2871
f 1361 2872 2384
f 1361 1369 2872
f 2628 1405 1401
f 2873 1411 1405
f 2873 1405 2628
f 2874 1413 1411
f 2874 1411 2873
f 2875 1419 1413
f 2875 1413 2874
f 2876 1423 1419
f 2876 1419 2875
f 2877 1421 1423
f 2877 1423 2876
f 2878 1421 2877
f 2879 1418 1421
f 2879 1415 1418
f 2879 1421 2878
f 2880 1410 1415
f 2880 1415 2879
f 2881 1410 2880
f 2882 1407 1410
f 2882 1399 1407
f 2882 1410 2881
f 1722 1399 2882
f 2883 2862 1404
f 2883 1404 1406
f 2884 1406 1412
f 2884 2883 1406
f 2885 1414 1420
f 2885 1412 1414
f 2885 2884 1412
f 2886 2885 1420
f 2887 1420 1424
f 2887 2886 1420
f 2888 1424 1422
f 2888 2887 1424
f 2889 1422 1417
f 2889 2888 1422
f 2890 1416 1409
f 2890 1417 1416
f 2890 2889 1417
f 2891 2890 1409
f 2892 1409 1408
f 2892 2891 1409
f 2145 1408 1400
f 2145 2892 1408
f 1952 2378 2384
f 1952 1949 2378
f 2385 2666 2433
f 2385 2691 2666
f 2385 2863 2691
f 2395 2384 2872
f 2395 2872 2871
f 2395 1952 2384
f 2386 2863 2385
f 2387 2865 2864
f 2387 2864 2863
f 2387 2863 2386
f 2394 2395 2871
f 2393 2871 2870
f 2393 2394 2871
f 2388 2866 2865
f 2388 2865 2387
f 2392 2870 2869
f 2392 2393 2870
f 2389 2866 2388
f 2391 2869 2868
f 2391 2392 2869
f 2390 2868 2867
f 2390 2867 2866
f 2390 2866 2389
f 2390 2391 2868
f 1934 1933 2365
f 1934 2365 2367
f 1935 2367 2369
f 1935 1934 2367
f 1937 2369 2372
f 1937 1935 2369
f 1938 2372 2373
f 1938 1937 2372
f 1940 2373 2375
f 1940 1938 2373
f 1942 2383 2382
f 1942 2375 2383
f 1942 1940 2375
f 1943 1942 2382
f 1951 2382 2381
f 1951 1943 2382
f 1950 2381 2380
f 1950 1951 2381
f 1948 2380 2379
f 1948 1950 2380
f 1949 2379 2378
f 1949 1948 2379
f 1670 2366 2360
f 1670 1673 2366
f 1931 2364 2365
f 1931 2365 1933
f 1927 2364 1931
f 1927 2359 2364
f 1922 2355 2359
f 1922 2359 1927
f 1919 2350 2355
f 1919 2355 1922
f 1915 2347 2350
f 1915 2350 1919
f 1914 2345 2347
f 1914 2347 1915
f 1912 2342 2345
f 1912 2348 2342
f 1912 2345 1914
f 1917 2348 1912
f 1920 2353 2348
f 1920 2356 2353
f 1920 2348 1917
f 1924 2356 1920
f 1928 2361 2356
f 1928 2356 1924
f 1929 2362 2361
f 1929 2361 1928
f 1945 2376 2362
f 1945 2362 1929
f 2483 2430 2663
f 2483 2663 2717
f 2483 2717 2893
f 2894 2895 2376
f 2894 2896 2895
f 2894 2376 1945
f 2897 2483 2893
f 2898 2899 2900
f 2898 2893 2899
f 2898 2897 2893
f 2901 2896 2894
f 2902 2903 2896
f 2902 2896 2901
f 2904 2900 2905
f 2904 2898 2900
f 2906 2907 2903
f 2906 2903 2902
f 2908 2904 2905
f 2909 2910 2907
f 2909 2907 2906
f 2911 2912 2910
f 2911 2905 2912
f 2911 2908 2905
f 2911 2910 2909
f 2897 2482 2483
f 2897 2913 2482
f 2898 2914 2913
f 2898 2913 2897
f 2904 2915 2914
f 2904 2914 2898
f 2908 2916 2915
f 2908 2915 2904
f 2911 2917 2916
f 2911 2916 2908
f 2909 2918 2919
f 2909 2919 2917
f 2909 2917 2911
f 2906 2918 2909
f 2902 2920 2918
f 2902 2918 2906
f 2901 2921 2922
f 2901 2922 2920
f 2901 2920 2902
f 2894 1946 2921
f 2894 2921 2901
f 1945 1946 2894
f 1946 2363 2377
f 1946 1930 2363
f 2482 2662 2429
f 2482 2716 2662
f 2482 2923 2716
f 2921 2377 2924
f 2921 2924 2925
f 2921 1946 2377
f 2913 2923 2482
f 2914 2926 2927
f 2914 2927 2923
f 2914 2923 2913
f 2922 2921 2925
f 2920 2925 2928
f 2920 2922 2925
f 2915 2929 2926
f 2915 2926 2914
f 2918 2928 2930
f 2918 2920 2928
f 2916 2929 2915
f 2919 2930 2931
f 2919 2918 2930
f 2917 2931 2932
f 2917 2932 2929
f 2917 2929 2916
f 2917 2919 2931
f 1903 1902 2338
f 1903 2338 2339
f 1905 2339 2352
f 1905 1903 2339
f 1906 2352 2351
f 1906 1905 2352
f 1908 2351 2346
f 1908 1906 2351
f 1909 2346 2344
f 1909 1908 2346
f 1913 2343 2349
f 1913 2344 2343
f 1913 1909 2344
f 1918 1913 2349
f 1921 2349 2354
f 1921 1918 2349
f 1925 2354 2358
f 1925 1921 2354
f 1926 2358 2357
f 1926 1925 2358
f 1930 2357 2363
f 1930 1926 2357
f 1646 2337 2336
f 1646 1645 2337
f 1901 2335 2338
f 1901 2338 1902
f 1897 2335 1901
f 1897 2331 2335
f 1892 2327 2331
f 1892 2331 1897
f 1889 2322 2327
f 1889 2327 1892
f 1886 2319 2322
f 1886 2322 1889
f 1883 2314 2319
f 1883 2319 1886
f 1885 2318 2314
f 1885 2320 2318
f 1885 2314 1883
f 1887 2320 1885
f 1890 2325 2320
f 1890 2328 2325
f 1890 2320 1887
f 1894 2328 1890
f 1898 2332 2328
f 1898 2328 1894
f 1899 2333 2332
f 1899 2332 1898
f 1910 2340 2333
f 1910 2333 1899
f 2508 2455 2688
f 2508 2688 2742
f 2508 2742 2933
f 2934 2935 2340
f 2934 2936 2935
f 2934 2340 1910
f 2937 2508 2933
f 2938 2939 2940
f 2938 2933 2939
f 2938 2937 2933
f 2941 2936 2934
f 2942 2943 2936
f 2942 2936 2941
f 2944 2940 2945
f 2944 2938 2940
f 2946 2947 2943
f 2946 2943 2942
f 2948 2944 2945
f 2949 2950 2947
f 2949 2947 2946
f 2951 2952 2950
f 2951 2945 2952
f 2951 2948 2945
f 2951 2950 2949
f 2937 2509 2508
f 2937 2953 2509
f 2938 2954 2953
f 2938 2953 2937
f 2944 2955 2954
f 2944 2954 2938
f 2948 2956 2955
f 2948 2955 2944
f 2951 2957 2956
f 2951 2956 2948
f 2949 2958 2959
f 2949 2959 2957
f 2949 2957 2951
f 2946 2958 2949
f 2942 2960 2958
f 2942 2958 2946
f 2941 2961 2962
f 2941 2962 2960
f 2941 2960 2942
f 2934 1911 2961
f 2934 2961 2941
f 1910 1911 2934
f 1911 2334 2341
f 1911 1900 2334
f 2509 2687 2454
f 2509 2743 2687
f 2509 2963 2743
f 2961 2341 2964
f 2961 2964 2965
f 2961 1911 2341
f 2953 2963 2509
f 2954 2966 2967
f 2954 2967 2963
f 2954 2963 2953
f 2962 2961 2965
f 2960 2965 2968
f 2960 2962 2965
f 2955 2969 2966
f 2955 2966 2954
f 2958 2968 2970
f 2958 2960 2968
f 2956 2969 2955
f 2959 2970 2971
f 2959 2958 2970
f 2957 2971 2972
f 2957 2972 2969
f 2957 2969 2956
f 2957 2959 2971
f 1876 1875 2309
f 1876 2309 2311
f 1877 2311 2324
f 1877 1876 2311
f 1878 2324 2323
f 1878 1877 2324
f 1879 2323 2317
f 1879 1878 2323
f 1880 2317 2316
f 1880 1879 2317
f 1884 2315 2321
f 1884 2316 2315
f 1884 1880 2316
f 1888 1884 2321
f 1891 2321 2326
f 1891 1888 2321
f 1895 2326 2330
f 1895 1891 2326
f 1896 2330 2329
f 1896 1895 2330
f 1900 2329 2334
f 1900 1896 2329
f 1631 2310 2304
f 1631 1627 2310
f 1874 2308 2309
f 1874 2309 1875
f 1870 2308 1874
f 1870 2303 2308
f 1866 2298 2303
f 1866 2303 1870
f 1863 2294 2298
f 1863 2298 1866
f 1859 2290 2294
f 1859 2294 1863
f 1855 2286 2290
f 1855 2290 1859
f 1857 2287 2286
f 1857 2292 2287
f 1857 2286 1855
f 1861 2292 1857
f 1864 2296 2292
f 1864 2300 2296
f 1864 2292 1861
f 1867 2300 1864
f 1871 2305 2300
f 1871 2300 1867
f 1872 2306 2305
f 1872 2305 1871
f 1881 2312 2306
f 1881 2306 1872
f 2533 2479 2713
f 2533 2713 2767
f 2533 2767 2973
f 2974 2975 2312
f 2974 2976 2975
f 2974 2312 1881
f 2977 2533 2973
f 2978 2979 2980
f 2978 2973 2979
f 2978 2977 2973
f 2981 2976 2974
f 2982 2983 2976
f 2982 2976 2981
f 2984 2980 2985
f 2984 2978 2980
f 2986 2987 2983
f 2986 2983 2982
f 2988 2984 2985
f 2989 2990 2987
f 2989 2987 2986
f 2991 2992 2990
f 2991 2985 2992
f 2991 2988 2985
f 2991 2990 2989
f 2977 2534 2533
f 2977 2993 2534
f 2978 2994 2993
f 2978 2993 2977
f 2984 2995 2994
f 2984 2994 2978
f 2988 2996 2995
f 2988 2995 2984
f 2991 2997 2996
f 2991 2996 2988
f 2989 2998 2999
f 2989 2999 2997
f 2989 2997 2991
f 2986 2998 2989
f 2982 3000 2998
f 2982 2998 2986
f 2981 3001 3002
f 2981 3002 3000
f 2981 3000 2982
f 2974 1882 3001
f 2974 3001 2981
f 1881 1882 2974
f 1882 2307 2313
f 1882 1873 2307
f 2534 2712 2478
f 2534 2768 2712
f 2534 3003 2768
f 3001 2313 3004
f 3001 3004 3005
f 3001 1882 2313
f 2993 3003 2534
f 2994 3006 3007
f 2994 3007 3003
f 2994 3003 2993
f 3002 3001 3005
f 3000 3005 3008
f 3000 3002 3005
f 2995 3009 3006
f 2995 3006 2994
f 2998 3008 3010
f 2998 3000 3008
f 2996 3009 2995
f 2999 3010 3011
f 2999 2998 3010
f 2997 3011 3012
f 2997 3012 3009
f 2997 3009 2996
f 2997 2999 3011
f 1852 1849 2281
f 1852 2281 2283
f 1850 2283 2299
f 1850 1852 2283
f 1851 2299 2295
f 1851 1850 2299
f 1860 2295 2291
f 1860 1851 2295
f 1858 2291 2289
f 1858 1860 2291
f 1856 2288 2293
f 1856 2289 2288
f 1856 1858 2289
f 1862 1856 2293
f 1865 2293 2297
f 1865 1862 2293
f 1868 2297 2302
f 1868 1865 2297
f 1869 2302 2301
f 1869 1868 2302
f 1873 2301 2307
f 1873 1869 2301
f 1620 2282 2280
f 1620 1635 2282
f 1848 2279 2281
f 1848 2281 1849
f 1840 2279 1848
f 1840 2274 2279
f 1836 2271 2274
f 1836 2274 1840
f 1831 2266 2271
f 1831 2271 1836
f 1827 2262 2266
f 1827 2266 1831
f 1826 2261 2262
f 1826 2262 1827
f 1823 2258 2261
f 1823 2264 2258
f 1823 2261 1826
f 1829 2264 1823
f 1834 2269 2264
f 1834 2272 2269
f 1834 2264 1829
f 1838 2272 1834
f 1841 2275 2272
f 1841 2272 1838
f 1843 2277 2275
f 1843 2275 1841
f 1853 2284 2277
f 1853 2277 1843
f 2559 2504 2738
f 2559 2738 2793
f 2559 2793 3013
f 3014 3015 2284
f 3014 3016 3015
f 3014 2284 1853
f 3017 2559 3013
f 3018 3019 3020
f 3018 3013 3019
f 3018 3017 3013
f 3021 3016 3014
f 3022 3023 3016
f 3022 3016 3021
f 3024 3020 3025
f 3024 3018 3020
f 3026 3027 3023
f 3026 3023 3022
f 3028 3024 3025
f 3029 3030 3027
f 3029 3027 3026
f 3031 3032 3030
f 3031 3025 3032
f 3031 3028 3025
f 3031 3030 3029
f 3017 2560 2559
f 3017 3033 2560
f 3018 3034 3033
f 3018 3033 3017
f 3024 3035 3034
f 3024 3034 3018
f 3028 3036 3035
f 3028 3035 3024
f 3031 3037 3036
f 3031 3036 3028
f 3029 3038 3039
f 3029 3039 3037
f 3029 3037 3031
f 3026 3038 3029
f 3022 3040 3038
f 3022 3038 3026
f 3021 3041 3042
f 3021 3042 3040
f 3021 3040 3022
f 3014 1854 3041
f 3014 3041 3021
f 1853 1854 3014
f 1854 2278 2285
f 1854 1844 2278
f 2560 2737 2503
f 2560 2794 2737
f 2560 3043 2794
f 3041 2285 3044
f 3041 3044 3045
f 3041 1854 2285
f 3033 3043 2560
f 3034 3046 3047
f 3034 3047 3043
f 3034 3043 3033
f 3042 3041 3045
f 3040 3045 3048
f 3040 3042 3045
f 3035 3049 3046
f 3035 3046 3034
f 3038 3048 3050
f 3038 3040 3048
f 3036 3049 3035
f 3039 3050 3051
f 3039 3038 3050
f 3037 3051 3052
f 3037 3052 3049
f 3037 3049 3036
f 3037 3039 3051
f 1837 1847 2253
f 1837 2253 2255
f 1833 2255 2268
f 1833 1837 2255
f 1832 2268 2267
f 1832 1833 2268
f 1828 2267 2263
f 1828 1832 2267
f 1824 2263 2260
f 1824 1828 2263
f 1825 2259 2265
f 1825 2260 2259
f 1825 1824 2260
f 1830 1825 2265
f 1835 2265 2270
f 1835 1830 2265
f 1839 2270 2273
f 1839 1835 2270
f 1842 2273 2276
f 1842 1839 2273
f 1844 2276 2278
f 1844 1842 2276
f 1622 2254 2248
f 1622 1621 2254
f 1846 2252 2253
f 1846 2253 1847
f 1817 2252 1846
f 1817 2247 2252
f 1811 2242 2247
f 1811 2247 1817
f 1807 2238 2242
f 1807 2242 1811
f 1804 2235 2238
f 1804 2238 1807
f 1799 2230 2235
f 1799 2235 1804
f 1803 2234 2230
f 1803 2236 2234
f 1803 2230 1799
f 1805 2236 1803
f 1809 2240 2236
f 1809 2244 2240
f 1809 2236 1805
f 1814 2244 1809
f 1818 2249 2244
f 1818 2244 1814
f 1819 2250 2249
f 1819 2249 1818
f 1821 2256 2250
f 1821 2250 1819
f 2586 2531 2765
f 2586 2765 2820
f 2586 2820 3053
f 3054 3055 2256
f 3054 3056 3055
f 3054 2256 1821
f 3057 2586 3053
f 3058 3059 3060
f 3058 3053 3059
f 3058 3057 3053
f 3061 3056 3054
f 3062 3063 3056
f 3062 3056 3061
f 3064 3060 3065
f 3064 3058 3060
f 3066 3067 3063
f 3066 3063 3062
f 3068 3064 3065
f 3069 3070 3067
f 3069 3067 3066
f 3071 3072 3070
f 3071 3065 3072
f 3071 3068 3065
f 3071 3070 3069
f 3057 2585 2586
f 3057 3073 2585
f 3058 3074 3073
f 3058 3073 3057
f 3064 3075 3074
f 3064 3074 3058
f 3068 3076 3075
f 3068 3075 3064
f 3071 3077 3076
f 3071 3076 3068
f 3069 3078 3079
f 3069 3079 3077
f 3069 3077 3071
f 3066 3078 3069
f 3062 3080 3078
f 3062 3078 3066
f 3061 3081 3082
f 3061 3082 3080
f 3061 3080 3062
f 3054 1822 3081
f 3054 3081 3061
f 1821 1822 3054
f 1822 2251 2257
f 1822 1820 2251
f 2585 2764 2530
f 2585 2819 2764
f 2585 3083 2819
f 3081 2257 3084
f 3081 3084 3085
f 3081 1822 2257
f 3073 3083 2585
f 3074 3086 3087
f 3074 3087 3083
f 3074 3083 3073
f 3082 3081 3085
f 3080 3085 3088
f 3080 3082 3085
f 3075 3089 3086
f 3075 3086 3074
f 3078 3088 3090
f 3078 3080 3088
f 3076 3089 3075
f 3079 3090 3091
f 3079 3078 3090
f 3077 3091 3092
f 3077 3092 3089
f 3077 3089 3076
f 3077 3079 3091
f 1813 1796 2225
f 1813 2225 2227
f 1812 2227 2243
f 1812 1813 2227
f 1808 2243 2239
f 1808 1812 2243
f 1802 2239 2233
f 1802 1808 2239
f 1800 2233 2232
f 1800 1802 2233
f 1801 2231 2237
f 1801 2232 2231
f 1801 1800 2232
f 1806 1801 2237
f 1810 2237 2241
f 1810 1806 2237
f 1815 2241 2246
f 1815 1810 2241
f 1816 2246 2245
f 1816 1815 2246
f 1820 2245 2251
f 1820 1816 2245
f 1549 2226 2224
f 1549 1550 2226
f 1795 2223 2225
f 1795 2225 1796
f 1791 2223 1795
f 1791 2219 2223
f 1787 2215 2219
f 1787 2219 1791
f 1782 2210 2215
f 1782 2215 1787
f 1778 2206 2210
f 1778 2210 1782
f 1774 2202 2206
f 1774 2206 1778
f 1777 2205 2202
f 1777 2208 2205
f 1777 2202 1774
f 1780 2208 1777
f 1785 2213 2208
f 1785 2216 2213
f 1785 2208 1780
f 1788 2216 1785
f 1792 2220 2216
f 1792 2216 1788
f 1793 2221 2220
f 1793 2220 1792
f 1797 2228 2221
f 1797 2221 1793
f 2613 2553 2786
f 2613 2786 2847
f 2613 2847 3093
f 3094 3095 2228
f 3094 3096 3095
f 3094 2228 1797
f 3097 2613 3093
f 3098 3099 3100
f 3098 3093 3099
f 3098 3097 3093
f 3101 3096 3094
f 3102 3103 3096
f 3102 3096 3101
f 3104 3100 3105
f 3104 3098 3100
f 3106 3107 3103
f 3106 3103 3102
f 3108 3104 3105
f 3109 3110 3107
f 3109 3107 3106
f 3111 3112 3110
f 3111 3105 3112
f 3111 3108 3105
f 3111 3110 3109
f 3097 2612 2613
f 3097 3113 2612
f 3098 3114 3113
f 3098 3113 3097
f 3104 3115 3114
f 3104 3114 3098
f 3108 3116 3115
f 3108 3115 3104
f 3111 3117 3116
f 3111 3116 3108
f 3109 3118 3119
f 3109 3119 3117
f 3109 3117 3111
f 3106 3118 3109
f 3102 3120 3118
f 3102 3118 3106
f 3101 3121 3122
f 3101 3122 3120
f 3101 3120 3102
f 3094 1798 3121
f 3094 3121 3101
f 1797 1798 3094
f 1798 2222 2229
f 1798 1794 2222
f 2612 2790 2556
f 2612 2846 2790
f 2612 3123 2846
f 3121 2229 3124
f 3121 3124 3125
f 3121 1798 2229
f 3113 3123 2612
f 3114 3126 3127
f 3114 3127 3123
f 3114 3123 3113
f 3122 3121 3125
f 3120 3125 3128
f 3120 3122 3125
f 3115 3129 3126
f 3115 3126 3114
f 3118 3128 3130
f 3118 3120 3128
f 3116 3129 3115
f 3119 3130 3131
f 3119 3118 3130
f 3117 3131 3132
f 3117 3132 3129
f 3117 3129 3116
f 3117 3119 3131
f 1771 1770 2198
f 1771 2198 2199
f 1784 2199 2212
f 1784 1771 2199
f 1783 2212 2211
f 1783 1784 2212
f 1779 2211 2207
f 1779 1783 2211
f 1775 2207 2204
f 1775 1779 2207
f 1776 2203 2209
f 1776 2204 2203
f 1776 1775 2204
f 1781 1776 2209
f 1786 2209 2214
f 1786 1781 2209
f 1789 2214 2218
f 1789 1786 2214
f 1790 2218 2217
f 1790 1789 2218
f 1794 2217 2222
f 1794 1790 2217
f 1522 2197 2196
f 1522 1523 2197
f 1769 2195 2198
f 1769 2198 1770
f 1765 2195 1769
f 1765 2191 2195
f 1761 2187 2191
f 1761 2191 1765
f 1757 2182 2187
f 1757 2187 1761
f 1753 2178 2182
f 1753 2182 1757
f 1749 2174 2178
f 1749 2178 1753
f 1752 2175 2174
f 1752 2180 2175
f 1752 2174 1749
f 1755 2180 1752
f 1759 2185 2180
f 1759 2188 2185
f 1759 2180 1755
f 1762 2188 1759
f 1766 2192 2188
f 1766 2188 1762
f 1767 2193 2192
f 1767 2192 1766
f 1772 2200 2193
f 1772 2193 1767
f 2615 2582 2816
f 2615 2816 2849
f 2615 2849 3133
f 3134 3135 2200
f 3134 3136 3135
f 3134 2200 1772
f 3137 2615 3133
f 3138 3139 3140
f 3138 3133 3139
f 3138 3137 3133
f 3141 3136 3134
f 3142 3143 3136
f 3142 3136 3141
f 3144 3140 3145
f 3144 3138 3140
f 3146 3147 3143
f 3146 3143 3142
f 3148 3144 3145
f 3149 3150 3147
f 3149 3147 3146
f 3151 3152 3150
f 3151 3145 3152
f 3151 3148 3145
f 3151 3150 3149
f 3137 2614 2615
f 3137 3153 2614
f 3138 3154 3153
f 3138 3153 3137
f 3144 3155 3154
f 3144 3154 3138
f 3148 3156 3155
f 3148 3155 3144
f 3151 3157 3156
f 3151 3156 3148
f 3149 3158 3159
f 3149 3159 3157
f 3149 3157 3151
f 3146 3158 3149
f 3142 3160 3158
f 3142 3158 3146
f 3141 3161 3162
f 3141 3162 3160
f 3141 3160 3142
f 3134 1773 3161
f 3134 3161 3141
f 1772 1773 3134
f 1773 2194 2201
f 1773 1768 2194
f 2614 2815 2581
f 2614 2848 2815
f 2614 3163 2848
f 3161 2201 3164
f 3161 3164 3165
f 3161 1773 2201
f 3153 3163 2614
f 3154 3166 3167
f 3154 3167 3163
f 3154 3163 3153
f 3162 3161 3165
f 3160 3165 3168
f 3160 3162 3165
f 3155 3169 3166
f 3155 3166 3154
f 3158 3168 3170
f 3158 3160 3168
f 3156 3169 3155
f 3159 3170 3171
f 3159 3158 3170
f 3157 3171 3172
f 3157 3172 3169
f 3157 3169 3156
f 3157 3159 3171
f 1745 1744 2170
f 1745 2170 2171
f 1746 2171 2184
f 1746 1745 2171
f 1758 2184 2183
f 1758 1746 2184
f 1754 2183 2179
f 1754 1758 2183
f 1750 2179 2177
f 1750 1754 2179
f 1751 2176 2181
f 1751 2177 2176
f 1751 1750 2177
f 1756 1751 2181
f 1760 2181 2186
f 1760 1756 2181
f 1763 2186 2190
f 1763 1760 2186
f 1764 2190 2189
f 1764 1763 2190
f 1768 2189 2194
f 1768 1764 2189
f 1489 2169 2163
f 1489 1494 2169
f 1743 2168 2170
f 1743 2170 1744
f 1738 2168 1743
f 1738 2162 2168
f 1735 2159 2162
f 1735 2162 1738
f 1733 2155 2159
f 1733 2159 1735
f 1729 2151 2155
f 1729 2155 1733
f 1728 2149 2151
f 1728 2151 1729
f 1726 2146 2149
f 1726 2152 2146
f 1726 2149 1728
f 1730 2152 1726
f 1734 2158 2152
f 1734 2160 2158
f 1734 2152 1730
f 1736 2160 1734
f 1739 2164 2160
f 1739 2160 1736
f 1742 2167 2164
f 1742 2164 1739
f 1748 2173 2167
f 1748 2167 1742
f 2617 2608 2842
f 2617 2842 2851
f 2617 2851 3173
f 3174 3175 2173
f 3174 3176 3175
f 3174 2173 1748
f 3177 2617 3173
f 3178 3179 3180
f 3178 3173 3179
f 3178 3177 3173
f 3181 3176 3174
f 3182 3183 3176
f 3182 3176 3181
f 3184 3180 3185
f 3184 3178 3180
f 3186 3187 3183
f 3186 3183 3182
f 3188 3184 3185
f 3189 3190 3187
f 3189 3187 3186
f 3191 3192 3190
f 3191 3185 3192
f 3191 3188 3185
f 3191 3190 3189
f 3177 2616 2617
f 3177 3193 3194
f 3177 3194 2616
f 3178 3195 3193
f 3178 3193 3177
f 3184 3195 3178
f 3188 3196 3195
f 3188 3195 3184
f 3191 3197 3198
f 3191 3198 3196
f 3191 3196 3188
f 3189 3197 3191
f 3186 3199 3197
f 3186 3197 3189
f 3182 3200 3199
f 3182 3199 3186
f 3181 3201 3202
f 3181 3202 3200
f 3181 3200 3182
f 3174 1747 3201
f 3174 3201 3181
f 1748 1747 3174
f 1747 2165 2172
f 1747 1741 2165
f 2616 2841 2607
f 2616 2850 2841
f 2616 3203 2850
f 3201 2172 3204
f 3201 3204 3205
f 3201 1747 2172
f 3194 3203 2616
f 3193 3206 3207
f 3193 3207 3203
f 3193 3203 3194
f 3202 3201 3205
f 3200 3205 3208
f 3200 3202 3205
f 3195 3209 3206
f 3195 3206 3193
f 3199 3208 3210
f 3199 3200 3208
f 3196 3209 3195
f 3197 3210 3211
f 3197 3199 3210
f 3198 3211 3212
f 3198 3212 3209
f 3198 3209 3196
f 3198 3197 3211
f 1716 1715 2143
f 1716 2143 2144
f 1718 2144 2157
f 1718 1716 2144
f 1719 2157 2156
f 1719 1718 2157
f 1720 2156 2150
f 1720 1719 2156
f 1721 2150 2148
f 1721 1720 2150
f 1727 2147 2154
f 1727 2148 2147
f 1727 1721 2148
f 1731 1727 2154
f 1732 2154 2153
f 1732 1731 2154
f 1737 2153 2161
f 1737 1732 2153
f 1740 2161 2166
f 1740 1737 2161
f 1741 2166 2165
f 1741 1740 2166
f 1480 2142 1953
f 1480 1479 2142
f 1714 2141 2143
f 1714 2143 1715
f 1710 2141 1714
f 1710 2138 2141
f 1707 2136 2138
f 1707 2138 1710
f 1705 2134 2136
f 1705 2136 1707
f 1702 2132 2134
f 1702 2134 1705
f 1701 2131 2132
f 1701 2132 1702
f 1698 2130 2131
f 1698 2133 2130
f 1698 2131 1701
f 1704 2133 1698
f 1706 2135 2133
f 1706 2137 2135
f 1706 2133 1704
f 1709 2137 1706
f 1711 2139 2137
f 1711 2137 1709
f 1712 2140 2139
f 1712 2139 1711
f 1722 2145 2140
f 1722 2140 1712
f 2628 2627 2861
f 2628 2861 2862
f 2628 2862 2883
f 2882 2892 2145
f 2882 2891 2892
f 2882 2145 1722
f 2873 2628 2883
f 2874 2884 2885
f 2874 2883 2884
f 2874 2873 2883
f 2881 2891 2882
f 2880 2890 2891
f 2880 2891 2881
f 2875 2885 2886
f 2875 2874 2885
f 2879 2889 2890
f 2879 2890 2880
f 2876 2875 2886
f 2878 2888 2889
f 2878 2889 2879
f 2877 2887 2888
f 2877 2886 2887
f 2877 2876 2886
f 2877 2888 2878
f 1434 3213 1436
f 1434 3214 3213
f 1432 3215 3214
f 1432 3214 1434
f 1430 3216 3215
f 1430 3215 1432
f 1427 3217 3216
f 1427 3216 1430
f 1425 3218 3217
f 1425 3217 1427
f 1426 3219 3218
f 1426 3218 1425
f 1428 3220 3219
f 1428 3219 1426
f 1429 3221 3220
f 1429 3220 1428
f 1431 3222 3221
f 1431 3221 1429
f 1433 3223 3222
f 1433 3222 1431
f 1435 3224 3223
f 1435 3223 1433
f 3225 3224 1435
f 1444 3225 1435
f 1528 1529 3226
f 1528 3226 3227
f 1527 3227 3228
f 1527 1528 3227
f 1526 3228 3229
f 1526 1527 3228
f 1524 3229 3230
f 1524 1526 3229
f 1507 3230 3231
f 1507 1524 3230
f 1502 3231 3232
f 1502 1507 3231
f 1501 3232 3233
f 1501 1502 3232
f 1500 3233 3234
f 1500 1501 3233
f 1499 3234 3235
f 1499 1500 3234
f 1498 3235 3236
f 1498 1499 3235
f 1444 3236 3225
f 1444 1498 3236
f 1529 3237 3226
f 1529 1654 3237
f 1723 3237 1654
f 1723 3238 3237
f 1724 3239 3238
f 1724 3238 1723
f 1725 3240 3239
f 1725 3239 1724
f 1713 3241 3240
f 1713 3240 1725
f 1697 3242 3241
f 1697 3241 1713
f 1695 3243 3242
f 1695 3242 1697
f 1692 3244 3243
f 1692 3243 1695
f 1691 3245 3244
f 1691 3244 1692
f 1689 3246 3245
f 1689 3245 1691
f 1686 3247 3246
f 1686 3246 1689
f 1683 3248 3247
f 1683 3247 1686
f 3248 1497 3249
f 1683 1497 3248
f 1441 1437 3250
f 1441 3250 3251
f 1440 3251 3252
f 1440 1441 3251
f 1438 3252 3253
f 1438 1440 3252
f 1439 3253 3254
f 1439 1438 3253
f 1442 3254 3255
f 1442 1439 3254
f 1449 3255 3256
f 1449 1442 3255
f 1450 3256 3257
f 1450 1449 3256
f 1459 3257 3258
f 1459 1450 3257
f 1469 3258 3259
f 1469 1459 3258
f 1483 3259 3260
f 1483 1469 3259
f 1497 3260 3249
f 1497 1483 3260
f 1436 3213 3250
f 1436 3250 1437
f 1477 3261 1484
f 1477 3262 3261
f 1470 3263 3262
f 1470 3262 1477
f 1455 3264 3263
f 1455 3263 1470
f 1451 3265 3264
f 1451 3264 1455
f 1445 3266 3265
f 1445 3265 1451
f 1448 3267 3266
f 1448 3266 1445
f 1454 3268 3267
f 1454 3267 1448
f 1458 3269 3268
f 1458 3268 1454
f 1468 3270 3269
f 1468 3269 1458
f 1482 3271 3270
f 1482 3270 1468
f 1496 3272 3271
f 1496 3271 1482
f 3273 3272 1496
f 1682 3273 1496
f 1708 1717 3274
f 1708 3274 3275
f 1703 3275 3276
f 1703 1708 3275
f 1699 3276 3277
f 1699 1703 3276
f 1700 3277 3278
f 1700 1699 3277
f 1696 3278 3279
f 1696 1700 3278
f 1694 3279 3280
f 1694 1696 3279
f 1693 3280 3281
f 1693 1694 3280
f 1690 3281 3282
f 1690 1693 3281
f 1688 3282 3283
f 1688 1690 3282
f 1685 3283 3284
f 1685 1688 3283
f 1682 3284 3273
f 1682 1685 3284
f 3274 1845 3285
f 1717 1845 3274
f 1893 3285 1845
f 1893 3286 3285
f 1904 3287 3286
f 1904 3286 1893
f 1907 3288 3287
f 1907 3287 1904
f 1916 3289 3288
f 1916 3288 1907
f 1923 3290 3289
f 1923 3289 1916
f 1932 3291 3290
f 1932 3290 1923
f 1936 3292 3291
f 1936 3291 1932
f 1939 3293 3292
f 1939 3292 1936
f 1941 3294 3293
f 1941 3293 1939
f 1944 3295 3294
f 1944 3294 1941
f 1947 3296 3295
f 1947 3295 1944
f 3296 1687 3297
f 1947 1687 3296
f 1643 1619 3298
f 1643 3298 3299
f 1655 3299 3300
f 1655 1643 3299
f 1658 3300 3301
f 1658 1655 3300
f 1665 3301 3302
f 1665 1658 3301
f 1668 3302 3303
f 1668 1665 3302
f 1671 3303 3304
f 1671 1668 3303
f 1675 3304 3305
f 1675 1671 3304
f 1678 3305 3306
f 1678 1675 3305
f 1680 3306 3307
f 1680 1678 3306
f 1684 3307 3308
f 1684 1680 3307
f 1687 3308 3297
f 1687 1684 3308
f 3261 3298 1619
f 1484 3261 1619
f 2893 2717 2716
f 2893 2716 2923
f 2899 2923 2927
f 2899 2893 2923
f 2900 2927 2926
f 2900 2899 2927
f 2905 2926 2929
f 2905 2900 2926
f 2912 2929 2932
f 2912 2905 2929
f 2910 2931 2930
f 2910 2932 2931
f 2910 2912 2932
f 2907 2910 2930
f 2903 2930 2928
f 2903 2907 2930
f 2896 2925 2924
f 2896 2928 2925
f 2896 2903 2928
f 2895 2924 2377
f 2895 2896 2924
f 2376 2895 2377
f 2933 2742 2743
f 2933 2743 2963
f 2939 2963 2967
f 2939 2933 2963
f 2940 2967 2966
f 2940 2939 2967
f 2945 2966 2969
f 2945 2940 2966
f 2952 2969 2972
f 2952 2945 2969
f 2950 2971 2970
f 2950 2972 2971
f 2950 2952 2972
f 2947 2950 2970
f 2943 2970 2968
f 2943 2947 2970
f 2936 2965 2964
f 2936 2968 2965
f 2936 2943 2968
f 2935 2964 2341
f 2935 2936 2964
f 2340 2935 2341
f 2973 2767 2768
f 2973 2768 3003
f 2979 3003 3007
f 2979 2973 3003
f 2980 3007 3006
f 2980 2979 3007
f 2985 3006 3009
f 2985 2980 3006
f 2992 3009 3012
f 2992 2985 3009
f 2990 3011 3010
f 2990 3012 3011
f 2990 2992 3012
f 2987 2990 3010
f 2983 3010 3008
f 2983 2987 3010
f 2976 3005 3004
f 2976 3008 3005
f 2976 2983 3008
f 2975 3004 2313
f 2975 2976 3004
f 2312 2975 2313
f 3013 2793 2794
f 3013 2794 3043
f 3019 3043 3047
f 3019 3013 3043
f 3020 3047 3046
f 3020 3019 3047
f 3025 3046 3049
f 3025 3020 3046
f 3032 3049 3052
f 3032 3025 3049
f 3030 3051 3050
f 3030 3052 3051
f 3030 3032 3052
f 3027 3030 3050
f 3023 3050 3048
f 3023 3027 3050
f 3016 3045 3044
f 3016 3048 3045
f 3016 3023 3048
f 3015 3044 2285
f 3015 3016 3044
f 2284 3015 2285
f 3053 2820 2819
f 3053 2819 3083
f 3059 3083 3087
f 3059 3053 3083
f 3060 3087 3086
f 3060 3059 3087
f 3065 3086 3089
f 3065 3060 3086
f 3072 3089 3092
f 3072 3065 3089
f 3070 3091 3090
f 3070 3092 3091
f 3070 3072 3092
f 3067 3070 3090
f 3063 3090 3088
f 3063 3067 3090
f 3056 3085 3084
f 3056 3088 3085
f 3056 3063 3088
f 3055 3084 2257
f 3055 3056 3084
f 2256 3055 2257
f 3093 2847 2846
f 3093 2846 3123
f 3099 3123 3127
f 3099 3093 3123
f 3100 3127 3126
f 3100 3099 3127
f 3105 3126 3129
f 3105 3100 3126
f 3112 3129 3132
f 3112 3105 3129
f 3110 3131 3130
f 3110 3132 3131
f 3110 3112 3132
f 3107 3110 3130
f 3103 3130 3128
f 3103 3107 3130
f 3096 3125 3124
f 3096 3128 3125
f 3096 3103 3128
f 3095 3124 2229
f 3095 3096 3124
f 2228 3095 2229
f 3133 2849 2848
f 3133 2848 3163
f 3139 3163 3167
f 3139 3133 3163
f 3140 3167 3166
f 3140 3139 3167
f 3145 3166 3169
f 3145 3140 3166
f 3152 3169 3172
f 3152 3145 3169
f 3150 3171 3170
f 3150 3172 3171
f 3150 3152 3172
f 3147 3150 3170
f 3143 3170 3168
f 3143 3147 3170
f 3136 3165 3164
f 3136 3168 3165
f 3136 3143 3168
f 3135 3164 2201
f 3135 3136 3164
f 2200 3135 2201
f 3173 2851 2850
f 3173 3203 3207
f 3173 2850 3203
f 3179 3207 3206
f 3179 3173 3207
f 3180 3179 3206
f 3185 3206 3209
f 3185 3180 3206
f 3192 3212 3211
f 3192 3209 3212
f 3192 3185 3209
f 3190 3192 3211
f 3187 3211 3210
f 3187 3190 3211
f 3183 3210 3208
f 3183 3187 3210
f 3176 3205 3204
f 3176 3208 3205
f 3176 3183 3208
f 3175 3204 2172
f 3175 3176 3204
f 2173 3175 2172
f 2611 2610 2844
f 2611 2844 2845
f 2626 2845 2860
f 2626 2611 2845
f 2625 2860 2859
f 2625 2626 2860
f 2624 2859 2858
f 2624 2625 2859
f 2623 2858 2857
f 2623 2624 2858
f 2622 2856 2855
f 2622 2857 2856
f 2622 2623 2857
f 2621 2622 2855
f 2620 2855 2854
f 2620 2621 2855
f 2618 2854 2853
f 2618 2620 2854
f 2619 2853 2852
f 2619 2618 2853
f 2627 2852 2861
f 2627 2619 2852
f 2609 2843 2844
f 2609 2844 2610
f 2839 2843 2609
f 2839 2609 2605
f 2836 2605 2602
f 2836 2839 2605
f 2833 2602 2599
f 2833 2836 2602
f 2827 2599 2593
f 2827 2833 2599
f 2824 2593 2590
f 2824 2827 2593
f 2821 2587 2591
f 2821 2590 2587
f 2821 2824 2590
f 2825 2821 2591
f 2830 2591 2596
f 2830 2825 2591
f 2834 2596 2600
f 2834 2830 2596
f 2840 2600 2606
f 2840 2834 2600
f 2841 2606 2607
f 2841 2840 2606
f 2604 2584 2818
f 2604 2818 2838
f 2603 2838 2837
f 2603 2604 2838
f 2595 2837 2829
f 2595 2603 2837
f 2594 2829 2828
f 2594 2595 2829
f 2588 2828 2823
f 2588 2594 2828
f 2589 2822 2826
f 2589 2823 2822
f 2589 2588 2823
f 2592 2589 2826
f 2597 2826 2832
f 2597 2592 2826
f 2598 2832 2831
f 2598 2597 2832
f 2601 2831 2835
f 2601 2598 2831
f 2608 2835 2842
f 2608 2601 2835
f 2583 2817 2818
f 2583 2818 2584
f 2813 2817 2583
f 2813 2583 2579
f 2809 2579 2575
f 2809 2813 2579
f 2806 2575 2572
f 2806 2809 2575
f 2801 2572 2567
f 2801 2806 2572
f 2795 2567 2561
f 2795 2801 2567
f 2798 2564 2565
f 2798 2561 2564
f 2798 2795 2561
f 2799 2798 2565
f 2804 2565 2570
f 2804 2799 2565
f 2807 2570 2573
f 2807 2804 2570
f 2811 2573 2577
f 2811 2807 2573
f 2815 2577 2581
f 2815 2811 2577
f 2580 2558 2792
f 2580 2792 2814
f 2576 2814 2810
f 2576 2580 2814
f 2569 2810 2803
f 2569 2576 2810
f 2568 2803 2802
f 2568 2569 2803
f 2562 2802 2797
f 2562 2568 2802
f 2563 2796 2800
f 2563 2797 2796
f 2563 2562 2797
f 2566 2563 2800
f 2571 2800 2805
f 2571 2566 2800
f 2574 2805 2808
f 2574 2571 2805
f 2578 2808 2812
f 2578 2574 2808
f 2582 2812 2816
f 2582 2578 2812
f 2557 2791 2792
f 2557 2792 2558
f 2788 2791 2557
f 2788 2557 2554
f 2784 2554 2550
f 2784 2788 2554
f 2779 2550 2545
f 2779 2784 2550
f 2773 2545 2539
f 2773 2779 2545
f 2769 2539 2535
f 2769 2773 2539
f 2770 2537 2541
f 2770 2535 2537
f 2770 2769 2535
f 2775 2770 2541
f 2777 2541 2543
f 2777 2775 2541
f 2782 2543 2548
f 2782 2777 2543
f 2785 2548 2551
f 2785 2782 2548
f 2790 2551 2556
f 2790 2785 2551
f 2555 2532 2766
f 2555 2766 2789
f 2547 2789 2781
f 2547 2555 2789
f 2546 2781 2780
f 2546 2547 2781
f 2540 2780 2774
f 2540 2546 2780
f 2538 2774 2772
f 2538 2540 2774
f 2536 2771 2776
f 2536 2772 2771
f 2536 2538 2772
f 2542 2536 2776
f 2544 2776 2778
f 2544 2542 2776
f 2549 2778 2783
f 2549 2544 2778
f 2552 2783 2787
f 2552 2549 2783
f 2553 2787 2786
f 2553 2552 2787
f 2529 2763 2766
f 2529 2766 2532
f 2762 2763 2529
f 2762 2529 2528
f 2758 2528 2524
f 2758 2762 2528
f 2755 2524 2521
f 2755 2758 2524
f 2750 2521 2516
f 2750 2755 2521
f 2744 2516 2510
f 2744 2750 2516
f 2747 2513 2514
f 2747 2510 2513
f 2747 2744 2510
f 2748 2747 2514
f 2752 2514 2518
f 2752 2748 2514
f 2757 2518 2523
f 2757 2752 2518
f 2760 2523 2526
f 2760 2757 2523
f 2764 2526 2530
f 2764 2760 2526
f 2507 2506 2740
f 2507 2740 2741
f 2525 2741 2759
f 2525 2507 2741
f 2522 2759 2756
f 2522 2525 2759
f 2517 2756 2751
f 2517 2522 2756
f 2511 2751 2746
f 2511 2517 2751
f 2512 2745 2749
f 2512 2746 2745
f 2512 2511 2746
f 2515 2512 2749
f 2519 2749 2754
f 2519 2515 2749
f 2520 2754 2753
f 2520 2519 2754
f 2527 2753 2761
f 2527 2520 2753
f 2531 2761 2765
f 2531 2527 2761
f 2505 2739 2740
f 2505 2740 2506
f 2736 2739 2505
f 2736 2505 2502
f 2732 2502 2498
f 2732 2736 2502
f 2729 2498 2495
f 2729 2732 2498
f 2724 2495 2490
f 2724 2729 2495
f 2718 2490 2484
f 2718 2724 2490
f 2721 2487 2488
f 2721 2484 2487
f 2721 2718 2484
f 2722 2721 2488
f 2726 2488 2492
f 2726 2722 2488
f 2731 2492 2497
f 2731 2726 2492
f 2734 2497 2500
f 2734 2731 2497
f 2737 2500 2503
f 2737 2734 2500
f 2481 2480 2714
f 2481 2714 2715
f 2499 2715 2733
f 2499 2481 2715
f 2496 2733 2730
f 2496 2499 2733
f 2491 2730 2725
f 2491 2496 2730
f 2485 2725 2720
f 2485 2491 2725
f 2486 2719 2723
f 2486 2720 2719
f 2486 2485 2720
f 2489 2486 2723
f 2493 2723 2728
f 2493 2489 2723
f 2494 2728 2727
f 2494 2493 2728
f 2501 2727 2735
f 2501 2494 2727
f 2504 2735 2738
f 2504 2501 2735
f 2477 2711 2714
f 2477 2714 2480
f 2708 2711 2477
f 2708 2477 2474
f 2706 2474 2472
f 2706 2708 2474
f 2703 2472 2469
f 2703 2706 2472
f 2698 2469 2464
f 2698 2703 2469
f 2692 2464 2458
f 2692 2698 2464
f 2693 2460 2462
f 2693 2458 2460
f 2693 2692 2458
f 2696 2693 2462
f 2700 2462 2466
f 2700 2696 2462
f 2705 2466 2471
f 2705 2700 2466
f 2709 2471 2475
f 2709 2705 2471
f 2712 2475 2478
f 2712 2709 2475
f 2457 2456 2689
f 2457 2689 2690
f 2473 2690 2707
f 2473 2457 2690
f 2470 2707 2704
f 2470 2473 2707
f 2465 2704 2699
f 2465 2470 2704
f 2461 2699 2695
f 2461 2465 2699
f 2459 2694 2697
f 2459 2695 2694
f 2459 2461 2695
f 2463 2459 2697
f 2467 2697 2702
f 2467 2463 2697
f 2468 2702 2701
f 2468 2467 2702
f 2476 2701 2710
f 2476 2468 2701
f 2479 2710 2713
f 2479 2476 2710
f 2453 2686 2689
f 2453 2689 2456
f 2685 2686 2453
f 2685 2453 2452
f 2681 2452 2448
f 2681 2685 2452
f 2675 2448 2442
f 2675 2681 2448
f 2674 2442 2441
f 2674 2675 2442
f 2667 2441 2434
f 2667 2674 2441
f 2668 2436 2439
f 2668 2434 2436
f 2668 2667 2434
f 2672 2668 2439
f 2677 2439 2444
f 2677 2672 2439
f 2679 2444 2446
f 2679 2677 2444
f 2683 2446 2450
f 2683 2679 2446
f 2687 2450 2454
f 2687 2683 2450
f 2432 2431 2664
f 2432 2664 2665
f 2449 2665 2682
f 2449 2432 2665
f 2443 2682 2676
f 2443 2449 2682
f 2438 2676 2671
f 2438 2443 2676
f 2437 2671 2670
f 2437 2438 2671
f 2435 2669 2673
f 2435 2670 2669
f 2435 2437 2670
f 2440 2435 2673
f 2445 2673 2678
f 2445 2440 2673
f 2447 2678 2680
f 2447 2445 2678
f 2451 2680 2684
f 2451 2447 2680
f 2455 2684 2688
f 2455 2451 2684
f 2428 2661 2664
f 2428 2664 2431
f 2660 2661 2428
f 2660 2428 2427
f 2656 2427 2423
f 2656 2660 2427
f 2652 2423 2419
f 2652 2656 2423
f 2648 2419 2415
f 2648 2652 2419
f 2642 2415 2409
f 2642 2648 2415
f 2645 2412 2413
f 2645 2409 2412
f 2645 2642 2409
f 2646 2645 2413
f 2650 2413 2417
f 2650 2646 2413
f 2654 2417 2421
f 2654 2650 2417
f 2658 2421 2425
f 2658 2654 2421
f 2662 2425 2429
f 2662 2658 2425
f 2408 2407 2640
f 2408 2640 2641
f 2424 2641 2657
f 2424 2408 2641
f 2420 2657 2653
f 2420 2424 2657
f 2416 2653 2649
f 2416 2420 2653
f 2410 2649 2644
f 2410 2416 2649
f 2411 2643 2647
f 2411 2644 2643
f 2411 2410 2644
f 2414 2411 2647
f 2418 2647 2651
f 2418 2414 2647
f 2422 2651 2655
f 2422 2418 2651
f 2426 2655 2659
f 2426 2422 2655
f 2430 2659 2663
f 2430 2426 2659
f 2406 2639 2640
f 2406 2640 2407
f 2638 2639 2406
f 2638 2406 2405
f 2636 2405 2403
f 2636 2638 2405
f 2634 2403 2401
f 2634 2636 2403
f 2632 2401 2399
f 2632 2634 2401
f 2629 2399 2396
f 2629 2632 2399
f 2630 2397 2398
f 2630 2396 2397
f 2630 2629 2396
f 2631 2630 2398
f 2633 2398 2400
f 2633 2631 2398
f 2635 2400 2402
f 2635 2633 2400
f 2637 2402 2404
f 2637 2635 2402
f 2666 2404 2433
f 2666 2637 2404
f 3309 3224 3310
f 3309 3223 3224
f 3311 3222 3223
f 3311 3223 3309
f 3312 3221 3222
f 3312 3222 3311
f 3220 3221 3312
f 3313 3220 3312
f 3314 3219 3220
f 3314 3220 3313
f 3315 3218 3219
f 3315 3219 3314
f 3316 3217 3218
f 3316 3218 3315
f 3317 3216 3217
f 3317 3217 3316
f 3318 3215 3216
f 3318 3216 3317
f 3319 3214 3215
f 3319 3215 3318
f 3320 3213 3214
f 3320 3214 3319
f 3224 3225 3321
f 3310 3224 3321
f 3322 3226 3323
f 3322 3227 3226
f 3324 3228 3227
f 3324 3227 3322
f 3325 3229 3228
f 3325 3228 3324
f 3326 3230 3229
f 3326 3229 3325
f 3327 3231 3230
f 3327 3230 3326
f 3328 3232 3231
f 3328 3231 3327
f 3233 3232 3328
f 3329 3233 3328
f 3330 3234 3233
f 3330 3233 3329
f 3331 3235 3234
f 3331 3234 3330
f 3332 3236 3235
f 3332 3235 3331
f 3321 3225 3236
f 3321 3236 3332
f 3323 3237 3333
f 3323 3226 3237
f 3334 3248 3335
f 3334 3247 3248
f 3336 3246 3247
f 3336 3247 3334
f 3337 3245 3246
f 3337 3246 3336
f 3244 3245 3337
f 3338 3244 3337
f 3243 3244 3338
f 3339 3243 3338
f 3340 3242 3243
f 3340 3243 3339
f 3341 3241 3242
f 3341 3242 3340
f 3342 3240 3241
f 3342 3241 3341
f 3343 3239 3240
f 3343 3240 3342
f 3344 3238 3239
f 3344 3239 3343
f 3333 3237 3238
f 3333 3238 3344
f 3248 3249 3345
f 3335 3248 3345
f 3346 3250 3347
f 3346 3251 3250
f 3348 3252 3251
f 3348 3251 3346
f 3349 3253 3252
f 3349 3252 3348
f 3350 3254 3253
f 3350 3253 3349
f 3351 3255 3254
f 3351 3254 3350
f 3352 3256 3255
f 3352 3255 3351
f 3353 3257 3256
f 3353 3256 3352
f 3354 3258 3257
f 3354 3257 3353
f 3355 3259 3258
f 3355 3258 3354
f 3356 3260 3259
f 3356 3259 3355
f 3345 3249 3260
f 3345 3260 3356
f 3347 3213 3320
f 3347 3250 3213
f 3357 3272 3358
f 3357 3271 3272
f 3359 3270 3271
f 3359 3271 3357
f 3360 3269 3270
f 3360 3270 3359
f 3361 3268 3269
f 3361 3269 3360
f 3362 3267 3268
f 3362 3268 3361
f 3363 3266 3267
f 3363 3267 3362
f 3364 3265 3266
f 3364 3266 3363
f 3365 3264 3265
f 3365 3265 3364
f 3366 3263 3264
f 3366 3264 3365
f 3367 3262 3263
f 3367 3263 3366
f 3368 3261 3262
f 3368 3262 3367
f 3272 3273 3369
f 3358 3272 3369
f 3370 3274 3371
f 3370 3275 3274
f 3372 3276 3275
f 3372 3275 3370
f 3373 3277 3276
f 3373 3276 3372
f 3278 3277 3373
f 3374 3278 3373
f 3279 3278 3374
f 3375 3279 3374
f 3376 3280 3279
f 3376 3279 3375
f 3377 3281 3280
f 3377 3280 3376
f 3378 3282 3281
f 3378 3281 3377
f 3379 3283 3282
f 3379 3282 3378
f 3380 3284 3283
f 3380 3283 3379
f 3369 3273 3284
f 3369 3284 3380
f 3274 3285 3381
f 3371 3274 3381
f 3382 3296 3383
f 3382 3295 3296
f 3384 3294 3295
f 3384 3295 3382
f 3385 3293 3294
f 3385 3294 3384
f 3386 3292 3293
f 3386 3293 3385
f 3387 3291 3292
f 3387 3292 3386
f 3388 3290 3291
f 3388 3291 3387
f 3389 3289 3290
f 3389 3290 3388
f 3390 3288 3289
f 3390 3289 3389
f 3391 3287 3288
f 3391 3288 3390
f 3392 3286 3287
f 3392 3287 3391
f 3381 3285 3286
f 3381 3286 3392
f 3296 3297 3393
f 3383 3296 3393
f 3394 3298 3395
f 3394 3299 3298
f 3396 3300 3299
f 3396 3299 3394
f 3397 3301 3300
f 3397 3300 3396
f 3398 3302 3301
f 3398 3301 3397
f 3303 3302 3398
f 3399 3303 3398
f 3400 3304 3303
f 3400 3303 3399
f 3401 3305 3304
f 3401 3304 3400
f 3402 3306 3305
f 3402 3305 3401
f 3403 3307 3306
f 3403 3306 3402
f 3404 3308 3307
f 3404 3307 3403
f 3393 3297 3308
f 3393 3308 3404
f 3298 3261 3368
f 3395 3298 3368
f 3312 3314 3313
f 3312 3315 3314
f 3318 3316 3315
f 3318 3317 3316
f 3310 3311 3309
f 3310 3312 3311
f 3310 3319 3318
f 3310 3320 3319
f 3310 3315 3312
f 3310 3318 3315
f 3349 3346 3347
f 3349 3348 3346
f 3350 3349 3347
f 3351 3350 3347
f 3352 3351 3347
f 3354 3353 3352
f 3356 3355 3354
f 3356 3354 3352
f 3345 3347 3320
f 3345 3320 3310
f 3345 3352 3347
f 3345 3356 3352
f 3329 3331 3330
f 3329 3332 3331
f 3328 3332 3329
f 3328 3321 3332
f 3325 3327 3326
f 3324 3327 3325
f 3322 3321 3328
f 3322 3327 3324
f 3322 3328 3327
f 3323 3321 3322
f 3335 3310 3321
f 3335 3321 3323
f 3335 3323 3333
f 3335 3345 3310
f 3334 3335 3333
f 3341 3343 3342
f 3341 3344 3343
f 3341 3333 3344
f 3338 3336 3334
f 3338 3334 3333
f 3338 3337 3336
f 3338 3333 3341
f 3340 3339 3338
f 3340 3338 3341
f 3360 3362 3361
f 3360 3363 3362
f 3366 3364 3363
f 3366 3365 3364
f 3358 3359 3357
f 3358 3360 3359
f 3358 3367 3366
f 3358 3368 3367
f 3358 3363 3360
f 3358 3366 3363
f 3397 3396 3394
f 3398 3397 3394
f 3400 3394 3395
f 3400 3399 3398
f 3400 3398 3394
f 3402 3401 3400
f 3403 3402 3400
f 3403 3400 3395
f 3404 3403 3395
f 3393 3395 3368
f 3393 3368 3358
f 3393 3404 3395
f 3377 3379 3378
f 3377 3380 3379
f 3374 3380 3377
f 3374 3376 3375
f 3374 3377 3376
f 3374 3369 3380
f 3370 3373 3372
f 3371 3369 3374
f 3371 3374 3373
f 3371 3373 3370
f 3383 3358 3369
f 3383 3371 3381
f 3383 3393 3358
f 3383 3369 3371
f 3384 3382 3383
f 3390 3392 3391
f 3385 3383 3381
f 3385 3384 3383
f 3389 3381 3392
f 3389 3392 3390
f 3389 3385 3381
f 3388 3386 3385
f 3388 3387 3386
f 3388 3385 3389
usemtl shell_bottom
f 3405 1348 3406
f 3407 3405 3406
f 3408 3406 1348
f 3409 3406 3408
f 3410 3406 3411
f 3410 3407 3406
f 3412 3411 1364
f 3410 3411 3412
f 3413 1364 3411
f 3414 3413 3411
f 3414 3415 3413
f 3414 3416 3415
f 3417 3418 3415
f 3417 3415 3416
f 3417 3419 3418
f 3417 3420 3419
f 3420 3421 3419
f 3420 3422 3421
f 3412 3405 3407
f 3412 3407 3410
f 1364 1348 3405
f 3412 1364 3405
f 3415 3419 3421
f 3415 3418 3419
f 1348 3421 3408
f 1364 3413 3415
f 1364 3421 1348
f 1364 3415 3421
f 3422 3408 3421
f 3422 3409 3408
f 3416 3422 3420
f 3416 3420 3417
f 3406 3409 3422
f 3411 3416 3414
f 3411 3406 3422
f 3411 3422 3416
usemtl frame
f 3423 3424 3425
f 3423 3426 3424
f 3427 3425 3428
f 3423 3425 3427
f 3429 3428 3425
f 3430 3428 3429
f 3431 3427 3432
f 3431 3423 3427
f 3433 3426 3423
f 3433 3423 3431
f 3426 3434 3435
f 3426 3435 3424
f 3436 3424 3435
f 3437 3436 3435
f 3433 3438 3434
f 3433 3434 3426
f 3436 3425 3424
f 3436 3429 3425
f 3439 3436 3437
f 3430 3429 3436
f 3430 3436 3439
f 3439 3440 3428
f 3439 3428 3430
f 3440 3427 3428
f 3440 3441 3427
f 3427 3442 3432
f 3441 3442 3427
f 3433 3442 3438
f 3432 3442 3433
f 3431 3432 3433
f 3437 3435 3440
f 3437 3440 3439
f 3441 3440 3435
f 3441 3435 3434
f 3438 3441 3434
f 3438 3442 3441
f 3443 3444 3445
f 3446 3443 3445
f 3447 3448 3449
f 3450 3447 3443
f 3450 3448 3447
f 3450 3443 3446
f 3451 3445 3452
f 3451 3446 3445
f 3450 3446 3451
f 3450 3451 3453
f 3453 3454 3448
f 3453 3448 3450
f 3454 3455 3456
f 3449 3454 3456
f 3448 3454 3449
f 3456 3457 3447
f 3456 3447 3449
f 3447 3458 3443
f 3457 3458 3447
f 3443 3459 3444
f 3458 3459 3443
f 3459 3460 3452
f 3444 3452 3445
f 3444 3459 3452
f 3461 3452 3460
f 3451 3452 3461
f 3462 3455 3454
f 3453 3461 3462
f 3453 3462 3454
f 3453 3451 3461
f 3462 3456 3455
f 3462 3457 3456
f 3457 3461 3458
f 3457 3462 3461
f 3461 3460 3459
f 3461 3459 3458
usemtl plate_pebbled
f 3463 3464 3465
f 3466 3463 3465
f 3467 3465 3468
f 3466 3465 3467
f 3469 3468 3465
f 3470 3468 3469
f 3471 3467 3472
f 3471 3466 3467
f 3473 3474 3475
f 3476 3473 3475
f 3477 3478 3479
f 3477 3473 3476
f 3480 3478 3477
f 3480 3477 3476
f 3466 3478 3480
f 3466 3471 3478
f 3481 3463 3466
f 3481 3466 3480
f 3482 3483 3464
f 3463 3482 3464
f 3484 3464 3483
f 3485 3484 3483
f 3486 3487 3482
f 3486 3482 3463
f 3488 3489 3490
f 3491 3489 3488
f 3492 3493 3494
f 3492 3491 3488
f 3481 3492 3494
f 3481 3491 3492
f 3463 3481 3494
f 3463 3494 3486
f 3469 3465 3464
f 3484 3469 3464
f 3481 3476 3491
f 3480 3476 3481
f 3470 3469 3484
f 3470 3484 3485
f 3439 3470 3485
f 3439 3440 3468
f 3439 3468 3470
f 3440 3441 3467
f 3440 3467 3468
f 3467 3442 3472
f 3441 3442 3467
f 3472 3442 3487
f 3486 3472 3487
f 3471 3472 3486
f 3471 3486 3494
f 3471 3494 3478
f 3479 3493 3456
f 3494 3493 3479
f 3478 3494 3479
f 3456 3457 3477
f 3456 3477 3479
f 3457 3458 3473
f 3457 3473 3477
f 3473 3459 3474
f 3458 3459 3473
f 3474 3489 3475
f 3474 3490 3489
f 3459 3490 3474
f 3491 3475 3489
f 3491 3476 3475
f 3439 3483 3440
f 3485 3483 3439
f 3441 3440 3483
f 3441 3483 3482
f 3442 3441 3482
f 3487 3442 3482
f 3492 3456 3493
f 3492 3457 3456
f 3457 3488 3458
f 3457 3492 3488
f 3488 3490 3459
f 3488 3459 3458
usemtl plate
f 3465 6 3495
f 3465 3464 6
f 3496 3465 3495
f 3469 3465 3496
f 3497 3498 3496
f 3497 3496 3495
f 3476 3475 3498
f 3476 3498 3497
f 3469 3464 3465
f 3484 3464 3469
f 3499 6 3464
f 3484 3499 3464
f 109 3499 3500
f 109 6 3499
f 3491 3500 3489
f 3491 109 3500
f 109 3495 6
f 109 3497 3495
f 3476 3497 109
f 3476 109 3491
f 3491 3489 3475
f 3491 3475 3476
f 3475 3500 3498
f 3475 3489 3500
f 3499 3496 3498
f 3499 3498 3500
f 3469 3496 3499
f 3469 3499 3484
usemtl slot
f 3501 275 279
f 3502 275 3501
f 3502 3501 3440
f 3441 3502 3440
f 3503 3458 3440
f 3503 3440 3501
f 3457 3502 3441
f 3457 3458 3503
f 3504 3502 3457
f 3504 3457 3503
f 3504 275 3502
f 276 275 3504
f 276 277 279
f 276 279 275
f 3503 3501 279
f 277 3503 279
f 3503 277 276
f 3504 3503 276
f 3505 3441 3506
f 3505 3457 3441
f 3457 3507 3458
f 3457 3505 3507
f 3507 3508 3440
f 3507 3440 3458
f 3441 3440 3508
f 3441 3508 3506
f 3505 3508 3507
f 3505 3506 3508
usemtl notch_liner
f 282 3509 3510
f 282 281 3509
f 3511 3512 3513
f 3511 3514 3512
f 3509 3512 3514
f 3515 3509 3514
f 3510 3515 3516
f 3510 3509 3515
f 3510 3511 3513
f 3510 3516 3511
f 278 281 282
f 278 280 281
f 3517 282 3510
f 3517 278 282
f 3513 274 3518
f 3513 271 274
f 3513 3517 3510
f 3513 3518 3517
f 3519 3509 281
f 3519 281 280
f 3512 3520 273
f 3512 273 272
f 3512 3509 3519
f 3512 3519 3520
f 3513 272 271
f 3513 3512 272
f 3521 3516 3499
f 3521 3499 3522
f 3511 3523 3524
f 3511 3524 3525
f 3511 3516 3521
f 3511 3521 3523
f 3525 3526 3514
f 3511 3525 3514
f 3527 3500 3515
f 3527 3528 3500
f 3514 3529 3530
f 3514 3526 3529
f 3514 3527 3515
f 3514 3530 3527
f 3499 3516 3515
f 3499 3515 3500
f 3522 3517 3521
f 278 3517 3522
f 3528 3527 3519
f 280 3528 3519
f 280 278 3522
f 280 3522 3528
f 274 272 273
f 271 272 274
f 3524 3518 274
f 3524 3523 3518
f 3529 3520 3530
f 273 3520 3529
f 273 3524 274
f 273 3529 3524
f 3518 3521 3517
f 3523 3521 3518
f 3530 3519 3527
f 3520 3519 3530
f 3524 3529 3526
f 3525 3524 3526
f 3522 3499 3500
f 3522 3500 3528
usemtl door
f 3531 3532 3533
f 3531 3534 3532
f 3535 3533 3536
f 3535 3531 3533
f 3537 3534 3531
f 3537 3531 3535
f 3537 3538 3532
f 3537 3532 3534
f 3538 3533 3532
f 3538 3536 3533
f 3535 3536 3538
f 3535 3538 3537
f 3536 3539 3540
f 3536 3540 3533
f 3539 3541 3540
f 3539 3542 3541
f 3543 3542 3539
f 3543 3539 3536
f 3536 3533 3544
f 3536 3544 3543
f 3544 3540 3541
f 3544 3533 3540
f 3542 3545 3546
f 3542 3546 3541
f 3543 3547 3545
f 3543 3545 3542
f 3544 3548 3547
f 3544 3547 3543
f 3541 3546 3548
f 3541 3548 3544
f 3547 3548 3546
f 3545 3547 3546
usemtl led
f 3549 3550 3551
f 3549 3551 3552
f 3553 3552 3554
f 3553 3549 3552
f 3555 3554 3556
f 3555 3553 3554
f 3557 3555 3556
f 3557 3556 3558
f 3559 3557 3558
f 3559 3558 3560
f 3561 3559 3560
f 3561 3560 3562
f 3563 3561 3562
f 3563 3562 3564
f 3565 3563 3564
f 3565 3564 3566
f 3567 3565 3566
f 3567 3566 3568
f 3569 3567 3568
f 3569 3568 3570
f 3571 3569 3570
f 3571 3570 3572
f 3573 3571 3572
f 3573 3572 3574
f 3575 3573 3574
f 3575 3574 3576
f 3577 3575 3576
f 3577 3576 3578
f 3579 3577 3578
f 3579 3578 3580
f 3581 3579 3580
f 3581 3580 3582
f 3583 3581 3582
f 3583 3582 3584
f 3585 3584 3586
f 3585 3583 3584
f 3587 3586 3588
f 3587 3585 3586
f 3589 3588 3590
f 3589 3587 3588
f 3591 3590 3592
f 3591 3589 3590
f 3593 3592 3594
f 3593 3594 3595
f 3593 3591 3592
f 3596 3595 3597
f 3596 3593 3595
f 3598 3596 3597
f 3599 3597 3600
f 3599 3600 3601
f 3599 3598 3597
f 3602 3599 3601
f 3603 3601 3604
f 3603 3602 3601
f 3605 3604 3606
f 3605 3603 3604
f 3607 3605 3606
f 3607 3606 3608
f 3609 3607 3608
f 3609 3608 3610
f 3611 3609 3610
f 3611 3610 3612
f 3613 3611 3612
f 3613 3612 3614
f 3613 3614 3615
f 3616 3613 3615
f 3617 3616 3615
f 3617 3615 3618
f 3619 3617 3618
f 3619 3618 3620
f 3621 3619 3620
f 3621 3620 3622
f 3621 3622 3623
f 3624 3621 3623
f 3624 3623 3625
f 3626 3624 3625
f 3627 3626 3625
f 3627 3625 3628
f 3627 3628 3629
f 3630 3627 3629
f 3631 3630 3629
f 3631 3629 3632
f 3550 3631 3632
f 3550 3632 3551
f 3633 3595 3594
f 3634 3595 3633
f 3634 3633 3594
f 3634 3594 3592
f 3635 3634 3592
f 3636 3635 3592
f 3637 3597 3595
f 3637 3600 3597
f 3638 3636 3592
f 3639 3595 3634
f 3639 3637 3595
f 3639 3634 3635
f 3640 3638 3592
f 3641 3635 3636
f 3641 3639 3635
f 3642 3601 3600
f 3643 3640 3592
f 3644 3636 3638
f 3644 3641 3636
f 3645 3642 3600
f 3645 3600 3637
f 3645 3601 3642
f 3645 3637 3639
f 3646 3643 3592
f 3647 3638 3640
f 3647 3644 3638
f 3648 3645 3639
f 3648 3639 3641
f 3649 3646 3592
f 3650 3647 3640
f 3650 3640 3643
f 3651 3648 3641
f 3651 3641 3644
f 3652 3649 3592
f 3653 3604 3601
f 3654 3650 3643
f 3654 3643 3646
f 3655 3644 3647
f 3655 3651 3644
f 3656 3652 3592
f 3657 3601 3645
f 3657 3653 3601
f 3657 3645 3648
f 3658 3654 3646
f 3658 3646 3649
f 3659 3655 3647
f 3659 3647 3650
f 3660 3656 3592
f 3661 3648 3651
f 3661 3657 3648
f 3662 3649 3652
f 3662 3658 3649
f 3663 3606 3604
f 3663 3608 3606
f 3664 3650 3654
f 3664 3659 3650
f 3665 3660 3592
f 3666 3651 3655
f 3666 3661 3651
f 3667 3652 3656
f 3667 3662 3652
f 3668 3604 3653
f 3668 3663 3604
f 3668 3653 3657
f 3668 3608 3663
f 3669 3654 3658
f 3669 3664 3654
f 3670 3592 3590
f 3670 3665 3592
f 3671 3655 3659
f 3671 3666 3655
f 3672 3667 3656
f 3672 3656 3660
f 3673 3657 3661
f 3673 3668 3657
f 3674 3669 3658
f 3674 3658 3662
f 3675 3590 3588
f 3675 3670 3590
f 3675 3588 3670
f 3676 3659 3664
f 3676 3671 3659
f 3677 3672 3660
f 3677 3660 3665
f 3678 3673 3661
f 3678 3661 3666
f 3679 3674 3662
f 3679 3662 3667
f 3680 3610 3608
f 3680 3608 3668
f 3681 3676 3664
f 3681 3664 3669
f 3682 3677 3665
f 3682 3670 3588
f 3682 3665 3670
f 3683 3678 3666
f 3683 3666 3671
f 3684 3679 3667
f 3684 3667 3672
f 3685 3680 3668
f 3685 3610 3680
f 3685 3668 3673
f 3686 3669 3674
f 3686 3681 3669
f 3687 3586 3584
f 3687 3588 3586
f 3687 3682 3588
f 3688 3683 3671
f 3688 3671 3676
f 3689 3684 3672
f 3689 3672 3677
f 3690 3685 3673
f 3690 3673 3678
f 3691 3674 3679
f 3691 3686 3674
f 3692 3612 3610
f 3693 3688 3676
f 3693 3676 3681
f 3694 3689 3677
f 3694 3677 3682
f 3695 3678 3683
f 3695 3690 3678
f 3696 3691 3679
f 3696 3679 3684
f 3697 3612 3692
f 3697 3692 3610
f 3697 3610 3685
f 3698 3681 3686
f 3698 3693 3681
f 3699 3687 3584
f 3699 3682 3687
f 3699 3694 3682
f 3700 3695 3683
f 3700 3683 3688
f 3701 3684 3689
f 3701 3696 3684
f 3702 3685 3690
f 3702 3697 3685
f 3703 3698 3686
f 3703 3686 3691
f 3704 3584 3582
f 3704 3582 3699
f 3704 3699 3584
f 3705 3688 3693
f 3705 3700 3688
f 3706 3701 3689
f 3706 3689 3694
f 3707 3690 3695
f 3707 3702 3690
f 3708 3703 3691
f 3708 3691 3696
f 3709 3614 3612
f 3709 3615 3614
f 3709 3612 3697
f 3710 3705 3693
f 3710 3693 3698
f 3711 3706 3694
f 3711 3699 3582
f 3711 3694 3699
f 3712 3695 3700
f 3712 3707 3695
f 3713 3708 3696
f 3713 3696 3701
f 3714 3615 3709
f 3714 3709 3697
f 3714 3697 3702
f 3715 3710 3698
f 3715 3698 3703
f 3716 3582 3580
f 3716 3711 3582
f 3717 3700 3705
f 3717 3712 3700
f 3718 3713 3701
f 3718 3701 3706
f 3719 3702 3707
f 3719 3714 3702
f 3720 3703 3708
f 3720 3715 3703
f 3721 3705 3710
f 3721 3717 3705
f 3722 3618 3615
f 3723 3718 3706
f 3723 3706 3711
f 3724 3719 3707
f 3724 3707 3712
f 3725 3720 3708
f 3725 3708 3713
f 3726 3615 3714
f 3726 3722 3615
f 3726 3618 3722
f 3727 3721 3710
f 3727 3710 3715
f 3728 3716 3580
f 3728 3711 3716
f 3728 3723 3711
f 3729 3712 3717
f 3729 3724 3712
f 3730 3725 3713
f 3730 3713 3718
f 3731 3726 3714
f 3731 3714 3719
f 3732 3715 3720
f 3732 3727 3715
f 3733 3578 3576
f 3733 3580 3578
f 3733 3576 3728
f 3733 3728 3580
f 3734 3717 3721
f 3734 3729 3717
f 3735 3718 3723
f 3735 3730 3718
f 3736 3719 3724
f 3736 3731 3719
f 3737 3720 3725
f 3737 3732 3720
f 3738 3620 3618
f 3738 3622 3620
f 3738 3618 3726
f 3739 3734 3721
f 3739 3721 3727
f 3740 3723 3728
f 3740 3735 3723
f 3741 3724 3729
f 3741 3736 3724
f 3742 3725 3730
f 3742 3737 3725
f 3743 3726 3731
f 3743 3738 3726
f 3744 3727 3732
f 3744 3739 3727
f 3745 3740 3728
f 3745 3576 3574
f 3745 3728 3576
f 3745 3574 3740
f 3746 3741 3729
f 3746 3729 3734
f 3747 3742 3730
f 3747 3730 3735
f 3748 3731 3736
f 3748 3743 3731
f 3749 3732 3737
f 3749 3744 3732
f 3750 3623 3622
f 3751 3734 3739
f 3751 3746 3734
f 3752 3735 3740
f 3752 3747 3735
f 3753 3736 3741
f 3753 3748 3736
f 3754 3737 3742
f 3754 3749 3737
f 3755 3738 3743
f 3755 3750 3622
f 3755 3623 3750
f 3755 3622 3738
f 3756 3751 3739
f 3756 3739 3744
f 3757 3752 3740
f 3757 3740 3574
f 3758 3753 3741
f 3758 3741 3746
f 3759 3754 3742
f 3759 3742 3747
f 3760 3743 3748
f 3760 3755 3743
f 3761 3744 3749
f 3761 3756 3744
f 3762 3574 3572
f 3762 3572 3757
f 3762 3757 3574
f 3763 3746 3751
f 3763 3758 3746
f 3764 3747 3752
f 3764 3759 3747
f 3765 3760 3748
f 3765 3748 3753
f 3766 3761 3749
f 3766 3749 3754
f 3767 3751 3756
f 3767 3763 3751
f 3768 3625 3623
f 3768 3628 3625
f 3769 3752 3757
f 3769 3764 3752
f 3770 3753 3758
f 3770 3765 3753
f 3771 3754 3759
f 3771 3766 3754
f 3772 3768 3623
f 3772 3623 3755
f 3772 3755 3760
f 3773 3767 3756
f 3773 3756 3761
f 3774 3570 3568
f 3774 3572 3570
f 3774 3757 3572
f 3774 3568 3769
f 3774 3769 3757
f 3775 3758 3763
f 3775 3770 3758
f 3776 3771 3759
f 3776 3759 3764
f 3777 3773 3761
f 3777 3761 3766
f 3778 3772 3760
f 3778 3760 3765
f 3779 3775 3763
f 3779 3763 3767
f 3780 3629 3628
f 3781 3776 3764
f 3781 3764 3769
f 3782 3765 3770
f 3782 3778 3765
f 3783 3777 3766
f 3783 3766 3771
f 3784 3779 3767
f 3784 3767 3773
f 3785 3780 3628
f 3785 3628 3768
f 3785 3768 3772
f 3785 3629 3780
f 3786 3781 3769
f 3786 3769 3568
f 3787 3782 3770
f 3787 3770 3775
f 3788 3783 3771
f 3788 3771 3776
f 3789 3784 3773
f 3789 3773 3777
f 3790 3785 3772
f 3790 3772 3778
f 3791 3568 3566
f 3791 3566 3786
f 3791 3786 3568
f 3792 3775 3779
f 3792 3787 3775
f 3793 3776 3781
f 3793 3788 3776
f 3794 3789 3777
f 3794 3777 3783
f 3795 3790 3778
f 3795 3778 3782
f 3796 3632 3629
f 3797 3779 3784
f 3797 3792 3779
f 3798 3781 3786
f 3798 3793 3781
f 3799 3783 3788
f 3799 3794 3783
f 3800 3782 3787
f 3800 3795 3782
f 3801 3629 3785
f 3801 3551 3632
f 3801 3785 3790
f 3801 3796 3629
f 3801 3632 3796
f 3802 3784 3789
f 3802 3797 3784
f 3803 3564 3562
f 3803 3566 3564
f 3803 3786 3566
f 3803 3798 3786
f 3804 3788 3793
f 3804 3799 3788
f 3805 3787 3792
f 3805 3800 3787
f 3806 3790 3795
f 3806 3801 3790
f 3806 3551 3801
f 3807 3802 3789
f 3807 3789 3794
f 3808 3804 3793
f 3808 3793 3798
f 3809 3792 3797
f 3809 3805 3792
f 3810 3795 3800
f 3810 3806 3795
f 3810 3551 3806
f 3811 3807 3794
f 3811 3794 3799
f 3812 3808 3798
f 3812 3803 3562
f 3812 3798 3803
f 3813 3797 3802
f 3813 3809 3797
f 3814 3810 3800
f 3814 3551 3810
f 3814 3800 3805
f 3815 3811 3799
f 3815 3799 3804
f 3816 3812 3562
f 3816 3562 3560
f 3816 3560 3812
f 3817 3813 3802
f 3817 3802 3807
f 3818 3551 3814
f 3818 3814 3805
f 3818 3805 3809
f 3819 3815 3804
f 3819 3804 3808
f 3820 3817 3807
f 3820 3807 3811
f 3821 3551 3818
f 3821 3818 3809
f 3821 3809 3813
f 3822 3819 3808
f 3822 3808 3812
f 3822 3812 3560
f 3823 3820 3811
f 3823 3811 3815
f 3824 3813 3817
f 3824 3821 3813
f 3824 3551 3821
f 3825 3558 3556
f 3825 3560 3558
f 3825 3822 3560
f 3826 3823 3815
f 3826 3815 3819
f 3827 3817 3820
f 3827 3824 3817
f 3827 3551 3824
f 3828 3819 3822
f 3828 3826 3819
f 3829 3827 3820
f 3829 3820 3823
f 3829 3551 3827
f 3830 3825 3556
f 3830 3822 3825
f 3830 3828 3822
f 3831 3551 3829
f 3831 3829 3823
f 3831 3823 3826
f 3832 3556 3554
f 3832 3830 3556
f 3832 3554 3830
f 3833 3551 3831
f 3833 3826 3828
f 3833 3831 3826
f 3834 3552 3551
f 3834 3830 3554
f 3834 3551 3833
f 3834 3828 3830
f 3834 3833 3828
f 3835 3554 3552
f 3835 3552 3834
f 3835 3834 3554
f 3836 3602 3603
f 3836 3837 3602
f 3838 3599 3602
f 3838 3602 3837
f 3839 3603 3605
f 3839 3836 3603
f 3840 3599 3838
f 3840 3598 3599
f 3841 3839 3605
f 3841 3605 3607
f 3842 3598 3840
f 3842 3596 3598
f 3843 3841 3607
f 3843 3607 3609
f 3844 3596 3842
f 3844 3593 3596
f 3845 3843 3609
f 3845 3609 3611
f 3846 3593 3844
f 3846 3591 3593
f 3847 3845 3611
f 3847 3611 3613
f 3589 3591 3846
f 3848 3589 3846
f 3849 3613 3616
f 3849 3847 3613
f 3850 3587 3589
f 3850 3589 3848
f 3851 3616 3617
f 3851 3849 3616
f 3852 3585 3587
f 3852 3587 3850
f 3853 3617 3619
f 3853 3851 3617
f 3854 3583 3585
f 3854 3585 3852
f 3855 3853 3619
f 3855 3619 3621
f 3856 3581 3583
f 3856 3583 3854
f 3857 3855 3621
f 3624 3857 3621
f 3579 3856 3858
f 3579 3581 3856
f 3859 3857 3624
f 3626 3859 3624
f 3577 3858 3860
f 3577 3579 3858
f 3627 3859 3626
f 3627 3861 3859
f 3575 3860 3862
f 3575 3577 3860
f 3630 3861 3627
f 3630 3863 3861
f 3864 3575 3862
f 3573 3575 3864
f 3865 3863 3630
f 3631 3865 3630
f 3571 3573 3864
f 3571 3864 3866
f 3550 3865 3631
f 3550 3867 3865
f 3569 3571 3866
f 3569 3866 3868
f 3549 3867 3550
f 3549 3869 3867
f 3870 3569 3868
f 3567 3569 3870
f 3553 3869 3549
f 3553 3871 3869
f 3565 3567 3870
f 3565 3870 3872
f 3873 3565 3872
f 3555 3871 3553
f 3555 3874 3871
f 3563 3565 3873
f 3563 3873 3875
f 3557 3874 3555
f 3557 3876 3874
f 3561 3563 3875
f 3559 3877 3876
f 3559 3875 3877
f 3559 3876 3557
f 3559 3561 3875
f 3878 3852 3850
f 3879 3850 3848
f 3879 3878 3850
f 3880 3852 3878
f 3880 3856 3854
f 3880 3854 3852
f 3881 3879 3848
f 3882 3878 3879
f 3882 3880 3878
f 3883 3858 3856
f 3883 3856 3880
f 3884 3881 3848
f 3884 3848 3846
f 3885 3879 3881
f 3885 3882 3879
f 3886 3883 3880
f 3886 3880 3882
f 3887 3884 3846
f 3888 3862 3860
f 3888 3860 3858
f 3888 3858 3883
f 3889 3881 3884
f 3889 3885 3881
f 3890 3882 3885
f 3890 3886 3882
f 3891 3846 3844
f 3891 3887 3846
f 3892 3888 3883
f 3892 3883 3886
f 3893 3889 3884
f 3893 3884 3887
f 3894 3864 3862
f 3895 3890 3885
f 3895 3885 3889
f 3896 3891 3844
f 3897 3892 3886
f 3897 3886 3890
f 3898 3893 3887
f 3898 3887 3891
f 3899 3894 3862
f 3899 3864 3894
f 3899 3862 3888
f 3899 3888 3892
f 3900 3895 3889
f 3900 3889 3893
f 3901 3844 3842
f 3901 3896 3844
f 3902 3897 3890
f 3902 3890 3895
f 3903 3898 3891
f 3903 3891 3896
f 3904 3892 3897
f 3904 3899 3892
f 3905 3893 3898
f 3905 3900 3893
f 3906 3866 3864
f 3906 3864 3899
f 3907 3842 3840
f 3907 3901 3842
f 3908 3895 3900
f 3908 3902 3895
f 3909 3896 3901
f 3909 3903 3896
f 3910 3904 3897
f 3910 3897 3902
f 3911 3905 3898
f 3911 3898 3903
f 3912 3899 3904
f 3912 3906 3899
f 3913 3908 3900
f 3913 3900 3905
f 3914 3870 3868
f 3914 3868 3866
f 3914 3866 3906
f 3915 3909 3901
f 3915 3901 3907
f 3916 3902 3908
f 3916 3910 3902
f 3917 3903 3909
f 3917 3911 3903
f 3918 3912 3904
f 3918 3904 3910
f 3919 3905 3911
f 3919 3913 3905
f 3920 3870 3914
f 3920 3906 3912
f 3920 3914 3906
f 3921 3840 3838
f 3921 3838 3837
f 3921 3907 3840
f 3921 3915 3907
f 3922 3908 3913
f 3922 3916 3908
f 3923 3909 3915
f 3923 3917 3909
f 3924 3918 3910
f 3924 3910 3916
f 3925 3919 3911
f 3925 3911 3917
f 3926 3912 3918
f 3926 3920 3912
f 3927 3922 3913
f 3927 3913 3919
f 3928 3872 3870
f 3928 3870 3920
f 3929 3915 3921
f 3929 3923 3915
f 3930 3924 3916
f 3930 3916 3922
f 3931 3925 3917
f 3931 3917 3923
f 3932 3926 3918
f 3932 3918 3924
f 3933 3927 3919
f 3933 3919 3925
f 3934 3920 3926
f 3934 3928 3920
f 3935 3837 3836
f 3935 3921 3837
f 3935 3929 3921
f 3936 3930 3922
f 3936 3922 3927
f 3937 3875 3873
f 3937 3873 3872
f 3938 3923 3929
f 3938 3931 3923
f 3939 3932 3924
f 3939 3924 3930
f 3940 3933 3925
f 3940 3925 3931
f 3941 3934 3926
f 3941 3926 3932
f 3942 3927 3933
f 3942 3936 3927
f 3943 3875 3937
f 3943 3928 3934
f 3943 3872 3928
f 3943 3937 3872
f 3944 3929 3935
f 3944 3938 3929
f 3945 3939 3930
f 3945 3930 3936
f 3946 3931 3938
f 3946 3940 3931
f 3947 3932 3939
f 3947 3941 3932
f 3948 3933 3940
f 3948 3942 3933
f 3949 3943 3934
f 3949 3934 3941
f 3950 3836 3839
f 3950 3839 3841
f 3950 3935 3836
f 3950 3944 3935
f 3951 3936 3942
f 3951 3945 3936
f 3952 3877 3875
f 3952 3875 3943
f 3953 3938 3944
f 3953 3946 3938
f 3954 3947 3939
f 3954 3939 3945
f 3955 3948 3940
f 3955 3940 3946
f 3956 3941 3947
f 3956 3949 3941
f 3957 3942 3948
f 3957 3951 3942
f 3958 3952 3943
f 3958 3943 3949
f 3958 3877 3952
f 3959 3953 3944
f 3959 3950 3841
f 3959 3944 3950
f 3960 3945 3951
f 3960 3954 3945
f 3961 3955 3946
f 3961 3946 3953
f 3962 3956 3947
f 3962 3947 3954
f 3963 3948 3955
f 3963 3957 3948
f 3964 3958 3949
f 3964 3949 3956
f 3965 3843 3959
f 3965 3959 3841
f 3965 3841 3843
f 3966 3951 3957
f 3966 3960 3951
f 3967 3874 3876
f 3967 3876 3877
f 3967 3877 3958
f 3968 3961 3953
f 3968 3953 3959
f 3969 3962 3954
f 3969 3954 3960
f 3970 3955 3961
f 3970 3963 3955
f 3971 3964 3956
f 3971 3956 3962
f 3972 3966 3957
f 3972 3957 3963
f 3973 3958 3964
f 3973 3967 3958
f 3973 3874 3967
f 3974 3959 3843
f 3974 3968 3959
f 3974 3843 3845
f 3975 3960 3966
f 3975 3969 3960
f 3976 3970 3961
f 3976 3961 3968
f 3977 3971 3962
f 3977 3962 3969
f 3978 3963 3970
f 3978 3972 3963
f 3979 3973 3964
f 3979 3964 3971
f 3980 3975 3966
f 3980 3966 3972
f 3981 3968 3974
f 3981 3976 3968
f 3982 3969 3975
f 3982 3977 3969
f 3983 3970 3976
f 3983 3978 3970
f 3984 3971 3977
f 3984 3979 3971
f 3985 3972 3978
f 3985 3980 3972
f 3986 3871 3874
f 3986 3874 3973
f 3986 3973 3979
f 3987 3845 3847
f 3987 3847 3849
f 3987 3974 3845
f 3987 3849 3981
f 3987 3981 3974
f 3988 3975 3980
f 3988 3982 3975
f 3989 3983 3976
f 3989 3976 3981
f 3990 3977 3982
f 3990 3984 3977
f 3991 3978 3983
f 3991 3985 3978
f 3992 3869 3871
f 3992 3986 3979
f 3992 3871 3986
f 3992 3979 3984
f 3993 3980 3985
f 3993 3988 3980
f 3994 3989 3981
f 3994 3849 3851
f 3994 3981 3849
f 3995 3982 3988
f 3995 3990 3982
f 3996 3991 3983
f 3996 3983 3989
f 3997 3867 3869
f 3997 3984 3990
f 3997 3992 3984
f 3997 3869 3992
f 3998 3985 3991
f 3998 3993 3985
f 3999 3988 3993
f 3999 3995 3988
f 4000 3989 3994
f 4000 3996 3989
f 4000 3994 3851
f 4001 3867 3997
f 4001 3990 3995
f 4001 3997 3990
f 4002 3991 3996
f 4002 3998 3991
f 4003 3993 3998
f 4003 3999 3993
f 4004 3851 3853
f 4004 3853 3855
f 4004 4000 3851
f 4004 3855 4000
f 4005 3995 3999
f 4005 4001 3995
f 4005 3867 4001
f 4006 4002 3996
f 4006 3996 4000
f 4007 4003 3998
f 4007 3998 4002
f 4008 3999 4003
f 4008 4005 3999
f 4008 3865 3867
f 4008 3867 4005
f 4009 3855 3857
f 4009 4000 3855
f 4009 3857 4006
f 4009 4006 4000
f 4010 4002 4006
f 4010 4007 4002
f 4011 4003 4007
f 4011 3863 3865
f 4011 4008 4003
f 4011 3865 4008
f 4012 3857 3859
f 4012 3859 3861
f 4012 4006 3857
f 4012 3861 4010
f 4012 4010 4006
f 4013 3861 3863
f 4013 3863 4011
f 4013 4007 4010
f 4013 4011 4007
f 4013 4010 3861
usemtl foot16_18
f 4014 4015 4016
f 4014 4016 4017
f 4018 4017 4019
f 4018 4014 4017
f 4020 4019 4021
f 4020 4018 4019
f 4022 4020 4021
f 4022 4021 4023
f 4024 4022 4023
f 4024 4023 4025
f 4024 4025 4026
f 4027 4024 4026
f 4028 4027 4026
f 4028 4026 4029
f 4030 4028 4029
f 4030 4029 4031
f 4032 4030 4031
f 4032 4031 4033
f 4032 4033 4034
f 4035 4032 4034
f 4036 4035 4034
f 4036 4034 4037
f 4036 4037 4038
f 4039 4036 4038
f 4040 4039 4038
f 4040 4038 4041
f 4042 4040 4041
f 4042 4041 4043
f 4042 4043 4044
f 4045 4042 4044
f 4046 4045 4044
f 4046 4044 4047
f 4048 4047 4049
f 4048 4046 4047
f 4048 4049 4050
f 4051 4048 4050
f 4052 4051 4050
f 4052 4050 4053
f 4052 4053 4054
f 4055 4052 4054
f 4056 4054 4057
f 4056 4055 4054
f 4058 4057 4059
f 4058 4056 4057
f 4060 4059 4061
f 4060 4058 4059
f 4062 4061 4063
f 4062 4060 4061
f 4064 4063 4065
f 4064 4062 4063
f 4066 4065 4067
f 4066 4064 4065
f 4068 4067 4069
f 4068 4069 4070
f 4068 4066 4067
f 4071 4068 4070
f 4072 4071 4070
f 4072 4070 4073
f 4074 4072 4073
f 4074 4073 4075
f 4074 4075 4076
f 4077 4074 4076
f 4078 4077 4076
f 4078 4076 4079
f 4078 4079 4080
f 4081 4078 4080
f 4082 4081 4080
f 4082 4080 4083
f 4082 4083 4084
f 4085 4082 4084
f 4086 4085 4084
f 4086 4084 4087
f 4086 4087 4088
f 4089 4086 4088
f 4089 4088 4090
f 4091 4089 4090
f 4092 4091 4090
f 4092 4090 4093
f 4092 4093 4094
f 4095 4092 4094
f 4096 4095 4094
f 4096 4094 4097
f 4015 4096 4097
f 4015 4097 4016
f 4062 4064 4066
f 4077 4072 4074
f 4078 4072 4077
f 4081 4071 4072
f 4081 4072 4078
f 4052 4055 4056
f 4052 4056 4058
f 4052 4058 4060
f 4052 4060 4062
f 4052 4066 4068
f 4052 4062 4066
f 4082 4071 4081
f 4048 4051 4052
f 4048 4068 4071
f 4048 4052 4068
f 4086 4082 4085
f 4089 4071 4082
f 4089 4082 4086
f 4045 4046 4048
f 4095 4089 4091
f 4095 4091 4092
f 4039 4040 4042
f 4039 4042 4045
f 4039 4048 4071
f 4039 4045 4048
f 4015 4095 4096
f 4015 4089 4095
f 4022 4014 4018
f 4022 4018 4020
f 4027 4028 4030
f 4027 4030 4032
f 4027 4032 4035
f 4027 4035 4036
f 4027 4036 4039
f 4024 4015 4014
f 4024 4039 4071
f 4024 4027 4039
f 4024 4089 4015
f 4024 4014 4022
f 4024 4071 4089
f 4063 4067 4065
f 4076 4075 4073
f 4079 4076 4073
f 4080 4073 4070
f 4080 4079 4073
f 4053 4057 4054
f 4053 4059 4057
f 4053 4061 4059
f 4053 4063 4061
f 4053 4069 4067
f 4053 4067 4063
f 4083 4080 4070
f 4049 4053 4050
f 4049 4070 4069
f 4049 4069 4053
f 4087 4084 4083
f 4088 4083 4070
f 4088 4087 4083
f 4044 4049 4047
f 4094 4090 4088
f 4094 4093 4090
f 4038 4043 4041
f 4038 4044 4043
f 4038 4070 4049
f 4038 4049 4044
f 4016 4097 4094
f 4016 4094 4088
f 4023 4019 4017
f 4023 4021 4019
f 4026 4031 4029
f 4026 4033 4031
f 4026 4034 4033
f 4026 4037 4034
f 4026 4038 4037
f 4025 4017 4016
f 4025 4070 4038
f 4025 4038 4026
f 4025 4016 4088
f 4025 4023 4017
f 4025 4088 4070
usemtl foot16_199
f 4098 4099 4100
f 4098 4100 4101
f 4102 4101 4103
f 4102 4098 4101
f 4104 4103 4105
f 4104 4102 4103
f 4106 4104 4105
f 4106 4105 4107
f 4108 4106 4107
f 4108 4107 4109
f 4108 4109 4110
f 4111 4108 4110
f 4112 4111 4110
f 4112 4110 4113
f 4114 4112 4113
f 4114 4113 4115
f 4116 4114 4115
f 4116 4115 4117
f 4116 4117 4118
f 4119 4116 4118
f 4120 4119 4118
f 4120 4118 4121
f 4120 4121 4122
f 4123 4120 4122
f 4124 4123 4122
f 4124 4122 4125
f 4126 4124 4125
f 4126 4125 4127
f 4126 4127 4128
f 4129 4126 4128
f 4130 4129 4128
f 4130 4128 4131
f 4132 4131 4133
f 4132 4130 4131
f 4132 4133 4134
f 4135 4132 4134
f 4136 4135 4134
f 4136 4134 4137
f 4136 4137 4138
f 4139 4136 4138
f 4140 4138 4141
f 4140 4139 4138
f 4142 4141 4143
f 4142 4140 4141
f 4144 4143 4145
f 4144 4142 4143
f 4146 4145 4147
f 4146 4144 4145
f 4148 4147 4149
f 4148 4146 4147
f 4150 4149 4151
f 4150 4148 4149
f 4152 4151 4153
f 4152 4153 4154
f 4152 4150 4151
f 4155 4152 4154
f 4156 4155 4154
f 4156 4154 4157
f 4158 4156 4157
f 4158 4157 4159
f 4158 4159 4160
f 4161 4158 4160
f 4162 4161 4160
f 4162 4160 4163
f 4162 4163 4164
f 4165 4162 4164
f 4166 4165 4164
f 4166 4164 4167
f 4166 4167 4168
f 4169 4166 4168
f 4170 4169 4168
f 4170 4168 4171
f 4170 4171 4172
f 4173 4170 4172
f 4173 4172 4174
f 4175 4173 4174
f 4176 4175 4174
f 4176 4174 4177
f 4176 4177 4178
f 4179 4176 4178
f 4180 4179 4178
f 4180 4178 4181
f 4099 4180 4181
f 4099 4181 4100
f 4144 4146 4148
f 4144 4148 4150
f 4165 4156 4158
f 4165 4158 4161
f 4165 4161 4162
f 4135 4136 4139
f 4135 4139 4140
f 4170 4166 4169
f 4173 4152 4155
f 4173 4155 4156
f 4173 4165 4166
f 4173 4156 4165
f 4173 4166 4170
f 4129 4130 4132
f 4175 4150 4152
f 4175 4152 4173
f 4126 4129 4132
f 4124 4132 4135
f 4124 4126 4132
f 4180 4176 4179
f 4099 4176 4180
f 4119 4120 4123
f 4098 4175 4176
f 4098 4176 4099
f 4116 4119 4123
f 4104 4098 4102
f 4104 4142 4144
f 4104 4144 4150
f 4104 4150 4175
f 4104 4175 4098
f 4111 4112 4114
f 4111 4114 4116
f 4111 4123 4124
f 4111 4116 4123
f 4108 4142 4104
f 4108 4104 4106
f 4108 4111 4124
f 4108 4140 4142
f 4108 4135 4140
f 4108 4124 4135
f 4145 4149 4147
f 4145 4151 4149
f 4164 4159 4157
f 4164 4160 4159
f 4164 4163 4160
f 4134 4138 4137
f 4134 4141 4138
f 4171 4168 4167
f 4172 4154 4153
f 4172 4157 4154
f 4172 4167 4164
f 4172 4164 4157
f 4172 4171 4167
f 4128 4133 4131
f 4174 4153 4151
f 4174 4172 4153
f 4127 4133 4128
f 4125 4134 4133
f 4125 4133 4127
f 4181 4178 4177
f 4100 4181 4177
f 4118 4122 4121
f 4101 4177 4174
f 4101 4100 4177
f 4117 4122 4118
f 4105 4103 4101
f 4105 4145 4143
f 4105 4151 4145
f 4105 4174 4151
f 4105 4101 4174
f 4110 4115 4113
f 4110 4117 4115
f 4110 4125 4122
f 4110 4122 4117
f 4109 4105 4143
f 4109 4107 4105
f 4109 4125 4110
f 4109 4143 4141
f 4109 4141 4134
f 4109 4134 4125
usemtl foot137_18
f 4182 4183 4184
f 4182 4184 4185
f 4186 4185 4187
f 4186 4182 4185
f 4188 4187 4189
f 4188 4186 4187
f 4190 4188 4189
f 4190 4189 4191
f 4192 4190 4191
f 4192 4191 4193
f 4192 4193 4194
f 4195 4192 4194
f 4196 4195 4194
f 4196 4194 4197
f 4198 4196 4197
f 4198 4197 4199
f 4200 4198 4199
f 4200 4199 4201
f 4200 4201 4202
f 4203 4200 4202
f 4204 4203 4202
f 4204 4202 4205
f 4204 4205 4206
f 4207 4204 4206
f 4208 4207 4206
f 4208 4206 4209
f 4210 4208 4209
f 4210 4209 4211
f 4210 4211 4212
f 4213 4210 4212
f 4214 4213 4212
f 4214 4212 4215
f 4216 4215 4217
f 4216 4214 4215
f 4216 4217 4218
f 4219 4216 4218
f 4220 4219 4218
f 4220 4218 4221
f 4220 4221 4222
f 4223 4220 4222
f 4224 4222 4225
f 4224 4223 4222
f 4226 4225 4227
f 4226 4224 4225
f 4228 4227 4229
f 4228 4226 4227
f 4230 4229 4231
f 4230 4228 4229
f 4232 4231 4233
f 4232 4230 4231
f 4234 4233 4235
f 4234 4232 4233
f 4236 4235 4237
f 4236 4237 4238
f 4236 4234 4235
f 4239 4236 4238
f 4240 4239 4238
f 4240 4238 4241
f 4242 4240 4241
f 4242 4241 4243
f 4242 4243 4244
f 4245 4242 4244
f 4246 4245 4244
f 4246 4244 4247
f 4246 4247 4248
f 4249 4246 4248
f 4250 4249 4248
f 4250 4248 4251
f 4250 4251 4252
f 4253 4250 4252
f 4254 4253 4252
f 4254 4252 4255
f 4254 4255 4256
f 4257 4254 4256
f 4257 4256 4258
f 4259 4257 4258
f 4260 4259 4258
f 4260 4258 4261
f 4260 4261 4262
f 4263 4260 4262
f 4264 4263 4262
f 4264 4262 4265
f 4183 4264 4265
f 4183 4265 4184
f 4228 4230 4232
f 4228 4232 4234
f 4245 4240 4242
f 4224 4226 4228
f 4224 4234 4236
f 4224 4236 4239
f 4224 4228 4234
f 4249 4245 4246
f 4220 4223 4224
f 4250 4239 4240
f 4250 4240 4245
f 4250 4245 4249
f 4254 4250 4253
f 4257 4239 4250
f 4257 4250 4254
f 4210 4213 4214
f 4210 4214 4216
f 4210 4216 4219
f 4210 4219 4220
f 4260 4257 4259
f 4207 4208 4210
f 4264 4260 4263
f 4183 4260 4264
f 4183 4257 4260
f 4200 4207 4210
f 4200 4203 4204
f 4200 4204 4207
f 4200 4220 4224
f 4200 4224 4239
f 4200 4210 4220
f 4196 4198 4200
f 4190 4183 4182
f 4190 4182 4186
f 4190 4186 4188
f 4195 4196 4200
f 4192 4257 4183
f 4192 4200 4239
f 4192 4183 4190
f 4192 4195 4200
f 4192 4239 4257
f 4229 4233 4231
f 4229 4235 4233
f 4244 4243 4241
f 4225 4229 4227
f 4225 4237 4235
f 4225 4238 4237
f 4225 4235 4229
f 4248 4247 4244
f 4221 4225 4222
f 4251 4241 4238
f 4251 4244 4241
f 4251 4248 4244
f 4255 4252 4251
f 4256 4251 4238
f 4256 4255 4251
f 4211 4215 4212
f 4211 4217 4215
f 4211 4218 4217
f 4211 4221 4218
f 4261 4258 4256
f 4206 4211 4209
f 4265 4262 4261
f 4184 4265 4261
f 4184 4261 4256
f 4201 4211 4206
f 4201 4205 4202
f 4201 4206 4205
f 4201 4225 4221
f 4201 4238 4225
f 4201 4221 4211
f 4197 4201 4199
f 4191 4185 4184
f 4191 4187 4185
f 4191 4189 4187
f 4194 4201 4197
f 4193 4184 4256
f 4193 4238 4201
f 4193 4191 4184
f 4193 4201 4194
f 4193 4256 4238
usemtl foot137_199
f 4266 4267 4268
f 4266 4268 4269
f 4270 4269 4271
f 4270 4266 4269
f 4272 4271 4273
f 4272 4270 4271
f 4274 4272 4273
f 4274 4273 4275
f 4276 4274 4275
f 4276 4275 4277
f 4276 4277 4278
f 4279 4276 4278
f 4280 4279 4278
f 4280 4278 4281
f 4282 4280 4281
f 4282 4281 4283
f 4284 4282 4283
f 4284 4283 4285
f 4284 4285 4286
f 4287 4284 4286
f 4288 4287 4286
f 4288 4286 4289
f 4288 4289 4290
f 4291 4288 4290
f 4292 4291 4290
f 4292 4290 4293
f 4294 4292 4293
f 4294 4293 4295
f 4294 4295 4296
f 4297 4294 4296
f 4298 4297 4296
f 4298 4296 4299
f 4300 4299 4301
f 4300 4298 4299
f 4300 4301 4302
f 4303 4300 4302
f 4304 4303 4302
f 4304 4302 4305
f 4304 4305 4306
f 4307 4304 4306
f 4308 4306 4309
f 4308 4307 4306
f 4310 4309 4311
f 4310 4308 4309
f 4312 4311 4313
f 4312 4310 4311
f 4314 4313 4315
f 4314 4312 4313
f 4316 4315 4317
f 4316 4314 4315
f 4318 4317 4319
f 4318 4316 4317
f 4320 4319 4321
f 4320 4321 4322
f 4320 4318 4319
f 4323 4320 4322
f 4324 4323 4322
f 4324 4322 4325
f 4326 4324 4325
f 4326 4325 4327
f 4326 4327 4328
f 4329 4326 4328
f 4330 4329 4328
f 4330 4328 4331
f 4330 4331 4332
f 4333 4330 4332
f 4334 4333 4332
f 4334 4332 4335
f 4334 4335 4336
f 4337 4334 4336
f 4338 4337 4336
f 4338 4336 4339
f 4338 4339 4340
f 4341 4338 4340
f 4341 4340 4342
f 4343 4341 4342
f 4344 4343 4342
f 4344 4342 4345
f 4344 4345 4346
f 4347 4344 4346
f 4348 4347 4346
f 4348 4346 4349
f 4267 4348 4349
f 4267 4349 4268
f 4329 4323 4324
f 4329 4324 4326
f 4308 4310 4312
f 4308 4312 4314
f 4333 4329 4330
f 4303 4304 4307
f 4303 4307 4308
f 4341 4314 4316
f 4341 4316 4318
f 4341 4318 4320
f 4341 4320 4323
f 4341 4333 4334
f 4341 4334 4337
f 4341 4337 4338
f 4341 4329 4333
f 4341 4323 4329
f 4341 4308 4314
f 4297 4298 4300
f 4294 4297 4300
f 4292 4300 4303
f 4292 4294 4300
f 4348 4341 4343
f 4348 4343 4344
f 4348 4344 4347
f 4287 4288 4291
f 4284 4287 4291
f 4272 4341 4348
f 4272 4267 4266
f 4272 4266 4270
f 4272 4348 4267
f 4272 4303 4308
f 4272 4308 4341
f 4279 4280 4282
f 4279 4282 4284
f 4279 4291 4292
f 4279 4292 4303
f 4279 4284 4291
f 4276 4272 4274
f 4276 4303 4272
f 4276 4279 4303
f 4328 4325 4322
f 4328 4327 4325
f 4309 4313 4311
f 4309 4315 4313
f 4332 4331 4328
f 4302 4306 4305
f 4302 4309 4306
f 4340 4317 4315
f 4340 4319 4317
f 4340 4321 4319
f 4340 4322 4321
f 4340 4335 4332
f 4340 4336 4335
f 4340 4339 4336
f 4340 4332 4328
f 4340 4328 4322
f 4340 4315 4309
f 4296 4301 4299
f 4295 4301 4296
f 4293 4302 4301
f 4293 4301 4295
f 4349 4342 4340
f 4349 4345 4342
f 4349 4346 4345
f 4286 4290 4289
f 4285 4290 4286
f 4273 4349 4340
f 4273 4269 4268
f 4273 4271 4269
f 4273 4268 4349
f 4273 4309 4302
f 4273 4340 4309
f 4278 4283 4281
f 4278 4285 4283
f 4278 4293 4290
f 4278 4302 4293
f 4278 4290 4285
f 4277 4275 4273
f 4277 4273 4302
f 4277 4302 4278
