mtllib DiskII.mtl
v -0 -1.8 94.2
v -0 218.8 1.8
v -0 -1.8 1.8
v -0 218.8 94.2
v 0.0022 -1.8 1.7117
v 0.0022 218.8 1.7117
v 0.0087 218.8 1.6236
v 0.0087 -1.8 1.6236
v 0.0195 -1.8 1.5359
v 0.0195 218.8 1.5359
v 0.0346 218.8 1.4488
v 0.0346 -1.8 1.4488
v 0.0539 218.8 1.3626
v 0.0539 -1.8 1.3626
v 0.0775 -1.8 1.2775
v 0.0775 218.8 1.2775
v 0.1052 218.8 1.1936
v 0.1052 -1.8 1.1936
v 0.137 218.8 1.1112
v 0.137 -1.8 1.1112
v 0.1728 -1.8 1.0304
v 0.1728 218.8 1.0304
v 0.2125 218.8 0.9515
v 0.2125 -1.8 0.9515
v 0.2561 218.8 0.8746
v 0.2561 -1.8 0.8746
v 0.3034 218.8 0.8
v 0.3034 -1.8 0.8
v 0.3542 218.8 0.7277
v 0.3542 -1.8 0.7277
v 0.4086 -1.8 0.6581
v 0.4086 218.8 0.6581
v 0.4663 218.8 0.5912
v 0.4663 -1.8 0.5912
v 0.5272 -1.8 0.5272
v 0.5272 218.8 0.5272
v 0.5912 218.8 0.4663
v 0.5912 -1.8 0.4663
v 0.6581 -1.8 0.4086
v 0.6581 218.8 0.4086
v 0.7277 218.8 0.3542
v 0.7277 -1.8 0.3542
v 0.8 218.8 0.3034
v 0.8 -1.8 0.3034
v 0.8746 218.8 0.2561
v 0.8746 -1.8 0.2561
v 0.9515 218.8 0.2125
v 0.9515 -1.8 0.2125
v 1.0304 218.8 0.1728
v 1.0304 -1.8 0.1728
v 1.1112 -1.8 0.137
v 1.1112 218.8 0.137
v 1.1936 218.8 0.1052
v 1.1936 -1.8 0.1052
v 1.2775 218.8 0.0775
v 1.2775 -1.8 0.0775
v 1.3626 218.8 0.0539
v 1.3626 -1.8 0.0539
v 1.4488 -1.8 0.0346
v 1.4488 218.8 0.0346
v 1.5359 -1.8 0.0195
v 1.5359 218.8 0.0195
v 1.6236 218.8 0.0087
v 1.6236 -1.8 0.0087
v 1.7117 218.8 0.0022
v 1.7117 -1.8 0.0022
v 1.8 -1.8 -0
v 1.8 218.8 -0
v 1.2 -3 1.8
v 1.2 -3 94.2
v 1.1411 -2.9986 94.2
v 1.1411 -2.9986 1.8
v 1.0824 -2.9942 94.2
v 1.0824 -2.9942 1.8
v 1.0239 -2.987 94.2
v 1.0239 -2.987 1.8
v 0.9659 -2.9769 94.2
v 0.9659 -2.9769 1.8
v 0.9084 -2.964 94.2
v 0.9084 -2.964 1.8
v 0.8517 -2.9483 94.2
v 0.8517 -2.9483 1.8
v 0.7957 -2.9299 94.2
v 0.7957 -2.9299 1.8
v 0.7408 -2.9087 94.2
v 0.7408 -2.9087 1.8
v 0.6869 -2.8848 94.2
v 0.6869 -2.8848 1.8
v 0.6343 -2.8583 94.2
v 0.6343 -2.8583 1.8
v 0.5831 -2.8293 94.2
v 0.5831 -2.8293 1.8
v 0.5333 -2.7978 94.2
v 0.5333 -2.7978 1.8
v 0.4852 -2.7638 94.2
v 0.4852 -2.7638 1.8
v 0.4387 -2.7276 94.2
v 0.4387 -2.7276 1.8
v 0.3941 -2.6891 94.2
v 0.3941 -2.6891 1.8
v 0.3515 -2.6485 94.2
v 0.3515 -2.6485 1.8
v 0.3109 -2.6059 94.2
v 0.3109 -2.6059 1.8
v 0.2724 -2.5613 94.2
v 0.2724 -2.5613 1.8
v 0.2362 -2.5148 94.2
v 0.2362 -2.5148 1.8
v 0.2022 -2.4667 94.2
v 0.2022 -2.4667 1.8
v 0.1707 -2.4169 94.2
v 0.1707 -2.4169 1.8
v 0.1417 -2.3657 94.2
v 0.1417 -2.3657 1.8
v 0.1152 -2.3131 94.2
v 0.1152 -2.3131 1.8
v 0.0913 -2.2592 94.2
v 0.0913 -2.2592 1.8
v 0.0701 -2.2043 94.2
v 0.0701 -2.2043 1.8
v 0.0517 -2.1483 94.2
v 0.0517 -2.1483 1.8
v 0.036 -2.0916 94.2
v 0.036 -2.0916 1.8
v 0.0231 -2.0341 94.2
v 0.0231 -2.0341 1.8
v 0.013 -1.9761 94.2
v 0.013 -1.9761 1.8
v 0.0058 -1.9176 94.2
v 0.0058 -1.9176 1.8
v 0.0014 -1.8589 94.2
v 0.0014 -1.8589 1.8
v 1.2 220 1.8
v 1.1411 219.999 94.2
v 1.2 220 94.2
v 1.1411 219.999 1.8
v 1.0824 219.994 94.2
v 1.0824 219.994 1.8
v 1.0239 219.987 94.2
v 1.0239 219.987 1.8
v 0.9659 219.977 94.2
v 0.9659 219.977 1.8
v 0.9084 219.964 94.2
v 0.9084 219.964 1.8
v 0.8517 219.948 94.2
v 0.8517 219.948 1.8
v 0.7957 219.93 94.2
v 0.7957 219.93 1.8
v 0.7408 219.909 94.2
v 0.7408 219.909 1.8
v 0.6869 219.885 94.2
v 0.6869 219.885 1.8
v 0.6343 219.858 94.2
v 0.6343 219.858 1.8
v 0.5831 219.829 94.2
v 0.5831 219.829 1.8
v 0.5333 219.798 94.2
v 0.5333 219.798 1.8
v 0.4852 219.764 94.2
v 0.4852 219.764 1.8
v 0.4387 219.728 94.2
v 0.4387 219.728 1.8
v 0.3941 219.689 94.2
v 0.3941 219.689 1.8
v 0.3515 219.649 94.2
v 0.3515 219.649 1.8
v 0.3109 219.606 94.2
v 0.3109 219.606 1.8
v 0.2724 219.561 94.2
v 0.2724 219.561 1.8
v 0.2362 219.515 94.2
v 0.2362 219.515 1.8
v 0.2022 219.467 94.2
v 0.2022 219.467 1.8
v 0.1707 219.417 94.2
v 0.1707 219.417 1.8
v 0.1417 219.366 94.2
v 0.1417 219.366 1.8
v 0.1152 219.313 94.2
v 0.1152 219.313 1.8
v 0.0913 219.259 94.2
v 0.0913 219.259 1.8
v 0.0701 219.204 94.2
v 0.0701 219.204 1.8
v 0.0517 219.148 94.2
v 0.0517 219.148 1.8
v 0.036 219.092 94.2
v 0.036 219.092 1.8
v 0.0231 219.034 94.2
v 0.0231 219.034 1.8
v 0.013 218.976 94.2
v 0.013 218.976 1.8
v 0.0058 218.918 94.2
v 0.0058 218.918 1.8
v 0.0014 218.859 94.2
v 0.0014 218.859 1.8
v 0.0022 218.8 94.2883
v 0.0022 -1.8 94.2883
v 0.0087 -1.8 94.3764
v 0.0087 218.8 94.3764
v 0.0195 218.8 94.4641
v 0.0195 -1.8 94.4641
v 0.0346 218.8 94.5512
v 0.0346 -1.8 94.5512
v 0.0539 -1.8 94.6374
v 0.0539 218.8 94.6374
v 0.0775 -1.8 94.7225
v 0.0775 218.8 94.7225
v 0.1052 218.8 94.8064
v 0.1052 -1.8 94.8064
v 0.137 -1.8 94.8888
v 0.137 218.8 94.8888
v 0.1728 218.8 94.9696
v 0.1728 -1.8 94.9696
v 0.2125 218.8 95.0485
v 0.2125 -1.8 95.0485
v 0.2561 218.8 95.1254
v 0.2561 -1.8 95.1254
v 0.3034 218.8 95.2
v 0.3034 -1.8 95.2
v 0.3542 218.8 95.2723
v 0.3542 -1.8 95.2723
v 0.4086 218.8 95.3419
v 0.4086 -1.8 95.3419
v 0.4663 -1.8 95.4088
v 0.4663 218.8 95.4088
v 0.5272 218.8 95.4728
v 0.5272 -1.8 95.4728
v 0.5912 218.8 95.5337
v 0.5912 -1.8 95.5337
v 0.6581 218.8 95.5914
v 0.6581 -1.8 95.5914
v 0.7277 -1.8 95.6458
v 0.7277 218.8 95.6458
v 0.8 218.8 95.6966
v 0.8 -1.8 95.6966
v 0.8746 218.8 95.7439
v 0.8746 -1.8 95.7439
v 0.9515 218.8 95.7875
v 0.9515 -1.8 95.7875
v 1.0304 218.8 95.8272
v 1.0304 -1.8 95.8272
v 1.1112 218.8 95.863
v 1.1112 -1.8 95.863
v 1.1936 218.8 95.8948
v 1.1936 -1.8 95.8948
v 1.2775 -1.8 95.9225
v 1.2775 218.8 95.9225
v 1.3626 218.8 95.9461
v 1.3626 -1.8 95.9461
v 1.4488 -1.8 95.9654
v 1.4488 218.8 95.9654
v 1.5359 -1.8 95.9805
v 1.5359 218.8 95.9805
v 1.6236 218.8 95.9913
v 1.6236 -1.8 95.9913
v 1.7117 218.8 95.9978
v 1.7117 -1.8 95.9978
v 1.8 218.8 96
v 1.8 -1.8 96
v 1.201 -3 1.7651
v 1.8 -2.9986 1.1411
v 1.8 -3 1.2
v 1.7651 -3 1.201
v 1.8 -1.8589 0.0014
v 1.1427 -2.9986 1.755
v 1.2041 -3 1.7303
v 1.0841 -2.9942 1.751
v 1.1473 -2.9986 1.7103
v 1.2091 -3 1.6958
v 1.0257 -2.987 1.747
v 1.0891 -2.9942 1.7023
v 1.1549 -2.9986 1.6659
v 1.2162 -3 1.6616
v 0.9678 -2.9769 1.7431
v 1.0312 -2.987 1.6943
v 1.0974 -2.9942 1.654
v 0.9105 -2.964 1.7392
v 1.1656 -2.9986 1.6222
v 1.2252 -3 1.6279
v 0.9737 -2.9769 1.6864
v 1.0402 -2.987 1.6421
v 0.8539 -2.9483 1.7353
v 1.109 -2.9942 1.6064
v 0.9167 -2.964 1.6786
v 1.1792 -2.9986 1.5794
v 1.2362 -3 1.5948
v 0.9833 -2.9769 1.6303
v 0.7981 -2.9299 1.7315
v 1.0527 -2.987 1.5906
v 0.8605 -2.9483 1.6709
v 1.1238 -2.9942 1.5597
v 0.9271 -2.964 1.6186
v 0.7432 -2.9087 1.7277
v 1.1957 -2.9986 1.5375
v 1.2491 -3 1.5624
v 1.2638 -3 1.5307
v 0.9968 -2.9769 1.575
v 0.8051 -2.9299 1.6633
v 1.0687 -2.987 1.5401
v 0.8715 -2.9483 1.6071
v 0.6895 -2.8848 1.724
v 1.1418 -2.9942 1.5141
v 0.9415 -2.964 1.5595
v 0.7506 -2.9087 1.6558
v 1.215 -2.9986 1.4969
v 1.2804 -3 1.5
v 1.0141 -2.9769 1.5207
v 0.8167 -2.9299 1.5957
v 0.637 -2.8583 1.7205
v 1.0882 -2.987 1.4908
v 0.8868 -2.9483 1.5441
v 0.6973 -2.8848 1.6484
v 1.1628 -2.9942 1.4698
v 0.9599 -2.964 1.5014
v 0.7629 -2.9087 1.5845
v 0.5859 -2.8293 1.717
v 1.237 -2.9986 1.4577
v 1.2987 -3 1.4703
v 1.0349 -2.9769 1.4677
v 0.833 -2.9299 1.5291
v 0.6452 -2.8583 1.6413
v 1.1109 -2.987 1.443
v 0.9064 -2.9483 1.4824
v 0.7102 -2.8848 1.5735
v 0.5363 -2.7978 1.7136
v 1.1869 -2.9942 1.4271
v 0.9822 -2.964 1.4448
v 0.7801 -2.9087 1.5142
v 0.5944 -2.8293 1.6343
v 1.2617 -2.9986 1.42
v 1.3187 -3 1.4417
v 1.0594 -2.9769 1.4163
v 0.8537 -2.9299 1.4637
v 0.6587 -2.8583 1.5628
v 0.4882 -2.7638 1.7103
v 1.1369 -2.987 1.3968
v 0.9302 -2.9483 1.4222
v 0.7282 -2.8848 1.4997
v 0.5451 -2.7978 1.6275
v 1.2137 -2.9942 1.3862
v 1.0084 -2.964 1.3898
v 0.8019 -2.9087 1.4453
v 0.6085 -2.8293 1.5524
v 0.4419 -2.7276 1.7071
v 1.2889 -2.9986 1.3842
v 1.3404 -3 1.4143
v 1.0873 -2.9769 1.3666
v 0.8789 -2.9299 1.3999
v 0.6776 -2.8583 1.4855
v 0.4974 -2.7638 1.621
v 1.166 -2.987 1.3525
v 0.958 -2.9483 1.3637
v 0.7512 -2.8848 1.4273
v 0.5598 -2.7978 1.5423
v 0.3974 -2.6891 1.7041
v 1.2433 -2.9942 1.3471
v 1.0382 -2.964 1.3368
v 0.8285 -2.9087 1.378
v 0.6282 -2.8293 1.4717
v 0.4514 -2.7276 1.6146
v 1.3185 -2.9986 1.3503
v 1.3636 -3 1.3883
v 1.1186 -2.9769 1.319
v 0.9083 -2.9299 1.338
v 0.7016 -2.8583 1.4096
v 0.5127 -2.7638 1.5325
v 0.3548 -2.6485 1.7011
v 1.198 -2.987 1.3102
v 0.9897 -2.9483 1.3073
v 0.7791 -2.8848 1.3566
v 0.5803 -2.7978 1.4583
v 0.4072 -2.6891 1.6086
v 1.2755 -2.9942 1.3102
v 1.0716 -2.964 1.2858
v 0.8595 -2.9087 1.3127
v 0.6533 -2.8293 1.3925
v 0.4672 -2.7276 1.523
v 0.3143 -2.6059 1.6984
v 1.3503 -2.9986 1.3185
v 1.3883 -3 1.3636
v 1.4143 -3 1.3404
v 1.153 -2.9769 1.2736
v 0.9419 -2.9299 1.2782
v 0.7308 -2.8583 1.3356
v 0.5339 -2.7638 1.4453
v 0.365 -2.6485 1.6028
v 1.2328 -2.987 1.2703
v 1.0252 -2.9483 1.2531
v 0.8117 -2.8848 1.2879
v 0.6065 -2.7978 1.3758
v 0.4235 -2.6891 1.514
v 0.2759 -2.5613 1.6958
v 1.3102 -2.9942 1.2755
v 1.1084 -2.964 1.2373
v 0.895 -2.9087 1.2496
v 0.6838 -2.8293 1.3152
v 0.4892 -2.7276 1.4327
v 0.3247 -2.6059 1.5972
v 1.3842 -2.9986 1.2889
v 1.4417 -3 1.3187
v 1.1904 -2.9769 1.2307
v 0.9795 -2.9299 1.2209
v 0.765 -2.8583 1.2637
v 0.5611 -2.7638 1.3597
v 0.3818 -2.6485 1.5053
v 0.2398 -2.5148 1.6933
v 1.2703 -2.987 1.2328
v 1.0644 -2.9483 1.2015
v 0.849 -2.8848 1.2217
v 0.6382 -2.7978 1.2954
v 0.4463 -2.6891 1.4207
v 0.2866 -2.5613 1.592
v 1.3471 -2.9942 1.2433
v 1.1484 -2.964 1.1915
v 0.9346 -2.9087 1.1892
v 0.7195 -2.8293 1.2401
v 0.5173 -2.7276 1.3441
v 0.342 -2.6059 1.497
v 0.206 -2.4667 1.691
v 1.42 -2.9986 1.2617
v 1.4703 -3 1.2987
v 1.2307 -2.9769 1.1904
v 1.021 -2.9299 1.1662
v 0.804 -2.8583 1.1943
v 0.594 -2.7638 1.2762
v 0.4052 -2.6485 1.4092
v 0.2507 -2.5148 1.5871
v 1.3102 -2.987 1.198
v 1.1069 -2.9483 1.1527
v 0.8907 -2.8848 1.1581
v 0.6753 -2.7978 1.2172
v 0.4753 -2.6891 1.3292
v 0.3043 -2.5613 1.4892
v 0.1745 -2.4169 1.6888
v 1.3862 -2.9942 1.2137
v 1.1915 -2.964 1.1484
v 0.9784 -2.9087 1.1315
v 0.7602 -2.8293 1.1677
v 0.5514 -2.7276 1.2577
v 0.3661 -2.6059 1.3982
v 0.2171 -2.4667 1.5824
v 1.4577 -2.9986 1.237
v 1.5 -3 1.2804
v 1.2736 -2.9769 1.153
v 1.066 -2.9299 1.1145
v 0.8477 -2.8583 1.1278
v 0.6326 -2.7638 1.1951
v 0.4351 -2.6485 1.3149
v 0.2689 -2.5148 1.4818
v 0.1456 -2.3657 1.6868
v 1.3525 -2.987 1.166
v 1.1527 -2.9483 1.1069
v 0.9366 -2.8848 1.0976
v 0.7177 -2.7978 1.1419
v 0.5105 -2.6891 1.2399
v 0.329 -2.5613 1.3879
v 0.1859 -2.4169 1.5781
v 1.4271 -2.9942 1.1869
v 1.2373 -2.964 1.1084
v 1.0259 -2.9087 1.077
v 0.8058 -2.8293 1.0982
v 0.5913 -2.7276 1.1737
v 0.3968 -2.6059 1.3013
v 0.2357 -2.4667 1.4749
v 0.1191 -2.3131 1.685
v 1.4969 -2.9986 1.215
v 1.5307 -3 1.2638
v 1.319 -2.9769 1.1186
v 1.1145 -2.9299 1.066
v 0.8958 -2.8583 1.0644
v 0.6766 -2.7638 1.1168
v 0.4714 -2.6485 1.2229
v 0.2941 -2.5148 1.3781
v 0.1571 -2.3657 1.5742
v 1.3968 -2.987 1.1369
v 1.2015 -2.9483 1.0644
v 0.9865 -2.8848 1.0403
v 0.7652 -2.7978 1.0695
v 0.5517 -2.6891 1.1532
v 0.3606 -2.5613 1.2884
v 0.2048 -2.4169 1.4685
v 0.0953 -2.2592 1.6834
v 1.4698 -2.9942 1.1628
v 1.2858 -2.964 1.0716
v 1.077 -2.9087 1.0259
v 0.856 -2.8293 1.032
v 0.6369 -2.7276 1.0927
v 0.4341 -2.6059 1.2067
v 0.2615 -2.4667 1.3689
v 0.1309 -2.3131 1.5706
v 1.5375 -2.9986 1.1957
v 1.5624 -3 1.2491
v 1.5948 -3 1.2362
v 1.3666 -2.9769 1.0873
v 1.1662 -2.9299 1.021
v 0.9481 -2.8583 1.0044
v 0.7258 -2.7638 1.0418
v 0.5139 -2.6485 1.1336
v 0.3264 -2.5148 1.2763
v 0.1764 -2.3657 1.4626
v 0.0742 -2.2043 1.682
v 1.443 -2.987 1.1109
v 1.2531 -2.9483 1.0252
v 1.0403 -2.8848 0.9865
v 0.8174 -2.7978 1.0006
v 0.5988 -2.6891 1.0695
v 0.3989 -2.5613 1.1914
v 0.2311 -2.4169 1.3604
v 0.1073 -2.2592 1.5673
v 1.5141 -2.9942 1.1418
v 1.3368 -2.964 1.0382
v 1.1315 -2.9087 0.9784
v 0.9106 -2.8293 0.9694
v 0.6879 -2.7276 1.015
v 0.4778 -2.6059 1.1149
v 0.2945 -2.4667 1.2649
v 0.1505 -2.3131 1.4572
v 0.0557 -2.1483 1.6807
v 1.5794 -2.9986 1.1792
v 1.6279 -3 1.2252
v 1.4163 -2.9769 1.0594
v 1.2209 -2.9299 0.9795
v 1.0044 -2.8583 0.9481
v 0.7801 -2.7638 0.9702
v 0.5623 -2.6485 1.0474
v 0.3656 -2.5148 1.177
v 0.2032 -2.3657 1.3526
v 0.0863 -2.2043 1.5645
v 1.4908 -2.987 1.0882
v 1.3073 -2.9483 0.9897
v 1.0976 -2.8848 0.9366
v 0.8743 -2.7978 0.9354
v 0.6514 -2.6891 0.9893
v 0.4437 -2.5613 1.0972
v 0.2648 -2.4169 1.2544
v 0.1271 -2.2592 1.4524
v 0.0401 -2.0916 1.6796
v 1.5597 -2.9942 1.1238
v 1.3898 -2.964 1.0084
v 1.1892 -2.9087 0.9346
v 0.9694 -2.8293 0.9106
v 0.744 -2.7276 0.9409
v 0.5276 -2.6059 1.0263
v 0.3345 -2.4667 1.1634
v 0.1777 -2.3131 1.3454
v 0.068 -2.1483 1.5619
v 1.6222 -2.9986 1.1656
v 1.6616 -3 1.2162
v 1.4677 -2.9769 1.0349
v 1.2782 -2.9299 0.9419
v 1.0644 -2.8583 0.8958
v 0.8391 -2.7638 0.9026
v 0.6166 -2.6485 0.9647
v 0.4115 -2.5148 1.0805
v 0.2374 -2.3657 1.2447
v 0.1063 -2.2043 1.4481
v 0.0272 -2.0341 1.6787
v 1.5401 -2.987 1.0687
v 1.3637 -2.9483 0.958
v 1.1581 -2.8848 0.8907
v 0.9354 -2.7978 0.8743
v 0.7095 -2.6891 0.9128
v 0.4948 -2.5613 1.0063
v 0.3056 -2.4169 1.1509
v 0.1547 -2.2592 1.339
v 0.0524 -2.0916 1.5598
v 1.6064 -2.9942 1.109
v 1.4448 -2.964 0.9822
v 1.2496 -2.9087 0.895
v 1.032 -2.8293 0.856
v 0.8051 -2.7276 0.8709
v 0.5834 -2.6059 0.9412
v 0.3814 -2.4667 1.0649
v 0.2125 -2.3131 1.2358
v 0.0882 -2.1483 1.4443
v 0.0172 -1.9761 1.6781
v 1.6659 -2.9986 1.1549
v 1.6958 -3 1.2091
v 1.5207 -2.9769 1.0141
v 1.338 -2.9299 0.9083
v 1.1278 -2.8583 0.8477
v 0.9026 -2.7638 0.8391
v 0.6764 -2.6485 0.8859
v 0.4638 -2.5148 0.9874
v 0.279 -2.3657 1.1393
v 0.1343 -2.2043 1.3333
v 0.0396 -2.0341 1.558
v 1.5906 -2.987 1.0527
v 1.4222 -2.9483 0.9302
v 1.2217 -2.8848 0.849
v 1.0006 -2.7978 0.8174
v 0.7725 -2.6891 0.8404
v 0.552 -2.5613 0.9191
v 0.3534 -2.4169 1.0504
v 0.19 -2.2592 1.2278
v 0.0729 -2.0916 1.4411
v 0.01 -1.9176 1.6776
v 1.654 -2.9942 1.0974
v 1.5014 -2.964 0.9599
v 1.3127 -2.9087 0.8595
v 1.0982 -2.8293 0.8058
v 0.8709 -2.7276 0.8051
v 0.6449 -2.6059 0.8602
v 0.4348 -2.4667 0.9698
v 0.2547 -2.3131 1.1288
v 0.1165 -2.1483 1.3283
v 0.0296 -1.9761 1.5567
v 1.7103 -2.9986 1.1473
v 1.7303 -3 1.2041
v 1.575 -2.9769 0.9968
v 1.3999 -2.9299 0.8789
v 1.1943 -2.8583 0.804
v 0.9702 -2.7638 0.7801
v 0.7414 -2.6485 0.8113
v 0.5224 -2.5148 0.8982
v 0.3276 -2.3657 1.0371
v 0.17 -2.2043 1.2207
v 0.0602 -2.0341 1.4385
v 0.0056 -1.8589 1.6773
v 1.6421 -2.987 1.0402
v 1.4824 -2.9483 0.9064
v 1.2879 -2.8848 0.8117
v 1.0695 -2.7978 0.7652
v 0.8404 -2.6891 0.7725
v 0.615 -2.5613 0.8359
v 0.4079 -2.4169 0.9535
v 0.2328 -2.2592 1.1193
v 0.1014 -2.0916 1.3241
v 0.0225 -1.9176 1.5557
v 1.7023 -2.9942 1.0891
v 1.5595 -2.964 0.9415
v 1.378 -2.9087 0.8285
v 1.1677 -2.8293 0.7602
v 0.9409 -2.7276 0.744
v 0.7117 -2.6059 0.7836
v 0.4947 -2.4667 0.8786
v 0.3041 -2.3131 1.0249
v 0.1526 -2.1483 1.2145
v 0.0504 -1.9761 1.4364
v 1.755 -2.9986 1.1427
v 1.6303 -2.9769 0.9833
v 1.4637 -2.9299 0.8537
v 1.2637 -2.8583 0.765
v 1.0418 -2.7638 0.7258
v 0.8113 -2.6485 0.7414
v 0.5869 -2.5148 0.8131
v 0.3831 -2.3657 0.9384
v 0.2134 -2.2043 1.1108
v 0.089 -2.0341 1.3206
v 0.0182 -1.8589 1.5551
v 1.6943 -2.987 1.0312
v 1.5441 -2.9483 0.8868
v 1.3566 -2.8848 0.7791
v 1.1419 -2.7978 0.7177
v 0.9128 -2.6891 0.7095
v 0.6836 -2.5613 0.7573
v 0.4689 -2.4169 0.8604
v 0.2829 -2.2592 1.0139
v 0.1378 -2.0916 1.2093
v 0.0433 -1.9176 1.435
v 1.751 -2.9942 1.0841
v 1.8 -2.9942 1.0824
v 1.6186 -2.964 0.9271
v 1.4453 -2.9087 0.8019
v 1.2401 -2.8293 0.7195
v 1.015 -2.7276 0.6879
v 0.7836 -2.6059 0.7117
v 0.5606 -2.4667 0.7917
v 0.3605 -2.3131 0.9246
v 0.1964 -2.1483 1.1035
v 0.0793 -1.9761 1.3179
v 1.6864 -2.9769 0.9737
v 1.5291 -2.9299 0.833
v 1.3356 -2.8583 0.7308
v 1.1168 -2.7638 0.6766
v 0.8859 -2.6485 0.6764
v 0.6571 -2.5148 0.7326
v 0.4452 -2.3657 0.8437
v 0.2641 -2.2043 1.0042
v 0.1257 -2.0341 1.2049
v 0.0391 -1.8589 1.4341
v 1.747 -2.987 1.0257
v 1.8 -2.987 1.0239
v 1.6071 -2.9483 0.8715
v 1.4273 -2.8848 0.7512
v 1.2172 -2.7978 0.6753
v 0.9893 -2.6891 0.6514
v 0.7573 -2.5613 0.6836
v 0.5362 -2.4169 0.7718
v 0.3401 -2.2592 0.9122
v 0.182 -2.0916 1.0972
v 0.0723 -1.9176 1.3159
v 1.6786 -2.964 0.9167
v 1.5142 -2.9087 0.7801
v 1.3152 -2.8293 0.6838
v 1.0927 -2.7276 0.6369
v 0.8602 -2.6059 0.6449
v 0.6323 -2.4667 0.7094
v 0.4236 -2.3131 0.8284
v 0.2477 -2.1483 0.9957
v 0.1162 -1.9761 1.2016
v 1.7431 -2.9769 0.9678
v 1.8 -2.9769 0.9659
v 1.5957 -2.9299 0.8167
v 1.4096 -2.8583 0.7016
v 1.1951 -2.7638 0.6326
v 0.9647 -2.6485 0.6166
v 0.7326 -2.5148 0.6571
v 0.5136 -2.3657 0.7535
v 0.322 -2.2043 0.9012
v 0.1702 -2.0341 1.0921
v 0.0681 -1.8589 1.3148
v 1.6709 -2.9483 0.8605
v 1.4997 -2.8848 0.7282
v 1.2954 -2.7978 0.6382
v 1.0695 -2.6891 0.5988
v 0.8359 -2.5613 0.615
v 0.6093 -2.4169 0.6879
v 0.4041 -2.2592 0.8147
v 0.2337 -2.0916 0.9884
v 0.1094 -1.9176 1.1992
v 1.7392 -2.964 0.9105
v 1.8 -2.964 0.9084
v 1.5845 -2.9087 0.7629
v 1.3925 -2.8293 0.6533
v 1.1737 -2.7276 0.5913
v 0.9412 -2.6059 0.5834
v 0.7094 -2.4667 0.6323
v 0.4931 -2.3131 0.7368
v 0.3062 -2.1483 0.8916
v 0.1609 -1.9761 1.0881
v 1.6633 -2.9299 0.8051
v 1.4855 -2.8583 0.6776
v 1.2762 -2.7638 0.594
v 1.0474 -2.6485 0.5623
v 0.8131 -2.5148 0.5869
v 0.5881 -2.3657 0.6681
v 0.3868 -2.2043 0.8024
v 0.2223 -2.0341 0.9825
v 0.1053 -1.8589 1.1977
v 1.7353 -2.9483 0.8539
v 1.8 -2.9483 0.8517
v 1.8 -2.9299 0.7957
v 1.5735 -2.8848 0.7102
v 1.3758 -2.7978 0.6065
v 1.1532 -2.6891 0.5517
v 0.9191 -2.5613 0.552
v 0.6879 -2.4169 0.6093
v 0.4746 -2.2592 0.7217
v 0.2928 -2.0916 0.8834
v 0.1543 -1.9176 1.0852
v 1.6558 -2.9087 0.7506
v 1.4717 -2.8293 0.6282
v 1.2577 -2.7276 0.5514
v 1.0263 -2.6059 0.5276
v 0.7917 -2.4667 0.5606
v 0.5687 -2.3131 0.65
v 0.3717 -2.1483 0.7918
v 0.2133 -1.9761 0.9779
v 1.7315 -2.9299 0.7981
v 1.5628 -2.8583 0.6587
v 1.3597 -2.7638 0.5611
v 1.1336 -2.6485 0.5139
v 0.8982 -2.5148 0.5224
v 0.6681 -2.3657 0.5881
v 0.4581 -2.2043 0.7083
v 0.2817 -2.0341 0.8767
v 0.1503 -1.8589 1.0835
v 1.6484 -2.8848 0.6973
v 1.4583 -2.7978 0.5803
v 1.2399 -2.6891 0.5105
v 1.0063 -2.5613 0.4948
v 0.7718 -2.4169 0.5362
v 0.5513 -2.2592 0.6338
v 0.3588 -2.0916 0.7827
v 0.2069 -1.9176 0.9745
v 1.7277 -2.9087 0.7432
v 1.8 -2.9087 0.7408
v 1.5524 -2.8293 0.6085
v 1.3441 -2.7276 0.5173
v 1.1149 -2.6059 0.4778
v 0.8786 -2.4667 0.4947
v 0.65 -2.3131 0.5687
v 0.4438 -2.1483 0.6967
v 0.2731 -1.9761 0.8715
v 1.6413 -2.8583 0.6452
v 1.4453 -2.7638 0.5339
v 1.2229 -2.6485 0.4714
v 0.9874 -2.5148 0.4638
v 0.7535 -2.3657 0.5136
v 0.5358 -2.2043 0.6193
v 0.3483 -2.0341 0.7753
v 0.2031 -1.8589 0.9725
v 1.724 -2.8848 0.6895
v 1.8 -2.8848 0.6869
v 1.5423 -2.7978 0.5598
v 1.3292 -2.6891 0.4753
v 1.0972 -2.5613 0.4437
v 0.8604 -2.4169 0.4689
v 0.6338 -2.2592 0.5513
v 0.4316 -2.0916 0.6867
v 0.267 -1.9176 0.8678
v 1.6343 -2.8293 0.5944
v 1.4327 -2.7276 0.4892
v 1.2067 -2.6059 0.4341
v 0.9698 -2.4667 0.4348
v 0.7368 -2.3131 0.4931
v 0.5223 -2.1483 0.6067
v 0.3401 -1.9761 0.7695
v 1.7205 -2.8583 0.637
v 1.8 -2.8583 0.6343
v 1.5325 -2.7638 0.5127
v 1.3149 -2.6485 0.4351
v 1.0805 -2.5148 0.4115
v 0.8437 -2.3657 0.4452
v 0.6193 -2.2043 0.5358
v 0.4216 -2.0341 0.6786
v 0.2633 -1.8589 0.8655
v 1.6275 -2.7978 0.5451
v 1.4207 -2.6891 0.4463
v 1.1914 -2.5613 0.3989
v 0.9535 -2.4169 0.4079
v 0.7217 -2.2592 0.4746
v 0.5108 -2.0916 0.596
v 0.3342 -1.9176 0.7653
v 1.717 -2.8293 0.5859
v 1.8 -2.8293 0.5831
v 1.8 -2.7978 0.5333
v 1.523 -2.7276 0.4672
v 1.3013 -2.6059 0.3968
v 1.0649 -2.4667 0.3814
v 0.8284 -2.3131 0.4236
v 0.6067 -2.1483 0.5223
v 0.4138 -1.9761 0.6722
v 1.621 -2.7638 0.4974
v 1.4092 -2.6485 0.4052
v 1.177 -2.5148 0.3656
v 0.9384 -2.3657 0.3831
v 0.7083 -2.2043 0.4581
v 0.5013 -2.0341 0.5871
v 0.3306 -1.8589 0.7628
v 1.7136 -2.7978 0.5363
v 1.514 -2.6891 0.4235
v 1.2884 -2.5613 0.3606
v 1.0504 -2.4169 0.3534
v 0.8147 -2.2592 0.4041
v 0.596 -2.0916 0.5108
v 0.4082 -1.9176 0.6677
v 1.6146 -2.7276 0.4514
v 1.3982 -2.6059 0.3661
v 1.1634 -2.4667 0.3345
v 0.9246 -2.3131 0.3605
v 0.6967 -2.1483 0.4438
v 0.494 -1.9761 0.5803
v 1.7103 -2.7638 0.4882
v 1.8 -2.7638 0.4852
v 1.5053 -2.6485 0.3818
v 1.2763 -2.5148 0.3264
v 1.0371 -2.3657 0.3276
v 0.8024 -2.2043 0.3868
v 0.5871 -2.0341 0.5013
v 0.4048 -1.8589 0.665
v 1.6086 -2.6891 0.4072
v 1.3879 -2.5613 0.329
v 1.1509 -2.4169 0.3056
v 0.9122 -2.2592 0.3401
v 0.6867 -2.0916 0.4316
v 0.4887 -1.9176 0.5753
v 1.7071 -2.7276 0.4419
v 1.8 -2.7276 0.4387
v 1.497 -2.6059 0.342
v 1.2649 -2.4667 0.2945
v 1.0249 -2.3131 0.3041
v 0.7918 -2.1483 0.3717
v 0.5803 -1.9761 0.494
v 1.6028 -2.6485 0.365
v 1.3781 -2.5148 0.2941
v 1.1393 -2.3657 0.279
v 0.9012 -2.2043 0.322
v 0.6786 -2.0341 0.4216
v 0.4856 -1.8589 0.5724
v 1.7041 -2.6891 0.3974
v 1.8 -2.6891 0.3941
v 1.4892 -2.5613 0.3043
v 1.2544 -2.4169 0.2648
v 1.0139 -2.2592 0.2829
v 0.7827 -2.0916 0.3588
v 0.5753 -1.9176 0.4887
v 1.5972 -2.6059 0.3247
v 1.3689 -2.4667 0.2615
v 1.1288 -2.3131 0.2547
v 0.8916 -2.1483 0.3062
v 0.6722 -1.9761 0.4138
v 1.7011 -2.6485 0.3548
v 1.8 -2.6485 0.3515
v 1.8 -2.6059 0.3109
v 1.4818 -2.5148 0.2689
v 1.2447 -2.3657 0.2374
v 1.0042 -2.2043 0.2641
v 0.7753 -2.0341 0.3483
v 0.5724 -1.8589 0.4856
v 1.592 -2.5613 0.2866
v 1.3604 -2.4169 0.2311
v 1.1193 -2.2592 0.2328
v 0.8834 -2.0916 0.2928
v 0.6677 -1.9176 0.4082
v 1.6984 -2.6059 0.3143
v 1.4749 -2.4667 0.2357
v 1.2358 -2.3131 0.2125
v 0.9957 -2.1483 0.2477
v 0.7695 -1.9761 0.3401
v 1.5871 -2.5148 0.2507
v 1.3526 -2.3657 0.2032
v 1.1108 -2.2043 0.2134
v 0.8767 -2.0341 0.2817
v 0.665 -1.8589 0.4048
v 1.6958 -2.5613 0.2759
v 1.8 -2.5613 0.2724
v 1.4685 -2.4169 0.2048
v 1.2278 -2.2592 0.19
v 0.9884 -2.0916 0.2337
v 0.7653 -1.9176 0.3342
v 1.5824 -2.4667 0.2171
v 1.3454 -2.3131 0.1777
v 1.1035 -2.1483 0.1964
v 0.8715 -1.9761 0.2731
v 1.6933 -2.5148 0.2398
v 1.8 -2.5148 0.2362
v 1.8 -2.4667 0.2022
v 1.4626 -2.3657 0.1764
v 1.2207 -2.2043 0.17
v 0.9825 -2.0341 0.2223
v 0.7628 -1.8589 0.3306
v 1.5781 -2.4169 0.1859
v 1.339 -2.2592 0.1547
v 1.0972 -2.0916 0.182
v 0.8678 -1.9176 0.267
v 1.691 -2.4667 0.206
v 1.4572 -2.3131 0.1505
v 1.2145 -2.1483 0.1526
v 0.9779 -1.9761 0.2133
v 1.5742 -2.3657 0.1571
v 1.3333 -2.2043 0.1343
v 1.0921 -2.0341 0.1702
v 0.8655 -1.8589 0.2633
v 1.6888 -2.4169 0.1745
v 1.8 -2.4169 0.1707
v 1.8 -2.3657 0.1417
v 1.4524 -2.2592 0.1271
v 1.2093 -2.0916 0.1378
v 0.9745 -1.9176 0.2069
v 1.5706 -2.3131 0.1309
v 1.3283 -2.1483 0.1165
v 1.0881 -1.9761 0.1609
v 1.6868 -2.3657 0.1456
v 1.4481 -2.2043 0.1063
v 1.2049 -2.0341 0.1257
v 0.9725 -1.8589 0.2031
v 1.5673 -2.2592 0.1073
v 1.3241 -2.0916 0.1014
v 1.0852 -1.9176 0.1543
v 1.685 -2.3131 0.1191
v 1.8 -2.3131 0.1152
v 1.4443 -2.1483 0.0882
v 1.2016 -1.9761 0.1162
v 1.5645 -2.2043 0.0863
v 1.3206 -2.0341 0.089
v 1.0835 -1.8589 0.1503
v 1.6834 -2.2592 0.0953
v 1.8 -2.2592 0.0913
v 1.8 -2.2043 0.0701
v 1.4411 -2.0916 0.0729
v 1.1992 -1.9176 0.1094
v 1.5619 -2.1483 0.068
v 1.3179 -1.9761 0.0793
v 1.682 -2.2043 0.0742
v 1.4385 -2.0341 0.0602
v 1.1977 -1.8589 0.1053
v 1.5598 -2.0916 0.0524
v 1.3159 -1.9176 0.0723
v 1.6807 -2.1483 0.0557
v 1.8 -2.1483 0.0517
v 1.8 -2.0916 0.036
v 1.4364 -1.9761 0.0504
v 1.558 -2.0341 0.0396
v 1.3148 -1.8589 0.0681
v 1.6796 -2.0916 0.0401
v 1.435 -1.9176 0.0433
v 1.5567 -1.9761 0.0296
v 1.6787 -2.0341 0.0272
v 1.8 -2.0341 0.0231
v 1.4341 -1.8589 0.0391
v 1.5557 -1.9176 0.0225
v 1.6781 -1.9761 0.0172
v 1.8 -1.9761 0.013
v 1.5551 -1.8589 0.0182
v 1.6776 -1.9176 0.01
v 1.8 -1.9176 0.0058
v 1.6773 -1.8589 0.0056
v 1.201 220 1.7651
v 1.8 219.999 1.1411
v 1.7651 220 1.201
v 1.8 220 1.2
v 1.8 218.859 0.0014
v 1.1427 219.999 1.755
v 1.2041 220 1.7303
v 1.0841 219.994 1.751
v 1.1473 219.999 1.7103
v 1.2091 220 1.6958
v 1.0257 219.987 1.747
v 1.0891 219.994 1.7023
v 1.1549 219.999 1.6659
v 1.2162 220 1.6616
v 0.9678 219.977 1.7431
v 1.0312 219.987 1.6943
v 1.0974 219.994 1.654
v 0.9105 219.964 1.7392
v 1.1656 219.999 1.6222
v 1.2252 220 1.6279
v 0.9737 219.977 1.6864
v 1.0402 219.987 1.6421
v 0.8539 219.948 1.7353
v 1.109 219.994 1.6064
v 0.9167 219.964 1.6786
v 1.1792 219.999 1.5794
v 1.2362 220 1.5948
v 0.9833 219.977 1.6303
v 0.7981 219.93 1.7315
v 1.0527 219.987 1.5906
v 0.8605 219.948 1.6709
v 1.1238 219.994 1.5597
v 0.9271 219.964 1.6186
v 0.7432 219.909 1.7277
v 1.1957 219.999 1.5375
v 1.2491 220 1.5624
v 1.2638 220 1.5307
v 0.9968 219.977 1.575
v 0.8051 219.93 1.6633
v 1.0687 219.987 1.5401
v 0.8715 219.948 1.6071
v 0.6895 219.885 1.724
v 1.1418 219.994 1.5141
v 0.9415 219.964 1.5595
v 0.7506 219.909 1.6558
v 1.215 219.999 1.4969
v 1.2804 220 1.5
v 1.0141 219.977 1.5207
v 0.8167 219.93 1.5957
v 0.637 219.858 1.7205
v 1.0882 219.987 1.4908
v 0.8868 219.948 1.5441
v 0.6973 219.885 1.6484
v 1.1628 219.994 1.4698
v 0.9599 219.964 1.5014
v 0.7629 219.909 1.5845
v 0.5859 219.829 1.717
v 1.237 219.999 1.4577
v 1.2987 220 1.4703
v 1.0349 219.977 1.4677
v 0.833 219.93 1.5291
v 0.6452 219.858 1.6413
v 1.1109 219.987 1.443
v 0.9064 219.948 1.4824
v 0.7102 219.885 1.5735
v 0.5363 219.798 1.7136
v 1.1869 219.994 1.4271
v 0.9822 219.964 1.4448
v 0.7801 219.909 1.5142
v 0.5944 219.829 1.6343
v 1.2617 219.999 1.42
v 1.3187 220 1.4417
v 1.0594 219.977 1.4163
v 0.8537 219.93 1.4637
v 0.6587 219.858 1.5628
v 0.4882 219.764 1.7103
v 1.1369 219.987 1.3968
v 0.9302 219.948 1.4222
v 0.7282 219.885 1.4997
v 0.5451 219.798 1.6275
v 1.2137 219.994 1.3862
v 1.0084 219.964 1.3898
v 0.8019 219.909 1.4453
v 0.6085 219.829 1.5524
v 0.4419 219.728 1.7071
v 1.2889 219.999 1.3842
v 1.3404 220 1.4143
v 1.0873 219.977 1.3666
v 0.8789 219.93 1.3999
v 0.6776 219.858 1.4855
v 0.4974 219.764 1.621
v 1.166 219.987 1.3525
v 0.958 219.948 1.3637
v 0.7512 219.885 1.4273
v 0.5598 219.798 1.5423
v 0.3974 219.689 1.7041
v 1.2433 219.994 1.3471
v 1.0382 219.964 1.3368
v 0.8285 219.909 1.378
v 0.6282 219.829 1.4717
v 0.4514 219.728 1.6146
v 1.3185 219.999 1.3503
v 1.3636 220 1.3883
v 1.1186 219.977 1.319
v 0.9083 219.93 1.338
v 0.7016 219.858 1.4096
v 0.5127 219.764 1.5325
v 0.3548 219.649 1.7011
v 1.198 219.987 1.3102
v 0.9897 219.948 1.3073
v 0.7791 219.885 1.3566
v 0.5803 219.798 1.4583
v 0.4072 219.689 1.6086
v 1.2755 219.994 1.3102
v 1.0716 219.964 1.2858
v 0.8595 219.909 1.3127
v 0.6533 219.829 1.3925
v 0.4672 219.728 1.523
v 0.3143 219.606 1.6984
v 1.3503 219.999 1.3185
v 1.3883 220 1.3636
v 1.4143 220 1.3404
v 1.153 219.977 1.2736
v 0.9419 219.93 1.2782
v 0.7308 219.858 1.3356
v 0.5339 219.764 1.4453
v 0.365 219.649 1.6028
v 1.2328 219.987 1.2703
v 1.0252 219.948 1.2531
v 0.8117 219.885 1.2879
v 0.6065 219.798 1.3758
v 0.4235 219.689 1.514
v 0.2759 219.561 1.6958
v 1.3102 219.994 1.2755
v 1.1084 219.964 1.2373
v 0.895 219.909 1.2496
v 0.6838 219.829 1.3152
v 0.4892 219.728 1.4327
v 0.3247 219.606 1.5972
v 1.3842 219.999 1.2889
v 1.4417 220 1.3187
v 1.1904 219.977 1.2307
v 0.9795 219.93 1.2209
v 0.765 219.858 1.2637
v 0.5611 219.764 1.3597
v 0.3818 219.649 1.5053
v 0.2398 219.515 1.6933
v 1.2703 219.987 1.2328
v 1.0644 219.948 1.2015
v 0.849 219.885 1.2217
v 0.6382 219.798 1.2954
v 0.4463 219.689 1.4207
v 0.2866 219.561 1.592
v 1.3471 219.994 1.2433
v 1.1484 219.964 1.1915
v 0.9346 219.909 1.1892
v 0.7195 219.829 1.2401
v 0.5173 219.728 1.3441
v 0.342 219.606 1.497
v 0.206 219.467 1.691
v 1.42 219.999 1.2617
v 1.4703 220 1.2987
v 1.2307 219.977 1.1904
v 1.021 219.93 1.1662
v 0.804 219.858 1.1943
v 0.594 219.764 1.2762
v 0.4052 219.649 1.4092
v 0.2507 219.515 1.5871
v 1.3102 219.987 1.198
v 1.1069 219.948 1.1527
v 0.8907 219.885 1.1581
v 0.6753 219.798 1.2172
v 0.4753 219.689 1.3292
v 0.3043 219.561 1.4892
v 0.1745 219.417 1.6888
v 1.3862 219.994 1.2137
v 1.1915 219.964 1.1484
v 0.9784 219.909 1.1315
v 0.7602 219.829 1.1677
v 0.5514 219.728 1.2577
v 0.3661 219.606 1.3982
v 0.2171 219.467 1.5824
v 1.4577 219.999 1.237
v 1.5 220 1.2804
v 1.2736 219.977 1.153
v 1.066 219.93 1.1145
v 0.8477 219.858 1.1278
v 0.6326 219.764 1.1951
v 0.4351 219.649 1.3149
v 0.2689 219.515 1.4818
v 0.1456 219.366 1.6868
v 1.3525 219.987 1.166
v 1.1527 219.948 1.1069
v 0.9366 219.885 1.0976
v 0.7177 219.798 1.1419
v 0.5105 219.689 1.2399
v 0.329 219.561 1.3879
v 0.1859 219.417 1.5781
v 1.4271 219.994 1.1869
v 1.2373 219.964 1.1084
v 1.0259 219.909 1.077
v 0.8058 219.829 1.0982
v 0.5913 219.728 1.1737
v 0.3968 219.606 1.3013
v 0.2357 219.467 1.4749
v 0.1191 219.313 1.685
v 1.4969 219.999 1.215
v 1.5307 220 1.2638
v 1.319 219.977 1.1186
v 1.1145 219.93 1.066
v 0.8958 219.858 1.0644
v 0.6766 219.764 1.1168
v 0.4714 219.649 1.2229
v 0.2941 219.515 1.3781
v 0.1571 219.366 1.5742
v 1.3968 219.987 1.1369
v 1.2015 219.948 1.0644
v 0.9865 219.885 1.0403
v 0.7652 219.798 1.0695
v 0.5517 219.689 1.1532
v 0.3606 219.561 1.2884
v 0.2048 219.417 1.4685
v 0.0953 219.259 1.6834
v 1.4698 219.994 1.1628
v 1.2858 219.964 1.0716
v 1.077 219.909 1.0259
v 0.856 219.829 1.032
v 0.6369 219.728 1.0927
v 0.4341 219.606 1.2067
v 0.2615 219.467 1.3689
v 0.1309 219.313 1.5706
v 1.5375 219.999 1.1957
v 1.5624 220 1.2491
v 1.5948 220 1.2362
v 1.3666 219.977 1.0873
v 1.1662 219.93 1.021
v 0.9481 219.858 1.0044
v 0.7258 219.764 1.0418
v 0.5139 219.649 1.1336
v 0.3264 219.515 1.2763
v 0.1764 219.366 1.4626
v 0.0742 219.204 1.682
v 1.443 219.987 1.1109
v 1.2531 219.948 1.0252
v 1.0403 219.885 0.9865
v 0.8174 219.798 1.0006
v 0.5988 219.689 1.0695
v 0.3989 219.561 1.1914
v 0.2311 219.417 1.3604
v 0.1073 219.259 1.5673
v 1.5141 219.994 1.1418
v 1.3368 219.964 1.0382
v 1.1315 219.909 0.9784
v 0.9106 219.829 0.9694
v 0.6879 219.728 1.015
v 0.4778 219.606 1.1149
v 0.2945 219.467 1.2649
v 0.1505 219.313 1.4572
v 0.0557 219.148 1.6807
v 1.5794 219.999 1.1792
v 1.6279 220 1.2252
v 1.4163 219.977 1.0594
v 1.2209 219.93 0.9795
v 1.0044 219.858 0.9481
v 0.7801 219.764 0.9702
v 0.5623 219.649 1.0474
v 0.3656 219.515 1.177
v 0.2032 219.366 1.3526
v 0.0863 219.204 1.5645
v 1.4908 219.987 1.0882
v 1.3073 219.948 0.9897
v 1.0976 219.885 0.9366
v 0.8743 219.798 0.9354
v 0.6514 219.689 0.9893
v 0.4437 219.561 1.0972
v 0.2648 219.417 1.2544
v 0.1271 219.259 1.4524
v 0.0401 219.092 1.6796
v 1.5597 219.994 1.1238
v 1.3898 219.964 1.0084
v 1.1892 219.909 0.9346
v 0.9694 219.829 0.9106
v 0.744 219.728 0.9409
v 0.5276 219.606 1.0263
v 0.3345 219.467 1.1634
v 0.1777 219.313 1.3454
v 0.068 219.148 1.5619
v 1.6222 219.999 1.1656
v 1.6616 220 1.2162
v 1.4677 219.977 1.0349
v 1.2782 219.93 0.9419
v 1.0644 219.858 0.8958
v 0.8391 219.764 0.9026
v 0.6166 219.649 0.9647
v 0.4115 219.515 1.0805
v 0.2374 219.366 1.2447
v 0.1063 219.204 1.4481
v 0.0272 219.034 1.6787
v 1.5401 219.987 1.0687
v 1.3637 219.948 0.958
v 1.1581 219.885 0.8907
v 0.9354 219.798 0.8743
v 0.7095 219.689 0.9128
v 0.4948 219.561 1.0063
v 0.3056 219.417 1.1509
v 0.1547 219.259 1.339
v 0.0524 219.092 1.5598
v 1.6064 219.994 1.109
v 1.4448 219.964 0.9822
v 1.2496 219.909 0.895
v 1.032 219.829 0.856
v 0.8051 219.728 0.8709
v 0.5834 219.606 0.9412
v 0.3814 219.467 1.0649
v 0.2125 219.313 1.2358
v 0.0882 219.148 1.4443
v 0.0172 218.976 1.6781
v 1.6659 219.999 1.1549
v 1.6958 220 1.2091
v 1.5207 219.977 1.0141
v 1.338 219.93 0.9083
v 1.1278 219.858 0.8477
v 0.9026 219.764 0.8391
v 0.6764 219.649 0.8859
v 0.4638 219.515 0.9874
v 0.279 219.366 1.1393
v 0.1343 219.204 1.3333
v 0.0396 219.034 1.558
v 1.5906 219.987 1.0527
v 1.4222 219.948 0.9302
v 1.2217 219.885 0.849
v 1.0006 219.798 0.8174
v 0.7725 219.689 0.8404
v 0.552 219.561 0.9191
v 0.3534 219.417 1.0504
v 0.19 219.259 1.2278
v 0.0729 219.092 1.4411
v 0.01 218.918 1.6776
v 1.654 219.994 1.0974
v 1.5014 219.964 0.9599
v 1.3127 219.909 0.8595
v 1.0982 219.829 0.8058
v 0.8709 219.728 0.8051
v 0.6449 219.606 0.8602
v 0.4348 219.467 0.9698
v 0.2547 219.313 1.1288
v 0.1165 219.148 1.3283
v 0.0296 218.976 1.5567
v 1.7103 219.999 1.1473
v 1.7303 220 1.2041
v 1.575 219.977 0.9968
v 1.3999 219.93 0.8789
v 1.1943 219.858 0.804
v 0.9702 219.764 0.7801
v 0.7414 219.649 0.8113
v 0.5224 219.515 0.8982
v 0.3276 219.366 1.0371
v 0.17 219.204 1.2207
v 0.0602 219.034 1.4385
v 0.0056 218.859 1.6773
v 1.6421 219.987 1.0402
v 1.4824 219.948 0.9064
v 1.2879 219.885 0.8117
v 1.0695 219.798 0.7652
v 0.8404 219.689 0.7725
v 0.615 219.561 0.8359
v 0.4079 219.417 0.9535
v 0.2328 219.259 1.1193
v 0.1014 219.092 1.3241
v 0.0225 218.918 1.5557
v 1.7023 219.994 1.0891
v 1.5595 219.964 0.9415
v 1.378 219.909 0.8285
v 1.1677 219.829 0.7602
v 0.9409 219.728 0.744
v 0.7117 219.606 0.7836
v 0.4947 219.467 0.8786
v 0.3041 219.313 1.0249
v 0.1526 219.148 1.2145
v 0.0504 218.976 1.4364
v 1.755 219.999 1.1427
v 1.6303 219.977 0.9833
v 1.4637 219.93 0.8537
v 1.2637 219.858 0.765
v 1.0418 219.764 0.7258
v 0.8113 219.649 0.7414
v 0.5869 219.515 0.8131
v 0.3831 219.366 0.9384
v 0.2134 219.204 1.1108
v 0.089 219.034 1.3206
v 0.0182 218.859 1.5551
v 1.6943 219.987 1.0312
v 1.5441 219.948 0.8868
v 1.3566 219.885 0.7791
v 1.1419 219.798 0.7177
v 0.9128 219.689 0.7095
v 0.6836 219.561 0.7573
v 0.4689 219.417 0.8604
v 0.2829 219.259 1.0139
v 0.1378 219.092 1.2093
v 0.0433 218.918 1.435
v 1.751 219.994 1.0841
v 1.8 219.994 1.0824
v 1.6186 219.964 0.9271
v 1.4453 219.909 0.8019
v 1.2401 219.829 0.7195
v 1.015 219.728 0.6879
v 0.7836 219.606 0.7117
v 0.5606 219.467 0.7917
v 0.3605 219.313 0.9246
v 0.1964 219.148 1.1035
v 0.0793 218.976 1.3179
v 1.6864 219.977 0.9737
v 1.5291 219.93 0.833
v 1.3356 219.858 0.7308
v 1.1168 219.764 0.6766
v 0.8859 219.649 0.6764
v 0.6571 219.515 0.7326
v 0.4452 219.366 0.8437
v 0.2641 219.204 1.0042
v 0.1257 219.034 1.2049
v 0.0391 218.859 1.4341
v 1.747 219.987 1.0257
v 1.8 219.987 1.0239
v 1.6071 219.948 0.8715
v 1.4273 219.885 0.7512
v 1.2172 219.798 0.6753
v 0.9893 219.689 0.6514
v 0.7573 219.561 0.6836
v 0.5362 219.417 0.7718
v 0.3401 219.259 0.9122
v 0.182 219.092 1.0972
v 0.0723 218.918 1.3159
v 1.6786 219.964 0.9167
v 1.5142 219.909 0.7801
v 1.3152 219.829 0.6838
v 1.0927 219.728 0.6369
v 0.8602 219.606 0.6449
v 0.6323 219.467 0.7094
v 0.4236 219.313 0.8284
v 0.2477 219.148 0.9957
v 0.1162 218.976 1.2016
v 1.7431 219.977 0.9678
v 1.8 219.977 0.9659
v 1.5957 219.93 0.8167
v 1.4096 219.858 0.7016
v 1.1951 219.764 0.6326
v 0.9647 219.649 0.6166
v 0.7326 219.515 0.6571
v 0.5136 219.366 0.7535
v 0.322 219.204 0.9012
v 0.1702 219.034 1.0921
v 0.0681 218.859 1.3148
v 1.6709 219.948 0.8605
v 1.4997 219.885 0.7282
v 1.2954 219.798 0.6382
v 1.0695 219.689 0.5988
v 0.8359 219.561 0.615
v 0.6093 219.417 0.6879
v 0.4041 219.259 0.8147
v 0.2337 219.092 0.9884
v 0.1094 218.918 1.1992
v 1.7392 219.964 0.9105
v 1.8 219.964 0.9084
v 1.5845 219.909 0.7629
v 1.3925 219.829 0.6533
v 1.1737 219.728 0.5913
v 0.9412 219.606 0.5834
v 0.7094 219.467 0.6323
v 0.4931 219.313 0.7368
v 0.3062 219.148 0.8916
v 0.1609 218.976 1.0881
v 1.6633 219.93 0.8051
v 1.4855 219.858 0.6776
v 1.2762 219.764 0.594
v 1.0474 219.649 0.5623
v 0.8131 219.515 0.5869
v 0.5881 219.366 0.6681
v 0.3868 219.204 0.8024
v 0.2223 219.034 0.9825
v 0.1053 218.859 1.1977
v 1.7353 219.948 0.8539
v 1.8 219.948 0.8517
v 1.5735 219.885 0.7102
v 1.3758 219.798 0.6065
v 1.1532 219.689 0.5517
v 0.9191 219.561 0.552
v 0.6879 219.417 0.6093
v 0.4746 219.259 0.7217
v 0.2928 219.092 0.8834
v 0.1543 218.918 1.0852
v 1.6558 219.909 0.7506
v 1.4717 219.829 0.6282
v 1.2577 219.728 0.5514
v 1.0263 219.606 0.5276
v 0.7917 219.467 0.5606
v 0.5687 219.313 0.65
v 0.3717 219.148 0.7918
v 0.2133 218.976 0.9779
v 1.7315 219.93 0.7981
v 1.8 219.93 0.7957
v 1.8 219.909 0.7408
v 1.5628 219.858 0.6587
v 1.3597 219.764 0.5611
v 1.1336 219.649 0.5139
v 0.8982 219.515 0.5224
v 0.6681 219.366 0.5881
v 0.4581 219.204 0.7083
v 0.2817 219.034 0.8767
v 0.1503 218.859 1.0835
v 1.6484 219.885 0.6973
v 1.4583 219.798 0.5803
v 1.2399 219.689 0.5105
v 1.0063 219.561 0.4948
v 0.7718 219.417 0.5362
v 0.5513 219.259 0.6338
v 0.3588 219.092 0.7827
v 0.2069 218.918 0.9745
v 1.7277 219.909 0.7432
v 1.5524 219.829 0.6085
v 1.3441 219.728 0.5173
v 1.1149 219.606 0.4778
v 0.8786 219.467 0.4947
v 0.65 219.313 0.5687
v 0.4438 219.148 0.6967
v 0.2731 218.976 0.8715
v 1.6413 219.858 0.6452
v 1.4453 219.764 0.5339
v 1.2229 219.649 0.4714
v 0.9874 219.515 0.4638
v 0.7535 219.366 0.5136
v 0.5358 219.204 0.6193
v 0.3483 219.034 0.7753
v 0.2031 218.859 0.9725
v 1.724 219.885 0.6895
v 1.8 219.885 0.6869
v 1.5423 219.798 0.5598
v 1.3292 219.689 0.4753
v 1.0972 219.561 0.4437
v 0.8604 219.417 0.4689
v 0.6338 219.259 0.5513
v 0.4316 219.092 0.6867
v 0.267 218.918 0.8678
v 1.6343 219.829 0.5944
v 1.4327 219.728 0.4892
v 1.2067 219.606 0.4341
v 0.9698 219.467 0.4348
v 0.7368 219.313 0.4931
v 0.5223 219.148 0.6067
v 0.3401 218.976 0.7695
v 1.7205 219.858 0.637
v 1.8 219.858 0.6343
v 1.8 219.829 0.5831
v 1.5325 219.764 0.5127
v 1.3149 219.649 0.4351
v 1.0805 219.515 0.4115
v 0.8437 219.366 0.4452
v 0.6193 219.204 0.5358
v 0.4216 219.034 0.6786
v 0.2633 218.859 0.8655
v 1.6275 219.798 0.5451
v 1.4207 219.689 0.4463
v 1.1914 219.561 0.3989
v 0.9535 219.417 0.4079
v 0.7217 219.259 0.4746
v 0.5108 219.092 0.596
v 0.3342 218.918 0.7653
v 1.717 219.829 0.5859
v 1.8 219.798 0.5333
v 1.523 219.728 0.4672
v 1.3013 219.606 0.3968
v 1.0649 219.467 0.3814
v 0.8284 219.313 0.4236
v 0.6067 219.148 0.5223
v 0.4138 218.976 0.6722
v 1.621 219.764 0.4974
v 1.4092 219.649 0.4052
v 1.177 219.515 0.3656
v 0.9384 219.366 0.3831
v 0.7083 219.204 0.4581
v 0.5013 219.034 0.5871
v 0.3306 218.859 0.7628
v 1.7136 219.798 0.5363
v 1.514 219.689 0.4235
v 1.2884 219.561 0.3606
v 1.0504 219.417 0.3534
v 0.8147 219.259 0.4041
v 0.596 219.092 0.5108
v 0.4082 218.918 0.6677
v 1.6146 219.728 0.4514
v 1.3982 219.606 0.3661
v 1.1634 219.467 0.3345
v 0.9246 219.313 0.3605
v 0.6967 219.148 0.4438
v 0.494 218.976 0.5803
v 1.7103 219.764 0.4882
v 1.8 219.764 0.4852
v 1.8 219.728 0.4387
v 1.5053 219.649 0.3818
v 1.2763 219.515 0.3264
v 1.0371 219.366 0.3276
v 0.8024 219.204 0.3868
v 0.5871 219.034 0.5013
v 0.4048 218.859 0.665
v 1.6086 219.689 0.4072
v 1.3879 219.561 0.329
v 1.1509 219.417 0.3056
v 0.9122 219.259 0.3401
v 0.6867 219.092 0.4316
v 0.4887 218.918 0.5753
v 1.7071 219.728 0.4419
v 1.497 219.606 0.342
v 1.2649 219.467 0.2945
v 1.0249 219.313 0.3041
v 0.7918 219.148 0.3717
v 0.5803 218.976 0.494
v 1.6028 219.649 0.365
v 1.3781 219.515 0.2941
v 1.1393 219.366 0.279
v 0.9012 219.204 0.322
v 0.6786 219.034 0.4216
v 0.4856 218.859 0.5724
v 1.7041 219.689 0.3974
v 1.8 219.689 0.3941
v 1.8 219.649 0.3515
v 1.4892 219.561 0.3043
v 1.2544 219.417 0.2648
v 1.0139 219.259 0.2829
v 0.7827 219.092 0.3588
v 0.5753 218.918 0.4887
v 1.5972 219.606 0.3247
v 1.3689 219.467 0.2615
v 1.1288 219.313 0.2547
v 0.8916 219.148 0.3062
v 0.6722 218.976 0.4138
v 1.7011 219.649 0.3548
v 1.8 219.606 0.3109
v 1.4818 219.515 0.2689
v 1.2447 219.366 0.2374
v 1.0042 219.204 0.2641
v 0.7753 219.034 0.3483
v 0.5724 218.859 0.4856
v 1.592 219.561 0.2866
v 1.3604 219.417 0.2311
v 1.1193 219.259 0.2328
v 0.8834 219.092 0.2928
v 0.6677 218.918 0.4082
v 1.6984 219.606 0.3143
v 1.4749 219.467 0.2357
v 1.2358 219.313 0.2125
v 0.9957 219.148 0.2477
v 0.7695 218.976 0.3401
v 1.5871 219.515 0.2507
v 1.3526 219.366 0.2032
v 1.1108 219.204 0.2134
v 0.8767 219.034 0.2817
v 0.665 218.859 0.4048
v 1.6958 219.561 0.2759
v 1.8 219.561 0.2724
v 1.4685 219.417 0.2048
v 1.2278 219.259 0.19
v 0.9884 219.092 0.2337
v 0.7653 218.918 0.3342
v 1.5824 219.467 0.2171
v 1.3454 219.313 0.1777
v 1.1035 219.148 0.1964
v 0.8715 218.976 0.2731
v 1.6933 219.515 0.2398
v 1.8 219.515 0.2362
v 1.4626 219.366 0.1764
v 1.2207 219.204 0.17
v 0.9825 219.034 0.2223
v 0.7628 218.859 0.3306
v 1.5781 219.417 0.1859
v 1.339 219.259 0.1547
v 1.0972 219.092 0.182
v 0.8678 218.918 0.267
v 1.691 219.467 0.206
v 1.8 219.467 0.2022
v 1.4572 219.313 0.1505
v 1.2145 219.148 0.1526
v 0.9779 218.976 0.2133
v 1.5742 219.366 0.1571
v 1.3333 219.204 0.1343
v 1.0921 219.034 0.1702
v 0.8655 218.859 0.2633
v 1.6888 219.417 0.1745
v 1.8 219.417 0.1707
v 1.8 219.366 0.1417
v 1.4524 219.259 0.1271
v 1.2093 219.092 0.1378
v 0.9745 218.918 0.2069
v 1.5706 219.313 0.1309
v 1.3283 219.148 0.1165
v 1.0881 218.976 0.1609
v 1.6868 219.366 0.1456
v 1.8 219.313 0.1152
v 1.4481 219.204 0.1063
v 1.2049 219.034 0.1257
v 0.9725 218.859 0.2031
v 1.5673 219.259 0.1073
v 1.3241 219.092 0.1014
v 1.0852 218.918 0.1543
v 1.685 219.313 0.1191
v 1.4443 219.148 0.0882
v 1.2016 218.976 0.1162
v 1.5645 219.204 0.0863
v 1.3206 219.034 0.089
v 1.0835 218.859 0.1503
v 1.6834 219.259 0.0953
v 1.8 219.259 0.0913
v 1.8 219.204 0.0701
v 1.4411 219.092 0.0729
v 1.1992 218.918 0.1094
v 1.5619 219.148 0.068
v 1.3179 218.976 0.0793
v 1.682 219.204 0.0742
v 1.4385 219.034 0.0602
v 1.1977 218.859 0.1053
v 1.5598 219.092 0.0524
v 1.3159 218.918 0.0723
v 1.6807 219.148 0.0557
v 1.8 219.148 0.0517
v 1.4364 218.976 0.0504
v 1.558 219.034 0.0396
v 1.3148 218.859 0.0681
v 1.6796 219.092 0.0401
v 1.8 219.092 0.036
v 1.8 219.034 0.0231
v 1.435 218.918 0.0433
v 1.5567 218.976 0.0296
v 1.6787 219.034 0.0272
v 1.4341 218.859 0.0391
v 1.5557 218.918 0.0225
v 1.6781 218.976 0.0172
v 1.8 218.976 0.013
v 1.5551 218.859 0.0182
v 1.6776 218.918 0.01
v 1.8 218.918 0.0058
v 1.6773 218.859 0.0056
v 153.2 218.8 -0
v 153.2 -1.8 -0
v 1.7651 -3 94.799
v 1.8 -3 94.8
v 1.8 -2.9986 94.8589
v 1.8 -1.8589 95.9986
v 1.201 -3 94.2349
v 1.755 -2.9986 94.8573
v 1.7303 -3 94.7959
v 1.751 -2.9942 94.9159
v 1.8 -2.9942 94.9176
v 1.7103 -2.9986 94.8527
v 1.6958 -3 94.7909
v 1.747 -2.987 94.9743
v 1.8 -2.987 94.9761
v 1.7023 -2.9942 94.9109
v 1.6659 -2.9986 94.8451
v 1.6616 -3 94.7838
v 1.7431 -2.9769 95.0322
v 1.8 -2.9769 95.0341
v 1.6943 -2.987 94.9688
v 1.654 -2.9942 94.9026
v 1.7392 -2.964 95.0895
v 1.8 -2.964 95.0916
v 1.6222 -2.9986 94.8344
v 1.6279 -3 94.7748
v 1.6864 -2.9769 95.0263
v 1.6421 -2.987 94.9598
v 1.7353 -2.9483 95.1461
v 1.8 -2.9483 95.1483
v 1.6064 -2.9942 94.891
v 1.6786 -2.964 95.0833
v 1.5794 -2.9986 94.8208
v 1.5948 -3 94.7638
v 1.6303 -2.9769 95.0167
v 1.7315 -2.9299 95.2019
v 1.8 -2.9299 95.2043
v 1.5906 -2.987 94.9473
v 1.6709 -2.9483 95.1395
v 1.5597 -2.9942 94.8762
v 1.6186 -2.964 95.0729
v 1.7277 -2.9087 95.2568
v 1.8 -2.9087 95.2592
v 1.5375 -2.9986 94.8043
v 1.5624 -3 94.7509
v 1.5307 -3 94.7362
v 1.575 -2.9769 95.0032
v 1.6633 -2.9299 95.1949
v 1.5401 -2.987 94.9313
v 1.6071 -2.9483 95.1285
v 1.724 -2.8848 95.3105
v 1.8 -2.8848 95.3131
v 1.5141 -2.9942 94.8582
v 1.5595 -2.964 95.0585
v 1.6558 -2.9087 95.2494
v 1.4969 -2.9986 94.785
v 1.5 -3 94.7196
v 1.5207 -2.9769 94.9859
v 1.5957 -2.9299 95.1833
v 1.7205 -2.8583 95.363
v 1.8 -2.8583 95.3657
v 1.4908 -2.987 94.9118
v 1.5441 -2.9483 95.1132
v 1.6484 -2.8848 95.3027
v 1.4698 -2.9942 94.8372
v 1.5014 -2.964 95.0401
v 1.5845 -2.9087 95.2371
v 1.717 -2.8293 95.4141
v 1.8 -2.8293 95.4169
v 1.4577 -2.9986 94.763
v 1.4703 -3 94.7013
v 1.4677 -2.9769 94.9651
v 1.5291 -2.9299 95.167
v 1.6413 -2.8583 95.3548
v 1.443 -2.987 94.8891
v 1.4824 -2.9483 95.0936
v 1.5735 -2.8848 95.2898
v 1.7136 -2.7978 95.4637
v 1.8 -2.7978 95.4667
v 1.4271 -2.9942 94.8131
v 1.4448 -2.964 95.0178
v 1.5142 -2.9087 95.2199
v 1.6343 -2.8293 95.4056
v 1.42 -2.9986 94.7383
v 1.4417 -3 94.6813
v 1.4163 -2.9769 94.9406
v 1.4637 -2.9299 95.1463
v 1.5628 -2.8583 95.3413
v 1.7103 -2.7638 95.5118
v 1.8 -2.7638 95.5148
v 1.3968 -2.987 94.8631
v 1.4222 -2.9483 95.0698
v 1.4997 -2.8848 95.2718
v 1.6275 -2.7978 95.4549
v 1.3862 -2.9942 94.7863
v 1.3898 -2.964 94.9916
v 1.4453 -2.9087 95.1981
v 1.5524 -2.8293 95.3915
v 1.7071 -2.7276 95.5581
v 1.8 -2.7276 95.5613
v 1.3842 -2.9986 94.7111
v 1.4143 -3 94.6596
v 1.3666 -2.9769 94.9127
v 1.3999 -2.9299 95.1211
v 1.4855 -2.8583 95.3224
v 1.621 -2.7638 95.5026
v 1.3525 -2.987 94.834
v 1.3637 -2.9483 95.042
v 1.4273 -2.8848 95.2488
v 1.5423 -2.7978 95.4402
v 1.7041 -2.6891 95.6026
v 1.8 -2.6891 95.6059
v 1.3471 -2.9942 94.7567
v 1.3368 -2.964 94.9618
v 1.378 -2.9087 95.1715
v 1.4717 -2.8293 95.3718
v 1.6146 -2.7276 95.5486
v 1.3503 -2.9986 94.6815
v 1.3883 -3 94.6364
v 1.319 -2.9769 94.8814
v 1.338 -2.9299 95.0917
v 1.4096 -2.8583 95.2984
v 1.5325 -2.7638 95.4873
v 1.7011 -2.6485 95.6452
v 1.8 -2.6485 95.6485
v 1.3102 -2.987 94.802
v 1.3073 -2.9483 95.0103
v 1.3566 -2.8848 95.2209
v 1.4583 -2.7978 95.4197
v 1.6086 -2.6891 95.5928
v 1.3102 -2.9942 94.7245
v 1.2858 -2.964 94.9284
v 1.3127 -2.9087 95.1405
v 1.3925 -2.8293 95.3467
v 1.523 -2.7276 95.5328
v 1.6984 -2.6059 95.6857
v 1.8 -2.6059 95.6891
v 1.3185 -2.9986 94.6497
v 1.3636 -3 94.6117
v 1.3404 -3 94.5857
v 1.2736 -2.9769 94.847
v 1.2782 -2.9299 95.0581
v 1.3356 -2.8583 95.2692
v 1.4453 -2.7638 95.4661
v 1.6028 -2.6485 95.635
v 1.2703 -2.987 94.7672
v 1.2531 -2.9483 94.9748
v 1.2879 -2.8848 95.1883
v 1.3758 -2.7978 95.3935
v 1.514 -2.6891 95.5765
v 1.6958 -2.5613 95.7241
v 1.8 -2.5613 95.7276
v 1.2755 -2.9942 94.6898
v 1.2373 -2.964 94.8916
v 1.2496 -2.9087 95.105
v 1.3152 -2.8293 95.3162
v 1.4327 -2.7276 95.5108
v 1.5972 -2.6059 95.6753
v 1.2889 -2.9986 94.6158
v 1.3187 -3 94.5583
v 1.2307 -2.9769 94.8096
v 1.2209 -2.9299 95.0205
v 1.2637 -2.8583 95.235
v 1.3597 -2.7638 95.4389
v 1.5053 -2.6485 95.6182
v 1.6933 -2.5148 95.7602
v 1.8 -2.5148 95.7638
v 1.2328 -2.987 94.7297
v 1.2015 -2.9483 94.9356
v 1.2217 -2.8848 95.151
v 1.2954 -2.7978 95.3618
v 1.4207 -2.6891 95.5537
v 1.592 -2.5613 95.7134
v 1.2433 -2.9942 94.6529
v 1.1915 -2.964 94.8516
v 1.1892 -2.9087 95.0654
v 1.2401 -2.8293 95.2805
v 1.3441 -2.7276 95.4827
v 1.497 -2.6059 95.658
v 1.691 -2.4667 95.794
v 1.8 -2.4667 95.7978
v 1.2617 -2.9986 94.58
v 1.2987 -3 94.5297
v 1.1904 -2.9769 94.7693
v 1.1662 -2.9299 94.979
v 1.1943 -2.8583 95.196
v 1.2762 -2.7638 95.406
v 1.4092 -2.6485 95.5948
v 1.5871 -2.5148 95.7493
v 1.198 -2.987 94.6898
v 1.1527 -2.9483 94.8931
v 1.1581 -2.8848 95.1093
v 1.2172 -2.7978 95.3247
v 1.3292 -2.6891 95.5247
v 1.4892 -2.5613 95.6957
v 1.6888 -2.4169 95.8255
v 1.8 -2.4169 95.8293
v 1.2137 -2.9942 94.6138
v 1.1484 -2.964 94.8085
v 1.1315 -2.9087 95.0216
v 1.1677 -2.8293 95.2398
v 1.2577 -2.7276 95.4486
v 1.3982 -2.6059 95.6339
v 1.5824 -2.4667 95.7829
v 1.237 -2.9986 94.5423
v 1.2804 -3 94.5
v 1.153 -2.9769 94.7264
v 1.1145 -2.9299 94.934
v 1.1278 -2.8583 95.1523
v 1.1951 -2.7638 95.3674
v 1.3149 -2.6485 95.5649
v 1.4818 -2.5148 95.7311
v 1.6868 -2.3657 95.8544
v 1.8 -2.3657 95.8583
v 1.166 -2.987 94.6475
v 1.1069 -2.9483 94.8473
v 1.0976 -2.8848 95.0634
v 1.1419 -2.7978 95.2823
v 1.2399 -2.6891 95.4895
v 1.3879 -2.5613 95.671
v 1.5781 -2.4169 95.8141
v 1.1869 -2.9942 94.5729
v 1.1084 -2.964 94.7627
v 1.077 -2.9087 94.9741
v 1.0982 -2.8293 95.1942
v 1.1737 -2.7276 95.4087
v 1.3013 -2.6059 95.6032
v 1.4749 -2.4667 95.7643
v 1.685 -2.3131 95.8809
v 1.8 -2.3131 95.8848
v 1.215 -2.9986 94.5031
v 1.2638 -3 94.4693
v 1.1186 -2.9769 94.681
v 1.066 -2.9299 94.8855
v 1.0644 -2.8583 95.1042
v 1.1168 -2.7638 95.3234
v 1.2229 -2.6485 95.5286
v 1.3781 -2.5148 95.7059
v 1.5742 -2.3657 95.8429
v 1.1369 -2.987 94.6032
v 1.0644 -2.9483 94.7985
v 1.0403 -2.8848 95.0135
v 1.0695 -2.7978 95.2348
v 1.1532 -2.6891 95.4483
v 1.2884 -2.5613 95.6394
v 1.4685 -2.4169 95.7952
v 1.6834 -2.2592 95.9047
v 1.8 -2.2592 95.9087
v 1.1628 -2.9942 94.5302
v 1.0716 -2.964 94.7142
v 1.0259 -2.9087 94.923
v 1.032 -2.8293 95.144
v 1.0927 -2.7276 95.3631
v 1.2067 -2.6059 95.5659
v 1.3689 -2.4667 95.7385
v 1.5706 -2.3131 95.8691
v 1.1957 -2.9986 94.4625
v 1.2491 -3 94.4376
v 1.2362 -3 94.4052
v 1.0873 -2.9769 94.6334
v 1.021 -2.9299 94.8338
v 1.0044 -2.8583 95.0519
v 1.0418 -2.7638 95.2742
v 1.1336 -2.6485 95.4861
v 1.2763 -2.5148 95.6736
v 1.4626 -2.3657 95.8236
v 1.682 -2.2043 95.9258
v 1.8 -2.2043 95.9299
v 1.1109 -2.987 94.557
v 1.0252 -2.9483 94.7469
v 0.9865 -2.8848 94.9597
v 1.0006 -2.7978 95.1826
v 1.0695 -2.6891 95.4012
v 1.1914 -2.5613 95.6011
v 1.3604 -2.4169 95.7689
v 1.5673 -2.2592 95.8927
v 1.1418 -2.9942 94.4859
v 1.0382 -2.964 94.6632
v 0.9784 -2.9087 94.8685
v 0.9694 -2.8293 95.0894
v 1.015 -2.7276 95.3121
v 1.1149 -2.6059 95.5222
v 1.2649 -2.4667 95.7055
v 1.4572 -2.3131 95.8495
v 1.6807 -2.1483 95.9443
v 1.8 -2.1483 95.9483
v 1.1792 -2.9986 94.4206
v 1.2252 -3 94.3721
v 1.0594 -2.9769 94.5837
v 0.9795 -2.9299 94.7791
v 0.9481 -2.8583 94.9956
v 0.9702 -2.7638 95.2199
v 1.0474 -2.6485 95.4377
v 1.177 -2.5148 95.6344
v 1.3526 -2.3657 95.7968
v 1.5645 -2.2043 95.9137
v 1.0882 -2.987 94.5092
v 0.9897 -2.9483 94.6927
v 0.9366 -2.8848 94.9024
v 0.9354 -2.7978 95.1257
v 0.9893 -2.6891 95.3486
v 1.0972 -2.5613 95.5563
v 1.2544 -2.4169 95.7352
v 1.4524 -2.2592 95.8729
v 1.6796 -2.0916 95.9599
v 1.8 -2.0916 95.964
v 1.1238 -2.9942 94.4403
v 1.0084 -2.964 94.6102
v 0.9346 -2.9087 94.8108
v 0.9106 -2.8293 95.0306
v 0.9409 -2.7276 95.256
v 1.0263 -2.6059 95.4724
v 1.1634 -2.4667 95.6655
v 1.3454 -2.3131 95.8223
v 1.5619 -2.1483 95.932
v 1.1656 -2.9986 94.3778
v 1.2162 -3 94.3384
v 1.0349 -2.9769 94.5323
v 0.9419 -2.9299 94.7218
v 0.8958 -2.8583 94.9356
v 0.9026 -2.7638 95.1609
v 0.9647 -2.6485 95.3834
v 1.0805 -2.5148 95.5885
v 1.2447 -2.3657 95.7626
v 1.4481 -2.2043 95.8937
v 1.6787 -2.0341 95.9728
v 1.8 -2.0341 95.9769
v 1.0687 -2.987 94.4599
v 0.958 -2.9483 94.6363
v 0.8907 -2.8848 94.8419
v 0.8743 -2.7978 95.0646
v 0.9128 -2.6891 95.2905
v 1.0063 -2.5613 95.5052
v 1.1509 -2.4169 95.6944
v 1.339 -2.2592 95.8453
v 1.5598 -2.0916 95.9476
v 1.109 -2.9942 94.3936
v 0.9822 -2.964 94.5552
v 0.895 -2.9087 94.7504
v 0.856 -2.8293 94.968
v 0.8709 -2.7276 95.1949
v 0.9412 -2.6059 95.4166
v 1.0649 -2.4667 95.6186
v 1.2358 -2.3131 95.7875
v 1.4443 -2.1483 95.9118
v 1.6781 -1.9761 95.9828
v 1.8 -1.9761 95.987
v 1.1549 -2.9986 94.3341
v 1.2091 -3 94.3042
v 1.0141 -2.9769 94.4793
v 0.9083 -2.9299 94.662
v 0.8477 -2.8583 94.8722
v 0.8391 -2.7638 95.0974
v 0.8859 -2.6485 95.3236
v 0.9874 -2.5148 95.5362
v 1.1393 -2.3657 95.721
v 1.3333 -2.2043 95.8657
v 1.558 -2.0341 95.9604
v 1.0527 -2.987 94.4094
v 0.9302 -2.9483 94.5778
v 0.849 -2.8848 94.7783
v 0.8174 -2.7978 94.9994
v 0.8404 -2.6891 95.2275
v 0.9191 -2.5613 95.448
v 1.0504 -2.4169 95.6466
v 1.2278 -2.2592 95.81
v 1.4411 -2.0916 95.9271
v 1.6776 -1.9176 95.99
v 1.8 -1.9176 95.9942
v 1.0974 -2.9942 94.346
v 0.9599 -2.964 94.4986
v 0.8595 -2.9087 94.6873
v 0.8058 -2.8293 94.9018
v 0.8051 -2.7276 95.1291
v 0.8602 -2.6059 95.3551
v 0.9698 -2.4667 95.5652
v 1.1288 -2.3131 95.7453
v 1.3283 -2.1483 95.8835
v 1.5567 -1.9761 95.9704
v 1.1473 -2.9986 94.2897
v 1.2041 -3 94.2697
v 0.9968 -2.9769 94.425
v 0.8789 -2.9299 94.6001
v 0.804 -2.8583 94.8057
v 0.7801 -2.7638 95.0298
v 0.8113 -2.6485 95.2586
v 0.8982 -2.5148 95.4776
v 1.0371 -2.3657 95.6724
v 1.2207 -2.2043 95.83
v 1.4385 -2.0341 95.9398
v 1.6773 -1.8589 95.9944
v 1.0402 -2.987 94.3579
v 0.9064 -2.9483 94.5176
v 0.8117 -2.8848 94.7121
v 0.7652 -2.7978 94.9305
v 0.7725 -2.6891 95.1596
v 0.8359 -2.5613 95.385
v 0.9535 -2.4169 95.5921
v 1.1193 -2.2592 95.7672
v 1.3241 -2.0916 95.8986
v 1.5557 -1.9176 95.9775
v 1.0891 -2.9942 94.2977
v 0.9415 -2.964 94.4405
v 0.8285 -2.9087 94.622
v 0.7602 -2.8293 94.8323
v 0.744 -2.7276 95.0591
v 0.7836 -2.6059 95.2883
v 0.8786 -2.4667 95.5053
v 1.0249 -2.3131 95.6959
v 1.2145 -2.1483 95.8474
v 1.4364 -1.9761 95.9496
v 1.1427 -2.9986 94.245
v 0.9833 -2.9769 94.3697
v 0.8537 -2.9299 94.5363
v 0.765 -2.8583 94.7363
v 0.7258 -2.7638 94.9582
v 0.7414 -2.6485 95.1887
v 0.8131 -2.5148 95.4131
v 0.9384 -2.3657 95.6169
v 1.1108 -2.2043 95.7866
v 1.3206 -2.0341 95.911
v 1.5551 -1.8589 95.9818
v 1.0312 -2.987 94.3057
v 0.8868 -2.9483 94.4559
v 0.7791 -2.8848 94.6434
v 0.7177 -2.7978 94.8581
v 0.7095 -2.6891 95.0872
v 0.7573 -2.5613 95.3164
v 0.8604 -2.4169 95.5311
v 1.0139 -2.2592 95.7171
v 1.2093 -2.0916 95.8622
v 1.435 -1.9176 95.9567
v 1.0841 -2.9942 94.249
v 0.9271 -2.964 94.3814
v 0.8019 -2.9087 94.5547
v 0.7195 -2.8293 94.7599
v 0.6879 -2.7276 94.985
v 0.7117 -2.6059 95.2164
v 0.7917 -2.4667 95.4394
v 0.9246 -2.3131 95.6395
v 1.1035 -2.1483 95.8036
v 1.3179 -1.9761 95.9207
v 0.9737 -2.9769 94.3136
v 0.833 -2.9299 94.4709
v 0.7308 -2.8583 94.6644
v 0.6766 -2.7638 94.8832
v 0.6764 -2.6485 95.1141
v 0.7326 -2.5148 95.3429
v 0.8437 -2.3657 95.5548
v 1.0042 -2.2043 95.7359
v 1.2049 -2.0341 95.8743
v 1.4341 -1.8589 95.9609
v 1.0257 -2.987 94.253
v 0.8715 -2.9483 94.3929
v 0.7512 -2.8848 94.5727
v 0.6753 -2.7978 94.7828
v 0.6514 -2.6891 95.0107
v 0.6836 -2.5613 95.2427
v 0.7718 -2.4169 95.4638
v 0.9122 -2.2592 95.6599
v 1.0972 -2.0916 95.818
v 1.3159 -1.9176 95.9277
v 0.9167 -2.964 94.3214
v 0.7801 -2.9087 94.4858
v 0.6838 -2.8293 94.6848
v 0.6369 -2.7276 94.9073
v 0.6449 -2.6059 95.1398
v 0.7094 -2.4667 95.3677
v 0.8284 -2.3131 95.5764
v 0.9957 -2.1483 95.7523
v 1.2016 -1.9761 95.8838
v 0.9678 -2.9769 94.2569
v 0.8167 -2.9299 94.4043
v 0.7016 -2.8583 94.5904
v 0.6326 -2.7638 94.8049
v 0.6166 -2.6485 95.0353
v 0.6571 -2.5148 95.2674
v 0.7535 -2.3657 95.4864
v 0.9012 -2.2043 95.678
v 1.0921 -2.0341 95.8298
v 1.3148 -1.8589 95.9319
v 0.8605 -2.9483 94.3291
v 0.7282 -2.8848 94.5003
v 0.6382 -2.7978 94.7046
v 0.5988 -2.6891 94.9305
v 0.615 -2.5613 95.1641
v 0.6879 -2.4169 95.3907
v 0.8147 -2.2592 95.5959
v 0.9884 -2.0916 95.7663
v 1.1992 -1.9176 95.8906
v 0.9105 -2.964 94.2608
v 0.7629 -2.9087 94.4155
v 0.6533 -2.8293 94.6075
v 0.5913 -2.7276 94.8263
v 0.5834 -2.6059 95.0588
v 0.6323 -2.4667 95.2906
v 0.7368 -2.3131 95.5069
v 0.8916 -2.1483 95.6938
v 1.0881 -1.9761 95.8391
v 0.8051 -2.9299 94.3367
v 0.6776 -2.8583 94.5145
v 0.594 -2.7638 94.7238
v 0.5623 -2.6485 94.9526
v 0.5869 -2.5148 95.1869
v 0.6681 -2.3657 95.4119
v 0.8024 -2.2043 95.6132
v 0.9825 -2.0341 95.7777
v 1.1977 -1.8589 95.8947
v 0.8539 -2.9483 94.2647
v 0.7102 -2.8848 94.4265
v 0.6065 -2.7978 94.6242
v 0.5517 -2.6891 94.8468
v 0.552 -2.5613 95.0809
v 0.6093 -2.4169 95.3121
v 0.7217 -2.2592 95.5254
v 0.8834 -2.0916 95.7072
v 1.0852 -1.9176 95.8457
v 0.7506 -2.9087 94.3442
v 0.6282 -2.8293 94.5283
v 0.5514 -2.7276 94.7423
v 0.5276 -2.6059 94.9737
v 0.5606 -2.4667 95.2083
v 0.65 -2.3131 95.4313
v 0.7918 -2.1483 95.6283
v 0.9779 -1.9761 95.7867
v 0.7981 -2.9299 94.2685
v 0.6587 -2.8583 94.4372
v 0.5611 -2.7638 94.6403
v 0.5139 -2.6485 94.8664
v 0.5224 -2.5148 95.1018
v 0.5881 -2.3657 95.3319
v 0.7083 -2.2043 95.5419
v 0.8767 -2.0341 95.7183
v 1.0835 -1.8589 95.8497
v 0.6973 -2.8848 94.3516
v 0.5803 -2.7978 94.5417
v 0.5105 -2.6891 94.7601
v 0.4948 -2.5613 94.9937
v 0.5362 -2.4169 95.2282
v 0.6338 -2.2592 95.4487
v 0.7827 -2.0916 95.6412
v 0.9745 -1.9176 95.7931
v 0.7432 -2.9087 94.2723
v 0.6085 -2.8293 94.4476
v 0.5173 -2.7276 94.6559
v 0.4778 -2.6059 94.8851
v 0.4947 -2.4667 95.1214
v 0.5687 -2.3131 95.35
v 0.6967 -2.1483 95.5562
v 0.8715 -1.9761 95.7269
v 0.6452 -2.8583 94.3587
v 0.5339 -2.7638 94.5547
v 0.4714 -2.6485 94.7771
v 0.4638 -2.5148 95.0126
v 0.5136 -2.3657 95.2465
v 0.6193 -2.2043 95.4642
v 0.7753 -2.0341 95.6517
v 0.9725 -1.8589 95.7969
v 0.6895 -2.8848 94.276
v 0.5598 -2.7978 94.4577
v 0.4753 -2.6891 94.6708
v 0.4437 -2.5613 94.9028
v 0.4689 -2.4169 95.1396
v 0.5513 -2.2592 95.3662
v 0.6867 -2.0916 95.5684
v 0.8678 -1.9176 95.733
v 0.5944 -2.8293 94.3657
v 0.4892 -2.7276 94.5673
v 0.4341 -2.6059 94.7933
v 0.4348 -2.4667 95.0302
v 0.4931 -2.3131 95.2632
v 0.6067 -2.1483 95.4777
v 0.7695 -1.9761 95.6599
v 0.637 -2.8583 94.2795
v 0.5127 -2.7638 94.4675
v 0.4351 -2.6485 94.6851
v 0.4115 -2.5148 94.9195
v 0.4452 -2.3657 95.1563
v 0.5358 -2.2043 95.3807
v 0.6786 -2.0341 95.5784
v 0.8655 -1.8589 95.7367
v 0.5451 -2.7978 94.3725
v 0.4463 -2.6891 94.5793
v 0.3989 -2.5613 94.8086
v 0.4079 -2.4169 95.0465
v 0.4746 -2.2592 95.2783
v 0.596 -2.0916 95.4892
v 0.7653 -1.9176 95.6658
v 0.5859 -2.8293 94.283
v 0.4672 -2.7276 94.477
v 0.3968 -2.6059 94.6987
v 0.3814 -2.4667 94.9351
v 0.4236 -2.3131 95.1716
v 0.5223 -2.1483 95.3933
v 0.6722 -1.9761 95.5862
v 0.4974 -2.7638 94.379
v 0.4052 -2.6485 94.5908
v 0.3656 -2.5148 94.823
v 0.3831 -2.3657 95.0616
v 0.4581 -2.2043 95.2917
v 0.5871 -2.0341 95.4987
v 0.7628 -1.8589 95.6694
v 0.5363 -2.7978 94.2864
v 0.4235 -2.6891 94.486
v 0.3606 -2.5613 94.7116
v 0.3534 -2.4169 94.9496
v 0.4041 -2.2592 95.1853
v 0.5108 -2.0916 95.404
v 0.6677 -1.9176 95.5918
v 0.4514 -2.7276 94.3854
v 0.3661 -2.6059 94.6018
v 0.3345 -2.4667 94.8366
v 0.3605 -2.3131 95.0754
v 0.4438 -2.1483 95.3033
v 0.5803 -1.9761 95.506
v 0.4882 -2.7638 94.2897
v 0.3818 -2.6485 94.4947
v 0.3264 -2.5148 94.7237
v 0.3276 -2.3657 94.9629
v 0.3868 -2.2043 95.1976
v 0.5013 -2.0341 95.4129
v 0.665 -1.8589 95.5952
v 0.4072 -2.6891 94.3914
v 0.329 -2.5613 94.6121
v 0.3056 -2.4169 94.8491
v 0.3401 -2.2592 95.0878
v 0.4316 -2.0916 95.3133
v 0.5753 -1.9176 95.5113
v 0.4419 -2.7276 94.2929
v 0.342 -2.6059 94.503
v 0.2945 -2.4667 94.7351
v 0.3041 -2.3131 94.9751
v 0.3717 -2.1483 95.2082
v 0.494 -1.9761 95.4197
v 0.365 -2.6485 94.3972
v 0.2941 -2.5148 94.6219
v 0.279 -2.3657 94.8607
v 0.322 -2.2043 95.0988
v 0.4216 -2.0341 95.3214
v 0.5724 -1.8589 95.5144
v 0.3974 -2.6891 94.2959
v 0.3043 -2.5613 94.5108
v 0.2648 -2.4169 94.7456
v 0.2829 -2.2592 94.9861
v 0.3588 -2.0916 95.2173
v 0.4887 -1.9176 95.4247
v 0.3247 -2.6059 94.4028
v 0.2615 -2.4667 94.6311
v 0.2547 -2.3131 94.8712
v 0.3062 -2.1483 95.1084
v 0.4138 -1.9761 95.3278
v 0.3548 -2.6485 94.2989
v 0.2689 -2.5148 94.5182
v 0.2374 -2.3657 94.7553
v 0.2641 -2.2043 94.9958
v 0.3483 -2.0341 95.2247
v 0.4856 -1.8589 95.4276
v 0.2866 -2.5613 94.408
v 0.2311 -2.4169 94.6396
v 0.2328 -2.2592 94.8807
v 0.2928 -2.0916 95.1166
v 0.4082 -1.9176 95.3323
v 0.3143 -2.6059 94.3016
v 0.2357 -2.4667 94.5251
v 0.2125 -2.3131 94.7642
v 0.2477 -2.1483 95.0043
v 0.3401 -1.9761 95.2305
v 0.2507 -2.5148 94.4129
v 0.2032 -2.3657 94.6474
v 0.2134 -2.2043 94.8892
v 0.2817 -2.0341 95.1233
v 0.4048 -1.8589 95.335
v 0.2759 -2.5613 94.3042
v 0.2048 -2.4169 94.5315
v 0.19 -2.2592 94.7722
v 0.2337 -2.0916 95.0116
v 0.3342 -1.9176 95.2347
v 0.2171 -2.4667 94.4176
v 0.1777 -2.3131 94.6546
v 0.1964 -2.1483 94.8965
v 0.2731 -1.9761 95.1285
v 0.2398 -2.5148 94.3067
v 0.1764 -2.3657 94.5374
v 0.17 -2.2043 94.7793
v 0.2223 -2.0341 95.0175
v 0.3306 -1.8589 95.2372
v 0.1859 -2.4169 94.4219
v 0.1547 -2.2592 94.661
v 0.182 -2.0916 94.9028
v 0.267 -1.9176 95.1322
v 0.206 -2.4667 94.309
v 0.1505 -2.3131 94.5428
v 0.1526 -2.1483 94.7855
v 0.2133 -1.9761 95.0221
v 0.1571 -2.3657 94.4258
v 0.1343 -2.2043 94.6667
v 0.1702 -2.0341 94.9079
v 0.2633 -1.8589 95.1345
v 0.1745 -2.4169 94.3112
v 0.1271 -2.2592 94.5476
v 0.1378 -2.0916 94.7907
v 0.2069 -1.9176 95.0255
v 0.1309 -2.3131 94.4294
v 0.1165 -2.1483 94.6717
v 0.1609 -1.9761 94.9119
v 0.1456 -2.3657 94.3132
v 0.1063 -2.2043 94.5519
v 0.1257 -2.0341 94.7951
v 0.2031 -1.8589 95.0275
v 0.1073 -2.2592 94.4327
v 0.1014 -2.0916 94.6759
v 0.1543 -1.9176 94.9148
v 0.1191 -2.3131 94.315
v 0.0882 -2.1483 94.5557
v 0.1162 -1.9761 94.7984
v 0.0863 -2.2043 94.4355
v 0.089 -2.0341 94.6794
v 0.1503 -1.8589 94.9165
v 0.0953 -2.2592 94.3166
v 0.0729 -2.0916 94.5589
v 0.1094 -1.9176 94.8008
v 0.068 -2.1483 94.4381
v 0.0793 -1.9761 94.6821
v 0.0742 -2.2043 94.318
v 0.0602 -2.0341 94.5615
v 0.1053 -1.8589 94.8023
v 0.0524 -2.0916 94.4402
v 0.0723 -1.9176 94.6841
v 0.0557 -2.1483 94.3193
v 0.0504 -1.9761 94.5636
v 0.0396 -2.0341 94.442
v 0.0681 -1.8589 94.6852
v 0.0401 -2.0916 94.3204
v 0.0433 -1.9176 94.565
v 0.0296 -1.9761 94.4433
v 0.0272 -2.0341 94.3213
v 0.0391 -1.8589 94.5659
v 0.0225 -1.9176 94.4443
v 0.0172 -1.9761 94.3219
v 0.0182 -1.8589 94.4449
v 0.01 -1.9176 94.3224
v 0.0056 -1.8589 94.3227
v 7 -3 7
v 7 -3 89
v 153.27 -3 1.2041
v 153.2 -3 1.2
v 153.235 -3 1.201
v 153.372 -3 1.2252
v 153.304 -3 1.2091
v 153.338 -3 1.2162
v 153.469 -3 1.2638
v 153.405 -3 1.2362
v 153.438 -3 1.2491
v 153.53 -3 1.2987
v 153.5 -3 1.2804
v 153.586 -3 1.3404
v 153.558 -3 1.3187
v 148 -3 7
v 153.636 -3 1.3883
v 153.612 -3 1.3636
v 153.681 -3 1.4417
v 153.66 -3 1.4143
v 153.72 -3 1.5
v 153.701 -3 1.4703
v 153.736 -3 1.5307
v 153.764 -3 1.5948
v 153.751 -3 1.5624
v 153.784 -3 1.6616
v 153.775 -3 1.6279
v 153.796 -3 1.7303
v 153.791 -3 1.6958
v 153.8 -3 1.8
v 153.799 -3 1.7651
v 153.2 -3 94.8
v 148 -3 89
v 153.8 -3 94.2
v 153.304 -3 94.7909
v 153.27 -3 94.7959
v 153.235 -3 94.799
v 153.784 -3 94.3384
v 153.796 -3 94.2697
v 153.791 -3 94.3042
v 153.775 -3 94.3721
v 153.799 -3 94.2349
v 153.405 -3 94.7638
v 153.372 -3 94.7748
v 153.338 -3 94.7838
v 153.751 -3 94.4376
v 153.764 -3 94.4052
v 153.438 -3 94.7509
v 153.469 -3 94.7362
v 153.5 -3 94.7196
v 153.736 -3 94.4693
v 153.681 -3 94.5583
v 153.72 -3 94.5
v 153.701 -3 94.5297
v 153.558 -3 94.6813
v 153.53 -3 94.7013
v 153.66 -3 94.5857
v 153.612 -3 94.6364
v 153.636 -3 94.6117
v 153.586 -3 94.6596
v 1.7651 220 94.799
v 1.8 219.999 94.8589
v 1.8 220 94.8
v 1.8 218.859 95.9986
v 1.201 220 94.2349
v 1.755 219.999 94.8573
v 1.7303 220 94.7959
v 1.751 219.994 94.9159
v 1.8 219.994 94.9176
v 1.7103 219.999 94.8527
v 1.6958 220 94.7909
v 1.747 219.987 94.9743
v 1.8 219.987 94.9761
v 1.7023 219.994 94.9109
v 1.6659 219.999 94.8451
v 1.6616 220 94.7838
v 1.7431 219.977 95.0322
v 1.8 219.977 95.0341
v 1.6943 219.987 94.9688
v 1.654 219.994 94.9026
v 1.7392 219.964 95.0895
v 1.8 219.964 95.0916
v 1.6222 219.999 94.8344
v 1.6279 220 94.7748
v 1.6864 219.977 95.0263
v 1.6421 219.987 94.9598
v 1.7353 219.948 95.1461
v 1.8 219.948 95.1483
v 1.6064 219.994 94.891
v 1.6786 219.964 95.0833
v 1.5794 219.999 94.8208
v 1.5948 220 94.7638
v 1.6303 219.977 95.0167
v 1.7315 219.93 95.2019
v 1.8 219.93 95.2043
v 1.5906 219.987 94.9473
v 1.6709 219.948 95.1395
v 1.5597 219.994 94.8762
v 1.6186 219.964 95.0729
v 1.7277 219.909 95.2568
v 1.8 219.909 95.2592
v 1.5375 219.999 94.8043
v 1.5624 220 94.7509
v 1.5307 220 94.7362
v 1.575 219.977 95.0032
v 1.6633 219.93 95.1949
v 1.5401 219.987 94.9313
v 1.6071 219.948 95.1285
v 1.724 219.885 95.3105
v 1.8 219.885 95.3131
v 1.5141 219.994 94.8582
v 1.5595 219.964 95.0585
v 1.6558 219.909 95.2494
v 1.4969 219.999 94.785
v 1.5 220 94.7196
v 1.5207 219.977 94.9859
v 1.5957 219.93 95.1833
v 1.7205 219.858 95.363
v 1.8 219.858 95.3657
v 1.4908 219.987 94.9118
v 1.5441 219.948 95.1132
v 1.6484 219.885 95.3027
v 1.4698 219.994 94.8372
v 1.5014 219.964 95.0401
v 1.5845 219.909 95.2371
v 1.717 219.829 95.4141
v 1.8 219.829 95.4169
v 1.4577 219.999 94.763
v 1.4703 220 94.7013
v 1.4677 219.977 94.9651
v 1.5291 219.93 95.167
v 1.6413 219.858 95.3548
v 1.443 219.987 94.8891
v 1.4824 219.948 95.0936
v 1.5735 219.885 95.2898
v 1.7136 219.798 95.4637
v 1.8 219.798 95.4667
v 1.4271 219.994 94.8131
v 1.4448 219.964 95.0178
v 1.5142 219.909 95.2199
v 1.6343 219.829 95.4056
v 1.42 219.999 94.7383
v 1.4417 220 94.6813
v 1.4163 219.977 94.9406
v 1.4637 219.93 95.1463
v 1.5628 219.858 95.3413
v 1.7103 219.764 95.5118
v 1.8 219.764 95.5148
v 1.3968 219.987 94.8631
v 1.4222 219.948 95.0698
v 1.4997 219.885 95.2718
v 1.6275 219.798 95.4549
v 1.3862 219.994 94.7863
v 1.3898 219.964 94.9916
v 1.4453 219.909 95.1981
v 1.5524 219.829 95.3915
v 1.7071 219.728 95.5581
v 1.8 219.728 95.5613
v 1.3842 219.999 94.7111
v 1.4143 220 94.6596
v 1.3666 219.977 94.9127
v 1.3999 219.93 95.1211
v 1.4855 219.858 95.3224
v 1.621 219.764 95.5026
v 1.3525 219.987 94.834
v 1.3637 219.948 95.042
v 1.4273 219.885 95.2488
v 1.5423 219.798 95.4402
v 1.7041 219.689 95.6026
v 1.8 219.689 95.6059
v 1.3471 219.994 94.7567
v 1.3368 219.964 94.9618
v 1.378 219.909 95.1715
v 1.4717 219.829 95.3718
v 1.6146 219.728 95.5486
v 1.3503 219.999 94.6815
v 1.3883 220 94.6364
v 1.3636 220 94.6117
v 1.319 219.977 94.8814
v 1.338 219.93 95.0917
v 1.4096 219.858 95.2984
v 1.5325 219.764 95.4873
v 1.7011 219.649 95.6452
v 1.8 219.649 95.6485
v 1.3102 219.987 94.802
v 1.3073 219.948 95.0103
v 1.3566 219.885 95.2209
v 1.4583 219.798 95.4197
v 1.6086 219.689 95.5928
v 1.3102 219.994 94.7245
v 1.2858 219.964 94.9284
v 1.3127 219.909 95.1405
v 1.3925 219.829 95.3467
v 1.523 219.728 95.5328
v 1.6984 219.606 95.6857
v 1.8 219.606 95.6891
v 1.3185 219.999 94.6497
v 1.3404 220 94.5857
v 1.2736 219.977 94.847
v 1.2782 219.93 95.0581
v 1.3356 219.858 95.2692
v 1.4453 219.764 95.4661
v 1.6028 219.649 95.635
v 1.2703 219.987 94.7672
v 1.2531 219.948 94.9748
v 1.2879 219.885 95.1883
v 1.3758 219.798 95.3935
v 1.514 219.689 95.5765
v 1.6958 219.561 95.7241
v 1.8 219.561 95.7276
v 1.2755 219.994 94.6898
v 1.2373 219.964 94.8916
v 1.2496 219.909 95.105
v 1.3152 219.829 95.3162
v 1.4327 219.728 95.5108
v 1.5972 219.606 95.6753
v 1.2889 219.999 94.6158
v 1.3187 220 94.5583
v 1.2307 219.977 94.8096
v 1.2209 219.93 95.0205
v 1.2637 219.858 95.235
v 1.3597 219.764 95.4389
v 1.5053 219.649 95.6182
v 1.6933 219.515 95.7602
v 1.8 219.515 95.7638
v 1.2328 219.987 94.7297
v 1.2015 219.948 94.9356
v 1.2217 219.885 95.151
v 1.2954 219.798 95.3618
v 1.4207 219.689 95.5537
v 1.592 219.561 95.7134
v 1.2433 219.994 94.6529
v 1.1915 219.964 94.8516
v 1.1892 219.909 95.0654
v 1.2401 219.829 95.2805
v 1.3441 219.728 95.4827
v 1.497 219.606 95.658
v 1.691 219.467 95.794
v 1.8 219.467 95.7978
v 1.2617 219.999 94.58
v 1.2987 220 94.5297
v 1.1904 219.977 94.7693
v 1.1662 219.93 94.979
v 1.1943 219.858 95.196
v 1.2762 219.764 95.406
v 1.4092 219.649 95.5948
v 1.5871 219.515 95.7493
v 1.198 219.987 94.6898
v 1.1527 219.948 94.8931
v 1.1581 219.885 95.1093
v 1.2172 219.798 95.3247
v 1.3292 219.689 95.5247
v 1.4892 219.561 95.6957
v 1.6888 219.417 95.8255
v 1.8 219.417 95.8293
v 1.2137 219.994 94.6138
v 1.1484 219.964 94.8085
v 1.1315 219.909 95.0216
v 1.1677 219.829 95.2398
v 1.2577 219.728 95.4486
v 1.3982 219.606 95.6339
v 1.5824 219.467 95.7829
v 1.237 219.999 94.5423
v 1.2804 220 94.5
v 1.153 219.977 94.7264
v 1.1145 219.93 94.934
v 1.1278 219.858 95.1523
v 1.1951 219.764 95.3674
v 1.3149 219.649 95.5649
v 1.4818 219.515 95.7311
v 1.6868 219.366 95.8544
v 1.8 219.366 95.8583
v 1.166 219.987 94.6475
v 1.1069 219.948 94.8473
v 1.0976 219.885 95.0634
v 1.1419 219.798 95.2823
v 1.2399 219.689 95.4895
v 1.3879 219.561 95.671
v 1.5781 219.417 95.8141
v 1.1869 219.994 94.5729
v 1.1084 219.964 94.7627
v 1.077 219.909 94.9741
v 1.0982 219.829 95.1942
v 1.1737 219.728 95.4087
v 1.3013 219.606 95.6032
v 1.4749 219.467 95.7643
v 1.685 219.313 95.8809
v 1.8 219.313 95.8848
v 1.215 219.999 94.5031
v 1.2638 220 94.4693
v 1.1186 219.977 94.681
v 1.066 219.93 94.8855
v 1.0644 219.858 95.1042
v 1.1168 219.764 95.3234
v 1.2229 219.649 95.5286
v 1.3781 219.515 95.7059
v 1.5742 219.366 95.8429
v 1.1369 219.987 94.6032
v 1.0644 219.948 94.7985
v 1.0403 219.885 95.0135
v 1.0695 219.798 95.2348
v 1.1532 219.689 95.4483
v 1.2884 219.561 95.6394
v 1.4685 219.417 95.7952
v 1.6834 219.259 95.9047
v 1.8 219.259 95.9087
v 1.1628 219.994 94.5302
v 1.0716 219.964 94.7142
v 1.0259 219.909 94.923
v 1.032 219.829 95.144
v 1.0927 219.728 95.3631
v 1.2067 219.606 95.5659
v 1.3689 219.467 95.7385
v 1.5706 219.313 95.8691
v 1.1957 219.999 94.4625
v 1.2491 220 94.4376
v 1.2362 220 94.4052
v 1.0873 219.977 94.6334
v 1.021 219.93 94.8338
v 1.0044 219.858 95.0519
v 1.0418 219.764 95.2742
v 1.1336 219.649 95.4861
v 1.2763 219.515 95.6736
v 1.4626 219.366 95.8236
v 1.682 219.204 95.9258
v 1.8 219.204 95.9299
v 1.1109 219.987 94.557
v 1.0252 219.948 94.7469
v 0.9865 219.885 94.9597
v 1.0006 219.798 95.1826
v 1.0695 219.689 95.4012
v 1.1914 219.561 95.6011
v 1.3604 219.417 95.7689
v 1.5673 219.259 95.8927
v 1.1418 219.994 94.4859
v 1.0382 219.964 94.6632
v 0.9784 219.909 94.8685
v 0.9694 219.829 95.0894
v 1.015 219.728 95.3121
v 1.1149 219.606 95.5222
v 1.2649 219.467 95.7055
v 1.4572 219.313 95.8495
v 1.6807 219.148 95.9443
v 1.8 219.148 95.9483
v 1.1792 219.999 94.4206
v 1.2252 220 94.3721
v 1.0594 219.977 94.5837
v 0.9795 219.93 94.7791
v 0.9481 219.858 94.9956
v 0.9702 219.764 95.2199
v 1.0474 219.649 95.4377
v 1.177 219.515 95.6344
v 1.3526 219.366 95.7968
v 1.5645 219.204 95.9137
v 1.0882 219.987 94.5092
v 0.9897 219.948 94.6927
v 0.9366 219.885 94.9024
v 0.9354 219.798 95.1257
v 0.9893 219.689 95.3486
v 1.0972 219.561 95.5563
v 1.2544 219.417 95.7352
v 1.4524 219.259 95.8729
v 1.6796 219.092 95.9599
v 1.8 219.092 95.964
v 1.1238 219.994 94.4403
v 1.0084 219.964 94.6102
v 0.9346 219.909 94.8108
v 0.9106 219.829 95.0306
v 0.9409 219.728 95.256
v 1.0263 219.606 95.4724
v 1.1634 219.467 95.6655
v 1.3454 219.313 95.8223
v 1.5619 219.148 95.932
v 1.1656 219.999 94.3778
v 1.2162 220 94.3384
v 1.0349 219.977 94.5323
v 0.9419 219.93 94.7218
v 0.8958 219.858 94.9356
v 0.9026 219.764 95.1609
v 0.9647 219.649 95.3834
v 1.0805 219.515 95.5885
v 1.2447 219.366 95.7626
v 1.4481 219.204 95.8937
v 1.6787 219.034 95.9728
v 1.8 219.034 95.9769
v 1.0687 219.987 94.4599
v 0.958 219.948 94.6363
v 0.8907 219.885 94.8419
v 0.8743 219.798 95.0646
v 0.9128 219.689 95.2905
v 1.0063 219.561 95.5052
v 1.1509 219.417 95.6944
v 1.339 219.259 95.8453
v 1.5598 219.092 95.9476
v 1.109 219.994 94.3936
v 0.9822 219.964 94.5552
v 0.895 219.909 94.7504
v 0.856 219.829 94.968
v 0.8709 219.728 95.1949
v 0.9412 219.606 95.4166
v 1.0649 219.467 95.6186
v 1.2358 219.313 95.7875
v 1.4443 219.148 95.9118
v 1.6781 218.976 95.9828
v 1.8 218.976 95.987
v 1.1549 219.999 94.3341
v 1.2091 220 94.3042
v 1.0141 219.977 94.4793
v 0.9083 219.93 94.662
v 0.8477 219.858 94.8722
v 0.8391 219.764 95.0974
v 0.8859 219.649 95.3236
v 0.9874 219.515 95.5362
v 1.1393 219.366 95.721
v 1.3333 219.204 95.8657
v 1.558 219.034 95.9604
v 1.0527 219.987 94.4094
v 0.9302 219.948 94.5778
v 0.849 219.885 94.7783
v 0.8174 219.798 94.9994
v 0.8404 219.689 95.2275
v 0.9191 219.561 95.448
v 1.0504 219.417 95.6466
v 1.2278 219.259 95.81
v 1.4411 219.092 95.9271
v 1.6776 218.918 95.99
v 1.8 218.918 95.9942
v 1.0974 219.994 94.346
v 0.9599 219.964 94.4986
v 0.8595 219.909 94.6873
v 0.8058 219.829 94.9018
v 0.8051 219.728 95.1291
v 0.8602 219.606 95.3551
v 0.9698 219.467 95.5652
v 1.1288 219.313 95.7453
v 1.3283 219.148 95.8835
v 1.5567 218.976 95.9704
v 1.1473 219.999 94.2897
v 1.2041 220 94.2697
v 0.9968 219.977 94.425
v 0.8789 219.93 94.6001
v 0.804 219.858 94.8057
v 0.7801 219.764 95.0298
v 0.8113 219.649 95.2586
v 0.8982 219.515 95.4776
v 1.0371 219.366 95.6724
v 1.2207 219.204 95.83
v 1.4385 219.034 95.9398
v 1.6773 218.859 95.9944
v 1.0402 219.987 94.3579
v 0.9064 219.948 94.5176
v 0.8117 219.885 94.7121
v 0.7652 219.798 94.9305
v 0.7725 219.689 95.1596
v 0.8359 219.561 95.385
v 0.9535 219.417 95.5921
v 1.1193 219.259 95.7672
v 1.3241 219.092 95.8986
v 1.5557 218.918 95.9775
v 1.0891 219.994 94.2977
v 0.9415 219.964 94.4405
v 0.8285 219.909 94.622
v 0.7602 219.829 94.8323
v 0.744 219.728 95.0591
v 0.7836 219.606 95.2883
v 0.8786 219.467 95.5053
v 1.0249 219.313 95.6959
v 1.2145 219.148 95.8474
v 1.4364 218.976 95.9496
v 1.1427 219.999 94.245
v 0.9833 219.977 94.3697
v 0.8537 219.93 94.5363
v 0.765 219.858 94.7363
v 0.7258 219.764 94.9582
v 0.7414 219.649 95.1887
v 0.8131 219.515 95.4131
v 0.9384 219.366 95.6169
v 1.1108 219.204 95.7866
v 1.3206 219.034 95.911
v 1.5551 218.859 95.9818
v 1.0312 219.987 94.3057
v 0.8868 219.948 94.4559
v 0.7791 219.885 94.6434
v 0.7177 219.798 94.8581
v 0.7095 219.689 95.0872
v 0.7573 219.561 95.3164
v 0.8604 219.417 95.5311
v 1.0139 219.259 95.7171
v 1.2093 219.092 95.8622
v 1.435 218.918 95.9567
v 1.0841 219.994 94.249
v 0.9271 219.964 94.3814
v 0.8019 219.909 94.5547
v 0.7195 219.829 94.7599
v 0.6879 219.728 94.985
v 0.7117 219.606 95.2164
v 0.7917 219.467 95.4394
v 0.9246 219.313 95.6395
v 1.1035 219.148 95.8036
v 1.3179 218.976 95.9207
v 0.9737 219.977 94.3136
v 0.833 219.93 94.4709
v 0.7308 219.858 94.6644
v 0.6766 219.764 94.8832
v 0.6764 219.649 95.1141
v 0.7326 219.515 95.3429
v 0.8437 219.366 95.5548
v 1.0042 219.204 95.7359
v 1.2049 219.034 95.8743
v 1.4341 218.859 95.9609
v 1.0257 219.987 94.253
v 0.8715 219.948 94.3929
v 0.7512 219.885 94.5727
v 0.6753 219.798 94.7828
v 0.6514 219.689 95.0107
v 0.6836 219.561 95.2427
v 0.7718 219.417 95.4638
v 0.9122 219.259 95.6599
v 1.0972 219.092 95.818
v 1.3159 218.918 95.9277
v 0.9167 219.964 94.3214
v 0.7801 219.909 94.4858
v 0.6838 219.829 94.6848
v 0.6369 219.728 94.9073
v 0.6449 219.606 95.1398
v 0.7094 219.467 95.3677
v 0.8284 219.313 95.5764
v 0.9957 219.148 95.7523
v 1.2016 218.976 95.8838
v 0.9678 219.977 94.2569
v 0.8167 219.93 94.4043
v 0.7016 219.858 94.5904
v 0.6326 219.764 94.8049
v 0.6166 219.649 95.0353
v 0.6571 219.515 95.2674
v 0.7535 219.366 95.4864
v 0.9012 219.204 95.678
v 1.0921 219.034 95.8298
v 1.3148 218.859 95.9319
v 0.8605 219.948 94.3291
v 0.7282 219.885 94.5003
v 0.6382 219.798 94.7046
v 0.5988 219.689 94.9305
v 0.615 219.561 95.1641
v 0.6879 219.417 95.3907
v 0.8147 219.259 95.5959
v 0.9884 219.092 95.7663
v 1.1992 218.918 95.8906
v 0.9105 219.964 94.2608
v 0.7629 219.909 94.4155
v 0.6533 219.829 94.6075
v 0.5913 219.728 94.8263
v 0.5834 219.606 95.0588
v 0.6323 219.467 95.2906
v 0.7368 219.313 95.5069
v 0.8916 219.148 95.6938
v 1.0881 218.976 95.8391
v 0.8051 219.93 94.3367
v 0.6776 219.858 94.5145
v 0.594 219.764 94.7238
v 0.5623 219.649 94.9526
v 0.5869 219.515 95.1869
v 0.6681 219.366 95.4119
v 0.8024 219.204 95.6132
v 0.9825 219.034 95.7777
v 1.1977 218.859 95.8947
v 0.8539 219.948 94.2647
v 0.7102 219.885 94.4265
v 0.6065 219.798 94.6242
v 0.5517 219.689 94.8468
v 0.552 219.561 95.0809
v 0.6093 219.417 95.3121
v 0.7217 219.259 95.5254
v 0.8834 219.092 95.7072
v 1.0852 218.918 95.8457
v 0.7506 219.909 94.3442
v 0.6282 219.829 94.5283
v 0.5514 219.728 94.7423
v 0.5276 219.606 94.9737
v 0.5606 219.467 95.2083
v 0.65 219.313 95.4313
v 0.7918 219.148 95.6283
v 0.9779 218.976 95.7867
v 0.7981 219.93 94.2685
v 0.6587 219.858 94.4372
v 0.5611 219.764 94.6403
v 0.5139 219.649 94.8664
v 0.5224 219.515 95.1018
v 0.5881 219.366 95.3319
v 0.7083 219.204 95.5419
v 0.8767 219.034 95.7183
v 1.0835 218.859 95.8497
v 0.6973 219.885 94.3516
v 0.5803 219.798 94.5417
v 0.5105 219.689 94.7601
v 0.4948 219.561 94.9937
v 0.5362 219.417 95.2282
v 0.6338 219.259 95.4487
v 0.7827 219.092 95.6412
v 0.9745 218.918 95.7931
v 0.7432 219.909 94.2723
v 0.6085 219.829 94.4476
v 0.5173 219.728 94.6559
v 0.4778 219.606 94.8851
v 0.4947 219.467 95.1214
v 0.5687 219.313 95.35
v 0.6967 219.148 95.5562
v 0.8715 218.976 95.7269
v 0.6452 219.858 94.3587
v 0.5339 219.764 94.5547
v 0.4714 219.649 94.7771
v 0.4638 219.515 95.0126
v 0.5136 219.366 95.2465
v 0.6193 219.204 95.4642
v 0.7753 219.034 95.6517
v 0.9725 218.859 95.7969
v 0.6895 219.885 94.276
v 0.5598 219.798 94.4577
v 0.4753 219.689 94.6708
v 0.4437 219.561 94.9028
v 0.4689 219.417 95.1396
v 0.5513 219.259 95.3662
v 0.6867 219.092 95.5684
v 0.8678 218.918 95.733
v 0.5944 219.829 94.3657
v 0.4892 219.728 94.5673
v 0.4341 219.606 94.7933
v 0.4348 219.467 95.0302
v 0.4931 219.313 95.2632
v 0.6067 219.148 95.4777
v 0.7695 218.976 95.6599
v 0.637 219.858 94.2795
v 0.5127 219.764 94.4675
v 0.4351 219.649 94.6851
v 0.4115 219.515 94.9195
v 0.4452 219.366 95.1563
v 0.5358 219.204 95.3807
v 0.6786 219.034 95.5784
v 0.8655 218.859 95.7367
v 0.5451 219.798 94.3725
v 0.4463 219.689 94.5793
v 0.3989 219.561 94.8086
v 0.4079 219.417 95.0465
v 0.4746 219.259 95.2783
v 0.596 219.092 95.4892
v 0.7653 218.918 95.6658
v 0.5859 219.829 94.283
v 0.4672 219.728 94.477
v 0.3968 219.606 94.6987
v 0.3814 219.467 94.9351
v 0.4236 219.313 95.1716
v 0.5223 219.148 95.3933
v 0.6722 218.976 95.5862
v 0.4974 219.764 94.379
v 0.4052 219.649 94.5908
v 0.3656 219.515 94.823
v 0.3831 219.366 95.0616
v 0.4581 219.204 95.2917
v 0.5871 219.034 95.4987
v 0.7628 218.859 95.6694
v 0.5363 219.798 94.2864
v 0.4235 219.689 94.486
v 0.3606 219.561 94.7116
v 0.3534 219.417 94.9496
v 0.4041 219.259 95.1853
v 0.5108 219.092 95.404
v 0.6677 218.918 95.5918
v 0.4514 219.728 94.3854
v 0.3661 219.606 94.6018
v 0.3345 219.467 94.8366
v 0.3605 219.313 95.0754
v 0.4438 219.148 95.3033
v 0.5803 218.976 95.506
v 0.4882 219.764 94.2897
v 0.3818 219.649 94.4947
v 0.3264 219.515 94.7237
v 0.3276 219.366 94.9629
v 0.3868 219.204 95.1976
v 0.5013 219.034 95.4129
v 0.665 218.859 95.5952
v 0.4072 219.689 94.3914
v 0.329 219.561 94.6121
v 0.3056 219.417 94.8491
v 0.3401 219.259 95.0878
v 0.4316 219.092 95.3133
v 0.5753 218.918 95.5113
v 0.4419 219.728 94.2929
v 0.342 219.606 94.503
v 0.2945 219.467 94.7351
v 0.3041 219.313 94.9751
v 0.3717 219.148 95.2082
v 0.494 218.976 95.4197
v 0.365 219.649 94.3972
v 0.2941 219.515 94.6219
v 0.279 219.366 94.8607
v 0.322 219.204 95.0988
v 0.4216 219.034 95.3214
v 0.5724 218.859 95.5144
v 0.3974 219.689 94.2959
v 0.3043 219.561 94.5108
v 0.2648 219.417 94.7456
v 0.2829 219.259 94.9861
v 0.3588 219.092 95.2173
v 0.4887 218.918 95.4247
v 0.3247 219.606 94.4028
v 0.2615 219.467 94.6311
v 0.2547 219.313 94.8712
v 0.3062 219.148 95.1084
v 0.4138 218.976 95.3278
v 0.3548 219.649 94.2989
v 0.2689 219.515 94.5182
v 0.2374 219.366 94.7553
v 0.2641 219.204 94.9958
v 0.3483 219.034 95.2247
v 0.4856 218.859 95.4276
v 0.2866 219.561 94.408
v 0.2311 219.417 94.6396
v 0.2328 219.259 94.8807
v 0.2928 219.092 95.1166
v 0.4082 218.918 95.3323
v 0.3143 219.606 94.3016
v 0.2357 219.467 94.5251
v 0.2125 219.313 94.7642
v 0.2477 219.148 95.0043
v 0.3401 218.976 95.2305
v 0.2507 219.515 94.4129
v 0.2032 219.366 94.6474
v 0.2134 219.204 94.8892
v 0.2817 219.034 95.1233
v 0.4048 218.859 95.335
v 0.2759 219.561 94.3042
v 0.2048 219.417 94.5315
v 0.19 219.259 94.7722
v 0.2337 219.092 95.0116
v 0.3342 218.918 95.2347
v 0.2171 219.467 94.4176
v 0.1777 219.313 94.6546
v 0.1964 219.148 94.8965
v 0.2731 218.976 95.1285
v 0.2398 219.515 94.3067
v 0.1764 219.366 94.5374
v 0.17 219.204 94.7793
v 0.2223 219.034 95.0175
v 0.3306 218.859 95.2372
v 0.1859 219.417 94.4219
v 0.1547 219.259 94.661
v 0.182 219.092 94.9028
v 0.267 218.918 95.1322
v 0.206 219.467 94.309
v 0.1505 219.313 94.5428
v 0.1526 219.148 94.7855
v 0.2133 218.976 95.0221
v 0.1571 219.366 94.4258
v 0.1343 219.204 94.6667
v 0.1702 219.034 94.9079
v 0.2633 218.859 95.1345
v 0.1745 219.417 94.3112
v 0.1271 219.259 94.5476
v 0.1378 219.092 94.7907
v 0.2069 218.918 95.0255
v 0.1309 219.313 94.4294
v 0.1165 219.148 94.6717
v 0.1609 218.976 94.9119
v 0.1456 219.366 94.3132
v 0.1063 219.204 94.5519
v 0.1257 219.034 94.7951
v 0.2031 218.859 95.0275
v 0.1073 219.259 94.4327
v 0.1014 219.092 94.6759
v 0.1543 218.918 94.9148
v 0.1191 219.313 94.315
v 0.0882 219.148 94.5557
v 0.1162 218.976 94.7984
v 0.0863 219.204 94.4355
v 0.089 219.034 94.6794
v 0.1503 218.859 94.9165
v 0.0953 219.259 94.3166
v 0.0729 219.092 94.5589
v 0.1094 218.918 94.8008
v 0.068 219.148 94.4381
v 0.0793 218.976 94.6821
v 0.0742 219.204 94.318
v 0.0602 219.034 94.5615
v 0.1053 218.859 94.8023
v 0.0524 219.092 94.4402
v 0.0723 218.918 94.6841
v 0.0557 219.148 94.3193
v 0.0504 218.976 94.5636
v 0.0396 219.034 94.442
v 0.0681 218.859 94.6852
v 0.0401 219.092 94.3204
v 0.0433 218.918 94.565
v 0.0296 218.976 94.4433
v 0.0272 219.034 94.3213
v 0.0391 218.859 94.5659
v 0.0225 218.918 94.4443
v 0.0172 218.976 94.3219
v 0.0182 218.859 94.4449
v 0.01 218.918 94.3224
v 0.0056 218.859 94.3227
v 153.27 220 1.2041
v 153.235 220 1.201
v 153.2 220 1.2
v 153.372 220 1.2252
v 153.304 220 1.2091
v 153.338 220 1.2162
v 153.469 220 1.2638
v 153.405 220 1.2362
v 153.438 220 1.2491
v 153.53 220 1.2987
v 153.5 220 1.2804
v 153.586 220 1.3404
v 153.558 220 1.3187
v 153.636 220 1.3883
v 153.612 220 1.3636
v 153.681 220 1.4417
v 153.66 220 1.4143
v 153.72 220 1.5
v 153.701 220 1.4703
v 153.736 220 1.5307
v 153.764 220 1.5948
v 153.751 220 1.5624
v 153.784 220 1.6616
v 153.775 220 1.6279
v 153.796 220 1.7303
v 153.791 220 1.6958
v 153.8 220 1.8
v 153.799 220 1.7651
v 153.2 220 94.8
v 153.8 220 94.2
v 153.304 220 94.7909
v 153.235 220 94.799
v 153.27 220 94.7959
v 153.784 220 94.3384
v 153.791 220 94.3042
v 153.796 220 94.2697
v 153.775 220 94.3721
v 153.799 220 94.2349
v 153.405 220 94.7638
v 153.338 220 94.7838
v 153.372 220 94.7748
v 153.751 220 94.4376
v 153.764 220 94.4052
v 153.438 220 94.7509
v 153.469 220 94.7362
v 153.5 220 94.7196
v 153.736 220 94.4693
v 153.681 220 94.5583
v 153.72 220 94.5
v 153.701 220 94.5297
v 153.558 220 94.6813
v 153.53 220 94.7013
v 153.66 220 94.5857
v 153.612 220 94.6364
v 153.636 220 94.6117
v 153.586 220 94.6596
v 153.2 218.8 96
v 153.2 -1.8 96
v 153.2 -2.9986 1.1411
v 153.2 -2.9942 1.0824
v 153.2 -2.987 1.0239
v 153.2 -2.9769 0.9659
v 153.2 -2.964 0.9084
v 153.2 -2.9483 0.8517
v 153.2 -2.9299 0.7957
v 153.2 -2.9087 0.7408
v 153.2 -2.8848 0.6869
v 153.2 -2.8583 0.6343
v 153.2 -2.8293 0.5831
v 153.2 -2.7978 0.5333
v 153.2 -2.7638 0.4852
v 153.2 -2.7276 0.4387
v 153.2 -2.6891 0.3941
v 153.2 -2.6485 0.3515
v 153.2 -2.6059 0.3109
v 153.2 -2.5613 0.2724
v 153.2 -2.5148 0.2362
v 153.2 -2.4667 0.2022
v 153.2 -2.4169 0.1707
v 153.2 -2.3657 0.1417
v 153.2 -2.3131 0.1152
v 153.2 -2.2592 0.0913
v 153.2 -2.2043 0.0701
v 153.2 -2.1483 0.0517
v 153.2 -2.0916 0.036
v 153.2 -2.0341 0.0231
v 153.2 -1.9761 0.013
v 153.2 -1.9176 0.0058
v 153.2 -1.8589 0.0014
v 153.2 219.999 1.1411
v 153.2 219.994 1.0824
v 153.2 219.987 1.0239
v 153.2 219.977 0.9659
v 153.2 219.964 0.9084
v 153.2 219.948 0.8517
v 153.2 219.93 0.7957
v 153.2 219.909 0.7408
v 153.2 219.885 0.6869
v 153.2 219.858 0.6343
v 153.2 219.829 0.5831
v 153.2 219.798 0.5333
v 153.2 219.764 0.4852
v 153.2 219.728 0.4387
v 153.2 219.689 0.3941
v 153.2 219.649 0.3515
v 153.2 219.606 0.3109
v 153.2 219.561 0.2724
v 153.2 219.515 0.2362
v 153.2 219.467 0.2022
v 153.2 219.417 0.1707
v 153.2 219.366 0.1417
v 153.2 219.313 0.1152
v 153.2 219.259 0.0913
v 153.2 219.204 0.0701
v 153.2 219.148 0.0517
v 153.2 219.092 0.036
v 153.2 219.034 0.0231
v 153.2 218.976 0.013
v 153.2 218.918 0.0058
v 153.2 218.859 0.0014
v 154.998 218.8 1.7117
v 155 218.8 1.8
v 155 -1.8 1.8
v 154.998 -1.8 1.7117
v 154.991 -1.8 1.6236
v 154.991 218.8 1.6236
v 154.981 218.8 1.5359
v 154.981 -1.8 1.5359
v 154.965 218.8 1.4488
v 154.965 -1.8 1.4488
v 154.946 -1.8 1.3626
v 154.946 218.8 1.3626
v 154.923 -1.8 1.2775
v 154.923 218.8 1.2775
v 154.895 218.8 1.1936
v 154.895 -1.8 1.1936
v 154.863 -1.8 1.1112
v 154.863 218.8 1.1112
v 154.827 218.8 1.0304
v 154.827 -1.8 1.0304
v 154.787 218.8 0.9515
v 154.787 -1.8 0.9515
v 154.744 218.8 0.8746
v 154.744 -1.8 0.8746
v 154.697 218.8 0.8
v 154.697 -1.8 0.8
v 154.646 218.8 0.7277
v 154.646 -1.8 0.7277
v 154.591 218.8 0.6581
v 154.591 -1.8 0.6581
v 154.534 -1.8 0.5912
v 154.534 218.8 0.5912
v 154.473 218.8 0.5272
v 154.473 -1.8 0.5272
v 154.409 218.8 0.4663
v 154.409 -1.8 0.4663
v 154.342 218.8 0.4086
v 154.342 -1.8 0.4086
v 154.272 -1.8 0.3542
v 154.272 218.8 0.3542
v 154.2 218.8 0.3034
v 154.2 -1.8 0.3034
v 154.125 218.8 0.2561
v 154.125 -1.8 0.2561
v 154.048 218.8 0.2125
v 154.048 -1.8 0.2125
v 153.97 218.8 0.1728
v 153.97 -1.8 0.1728
v 153.889 218.8 0.137
v 153.889 -1.8 0.137
v 153.806 218.8 0.1052
v 153.806 -1.8 0.1052
v 153.722 -1.8 0.0775
v 153.722 218.8 0.0775
v 153.637 218.8 0.0539
v 153.637 -1.8 0.0539
v 153.551 -1.8 0.0346
v 153.551 218.8 0.0346
v 153.464 -1.8 0.0195
v 153.464 218.8 0.0195
v 153.376 218.8 0.0087
v 153.376 -1.8 0.0087
v 153.288 218.8 0.0022
v 153.288 -1.8 0.0022
v 153.2 -2.9986 94.8589
v 153.2 -2.9942 94.9176
v 153.2 -2.987 94.9761
v 153.2 -2.9769 95.0341
v 153.2 -2.964 95.0916
v 153.2 -2.9483 95.1483
v 153.2 -2.9299 95.2043
v 153.2 -2.9087 95.2592
v 153.2 -2.8848 95.3131
v 153.2 -2.8583 95.3657
v 153.2 -2.8293 95.4169
v 153.2 -2.7978 95.4667
v 153.2 -2.7638 95.5148
v 153.2 -2.7276 95.5613
v 153.2 -2.6891 95.6059
v 153.2 -2.6485 95.6485
v 153.2 -2.6059 95.6891
v 153.2 -2.5613 95.7276
v 153.2 -2.5148 95.7638
v 153.2 -2.4667 95.7978
v 153.2 -2.4169 95.8293
v 153.2 -2.3657 95.8583
v 153.2 -2.3131 95.8848
v 153.2 -2.2592 95.9087
v 153.2 -2.2043 95.9299
v 153.2 -2.1483 95.9483
v 153.2 -2.0916 95.964
v 153.2 -2.0341 95.9769
v 153.2 -1.9761 95.987
v 153.2 -1.9176 95.9942
v 153.2 -1.8589 95.9986
v 153.859 -2.9986 1.8
v 154.999 -1.8589 1.8
v 153.245 -2.9986 1.1427
v 153.249 -2.9942 1.0841
v 153.29 -2.9986 1.1473
v 153.253 -2.987 1.0257
v 153.298 -2.9942 1.0891
v 153.334 -2.9986 1.1549
v 153.257 -2.9769 0.9678
v 153.306 -2.987 1.0312
v 153.346 -2.9942 1.0974
v 153.261 -2.964 0.9105
v 153.378 -2.9986 1.1656
v 153.314 -2.9769 0.9737
v 153.358 -2.987 1.0402
v 153.265 -2.9483 0.8539
v 153.394 -2.9942 1.109
v 153.321 -2.964 0.9167
v 153.421 -2.9986 1.1792
v 153.37 -2.9769 0.9833
v 153.268 -2.9299 0.7981
v 153.409 -2.987 1.0527
v 153.329 -2.9483 0.8605
v 153.44 -2.9942 1.1238
v 153.381 -2.964 0.9271
v 153.272 -2.9087 0.7432
v 153.463 -2.9986 1.1957
v 153.425 -2.9769 0.9968
v 153.337 -2.9299 0.8051
v 153.46 -2.987 1.0687
v 153.393 -2.9483 0.8715
v 153.276 -2.8848 0.6895
v 153.486 -2.9942 1.1418
v 153.44 -2.964 0.9415
v 153.344 -2.9087 0.7506
v 153.503 -2.9986 1.215
v 153.479 -2.9769 1.0141
v 153.404 -2.9299 0.8167
v 153.28 -2.8583 0.637
v 153.509 -2.987 1.0882
v 153.456 -2.9483 0.8868
v 153.352 -2.8848 0.6973
v 153.53 -2.9942 1.1628
v 153.499 -2.964 0.9599
v 153.416 -2.9087 0.7629
v 153.283 -2.8293 0.5859
v 153.542 -2.9986 1.237
v 153.532 -2.9769 1.0349
v 153.471 -2.9299 0.833
v 153.359 -2.8583 0.6452
v 153.557 -2.987 1.1109
v 153.518 -2.9483 0.9064
v 153.427 -2.8848 0.7102
v 153.286 -2.7978 0.5363
v 153.573 -2.9942 1.1869
v 153.555 -2.964 0.9822
v 153.486 -2.9087 0.7801
v 153.366 -2.8293 0.5944
v 153.58 -2.9986 1.2617
v 153.584 -2.9769 1.0594
v 153.536 -2.9299 0.8537
v 153.437 -2.8583 0.6587
v 153.29 -2.7638 0.4882
v 153.603 -2.987 1.1369
v 153.578 -2.9483 0.9302
v 153.5 -2.8848 0.7282
v 153.373 -2.7978 0.5451
v 153.614 -2.9942 1.2137
v 153.61 -2.964 1.0084
v 153.555 -2.9087 0.8019
v 153.448 -2.8293 0.6085
v 153.293 -2.7276 0.4419
v 153.616 -2.9986 1.2889
v 153.633 -2.9769 1.0873
v 153.6 -2.9299 0.8789
v 153.514 -2.8583 0.6776
v 153.379 -2.7638 0.4974
v 153.648 -2.987 1.166
v 153.636 -2.9483 0.958
v 153.573 -2.8848 0.7512
v 153.458 -2.7978 0.5598
v 153.296 -2.6891 0.3974
v 153.653 -2.9942 1.2433
v 153.663 -2.964 1.0382
v 153.622 -2.9087 0.8285
v 153.528 -2.8293 0.6282
v 153.385 -2.7276 0.4514
v 153.65 -2.9986 1.3185
v 153.681 -2.9769 1.1186
v 153.662 -2.9299 0.9083
v 153.59 -2.8583 0.7016
v 153.468 -2.7638 0.5127
v 153.299 -2.6485 0.3548
v 153.69 -2.987 1.198
v 153.693 -2.9483 0.9897
v 153.643 -2.8848 0.7791
v 153.542 -2.7978 0.5803
v 153.391 -2.6891 0.4072
v 153.69 -2.9942 1.2755
v 153.714 -2.964 1.0716
v 153.687 -2.9087 0.8595
v 153.607 -2.8293 0.6533
v 153.477 -2.7276 0.4672
v 153.302 -2.6059 0.3143
v 153.681 -2.9986 1.3503
v 153.726 -2.9769 1.153
v 153.722 -2.9299 0.9419
v 153.664 -2.8583 0.7308
v 153.555 -2.7638 0.5339
v 153.397 -2.6485 0.365
v 153.73 -2.987 1.2328
v 153.747 -2.9483 1.0252
v 153.712 -2.8848 0.8117
v 153.624 -2.7978 0.6065
v 153.486 -2.6891 0.4235
v 153.304 -2.5613 0.2759
v 153.725 -2.9942 1.3102
v 153.763 -2.964 1.1084
v 153.75 -2.9087 0.895
v 153.685 -2.8293 0.6838
v 153.567 -2.7276 0.4892
v 153.403 -2.6059 0.3247
v 153.711 -2.9986 1.3842
v 153.769 -2.9769 1.1904
v 153.779 -2.9299 0.9795
v 153.736 -2.8583 0.765
v 153.64 -2.7638 0.5611
v 153.495 -2.6485 0.3818
v 153.307 -2.5148 0.2398
v 153.767 -2.987 1.2703
v 153.798 -2.9483 1.0644
v 153.778 -2.8848 0.849
v 153.705 -2.7978 0.6382
v 153.579 -2.6891 0.4463
v 153.408 -2.5613 0.2866
v 153.757 -2.9942 1.3471
v 153.809 -2.964 1.1484
v 153.811 -2.9087 0.9346
v 153.76 -2.8293 0.7195
v 153.656 -2.7276 0.5173
v 153.503 -2.6059 0.342
v 153.309 -2.4667 0.206
v 153.738 -2.9986 1.42
v 153.81 -2.9769 1.2307
v 153.834 -2.9299 1.021
v 153.806 -2.8583 0.804
v 153.724 -2.7638 0.594
v 153.591 -2.6485 0.4052
v 153.413 -2.5148 0.2507
v 153.802 -2.987 1.3102
v 153.847 -2.9483 1.1069
v 153.842 -2.8848 0.8907
v 153.783 -2.7978 0.6753
v 153.671 -2.6891 0.4753
v 153.511 -2.5613 0.3043
v 153.311 -2.4169 0.1745
v 153.786 -2.9942 1.3862
v 153.852 -2.964 1.1915
v 153.869 -2.9087 0.9784
v 153.832 -2.8293 0.7602
v 153.742 -2.7276 0.5514
v 153.602 -2.6059 0.3661
v 153.418 -2.4667 0.2171
v 153.763 -2.9986 1.4577
v 153.847 -2.9769 1.2736
v 153.886 -2.9299 1.066
v 153.872 -2.8583 0.8477
v 153.805 -2.7638 0.6326
v 153.685 -2.6485 0.4351
v 153.518 -2.5148 0.2689
v 153.313 -2.3657 0.1456
v 153.834 -2.987 1.3525
v 153.893 -2.9483 1.1527
v 153.902 -2.8848 0.9366
v 153.858 -2.7978 0.7177
v 153.76 -2.6891 0.5105
v 153.612 -2.5613 0.329
v 153.422 -2.4169 0.1859
v 153.813 -2.9942 1.4271
v 153.892 -2.964 1.2373
v 153.923 -2.9087 1.0259
v 153.902 -2.8293 0.8058
v 153.826 -2.7276 0.5913
v 153.699 -2.6059 0.3968
v 153.525 -2.4667 0.2357
v 153.315 -2.3131 0.1191
v 153.785 -2.9986 1.4969
v 153.881 -2.9769 1.319
v 153.934 -2.9299 1.1145
v 153.936 -2.8583 0.8958
v 153.883 -2.7638 0.6766
v 153.777 -2.6485 0.4714
v 153.622 -2.5148 0.2941
v 153.426 -2.3657 0.1571
v 153.863 -2.987 1.3968
v 153.936 -2.9483 1.2015
v 153.96 -2.8848 0.9865
v 153.93 -2.7978 0.7652
v 153.847 -2.6891 0.5517
v 153.712 -2.5613 0.3606
v 153.531 -2.4169 0.2048
v 153.317 -2.2592 0.0953
v 153.837 -2.9942 1.4698
v 153.928 -2.964 1.2858
v 153.974 -2.9087 1.077
v 153.968 -2.8293 0.856
v 153.907 -2.7276 0.6369
v 153.793 -2.6059 0.4341
v 153.631 -2.4667 0.2615
v 153.429 -2.3131 0.1309
v 153.804 -2.9986 1.5375
v 153.913 -2.9769 1.3666
v 153.979 -2.9299 1.1662
v 153.996 -2.8583 0.9481
v 153.958 -2.7638 0.7258
v 153.866 -2.6485 0.5139
v 153.724 -2.5148 0.3264
v 153.537 -2.3657 0.1764
v 153.318 -2.2043 0.0742
v 153.889 -2.987 1.443
v 153.975 -2.9483 1.2531
v 154.013 -2.8848 1.0403
v 153.999 -2.7978 0.8174
v 153.93 -2.6891 0.5988
v 153.809 -2.5613 0.3989
v 153.64 -2.4169 0.2311
v 153.433 -2.2592 0.1073
v 153.858 -2.9942 1.5141
v 153.962 -2.964 1.3368
v 154.022 -2.9087 1.1315
v 154.031 -2.8293 0.9106
v 153.985 -2.7276 0.6879
v 153.885 -2.6059 0.4778
v 153.735 -2.4667 0.2945
v 153.543 -2.3131 0.1505
v 153.319 -2.1483 0.0557
v 153.821 -2.9986 1.5794
v 153.941 -2.9769 1.4163
v 154.02 -2.9299 1.2209
v 154.052 -2.8583 1.0044
v 154.03 -2.7638 0.7801
v 153.953 -2.6485 0.5623
v 153.823 -2.5148 0.3656
v 153.647 -2.3657 0.2032
v 153.435 -2.2043 0.0863
v 153.912 -2.987 1.4908
v 154.01 -2.9483 1.3073
v 154.063 -2.8848 1.0976
v 154.065 -2.7978 0.8743
v 154.011 -2.6891 0.6514
v 153.903 -2.5613 0.4437
v 153.746 -2.4169 0.2648
v 153.548 -2.2592 0.1271
v 153.32 -2.0916 0.0401
v 153.876 -2.9942 1.5597
v 153.992 -2.964 1.3898
v 154.065 -2.9087 1.1892
v 154.089 -2.8293 0.9694
v 154.059 -2.7276 0.744
v 153.974 -2.6059 0.5276
v 153.837 -2.4667 0.3345
v 153.655 -2.3131 0.1777
v 153.438 -2.1483 0.068
v 153.834 -2.9986 1.6222
v 153.965 -2.9769 1.4677
v 154.058 -2.9299 1.2782
v 154.104 -2.8583 1.0644
v 154.097 -2.7638 0.8391
v 154.035 -2.6485 0.6166
v 153.919 -2.5148 0.4115
v 153.755 -2.3657 0.2374
v 153.552 -2.2043 0.1063
v 153.321 -2.0341 0.0272
v 153.931 -2.987 1.5401
v 154.042 -2.9483 1.3637
v 154.109 -2.8848 1.1581
v 154.126 -2.7978 0.9354
v 154.087 -2.6891 0.7095
v 153.994 -2.5613 0.4948
v 153.849 -2.4169 0.3056
v 153.661 -2.2592 0.1547
v 153.44 -2.0916 0.0524
v 153.891 -2.9942 1.6064
v 154.018 -2.964 1.4448
v 154.105 -2.9087 1.2496
v 154.144 -2.8293 1.032
v 154.129 -2.7276 0.8051
v 154.059 -2.6059 0.5834
v 153.935 -2.4667 0.3814
v 153.764 -2.3131 0.2125
v 153.556 -2.1483 0.0882
v 153.322 -1.9761 0.0172
v 153.845 -2.9986 1.6659
v 153.986 -2.9769 1.5207
v 154.092 -2.9299 1.338
v 154.152 -2.8583 1.1278
v 154.161 -2.7638 0.9026
v 154.114 -2.6485 0.6764
v 154.013 -2.5148 0.4638
v 153.861 -2.3657 0.279
v 153.667 -2.2043 0.1343
v 153.442 -2.0341 0.0396
v 153.947 -2.987 1.5906
v 154.07 -2.9483 1.4222
v 154.151 -2.8848 1.2217
v 154.183 -2.7978 1.0006
v 154.16 -2.6891 0.7725
v 154.081 -2.5613 0.552
v 153.95 -2.4169 0.3534
v 153.772 -2.2592 0.19
v 153.559 -2.0916 0.0729
v 153.322 -1.9176 0.01
v 153.903 -2.9942 1.654
v 154.04 -2.964 1.5014
v 154.141 -2.9087 1.3127
v 154.194 -2.8293 1.0982
v 154.195 -2.7276 0.8709
v 154.14 -2.6059 0.6449
v 154.03 -2.4667 0.4348
v 153.871 -2.3131 0.2547
v 153.672 -2.1483 0.1165
v 153.443 -1.9761 0.0296
v 153.853 -2.9986 1.7103
v 154.003 -2.9769 1.575
v 154.121 -2.9299 1.3999
v 154.196 -2.8583 1.1943
v 154.22 -2.7638 0.9702
v 154.189 -2.6485 0.7414
v 154.102 -2.5148 0.5224
v 153.963 -2.3657 0.3276
v 153.779 -2.2043 0.17
v 153.561 -2.0341 0.0602
v 153.323 -1.8589 0.0056
v 153.96 -2.987 1.6421
v 154.094 -2.9483 1.4824
v 154.188 -2.8848 1.2879
v 154.235 -2.7978 1.0695
v 154.227 -2.6891 0.8404
v 154.164 -2.5613 0.615
v 154.047 -2.4169 0.4079
v 153.881 -2.2592 0.2328
v 153.676 -2.0916 0.1014
v 153.444 -1.9176 0.0225
v 153.911 -2.9942 1.7023
v 154.059 -2.964 1.5595
v 154.172 -2.9087 1.378
v 154.24 -2.8293 1.1677
v 154.256 -2.7276 0.9409
v 154.216 -2.6059 0.7117
v 154.121 -2.4667 0.4947
v 153.975 -2.3131 0.3041
v 153.786 -2.1483 0.1526
v 153.564 -1.9761 0.0504
v 153.857 -2.9986 1.755
v 154.017 -2.9769 1.6303
v 154.146 -2.9299 1.4637
v 154.235 -2.8583 1.2637
v 154.274 -2.7638 1.0418
v 154.259 -2.6485 0.8113
v 154.187 -2.5148 0.5869
v 154.062 -2.3657 0.3831
v 153.889 -2.2043 0.2134
v 153.679 -2.0341 0.089
v 153.445 -1.8589 0.0182
v 153.969 -2.987 1.6943
v 154.113 -2.9483 1.5441
v 154.221 -2.8848 1.3566
v 154.282 -2.7978 1.1419
v 154.291 -2.6891 0.9128
v 154.243 -2.5613 0.6836
v 154.14 -2.4169 0.4689
v 153.986 -2.2592 0.2829
v 153.791 -2.0916 0.1378
v 153.565 -1.9176 0.0433
v 153.916 -2.9942 1.751
v 153.918 -2.9942 1.8
v 154.073 -2.964 1.6186
v 154.198 -2.9087 1.4453
v 154.28 -2.8293 1.2401
v 154.312 -2.7276 1.015
v 154.288 -2.6059 0.7836
v 154.208 -2.4667 0.5606
v 154.075 -2.3131 0.3605
v 153.897 -2.1483 0.1964
v 153.682 -1.9761 0.0793
v 154.026 -2.9769 1.6864
v 154.167 -2.9299 1.5291
v 154.269 -2.8583 1.3356
v 154.323 -2.7638 1.1168
v 154.324 -2.6485 0.8859
v 154.267 -2.5148 0.6571
v 154.156 -2.3657 0.4452
v 153.996 -2.2043 0.2641
v 153.795 -2.0341 0.1257
v 153.566 -1.8589 0.0391
v 153.974 -2.987 1.747
v 153.976 -2.987 1.8
v 154.034 -2.9769 1.8
v 154.129 -2.9483 1.6071
v 154.249 -2.8848 1.4273
v 154.325 -2.7978 1.2172
v 154.349 -2.6891 0.9893
v 154.316 -2.5613 0.7573
v 154.228 -2.4169 0.5362
v 154.088 -2.2592 0.3401
v 153.903 -2.0916 0.182
v 153.684 -1.9176 0.0723
v 154.083 -2.964 1.6786
v 154.22 -2.9087 1.5142
v 154.316 -2.8293 1.3152
v 154.363 -2.7276 1.0927
v 154.355 -2.6059 0.8602
v 154.291 -2.4667 0.6323
v 154.172 -2.3131 0.4236
v 154.004 -2.1483 0.2477
v 153.798 -1.9761 0.1162
v 154.032 -2.9769 1.7431
v 154.092 -2.964 1.8
v 154.183 -2.9299 1.5957
v 154.298 -2.8583 1.4096
v 154.367 -2.7638 1.1951
v 154.383 -2.6485 0.9647
v 154.343 -2.5148 0.7326
v 154.246 -2.3657 0.5136
v 154.099 -2.2043 0.322
v 153.908 -2.0341 0.1702
v 153.685 -1.8589 0.0681
v 154.139 -2.9483 1.6709
v 154.272 -2.8848 1.4997
v 154.362 -2.7978 1.2954
v 154.401 -2.6891 1.0695
v 154.385 -2.5613 0.8359
v 154.312 -2.4169 0.6093
v 154.185 -2.2592 0.4041
v 154.012 -2.0916 0.2337
v 153.801 -1.9176 0.1094
v 154.089 -2.964 1.7392
v 154.237 -2.9087 1.5845
v 154.347 -2.8293 1.3925
v 154.409 -2.7276 1.1737
v 154.417 -2.6059 0.9412
v 154.368 -2.4667 0.7094
v 154.263 -2.3131 0.4931
v 154.108 -2.1483 0.3062
v 153.912 -1.9761 0.1609
v 154.195 -2.9299 1.6633
v 154.322 -2.8583 1.4855
v 154.406 -2.7638 1.2762
v 154.438 -2.6485 1.0474
v 154.413 -2.5148 0.8131
v 154.332 -2.3657 0.5881
v 154.198 -2.2043 0.3868
v 154.018 -2.0341 0.2223
v 153.802 -1.8589 0.1053
v 154.146 -2.9483 1.7353
v 154.148 -2.9483 1.8
v 154.204 -2.9299 1.8
v 154.29 -2.8848 1.5735
v 154.393 -2.7978 1.3758
v 154.448 -2.6891 1.1532
v 154.448 -2.5613 0.9191
v 154.391 -2.4169 0.6879
v 154.278 -2.2592 0.4746
v 154.117 -2.0916 0.2928
v 153.915 -1.9176 0.1543
v 154.249 -2.9087 1.6558
v 154.372 -2.8293 1.4717
v 154.449 -2.7276 1.2577
v 154.472 -2.6059 1.0263
v 154.439 -2.4667 0.7917
v 154.35 -2.3131 0.5687
v 154.208 -2.1483 0.3717
v 154.022 -1.9761 0.2133
v 154.202 -2.9299 1.7315
v 154.341 -2.8583 1.5628
v 154.439 -2.7638 1.3597
v 154.486 -2.6485 1.1336
v 154.478 -2.5148 0.8982
v 154.412 -2.3657 0.6681
v 154.292 -2.2043 0.4581
v 154.123 -2.0341 0.2817
v 153.917 -1.8589 0.1503
v 154.303 -2.8848 1.6484
v 154.42 -2.7978 1.4583
v 154.489 -2.6891 1.2399
v 154.505 -2.5613 1.0063
v 154.464 -2.4169 0.7718
v 154.366 -2.2592 0.5513
v 154.217 -2.0916 0.3588
v 154.025 -1.9176 0.2069
v 154.257 -2.9087 1.7277
v 154.259 -2.9087 1.8
v 154.392 -2.8293 1.5524
v 154.483 -2.7276 1.3441
v 154.522 -2.6059 1.1149
v 154.505 -2.4667 0.8786
v 154.431 -2.3131 0.65
v 154.303 -2.1483 0.4438
v 154.129 -1.9761 0.2731
v 154.355 -2.8583 1.6413
v 154.466 -2.7638 1.4453
v 154.529 -2.6485 1.2229
v 154.536 -2.5148 0.9874
v 154.486 -2.3657 0.7535
v 154.381 -2.2043 0.5358
v 154.225 -2.0341 0.3483
v 154.028 -1.8589 0.2031
v 154.31 -2.8848 1.724
v 154.313 -2.8848 1.8
v 154.366 -2.8583 1.8
v 154.44 -2.7978 1.5423
v 154.525 -2.6891 1.3292
v 154.556 -2.5613 1.0972
v 154.531 -2.4169 0.8604
v 154.449 -2.2592 0.6338
v 154.313 -2.0916 0.4316
v 154.132 -1.9176 0.267
v 154.406 -2.8293 1.6343
v 154.511 -2.7276 1.4327
v 154.566 -2.6059 1.2067
v 154.565 -2.4667 0.9698
v 154.507 -2.3131 0.7368
v 154.393 -2.1483 0.5223
v 154.231 -1.9761 0.3401
v 154.363 -2.8583 1.7205
v 154.487 -2.7638 1.5325
v 154.565 -2.6485 1.3149
v 154.589 -2.5148 1.0805
v 154.555 -2.3657 0.8437
v 154.464 -2.2043 0.6193
v 154.321 -2.0341 0.4216
v 154.135 -1.8589 0.2633
v 154.455 -2.7978 1.6275
v 154.554 -2.6891 1.4207
v 154.601 -2.5613 1.1914
v 154.592 -2.4169 0.9535
v 154.525 -2.2592 0.7217
v 154.404 -2.0916 0.5108
v 154.235 -1.9176 0.3342
v 154.414 -2.8293 1.717
v 154.417 -2.8293 1.8
v 154.533 -2.7276 1.523
v 154.603 -2.6059 1.3013
v 154.619 -2.4667 1.0649
v 154.576 -2.3131 0.8284
v 154.478 -2.1483 0.6067
v 154.328 -1.9761 0.4138
v 154.503 -2.7638 1.621
v 154.595 -2.6485 1.4092
v 154.634 -2.5148 1.177
v 154.617 -2.3657 0.9384
v 154.542 -2.2043 0.7083
v 154.413 -2.0341 0.5013
v 154.237 -1.8589 0.3306
v 154.464 -2.7978 1.7136
v 154.467 -2.7978 1.8
v 154.577 -2.6891 1.514
v 154.639 -2.5613 1.2884
v 154.647 -2.4169 1.0504
v 154.596 -2.2592 0.8147
v 154.489 -2.0916 0.596
v 154.332 -1.9176 0.4082
v 154.549 -2.7276 1.6146
v 154.634 -2.6059 1.3982
v 154.666 -2.4667 1.1634
v 154.639 -2.3131 0.9246
v 154.556 -2.1483 0.6967
v 154.42 -1.9761 0.494
v 154.512 -2.7638 1.7103
v 154.515 -2.7638 1.8
v 154.561 -2.7276 1.8
v 154.618 -2.6485 1.5053
v 154.674 -2.5148 1.2763
v 154.672 -2.3657 1.0371
v 154.613 -2.2043 0.8024
v 154.499 -2.0341 0.5871
v 154.335 -1.8589 0.4048
v 154.593 -2.6891 1.6086
v 154.671 -2.5613 1.3879
v 154.694 -2.4169 1.1509
v 154.66 -2.2592 0.9122
v 154.568 -2.0916 0.6867
v 154.425 -1.9176 0.4887
v 154.558 -2.7276 1.7071
v 154.658 -2.6059 1.497
v 154.706 -2.4667 1.2649
v 154.696 -2.3131 1.0249
v 154.628 -2.1483 0.7918
v 154.506 -1.9761 0.5803
v 154.635 -2.6485 1.6028
v 154.706 -2.5148 1.3781
v 154.721 -2.3657 1.1393
v 154.678 -2.2043 0.9012
v 154.578 -2.0341 0.6786
v 154.428 -1.8589 0.4856
v 154.603 -2.6891 1.7041
v 154.606 -2.6891 1.8
v 154.696 -2.5613 1.4892
v 154.735 -2.4169 1.2544
v 154.717 -2.2592 1.0139
v 154.641 -2.0916 0.7827
v 154.511 -1.9176 0.5753
v 154.675 -2.6059 1.5972
v 154.738 -2.4667 1.3689
v 154.745 -2.3131 1.1288
v 154.694 -2.1483 0.8916
v 154.586 -1.9761 0.6722
v 154.645 -2.6485 1.7011
v 154.649 -2.6485 1.8
v 154.731 -2.5148 1.4818
v 154.763 -2.3657 1.2447
v 154.736 -2.2043 1.0042
v 154.652 -2.0341 0.7753
v 154.514 -1.8589 0.5724
v 154.713 -2.5613 1.592
v 154.769 -2.4169 1.3604
v 154.767 -2.2592 1.1193
v 154.707 -2.0916 0.8834
v 154.592 -1.9176 0.6677
v 154.686 -2.6059 1.6984
v 154.689 -2.6059 1.8
v 154.728 -2.5613 1.8
v 154.764 -2.4667 1.4749
v 154.787 -2.3131 1.2358
v 154.752 -2.1483 0.9957
v 154.66 -1.9761 0.7695
v 154.749 -2.5148 1.5871
v 154.797 -2.3657 1.3526
v 154.787 -2.2043 1.1108
v 154.718 -2.0341 0.8767
v 154.595 -1.8589 0.665
v 154.724 -2.5613 1.6958
v 154.795 -2.4169 1.4685
v 154.81 -2.2592 1.2278
v 154.766 -2.0916 0.9884
v 154.666 -1.9176 0.7653
v 154.783 -2.4667 1.5824
v 154.822 -2.3131 1.3454
v 154.804 -2.1483 1.1035
v 154.727 -1.9761 0.8715
v 154.76 -2.5148 1.6933
v 154.764 -2.5148 1.8
v 154.824 -2.3657 1.4626
v 154.83 -2.2043 1.2207
v 154.778 -2.0341 0.9825
v 154.669 -1.8589 0.7628
v 154.814 -2.4169 1.5781
v 154.845 -2.2592 1.339
v 154.818 -2.0916 1.0972
v 154.733 -1.9176 0.8678
v 154.794 -2.4667 1.691
v 154.798 -2.4667 1.8
v 154.829 -2.4169 1.8
v 154.85 -2.3131 1.4572
v 154.847 -2.1483 1.2145
v 154.787 -1.9761 0.9779
v 154.843 -2.3657 1.5742
v 154.866 -2.2043 1.3333
v 154.83 -2.0341 1.0921
v 154.737 -1.8589 0.8655
v 154.826 -2.4169 1.6888
v 154.858 -2.3657 1.8
v 154.873 -2.2592 1.4524
v 154.862 -2.0916 1.2093
v 154.793 -1.9176 0.9745
v 154.869 -2.3131 1.5706
v 154.883 -2.1483 1.3283
v 154.839 -1.9761 1.0881
v 154.854 -2.3657 1.6868
v 154.894 -2.2043 1.4481
v 154.874 -2.0341 1.2049
v 154.797 -1.8589 0.9725
v 154.893 -2.2592 1.5673
v 154.899 -2.0916 1.3241
v 154.846 -1.9176 1.0852
v 154.881 -2.3131 1.685
v 154.885 -2.3131 1.8
v 154.909 -2.2592 1.8
v 154.912 -2.1483 1.4443
v 154.884 -1.9761 1.2016
v 154.914 -2.2043 1.5645
v 154.911 -2.0341 1.3206
v 154.85 -1.8589 1.0835
v 154.905 -2.2592 1.6834
v 154.93 -2.2043 1.8
v 154.927 -2.0916 1.4411
v 154.891 -1.9176 1.1992
v 154.932 -2.1483 1.5619
v 154.921 -1.9761 1.3179
v 154.926 -2.2043 1.682
v 154.94 -2.0341 1.4385
v 154.895 -1.8589 1.1977
v 154.948 -2.0916 1.5598
v 154.928 -1.9176 1.3159
v 154.944 -2.1483 1.6807
v 154.948 -2.1483 1.8
v 154.95 -1.9761 1.4364
v 154.96 -2.0341 1.558
v 154.932 -1.8589 1.3148
v 154.96 -2.0916 1.6796
v 154.964 -2.0916 1.8
v 154.977 -2.0341 1.8
v 154.957 -1.9176 1.435
v 154.97 -1.9761 1.5567
v 154.973 -2.0341 1.6787
v 154.961 -1.8589 1.4341
v 154.977 -1.9176 1.5557
v 154.983 -1.9761 1.6781
v 154.987 -1.9761 1.8
v 154.982 -1.8589 1.5551
v 154.99 -1.9176 1.6776
v 154.994 -1.9176 1.8
v 154.994 -1.8589 1.6773
v 153.859 -2.9986 94.2
v 153.918 -2.9942 94.2
v 153.976 -2.987 94.2
v 154.034 -2.9769 94.2
v 154.092 -2.964 94.2
v 154.148 -2.9483 94.2
v 154.204 -2.9299 94.2
v 154.259 -2.9087 94.2
v 154.313 -2.8848 94.2
v 154.366 -2.8583 94.2
v 154.417 -2.8293 94.2
v 154.467 -2.7978 94.2
v 154.515 -2.7638 94.2
v 154.561 -2.7276 94.2
v 154.606 -2.6891 94.2
v 154.649 -2.6485 94.2
v 154.689 -2.6059 94.2
v 154.728 -2.5613 94.2
v 154.764 -2.5148 94.2
v 154.798 -2.4667 94.2
v 154.829 -2.4169 94.2
v 154.858 -2.3657 94.2
v 154.885 -2.3131 94.2
v 154.909 -2.2592 94.2
v 154.93 -2.2043 94.2
v 154.948 -2.1483 94.2
v 154.964 -2.0916 94.2
v 154.977 -2.0341 94.2
v 154.987 -1.9761 94.2
v 154.994 -1.9176 94.2
v 154.999 -1.8589 94.2
v 155 -1.8 94.2
v 154.998 -1.8 94.2883
v 153.288 -1.8 95.9978
v 153.857 -2.9986 94.245
v 153.916 -2.9942 94.249
v 153.853 -2.9986 94.2897
v 153.974 -2.987 94.253
v 153.911 -2.9942 94.2977
v 153.845 -2.9986 94.3341
v 154.032 -2.9769 94.2569
v 153.969 -2.987 94.3057
v 153.903 -2.9942 94.346
v 154.089 -2.964 94.2608
v 153.834 -2.9986 94.3778
v 154.026 -2.9769 94.3136
v 153.96 -2.987 94.3579
v 154.146 -2.9483 94.2647
v 153.891 -2.9942 94.3936
v 154.083 -2.964 94.3214
v 153.821 -2.9986 94.4206
v 154.017 -2.9769 94.3697
v 154.202 -2.9299 94.2685
v 153.947 -2.987 94.4094
v 154.139 -2.9483 94.3291
v 153.876 -2.9942 94.4403
v 154.073 -2.964 94.3814
v 154.257 -2.9087 94.2723
v 153.804 -2.9986 94.4625
v 154.003 -2.9769 94.425
v 154.195 -2.9299 94.3367
v 153.931 -2.987 94.4599
v 154.129 -2.9483 94.3929
v 154.31 -2.8848 94.276
v 153.858 -2.9942 94.4859
v 154.059 -2.964 94.4405
v 154.249 -2.9087 94.3442
v 153.785 -2.9986 94.5031
v 153.986 -2.9769 94.4793
v 154.183 -2.9299 94.4043
v 154.363 -2.8583 94.2795
v 153.912 -2.987 94.5092
v 154.113 -2.9483 94.4559
v 154.303 -2.8848 94.3516
v 153.837 -2.9942 94.5302
v 154.04 -2.964 94.4986
v 154.237 -2.9087 94.4155
v 154.414 -2.8293 94.283
v 153.763 -2.9986 94.5423
v 153.965 -2.9769 94.5323
v 154.167 -2.9299 94.4709
v 154.355 -2.8583 94.3587
v 153.889 -2.987 94.557
v 154.094 -2.9483 94.5176
v 154.29 -2.8848 94.4265
v 154.464 -2.7978 94.2864
v 153.813 -2.9942 94.5729
v 154.018 -2.964 94.5552
v 154.22 -2.9087 94.4858
v 154.406 -2.8293 94.3657
v 153.738 -2.9986 94.58
v 153.941 -2.9769 94.5837
v 154.146 -2.9299 94.5363
v 154.341 -2.8583 94.4372
v 154.512 -2.7638 94.2897
v 153.863 -2.987 94.6032
v 154.07 -2.9483 94.5778
v 154.272 -2.8848 94.5003
v 154.455 -2.7978 94.3725
v 153.786 -2.9942 94.6138
v 153.992 -2.964 94.6102
v 154.198 -2.9087 94.5547
v 154.392 -2.8293 94.4476
v 154.558 -2.7276 94.2929
v 153.711 -2.9986 94.6158
v 153.913 -2.9769 94.6334
v 154.121 -2.9299 94.6001
v 154.322 -2.8583 94.5145
v 154.503 -2.7638 94.379
v 153.834 -2.987 94.6475
v 154.042 -2.9483 94.6363
v 154.249 -2.8848 94.5727
v 154.44 -2.7978 94.4577
v 154.603 -2.6891 94.2959
v 153.757 -2.9942 94.6529
v 153.962 -2.964 94.6632
v 154.172 -2.9087 94.622
v 154.372 -2.8293 94.5283
v 154.549 -2.7276 94.3854
v 153.681 -2.9986 94.6497
v 153.881 -2.9769 94.681
v 154.092 -2.9299 94.662
v 154.298 -2.8583 94.5904
v 154.487 -2.7638 94.4675
v 154.645 -2.6485 94.2989
v 153.802 -2.987 94.6898
v 154.01 -2.9483 94.6927
v 154.221 -2.8848 94.6434
v 154.42 -2.7978 94.5417
v 154.593 -2.6891 94.3914
v 153.725 -2.9942 94.6898
v 153.928 -2.964 94.7142
v 154.141 -2.9087 94.6873
v 154.347 -2.8293 94.6075
v 154.533 -2.7276 94.477
v 154.686 -2.6059 94.3016
v 153.65 -2.9986 94.6815
v 153.847 -2.9769 94.7264
v 154.058 -2.9299 94.7218
v 154.269 -2.8583 94.6644
v 154.466 -2.7638 94.5547
v 154.635 -2.6485 94.3972
v 153.767 -2.987 94.7297
v 153.975 -2.9483 94.7469
v 154.188 -2.8848 94.7121
v 154.393 -2.7978 94.6242
v 154.577 -2.6891 94.486
v 154.724 -2.5613 94.3042
v 153.69 -2.9942 94.7245
v 153.892 -2.964 94.7627
v 154.105 -2.9087 94.7504
v 154.316 -2.8293 94.6848
v 154.511 -2.7276 94.5673
v 154.675 -2.6059 94.4028
v 153.616 -2.9986 94.7111
v 153.81 -2.9769 94.7693
v 154.02 -2.9299 94.7791
v 154.235 -2.8583 94.7363
v 154.439 -2.7638 94.6403
v 154.618 -2.6485 94.4947
v 154.76 -2.5148 94.3067
v 153.73 -2.987 94.7672
v 153.936 -2.9483 94.7985
v 154.151 -2.8848 94.7783
v 154.362 -2.7978 94.7046
v 154.554 -2.6891 94.5793
v 154.713 -2.5613 94.408
v 153.653 -2.9942 94.7567
v 153.852 -2.964 94.8085
v 154.065 -2.9087 94.8108
v 154.28 -2.8293 94.7599
v 154.483 -2.7276 94.6559
v 154.658 -2.6059 94.503
v 154.794 -2.4667 94.309
v 153.58 -2.9986 94.7383
v 153.769 -2.9769 94.8096
v 153.979 -2.9299 94.8338
v 154.196 -2.8583 94.8057
v 154.406 -2.7638 94.7238
v 154.595 -2.6485 94.5908
v 154.749 -2.5148 94.4129
v 153.69 -2.987 94.802
v 153.893 -2.9483 94.8473
v 154.109 -2.8848 94.8419
v 154.325 -2.7978 94.7828
v 154.525 -2.6891 94.6708
v 154.696 -2.5613 94.5108
v 154.826 -2.4169 94.3112
v 153.614 -2.9942 94.7863
v 153.809 -2.964 94.8516
v 154.022 -2.9087 94.8685
v 154.24 -2.8293 94.8323
v 154.449 -2.7276 94.7423
v 154.634 -2.6059 94.6018
v 154.783 -2.4667 94.4176
v 153.542 -2.9986 94.763
v 153.726 -2.9769 94.847
v 153.934 -2.9299 94.8855
v 154.152 -2.8583 94.8722
v 154.367 -2.7638 94.8049
v 154.565 -2.6485 94.6851
v 154.731 -2.5148 94.5182
v 154.854 -2.3657 94.3132
v 153.648 -2.987 94.834
v 153.847 -2.9483 94.8931
v 154.063 -2.8848 94.9024
v 154.282 -2.7978 94.8581
v 154.489 -2.6891 94.7601
v 154.671 -2.5613 94.6121
v 154.814 -2.4169 94.4219
v 153.573 -2.9942 94.8131
v 153.763 -2.964 94.8916
v 153.974 -2.9087 94.923
v 154.194 -2.8293 94.9018
v 154.409 -2.7276 94.8263
v 154.603 -2.6059 94.6987
v 154.764 -2.4667 94.5251
v 154.881 -2.3131 94.315
v 153.503 -2.9986 94.785
v 153.681 -2.9769 94.8814
v 153.886 -2.9299 94.934
v 154.104 -2.8583 94.9356
v 154.323 -2.7638 94.8832
v 154.529 -2.6485 94.7771
v 154.706 -2.5148 94.6219
v 154.843 -2.3657 94.4258
v 153.603 -2.987 94.8631
v 153.798 -2.9483 94.9356
v 154.013 -2.8848 94.9597
v 154.235 -2.7978 94.9305
v 154.448 -2.6891 94.8468
v 154.639 -2.5613 94.7116
v 154.795 -2.4169 94.5315
v 154.905 -2.2592 94.3166
v 153.53 -2.9942 94.8372
v 153.714 -2.964 94.9284
v 153.923 -2.9087 94.9741
v 154.144 -2.8293 94.968
v 154.363 -2.7276 94.9073
v 154.566 -2.6059 94.7933
v 154.738 -2.4667 94.6311
v 154.869 -2.3131 94.4294
v 153.463 -2.9986 94.8043
v 153.633 -2.9769 94.9127
v 153.834 -2.9299 94.979
v 154.052 -2.8583 94.9956
v 154.274 -2.7638 94.9582
v 154.486 -2.6485 94.8664
v 154.674 -2.5148 94.7237
v 154.824 -2.3657 94.5374
v 154.926 -2.2043 94.318
v 153.557 -2.987 94.8891
v 153.747 -2.9483 94.9748
v 153.96 -2.8848 95.0135
v 154.183 -2.7978 94.9994
v 154.401 -2.6891 94.9305
v 154.601 -2.5613 94.8086
v 154.769 -2.4169 94.6396
v 154.893 -2.2592 94.4327
v 153.486 -2.9942 94.8582
v 153.663 -2.964 94.9618
v 153.869 -2.9087 95.0216
v 154.089 -2.8293 95.0306
v 154.312 -2.7276 94.985
v 154.522 -2.6059 94.8851
v 154.706 -2.4667 94.7351
v 154.85 -2.3131 94.5428
v 154.944 -2.1483 94.3193
v 153.421 -2.9986 94.8208
v 153.584 -2.9769 94.9406
v 153.779 -2.9299 95.0205
v 153.996 -2.8583 95.0519
v 154.22 -2.7638 95.0298
v 154.438 -2.6485 94.9526
v 154.634 -2.5148 94.823
v 154.797 -2.3657 94.6474
v 154.914 -2.2043 94.4355
v 153.509 -2.987 94.9118
v 153.693 -2.9483 95.0103
v 153.902 -2.8848 95.0634
v 154.126 -2.7978 95.0646
v 154.349 -2.6891 95.0107
v 154.556 -2.5613 94.9028
v 154.735 -2.4169 94.7456
v 154.873 -2.2592 94.5476
v 154.96 -2.0916 94.3204
v 153.44 -2.9942 94.8762
v 153.61 -2.964 94.9916
v 153.811 -2.9087 95.0654
v 154.031 -2.8293 95.0894
v 154.256 -2.7276 95.0591
v 154.472 -2.6059 94.9737
v 154.666 -2.4667 94.8366
v 154.822 -2.3131 94.6546
v 154.932 -2.1483 94.4381
v 153.378 -2.9986 94.8344
v 153.532 -2.9769 94.9651
v 153.722 -2.9299 95.0581
v 153.936 -2.8583 95.1042
v 154.161 -2.7638 95.0974
v 154.383 -2.6485 95.0353
v 154.589 -2.5148 94.9195
v 154.763 -2.3657 94.7553
v 154.894 -2.2043 94.5519
v 154.973 -2.0341 94.3213
v 153.46 -2.987 94.9313
v 153.636 -2.9483 95.042
v 153.842 -2.8848 95.1093
v 154.065 -2.7978 95.1257
v 154.291 -2.6891 95.0872
v 154.505 -2.5613 94.9937
v 154.694 -2.4169 94.8491
v 154.845 -2.2592 94.661
v 154.948 -2.0916 94.4402
v 153.394 -2.9942 94.891
v 153.555 -2.964 95.0178
v 153.75 -2.9087 95.105
v 153.968 -2.8293 95.144
v 154.195 -2.7276 95.1291
v 154.417 -2.6059 95.0588
v 154.619 -2.4667 94.9351
v 154.787 -2.3131 94.7642
v 154.912 -2.1483 94.5557
v 154.983 -1.9761 94.3219
v 153.334 -2.9986 94.8451
v 153.479 -2.9769 94.9859
v 153.662 -2.9299 95.0917
v 153.872 -2.8583 95.1523
v 154.097 -2.7638 95.1609
v 154.324 -2.6485 95.1141
v 154.536 -2.5148 95.0126
v 154.721 -2.3657 94.8607
v 154.866 -2.2043 94.6667
v 154.96 -2.0341 94.442
v 153.409 -2.987 94.9473
v 153.578 -2.9483 95.0698
v 153.778 -2.8848 95.151
v 153.999 -2.7978 95.1826
v 154.227 -2.6891 95.1596
v 154.448 -2.5613 95.0809
v 154.647 -2.4169 94.9496
v 154.81 -2.2592 94.7722
v 154.927 -2.0916 94.5589
v 154.99 -1.9176 94.3224
v 153.346 -2.9942 94.9026
v 153.499 -2.964 95.0401
v 153.687 -2.9087 95.1405
v 153.902 -2.8293 95.1942
v 154.129 -2.7276 95.1949
v 154.355 -2.6059 95.1398
v 154.565 -2.4667 95.0302
v 154.745 -2.3131 94.8712
v 154.883 -2.1483 94.6717
v 154.97 -1.9761 94.4433
v 153.29 -2.9986 94.8527
v 153.425 -2.9769 95.0032
v 153.6 -2.9299 95.1211
v 153.806 -2.8583 95.196
v 154.03 -2.7638 95.2199
v 154.259 -2.6485 95.1887
v 154.478 -2.5148 95.1018
v 154.672 -2.3657 94.9629
v 154.83 -2.2043 94.7793
v 154.94 -2.0341 94.5615
v 154.994 -1.8589 94.3227
v 154.991 -1.8 94.3764
v 153.358 -2.987 94.9598
v 153.518 -2.9483 95.0936
v 153.712 -2.8848 95.1883
v 153.93 -2.7978 95.2348
v 154.16 -2.6891 95.2275
v 154.385 -2.5613 95.1641
v 154.592 -2.4169 95.0465
v 154.767 -2.2592 94.8807
v 154.899 -2.0916 94.6759
v 154.977 -1.9176 94.4443
v 153.298 -2.9942 94.9109
v 153.44 -2.964 95.0585
v 153.622 -2.9087 95.1715
v 153.832 -2.8293 95.2398
v 154.059 -2.7276 95.256
v 154.288 -2.6059 95.2164
v 154.505 -2.4667 95.1214
v 154.696 -2.3131 94.9751
v 154.847 -2.1483 94.7855
v 154.95 -1.9761 94.5636
v 153.245 -2.9986 94.8573
v 153.37 -2.9769 95.0167
v 153.536 -2.9299 95.1463
v 153.736 -2.8583 95.235
v 153.958 -2.7638 95.2742
v 154.189 -2.6485 95.2586
v 154.413 -2.5148 95.1869
v 154.617 -2.3657 95.0616
v 154.787 -2.2043 94.8892
v 154.911 -2.0341 94.6794
v 154.982 -1.8589 94.4449
v 154.981 -1.8 94.4641
v 153.306 -2.987 94.9688
v 153.456 -2.9483 95.1132
v 153.643 -2.8848 95.2209
v 153.858 -2.7978 95.2823
v 154.087 -2.6891 95.2905
v 154.316 -2.5613 95.2427
v 154.531 -2.4169 95.1396
v 154.717 -2.2592 94.9861
v 154.862 -2.0916 94.7907
v 154.957 -1.9176 94.565
v 153.249 -2.9942 94.9159
v 153.381 -2.964 95.0729
v 153.555 -2.9087 95.1981
v 153.76 -2.8293 95.2805
v 153.985 -2.7276 95.3121
v 154.216 -2.6059 95.2883
v 154.439 -2.4667 95.2083
v 154.639 -2.3131 95.0754
v 154.804 -2.1483 94.8965
v 154.921 -1.9761 94.6821
v 153.314 -2.9769 95.0263
v 153.471 -2.9299 95.167
v 153.664 -2.8583 95.2692
v 153.883 -2.7638 95.3234
v 154.114 -2.6485 95.3236
v 154.343 -2.5148 95.2674
v 154.555 -2.3657 95.1563
v 154.736 -2.2043 94.9958
v 154.874 -2.0341 94.7951
v 154.961 -1.8589 94.5659
v 154.965 -1.8 94.5512
v 154.946 -1.8 94.6374
v 153.253 -2.987 94.9743
v 153.393 -2.9483 95.1285
v 153.573 -2.8848 95.2488
v 153.783 -2.7978 95.3247
v 154.011 -2.6891 95.3486
v 154.243 -2.5613 95.3164
v 154.464 -2.4169 95.2282
v 154.66 -2.2592 95.0878
v 154.818 -2.0916 94.9028
v 154.928 -1.9176 94.6841
v 153.321 -2.964 95.0833
v 153.486 -2.9087 95.2199
v 153.685 -2.8293 95.3162
v 153.907 -2.7276 95.3631
v 154.14 -2.6059 95.3551
v 154.368 -2.4667 95.2906
v 154.576 -2.3131 95.1716
v 154.752 -2.1483 95.0043
v 154.884 -1.9761 94.7984
v 153.257 -2.9769 95.0322
v 153.404 -2.9299 95.1833
v 153.59 -2.8583 95.2984
v 153.805 -2.7638 95.3674
v 154.035 -2.6485 95.3834
v 154.267 -2.5148 95.3429
v 154.486 -2.3657 95.2465
v 154.678 -2.2043 95.0988
v 154.83 -2.0341 94.9079
v 154.932 -1.8589 94.6852
v 154.923 -1.8 94.7225
v 153.329 -2.9483 95.1395
v 153.5 -2.8848 95.2718
v 153.705 -2.7978 95.3618
v 153.93 -2.6891 95.4012
v 154.164 -2.5613 95.385
v 154.391 -2.4169 95.3121
v 154.596 -2.2592 95.1853
v 154.766 -2.0916 95.0116
v 154.891 -1.9176 94.8008
v 153.261 -2.964 95.0895
v 153.416 -2.9087 95.2371
v 153.607 -2.8293 95.3467
v 153.826 -2.7276 95.4087
v 154.059 -2.6059 95.4166
v 154.291 -2.4667 95.3677
v 154.507 -2.3131 95.2632
v 154.694 -2.1483 95.1084
v 154.839 -1.9761 94.9119
v 153.337 -2.9299 95.1949
v 153.514 -2.8583 95.3224
v 153.724 -2.7638 95.406
v 153.953 -2.6485 95.4377
v 154.187 -2.5148 95.4131
v 154.412 -2.3657 95.3319
v 154.613 -2.2043 95.1976
v 154.778 -2.0341 95.0175
v 154.895 -1.8589 94.8023
v 154.895 -1.8 94.8064
v 154.863 -1.8 94.8888
v 153.265 -2.9483 95.1461
v 153.427 -2.8848 95.2898
v 153.624 -2.7978 95.3935
v 153.847 -2.6891 95.4483
v 154.081 -2.5613 95.448
v 154.312 -2.4169 95.3907
v 154.525 -2.2592 95.2783
v 154.707 -2.0916 95.1166
v 154.846 -1.9176 94.9148
v 153.344 -2.9087 95.2494
v 153.528 -2.8293 95.3718
v 153.742 -2.7276 95.4486
v 153.974 -2.6059 95.4724
v 154.208 -2.4667 95.4394
v 154.431 -2.3131 95.35
v 154.628 -2.1483 95.2082
v 154.787 -1.9761 95.0221
v 153.268 -2.9299 95.2019
v 153.437 -2.8583 95.3413
v 153.64 -2.7638 95.4389
v 153.866 -2.6485 95.4861
v 154.102 -2.5148 95.4776
v 154.332 -2.3657 95.4119
v 154.542 -2.2043 95.2917
v 154.718 -2.0341 95.1233
v 154.85 -1.8589 94.9165
v 154.827 -1.8 94.9696
v 153.352 -2.8848 95.3027
v 153.542 -2.7978 95.4197
v 153.76 -2.6891 95.4895
v 153.994 -2.5613 95.5052
v 154.228 -2.4169 95.4638
v 154.449 -2.2592 95.3662
v 154.641 -2.0916 95.2173
v 154.793 -1.9176 95.0255
v 153.272 -2.9087 95.2568
v 153.448 -2.8293 95.3915
v 153.656 -2.7276 95.4827
v 153.885 -2.6059 95.5222
v 154.121 -2.4667 95.5053
v 154.35 -2.3131 95.4313
v 154.556 -2.1483 95.3033
v 154.727 -1.9761 95.1285
v 153.359 -2.8583 95.3548
v 153.555 -2.7638 95.4661
v 153.777 -2.6485 95.5286
v 154.013 -2.5148 95.5362
v 154.246 -2.3657 95.4864
v 154.464 -2.2043 95.3807
v 154.652 -2.0341 95.2247
v 154.797 -1.8589 95.0275
v 154.787 -1.8 95.0485
v 153.276 -2.8848 95.3105
v 153.458 -2.7978 95.4402
v 153.671 -2.6891 95.5247
v 153.903 -2.5613 95.5563
v 154.14 -2.4169 95.5311
v 154.366 -2.2592 95.4487
v 154.568 -2.0916 95.3133
v 154.733 -1.9176 95.1322
v 153.366 -2.8293 95.4056
v 153.567 -2.7276 95.5108
v 153.793 -2.6059 95.5659
v 154.03 -2.4667 95.5652
v 154.263 -2.3131 95.5069
v 154.478 -2.1483 95.3933
v 154.66 -1.9761 95.2305
v 153.28 -2.8583 95.363
v 153.468 -2.7638 95.4873
v 153.685 -2.6485 95.5649
v 153.919 -2.5148 95.5885
v 154.156 -2.3657 95.5548
v 154.381 -2.2043 95.4642
v 154.578 -2.0341 95.3214
v 154.737 -1.8589 95.1345
v 154.744 -1.8 95.1254
v 154.697 -1.8 95.2
v 153.373 -2.7978 95.4549
v 153.579 -2.6891 95.5537
v 153.809 -2.5613 95.6011
v 154.047 -2.4169 95.5921
v 154.278 -2.2592 95.5254
v 154.489 -2.0916 95.404
v 154.666 -1.9176 95.2347
v 153.283 -2.8293 95.4141
v 153.477 -2.7276 95.5328
v 153.699 -2.6059 95.6032
v 153.935 -2.4667 95.6186
v 154.172 -2.3131 95.5764
v 154.393 -2.1483 95.4777
v 154.586 -1.9761 95.3278
v 153.379 -2.7638 95.5026
v 153.591 -2.6485 95.5948
v 153.823 -2.5148 95.6344
v 154.062 -2.3657 95.6169
v 154.292 -2.2043 95.5419
v 154.499 -2.0341 95.4129
v 154.669 -1.8589 95.2372
v 154.646 -1.8 95.2723
v 153.286 -2.7978 95.4637
v 153.486 -2.6891 95.5765
v 153.712 -2.5613 95.6394
v 153.95 -2.4169 95.6466
v 154.185 -2.2592 95.5959
v 154.404 -2.0916 95.4892
v 154.592 -1.9176 95.3323
v 153.385 -2.7276 95.5486
v 153.602 -2.6059 95.6339
v 153.837 -2.4667 95.6655
v 154.075 -2.3131 95.6395
v 154.303 -2.1483 95.5562
v 154.506 -1.9761 95.4197
v 153.29 -2.7638 95.5118
v 153.495 -2.6485 95.6182
v 153.724 -2.5148 95.6736
v 153.963 -2.3657 95.6724
v 154.198 -2.2043 95.6132
v 154.413 -2.0341 95.4987
v 154.595 -1.8589 95.335
v 154.591 -1.8 95.3419
v 154.534 -1.8 95.4088
v 153.391 -2.6891 95.5928
v 153.612 -2.5613 95.671
v 153.849 -2.4169 95.6944
v 154.088 -2.2592 95.6599
v 154.313 -2.0916 95.5684
v 154.511 -1.9176 95.4247
v 153.293 -2.7276 95.5581
v 153.503 -2.6059 95.658
v 153.735 -2.4667 95.7055
v 153.975 -2.3131 95.6959
v 154.208 -2.1483 95.6283
v 154.42 -1.9761 95.506
v 153.397 -2.6485 95.635
v 153.622 -2.5148 95.7059
v 153.861 -2.3657 95.721
v 154.099 -2.2043 95.678
v 154.321 -2.0341 95.5784
v 154.514 -1.8589 95.4276
v 154.473 -1.8 95.4728
v 153.296 -2.6891 95.6026
v 153.511 -2.5613 95.6957
v 153.746 -2.4169 95.7352
v 153.986 -2.2592 95.7171
v 154.217 -2.0916 95.6412
v 154.425 -1.9176 95.5113
v 153.403 -2.6059 95.6753
v 153.631 -2.4667 95.7385
v 153.871 -2.3131 95.7453
v 154.108 -2.1483 95.6938
v 154.328 -1.9761 95.5862
v 153.299 -2.6485 95.6452
v 153.518 -2.5148 95.7311
v 153.755 -2.3657 95.7626
v 153.996 -2.2043 95.7359
v 154.225 -2.0341 95.6517
v 154.428 -1.8589 95.5144
v 154.409 -1.8 95.5337
v 153.408 -2.5613 95.7134
v 153.64 -2.4169 95.7689
v 153.881 -2.2592 95.7672
v 154.117 -2.0916 95.7072
v 154.332 -1.9176 95.5918
v 153.302 -2.6059 95.6857
v 153.525 -2.4667 95.7643
v 153.764 -2.3131 95.7875
v 154.004 -2.1483 95.7523
v 154.231 -1.9761 95.6599
v 153.413 -2.5148 95.7493
v 153.647 -2.3657 95.7968
v 153.889 -2.2043 95.7866
v 154.123 -2.0341 95.7183
v 154.335 -1.8589 95.5952
v 154.342 -1.8 95.5914
v 154.272 -1.8 95.6458
v 153.304 -2.5613 95.7241
v 153.531 -2.4169 95.7952
v 153.772 -2.2592 95.81
v 154.012 -2.0916 95.7663
v 154.235 -1.9176 95.6658
v 153.418 -2.4667 95.7829
v 153.655 -2.3131 95.8223
v 153.897 -2.1483 95.8036
v 154.129 -1.9761 95.7269
v 153.307 -2.5148 95.7602
v 153.537 -2.3657 95.8236
v 153.779 -2.2043 95.83
v 154.018 -2.0341 95.7777
v 154.237 -1.8589 95.6694
v 154.2 -1.8 95.6966
v 153.422 -2.4169 95.8141
v 153.661 -2.2592 95.8453
v 153.903 -2.0916 95.818
v 154.132 -1.9176 95.733
v 153.309 -2.4667 95.794
v 153.543 -2.3131 95.8495
v 153.786 -2.1483 95.8474
v 154.022 -1.9761 95.7867
v 153.426 -2.3657 95.8429
v 153.667 -2.2043 95.8657
v 153.908 -2.0341 95.8298
v 154.135 -1.8589 95.7367
v 154.125 -1.8 95.7439
v 154.048 -1.8 95.7875
v 153.311 -2.4169 95.8255
v 153.548 -2.2592 95.8729
v 153.791 -2.0916 95.8622
v 154.025 -1.9176 95.7931
v 153.429 -2.3131 95.8691
v 153.672 -2.1483 95.8835
v 153.912 -1.9761 95.8391
v 153.313 -2.3657 95.8544
v 153.552 -2.2043 95.8937
v 153.795 -2.0341 95.8743
v 154.028 -1.8589 95.7969
v 153.97 -1.8 95.8272
v 153.433 -2.2592 95.8927
v 153.676 -2.0916 95.8986
v 153.915 -1.9176 95.8457
v 153.315 -2.3131 95.8809
v 153.556 -2.1483 95.9118
v 153.798 -1.9761 95.8838
v 153.435 -2.2043 95.9137
v 153.679 -2.0341 95.911
v 153.917 -1.8589 95.8497
v 153.889 -1.8 95.863
v 153.317 -2.2592 95.9047
v 153.559 -2.0916 95.9271
v 153.801 -1.9176 95.8906
v 153.438 -2.1483 95.932
v 153.682 -1.9761 95.9207
v 153.318 -2.2043 95.9258
v 153.561 -2.0341 95.9398
v 153.802 -1.8589 95.8947
v 153.806 -1.8 95.8948
v 153.722 -1.8 95.9225
v 153.44 -2.0916 95.9476
v 153.684 -1.9176 95.9277
v 153.319 -2.1483 95.9443
v 153.564 -1.9761 95.9496
v 153.442 -2.0341 95.9604
v 153.685 -1.8589 95.9319
v 153.637 -1.8 95.9461
v 153.32 -2.0916 95.9599
v 153.565 -1.9176 95.9567
v 153.443 -1.9761 95.9704
v 153.321 -2.0341 95.9728
v 153.566 -1.8589 95.9609
v 153.551 -1.8 95.9654
v 153.464 -1.8 95.9805
v 153.444 -1.9176 95.9775
v 153.322 -1.9761 95.9828
v 153.445 -1.8589 95.9818
v 153.376 -1.8 95.9913
v 153.322 -1.9176 95.99
v 153.323 -1.8589 95.9944
v 148 1 89
v 7 1 89
v 148 1 7
v 7 1 7
v 153.2 219.999 94.8589
v 153.2 219.994 94.9176
v 153.2 219.987 94.9761
v 153.2 219.977 95.0341
v 153.2 219.964 95.0916
v 153.2 219.948 95.1483
v 153.2 219.93 95.2043
v 153.2 219.909 95.2592
v 153.2 219.885 95.3131
v 153.2 219.858 95.3657
v 153.2 219.829 95.4169
v 153.2 219.798 95.4667
v 153.2 219.764 95.5148
v 153.2 219.728 95.5613
v 153.2 219.689 95.6059
v 153.2 219.649 95.6485
v 153.2 219.606 95.6891
v 153.2 219.561 95.7276
v 153.2 219.515 95.7638
v 153.2 219.467 95.7978
v 153.2 219.417 95.8293
v 153.2 219.366 95.8583
v 153.2 219.313 95.8848
v 153.2 219.259 95.9087
v 153.2 219.204 95.9299
v 153.2 219.148 95.9483
v 153.2 219.092 95.964
v 153.2 219.034 95.9769
v 153.2 218.976 95.987
v 153.2 218.918 95.9942
v 153.2 218.859 95.9986
v 153.859 219.999 1.8
v 154.999 218.859 1.8
v 153.245 219.999 1.1427
v 153.249 219.994 1.0841
v 153.29 219.999 1.1473
v 153.253 219.987 1.0257
v 153.298 219.994 1.0891
v 153.334 219.999 1.1549
v 153.257 219.977 0.9678
v 153.306 219.987 1.0312
v 153.346 219.994 1.0974
v 153.261 219.964 0.9105
v 153.378 219.999 1.1656
v 153.314 219.977 0.9737
v 153.358 219.987 1.0402
v 153.265 219.948 0.8539
v 153.394 219.994 1.109
v 153.321 219.964 0.9167
v 153.421 219.999 1.1792
v 153.37 219.977 0.9833
v 153.268 219.93 0.7981
v 153.409 219.987 1.0527
v 153.329 219.948 0.8605
v 153.44 219.994 1.1238
v 153.381 219.964 0.9271
v 153.272 219.909 0.7432
v 153.463 219.999 1.1957
v 153.425 219.977 0.9968
v 153.337 219.93 0.8051
v 153.46 219.987 1.0687
v 153.393 219.948 0.8715
v 153.276 219.885 0.6895
v 153.486 219.994 1.1418
v 153.44 219.964 0.9415
v 153.344 219.909 0.7506
v 153.503 219.999 1.215
v 153.479 219.977 1.0141
v 153.404 219.93 0.8167
v 153.28 219.858 0.637
v 153.509 219.987 1.0882
v 153.456 219.948 0.8868
v 153.352 219.885 0.6973
v 153.53 219.994 1.1628
v 153.499 219.964 0.9599
v 153.416 219.909 0.7629
v 153.283 219.829 0.5859
v 153.542 219.999 1.237
v 153.532 219.977 1.0349
v 153.471 219.93 0.833
v 153.359 219.858 0.6452
v 153.557 219.987 1.1109
v 153.518 219.948 0.9064
v 153.427 219.885 0.7102
v 153.286 219.798 0.5363
v 153.573 219.994 1.1869
v 153.555 219.964 0.9822
v 153.486 219.909 0.7801
v 153.366 219.829 0.5944
v 153.58 219.999 1.2617
v 153.584 219.977 1.0594
v 153.536 219.93 0.8537
v 153.437 219.858 0.6587
v 153.29 219.764 0.4882
v 153.603 219.987 1.1369
v 153.578 219.948 0.9302
v 153.5 219.885 0.7282
v 153.373 219.798 0.5451
v 153.614 219.994 1.2137
v 153.61 219.964 1.0084
v 153.555 219.909 0.8019
v 153.448 219.829 0.6085
v 153.293 219.728 0.4419
v 153.616 219.999 1.2889
v 153.633 219.977 1.0873
v 153.6 219.93 0.8789
v 153.514 219.858 0.6776
v 153.379 219.764 0.4974
v 153.648 219.987 1.166
v 153.636 219.948 0.958
v 153.573 219.885 0.7512
v 153.458 219.798 0.5598
v 153.296 219.689 0.3974
v 153.653 219.994 1.2433
v 153.663 219.964 1.0382
v 153.622 219.909 0.8285
v 153.528 219.829 0.6282
v 153.385 219.728 0.4514
v 153.65 219.999 1.3185
v 153.681 219.977 1.1186
v 153.662 219.93 0.9083
v 153.59 219.858 0.7016
v 153.468 219.764 0.5127
v 153.299 219.649 0.3548
v 153.69 219.987 1.198
v 153.693 219.948 0.9897
v 153.643 219.885 0.7791
v 153.542 219.798 0.5803
v 153.391 219.689 0.4072
v 153.69 219.994 1.2755
v 153.714 219.964 1.0716
v 153.687 219.909 0.8595
v 153.607 219.829 0.6533
v 153.477 219.728 0.4672
v 153.302 219.606 0.3143
v 153.681 219.999 1.3503
v 153.726 219.977 1.153
v 153.722 219.93 0.9419
v 153.664 219.858 0.7308
v 153.555 219.764 0.5339
v 153.397 219.649 0.365
v 153.73 219.987 1.2328
v 153.747 219.948 1.0252
v 153.712 219.885 0.8117
v 153.624 219.798 0.6065
v 153.486 219.689 0.4235
v 153.304 219.561 0.2759
v 153.725 219.994 1.3102
v 153.763 219.964 1.1084
v 153.75 219.909 0.895
v 153.685 219.829 0.6838
v 153.567 219.728 0.4892
v 153.403 219.606 0.3247
v 153.711 219.999 1.3842
v 153.769 219.977 1.1904
v 153.779 219.93 0.9795
v 153.736 219.858 0.765
v 153.64 219.764 0.5611
v 153.495 219.649 0.3818
v 153.307 219.515 0.2398
v 153.767 219.987 1.2703
v 153.798 219.948 1.0644
v 153.778 219.885 0.849
v 153.705 219.798 0.6382
v 153.579 219.689 0.4463
v 153.408 219.561 0.2866
v 153.757 219.994 1.3471
v 153.809 219.964 1.1484
v 153.811 219.909 0.9346
v 153.76 219.829 0.7195
v 153.656 219.728 0.5173
v 153.503 219.606 0.342
v 153.309 219.467 0.206
v 153.738 219.999 1.42
v 153.81 219.977 1.2307
v 153.834 219.93 1.021
v 153.806 219.858 0.804
v 153.724 219.764 0.594
v 153.591 219.649 0.4052
v 153.413 219.515 0.2507
v 153.802 219.987 1.3102
v 153.847 219.948 1.1069
v 153.842 219.885 0.8907
v 153.783 219.798 0.6753
v 153.671 219.689 0.4753
v 153.511 219.561 0.3043
v 153.311 219.417 0.1745
v 153.786 219.994 1.3862
v 153.852 219.964 1.1915
v 153.869 219.909 0.9784
v 153.832 219.829 0.7602
v 153.742 219.728 0.5514
v 153.602 219.606 0.3661
v 153.418 219.467 0.2171
v 153.763 219.999 1.4577
v 153.847 219.977 1.2736
v 153.886 219.93 1.066
v 153.872 219.858 0.8477
v 153.805 219.764 0.6326
v 153.685 219.649 0.4351
v 153.518 219.515 0.2689
v 153.313 219.366 0.1456
v 153.834 219.987 1.3525
v 153.893 219.948 1.1527
v 153.902 219.885 0.9366
v 153.858 219.798 0.7177
v 153.76 219.689 0.5105
v 153.612 219.561 0.329
v 153.422 219.417 0.1859
v 153.813 219.994 1.4271
v 153.892 219.964 1.2373
v 153.923 219.909 1.0259
v 153.902 219.829 0.8058
v 153.826 219.728 0.5913
v 153.699 219.606 0.3968
v 153.525 219.467 0.2357
v 153.315 219.313 0.1191
v 153.785 219.999 1.4969
v 153.881 219.977 1.319
v 153.934 219.93 1.1145
v 153.936 219.858 0.8958
v 153.883 219.764 0.6766
v 153.777 219.649 0.4714
v 153.622 219.515 0.2941
v 153.426 219.366 0.1571
v 153.863 219.987 1.3968
v 153.936 219.948 1.2015
v 153.96 219.885 0.9865
v 153.93 219.798 0.7652
v 153.847 219.689 0.5517
v 153.712 219.561 0.3606
v 153.531 219.417 0.2048
v 153.317 219.259 0.0953
v 153.837 219.994 1.4698
v 153.928 219.964 1.2858
v 153.974 219.909 1.077
v 153.968 219.829 0.856
v 153.907 219.728 0.6369
v 153.793 219.606 0.4341
v 153.631 219.467 0.2615
v 153.429 219.313 0.1309
v 153.804 219.999 1.5375
v 153.913 219.977 1.3666
v 153.979 219.93 1.1662
v 153.996 219.858 0.9481
v 153.958 219.764 0.7258
v 153.866 219.649 0.5139
v 153.724 219.515 0.3264
v 153.537 219.366 0.1764
v 153.318 219.204 0.0742
v 153.889 219.987 1.443
v 153.975 219.948 1.2531
v 154.013 219.885 1.0403
v 153.999 219.798 0.8174
v 153.93 219.689 0.5988
v 153.809 219.561 0.3989
v 153.64 219.417 0.2311
v 153.433 219.259 0.1073
v 153.858 219.994 1.5141
v 153.962 219.964 1.3368
v 154.022 219.909 1.1315
v 154.031 219.829 0.9106
v 153.985 219.728 0.6879
v 153.885 219.606 0.4778
v 153.735 219.467 0.2945
v 153.543 219.313 0.1505
v 153.319 219.148 0.0557
v 153.821 219.999 1.5794
v 153.941 219.977 1.4163
v 154.02 219.93 1.2209
v 154.052 219.858 1.0044
v 154.03 219.764 0.7801
v 153.953 219.649 0.5623
v 153.823 219.515 0.3656
v 153.647 219.366 0.2032
v 153.435 219.204 0.0863
v 153.912 219.987 1.4908
v 154.01 219.948 1.3073
v 154.063 219.885 1.0976
v 154.065 219.798 0.8743
v 154.011 219.689 0.6514
v 153.903 219.561 0.4437
v 153.746 219.417 0.2648
v 153.548 219.259 0.1271
v 153.32 219.092 0.0401
v 153.876 219.994 1.5597
v 153.992 219.964 1.3898
v 154.065 219.909 1.1892
v 154.089 219.829 0.9694
v 154.059 219.728 0.744
v 153.974 219.606 0.5276
v 153.837 219.467 0.3345
v 153.655 219.313 0.1777
v 153.438 219.148 0.068
v 153.834 219.999 1.6222
v 153.965 219.977 1.4677
v 154.058 219.93 1.2782
v 154.104 219.858 1.0644
v 154.097 219.764 0.8391
v 154.035 219.649 0.6166
v 153.919 219.515 0.4115
v 153.755 219.366 0.2374
v 153.552 219.204 0.1063
v 153.321 219.034 0.0272
v 153.931 219.987 1.5401
v 154.042 219.948 1.3637
v 154.109 219.885 1.1581
v 154.126 219.798 0.9354
v 154.087 219.689 0.7095
v 153.994 219.561 0.4948
v 153.849 219.417 0.3056
v 153.661 219.259 0.1547
v 153.44 219.092 0.0524
v 153.891 219.994 1.6064
v 154.018 219.964 1.4448
v 154.105 219.909 1.2496
v 154.144 219.829 1.032
v 154.129 219.728 0.8051
v 154.059 219.606 0.5834
v 153.935 219.467 0.3814
v 153.764 219.313 0.2125
v 153.556 219.148 0.0882
v 153.322 218.976 0.0172
v 153.845 219.999 1.6659
v 153.986 219.977 1.5207
v 154.092 219.93 1.338
v 154.152 219.858 1.1278
v 154.161 219.764 0.9026
v 154.114 219.649 0.6764
v 154.013 219.515 0.4638
v 153.861 219.366 0.279
v 153.667 219.204 0.1343
v 153.442 219.034 0.0396
v 153.947 219.987 1.5906
v 154.07 219.948 1.4222
v 154.151 219.885 1.2217
v 154.183 219.798 1.0006
v 154.16 219.689 0.7725
v 154.081 219.561 0.552
v 153.95 219.417 0.3534
v 153.772 219.259 0.19
v 153.559 219.092 0.0729
v 153.322 218.918 0.01
v 153.903 219.994 1.654
v 154.04 219.964 1.5014
v 154.141 219.909 1.3127
v 154.194 219.829 1.0982
v 154.195 219.728 0.8709
v 154.14 219.606 0.6449
v 154.03 219.467 0.4348
v 153.871 219.313 0.2547
v 153.672 219.148 0.1165
v 153.443 218.976 0.0296
v 153.853 219.999 1.7103
v 154.003 219.977 1.575
v 154.121 219.93 1.3999
v 154.196 219.858 1.1943
v 154.22 219.764 0.9702
v 154.189 219.649 0.7414
v 154.102 219.515 0.5224
v 153.963 219.366 0.3276
v 153.779 219.204 0.17
v 153.561 219.034 0.0602
v 153.323 218.859 0.0056
v 153.96 219.987 1.6421
v 154.094 219.948 1.4824
v 154.188 219.885 1.2879
v 154.235 219.798 1.0695
v 154.227 219.689 0.8404
v 154.164 219.561 0.615
v 154.047 219.417 0.4079
v 153.881 219.259 0.2328
v 153.676 219.092 0.1014
v 153.444 218.918 0.0225
v 153.911 219.994 1.7023
v 154.059 219.964 1.5595
v 154.172 219.909 1.378
v 154.24 219.829 1.1677
v 154.256 219.728 0.9409
v 154.216 219.606 0.7117
v 154.121 219.467 0.4947
v 153.975 219.313 0.3041
v 153.786 219.148 0.1526
v 153.564 218.976 0.0504
v 153.857 219.999 1.755
v 154.017 219.977 1.6303
v 154.146 219.93 1.4637
v 154.235 219.858 1.2637
v 154.274 219.764 1.0418
v 154.259 219.649 0.8113
v 154.187 219.515 0.5869
v 154.062 219.366 0.3831
v 153.889 219.204 0.2134
v 153.679 219.034 0.089
v 153.445 218.859 0.0182
v 153.969 219.987 1.6943
v 154.113 219.948 1.5441
v 154.221 219.885 1.3566
v 154.282 219.798 1.1419
v 154.291 219.689 0.9128
v 154.243 219.561 0.6836
v 154.14 219.417 0.4689
v 153.986 219.259 0.2829
v 153.791 219.092 0.1378
v 153.565 218.918 0.0433
v 153.916 219.994 1.751
v 153.918 219.994 1.8
v 154.073 219.964 1.6186
v 154.198 219.909 1.4453
v 154.28 219.829 1.2401
v 154.312 219.728 1.015
v 154.288 219.606 0.7836
v 154.208 219.467 0.5606
v 154.075 219.313 0.3605
v 153.897 219.148 0.1964
v 153.682 218.976 0.0793
v 154.026 219.977 1.6864
v 154.167 219.93 1.5291
v 154.269 219.858 1.3356
v 154.323 219.764 1.1168
v 154.324 219.649 0.8859
v 154.267 219.515 0.6571
v 154.156 219.366 0.4452
v 153.996 219.204 0.2641
v 153.795 219.034 0.1257
v 153.566 218.859 0.0391
v 153.974 219.987 1.747
v 153.976 219.987 1.8
v 154.129 219.948 1.6071
v 154.249 219.885 1.4273
v 154.325 219.798 1.2172
v 154.349 219.689 0.9893
v 154.316 219.561 0.7573
v 154.228 219.417 0.5362
v 154.088 219.259 0.3401
v 153.903 219.092 0.182
v 153.684 218.918 0.0723
v 154.083 219.964 1.6786
v 154.22 219.909 1.5142
v 154.316 219.829 1.3152
v 154.363 219.728 1.0927
v 154.355 219.606 0.8602
v 154.291 219.467 0.6323
v 154.172 219.313 0.4236
v 154.004 219.148 0.2477
v 153.798 218.976 0.1162
v 154.032 219.977 1.7431
v 154.034 219.977 1.8
v 154.183 219.93 1.5957
v 154.298 219.858 1.4096
v 154.367 219.764 1.1951
v 154.383 219.649 0.9647
v 154.343 219.515 0.7326
v 154.246 219.366 0.5136
v 154.099 219.204 0.322
v 153.908 219.034 0.1702
v 153.685 218.859 0.0681
v 154.139 219.948 1.6709
v 154.272 219.885 1.4997
v 154.362 219.798 1.2954
v 154.401 219.689 1.0695
v 154.385 219.561 0.8359
v 154.312 219.417 0.6093
v 154.185 219.259 0.4041
v 154.012 219.092 0.2337
v 153.801 218.918 0.1094
v 154.089 219.964 1.7392
v 154.092 219.964 1.8
v 154.237 219.909 1.5845
v 154.347 219.829 1.3925
v 154.409 219.728 1.1737
v 154.417 219.606 0.9412
v 154.368 219.467 0.7094
v 154.263 219.313 0.4931
v 154.108 219.148 0.3062
v 153.912 218.976 0.1609
v 154.195 219.93 1.6633
v 154.322 219.858 1.4855
v 154.406 219.764 1.2762
v 154.438 219.649 1.0474
v 154.413 219.515 0.8131
v 154.332 219.366 0.5881
v 154.198 219.204 0.3868
v 154.018 219.034 0.2223
v 153.802 218.859 0.1053
v 154.146 219.948 1.7353
v 154.148 219.948 1.8
v 154.204 219.93 1.8
v 154.29 219.885 1.5735
v 154.393 219.798 1.3758
v 154.448 219.689 1.1532
v 154.448 219.561 0.9191
v 154.391 219.417 0.6879
v 154.278 219.259 0.4746
v 154.117 219.092 0.2928
v 153.915 218.918 0.1543
v 154.249 219.909 1.6558
v 154.372 219.829 1.4717
v 154.449 219.728 1.2577
v 154.472 219.606 1.0263
v 154.439 219.467 0.7917
v 154.35 219.313 0.5687
v 154.208 219.148 0.3717
v 154.022 218.976 0.2133
v 154.202 219.93 1.7315
v 154.341 219.858 1.5628
v 154.439 219.764 1.3597
v 154.486 219.649 1.1336
v 154.478 219.515 0.8982
v 154.412 219.366 0.6681
v 154.292 219.204 0.4581
v 154.123 219.034 0.2817
v 153.917 218.859 0.1503
v 154.303 219.885 1.6484
v 154.42 219.798 1.4583
v 154.489 219.689 1.2399
v 154.505 219.561 1.0063
v 154.464 219.417 0.7718
v 154.366 219.259 0.5513
v 154.217 219.092 0.3588
v 154.025 218.918 0.2069
v 154.257 219.909 1.7277
v 154.259 219.909 1.8
v 154.392 219.829 1.5524
v 154.483 219.728 1.3441
v 154.522 219.606 1.1149
v 154.505 219.467 0.8786
v 154.431 219.313 0.65
v 154.303 219.148 0.4438
v 154.129 218.976 0.2731
v 154.355 219.858 1.6413
v 154.466 219.764 1.4453
v 154.529 219.649 1.2229
v 154.536 219.515 0.9874
v 154.486 219.366 0.7535
v 154.381 219.204 0.5358
v 154.225 219.034 0.3483
v 154.028 218.859 0.2031
v 154.31 219.885 1.724
v 154.313 219.885 1.8
v 154.366 219.858 1.8
v 154.44 219.798 1.5423
v 154.525 219.689 1.3292
v 154.556 219.561 1.0972
v 154.531 219.417 0.8604
v 154.449 219.259 0.6338
v 154.313 219.092 0.4316
v 154.132 218.918 0.267
v 154.406 219.829 1.6343
v 154.511 219.728 1.4327
v 154.566 219.606 1.2067
v 154.565 219.467 0.9698
v 154.507 219.313 0.7368
v 154.393 219.148 0.5223
v 154.231 218.976 0.3401
v 154.363 219.858 1.7205
v 154.487 219.764 1.5325
v 154.565 219.649 1.3149
v 154.589 219.515 1.0805
v 154.555 219.366 0.8437
v 154.464 219.204 0.6193
v 154.321 219.034 0.4216
v 154.135 218.859 0.2633
v 154.455 219.798 1.6275
v 154.554 219.689 1.4207
v 154.601 219.561 1.1914
v 154.592 219.417 0.9535
v 154.525 219.259 0.7217
v 154.404 219.092 0.5108
v 154.235 218.918 0.3342
v 154.414 219.829 1.717
v 154.417 219.829 1.8
v 154.533 219.728 1.523
v 154.603 219.606 1.3013
v 154.619 219.467 1.0649
v 154.576 219.313 0.8284
v 154.478 219.148 0.6067
v 154.328 218.976 0.4138
v 154.503 219.764 1.621
v 154.595 219.649 1.4092
v 154.634 219.515 1.177
v 154.617 219.366 0.9384
v 154.542 219.204 0.7083
v 154.413 219.034 0.5013
v 154.237 218.859 0.3306
v 154.464 219.798 1.7136
v 154.467 219.798 1.8
v 154.577 219.689 1.514
v 154.639 219.561 1.2884
v 154.647 219.417 1.0504
v 154.596 219.259 0.8147
v 154.489 219.092 0.596
v 154.332 218.918 0.4082
v 154.549 219.728 1.6146
v 154.634 219.606 1.3982
v 154.666 219.467 1.1634
v 154.639 219.313 0.9246
v 154.556 219.148 0.6967
v 154.42 218.976 0.494
v 154.512 219.764 1.7103
v 154.515 219.764 1.8
v 154.618 219.649 1.5053
v 154.674 219.515 1.2763
v 154.672 219.366 1.0371
v 154.613 219.204 0.8024
v 154.499 219.034 0.5871
v 154.335 218.859 0.4048
v 154.593 219.689 1.6086
v 154.671 219.561 1.3879
v 154.694 219.417 1.1509
v 154.66 219.259 0.9122
v 154.568 219.092 0.6867
v 154.425 218.918 0.4887
v 154.558 219.728 1.7071
v 154.561 219.728 1.8
v 154.658 219.606 1.497
v 154.706 219.467 1.2649
v 154.696 219.313 1.0249
v 154.628 219.148 0.7918
v 154.506 218.976 0.5803
v 154.635 219.649 1.6028
v 154.706 219.515 1.3781
v 154.721 219.366 1.1393
v 154.678 219.204 0.9012
v 154.578 219.034 0.6786
v 154.428 218.859 0.4856
v 154.603 219.689 1.7041
v 154.606 219.689 1.8
v 154.649 219.649 1.8
v 154.696 219.561 1.4892
v 154.735 219.417 1.2544
v 154.717 219.259 1.0139
v 154.641 219.092 0.7827
v 154.511 218.918 0.5753
v 154.675 219.606 1.5972
v 154.738 219.467 1.3689
v 154.745 219.313 1.1288
v 154.694 219.148 0.8916
v 154.586 218.976 0.6722
v 154.645 219.649 1.7011
v 154.731 219.515 1.4818
v 154.763 219.366 1.2447
v 154.736 219.204 1.0042
v 154.652 219.034 0.7753
v 154.514 218.859 0.5724
v 154.713 219.561 1.592
v 154.769 219.417 1.3604
v 154.767 219.259 1.1193
v 154.707 219.092 0.8834
v 154.592 218.918 0.6677
v 154.686 219.606 1.6984
v 154.689 219.606 1.8
v 154.728 219.561 1.8
v 154.764 219.467 1.4749
v 154.787 219.313 1.2358
v 154.752 219.148 0.9957
v 154.66 218.976 0.7695
v 154.749 219.515 1.5871
v 154.797 219.366 1.3526
v 154.787 219.204 1.1108
v 154.718 219.034 0.8767
v 154.595 218.859 0.665
v 154.724 219.561 1.6958
v 154.795 219.417 1.4685
v 154.81 219.259 1.2278
v 154.766 219.092 0.9884
v 154.666 218.918 0.7653
v 154.783 219.467 1.5824
v 154.822 219.313 1.3454
v 154.804 219.148 1.1035
v 154.727 218.976 0.8715
v 154.76 219.515 1.6933
v 154.764 219.515 1.8
v 154.824 219.366 1.4626
v 154.83 219.204 1.2207
v 154.778 219.034 0.9825
v 154.669 218.859 0.7628
v 154.814 219.417 1.5781
v 154.845 219.259 1.339
v 154.818 219.092 1.0972
v 154.733 218.918 0.8678
v 154.794 219.467 1.691
v 154.798 219.467 1.8
v 154.829 219.417 1.8
v 154.85 219.313 1.4572
v 154.847 219.148 1.2145
v 154.787 218.976 0.9779
v 154.843 219.366 1.5742
v 154.866 219.204 1.3333
v 154.83 219.034 1.0921
v 154.737 218.859 0.8655
v 154.826 219.417 1.6888
v 154.873 219.259 1.4524
v 154.862 219.092 1.2093
v 154.793 218.918 0.9745
v 154.869 219.313 1.5706
v 154.883 219.148 1.3283
v 154.839 218.976 1.0881
v 154.854 219.366 1.6868
v 154.858 219.366 1.8
v 154.894 219.204 1.4481
v 154.874 219.034 1.2049
v 154.797 218.859 0.9725
v 154.893 219.259 1.5673
v 154.899 219.092 1.3241
v 154.846 218.918 1.0852
v 154.881 219.313 1.685
v 154.885 219.313 1.8
v 154.912 219.148 1.4443
v 154.884 218.976 1.2016
v 154.914 219.204 1.5645
v 154.911 219.034 1.3206
v 154.85 218.859 1.0835
v 154.905 219.259 1.6834
v 154.909 219.259 1.8
v 154.927 219.092 1.4411
v 154.891 218.918 1.1992
v 154.932 219.148 1.5619
v 154.921 218.976 1.3179
v 154.926 219.204 1.682
v 154.93 219.204 1.8
v 154.94 219.034 1.4385
v 154.895 218.859 1.1977
v 154.948 219.092 1.5598
v 154.928 218.918 1.3159
v 154.944 219.148 1.6807
v 154.948 219.148 1.8
v 154.95 218.976 1.4364
v 154.96 219.034 1.558
v 154.932 218.859 1.3148
v 154.96 219.092 1.6796
v 154.964 219.092 1.8
v 154.957 218.918 1.435
v 154.97 218.976 1.5567
v 154.973 219.034 1.6787
v 154.977 219.034 1.8
v 154.987 218.976 1.8
v 154.961 218.859 1.4341
v 154.977 218.918 1.5557
v 154.983 218.976 1.6781
v 154.982 218.859 1.5551
v 154.99 218.918 1.6776
v 154.994 218.918 1.8
v 154.994 218.859 1.6773
v 153.859 219.999 94.2
v 153.918 219.994 94.2
v 153.976 219.987 94.2
v 154.034 219.977 94.2
v 154.092 219.964 94.2
v 154.148 219.948 94.2
v 154.204 219.93 94.2
v 154.259 219.909 94.2
v 154.313 219.885 94.2
v 154.366 219.858 94.2
v 154.417 219.829 94.2
v 154.467 219.798 94.2
v 154.515 219.764 94.2
v 154.561 219.728 94.2
v 154.606 219.689 94.2
v 154.649 219.649 94.2
v 154.689 219.606 94.2
v 154.728 219.561 94.2
v 154.764 219.515 94.2
v 154.798 219.467 94.2
v 154.829 219.417 94.2
v 154.858 219.366 94.2
v 154.885 219.313 94.2
v 154.909 219.259 94.2
v 154.93 219.204 94.2
v 154.948 219.148 94.2
v 154.964 219.092 94.2
v 154.977 219.034 94.2
v 154.987 218.976 94.2
v 154.994 218.918 94.2
v 154.999 218.859 94.2
v 155 218.8 94.2
v 154.998 218.8 94.2883
v 153.288 218.8 95.9978
v 153.857 219.999 94.245
v 153.916 219.994 94.249
v 153.853 219.999 94.2897
v 153.974 219.987 94.253
v 153.911 219.994 94.2977
v 153.845 219.999 94.3341
v 154.032 219.977 94.2569
v 153.969 219.987 94.3057
v 153.903 219.994 94.346
v 154.089 219.964 94.2608
v 153.834 219.999 94.3778
v 154.026 219.977 94.3136
v 153.96 219.987 94.3579
v 154.146 219.948 94.2647
v 153.891 219.994 94.3936
v 154.083 219.964 94.3214
v 153.821 219.999 94.4206
v 154.017 219.977 94.3697
v 154.202 219.93 94.2685
v 153.947 219.987 94.4094
v 154.139 219.948 94.3291
v 153.876 219.994 94.4403
v 154.073 219.964 94.3814
v 154.257 219.909 94.2723
v 153.804 219.999 94.4625
v 154.003 219.977 94.425
v 154.195 219.93 94.3367
v 153.931 219.987 94.4599
v 154.129 219.948 94.3929
v 154.31 219.885 94.276
v 153.858 219.994 94.4859
v 154.059 219.964 94.4405
v 154.249 219.909 94.3442
v 153.785 219.999 94.5031
v 153.986 219.977 94.4793
v 154.183 219.93 94.4043
v 154.363 219.858 94.2795
v 153.912 219.987 94.5092
v 154.113 219.948 94.4559
v 154.303 219.885 94.3516
v 153.837 219.994 94.5302
v 154.04 219.964 94.4986
v 154.237 219.909 94.4155
v 154.414 219.829 94.283
v 153.763 219.999 94.5423
v 153.965 219.977 94.5323
v 154.167 219.93 94.4709
v 154.355 219.858 94.3587
v 153.889 219.987 94.557
v 154.094 219.948 94.5176
v 154.29 219.885 94.4265
v 154.464 219.798 94.2864
v 153.813 219.994 94.5729
v 154.018 219.964 94.5552
v 154.22 219.909 94.4858
v 154.406 219.829 94.3657
v 153.738 219.999 94.58
v 153.941 219.977 94.5837
v 154.146 219.93 94.5363
v 154.341 219.858 94.4372
v 154.512 219.764 94.2897
v 153.863 219.987 94.6032
v 154.07 219.948 94.5778
v 154.272 219.885 94.5003
v 154.455 219.798 94.3725
v 153.786 219.994 94.6138
v 153.992 219.964 94.6102
v 154.198 219.909 94.5547
v 154.392 219.829 94.4476
v 154.558 219.728 94.2929
v 153.711 219.999 94.6158
v 153.913 219.977 94.6334
v 154.121 219.93 94.6001
v 154.322 219.858 94.5145
v 154.503 219.764 94.379
v 153.834 219.987 94.6475
v 154.042 219.948 94.6363
v 154.249 219.885 94.5727
v 154.44 219.798 94.4577
v 154.603 219.689 94.2959
v 153.757 219.994 94.6529
v 153.962 219.964 94.6632
v 154.172 219.909 94.622
v 154.372 219.829 94.5283
v 154.549 219.728 94.3854
v 153.681 219.999 94.6497
v 153.881 219.977 94.681
v 154.092 219.93 94.662
v 154.298 219.858 94.5904
v 154.487 219.764 94.4675
v 154.645 219.649 94.2989
v 153.802 219.987 94.6898
v 154.01 219.948 94.6927
v 154.221 219.885 94.6434
v 154.42 219.798 94.5417
v 154.593 219.689 94.3914
v 153.725 219.994 94.6898
v 153.928 219.964 94.7142
v 154.141 219.909 94.6873
v 154.347 219.829 94.6075
v 154.533 219.728 94.477
v 154.686 219.606 94.3016
v 153.65 219.999 94.6815
v 153.847 219.977 94.7264
v 154.058 219.93 94.7218
v 154.269 219.858 94.6644
v 154.466 219.764 94.5547
v 154.635 219.649 94.3972
v 153.767 219.987 94.7297
v 153.975 219.948 94.7469
v 154.188 219.885 94.7121
v 154.393 219.798 94.6242
v 154.577 219.689 94.486
v 154.724 219.561 94.3042
v 153.69 219.994 94.7245
v 153.892 219.964 94.7627
v 154.105 219.909 94.7504
v 154.316 219.829 94.6848
v 154.511 219.728 94.5673
v 154.675 219.606 94.4028
v 153.616 219.999 94.7111
v 153.81 219.977 94.7693
v 154.02 219.93 94.7791
v 154.235 219.858 94.7363
v 154.439 219.764 94.6403
v 154.618 219.649 94.4947
v 154.76 219.515 94.3067
v 153.73 219.987 94.7672
v 153.936 219.948 94.7985
v 154.151 219.885 94.7783
v 154.362 219.798 94.7046
v 154.554 219.689 94.5793
v 154.713 219.561 94.408
v 153.653 219.994 94.7567
v 153.852 219.964 94.8085
v 154.065 219.909 94.8108
v 154.28 219.829 94.7599
v 154.483 219.728 94.6559
v 154.658 219.606 94.503
v 154.794 219.467 94.309
v 153.58 219.999 94.7383
v 153.769 219.977 94.8096
v 153.979 219.93 94.8338
v 154.196 219.858 94.8057
v 154.406 219.764 94.7238
v 154.595 219.649 94.5908
v 154.749 219.515 94.4129
v 153.69 219.987 94.802
v 153.893 219.948 94.8473
v 154.109 219.885 94.8419
v 154.325 219.798 94.7828
v 154.525 219.689 94.6708
v 154.696 219.561 94.5108
v 154.826 219.417 94.3112
v 153.614 219.994 94.7863
v 153.809 219.964 94.8516
v 154.022 219.909 94.8685
v 154.24 219.829 94.8323
v 154.449 219.728 94.7423
v 154.634 219.606 94.6018
v 154.783 219.467 94.4176
v 153.542 219.999 94.763
v 153.726 219.977 94.847
v 153.934 219.93 94.8855
v 154.152 219.858 94.8722
v 154.367 219.764 94.8049
v 154.565 219.649 94.6851
v 154.731 219.515 94.5182
v 154.854 219.366 94.3132
v 153.648 219.987 94.834
v 153.847 219.948 94.8931
v 154.063 219.885 94.9024
v 154.282 219.798 94.8581
v 154.489 219.689 94.7601
v 154.671 219.561 94.6121
v 154.814 219.417 94.4219
v 153.573 219.994 94.8131
v 153.763 219.964 94.8916
v 153.974 219.909 94.923
v 154.194 219.829 94.9018
v 154.409 219.728 94.8263
v 154.603 219.606 94.6987
v 154.764 219.467 94.5251
v 154.881 219.313 94.315
v 153.503 219.999 94.785
v 153.681 219.977 94.8814
v 153.886 219.93 94.934
v 154.104 219.858 94.9356
v 154.323 219.764 94.8832
v 154.529 219.649 94.7771
v 154.706 219.515 94.6219
v 154.843 219.366 94.4258
v 153.603 219.987 94.8631
v 153.798 219.948 94.9356
v 154.013 219.885 94.9597
v 154.235 219.798 94.9305
v 154.448 219.689 94.8468
v 154.639 219.561 94.7116
v 154.795 219.417 94.5315
v 154.905 219.259 94.3166
v 153.53 219.994 94.8372
v 153.714 219.964 94.9284
v 153.923 219.909 94.9741
v 154.144 219.829 94.968
v 154.363 219.728 94.9073
v 154.566 219.606 94.7933
v 154.738 219.467 94.6311
v 154.869 219.313 94.4294
v 153.463 219.999 94.8043
v 153.633 219.977 94.9127
v 153.834 219.93 94.979
v 154.052 219.858 94.9956
v 154.274 219.764 94.9582
v 154.486 219.649 94.8664
v 154.674 219.515 94.7237
v 154.824 219.366 94.5374
v 154.926 219.204 94.318
v 153.557 219.987 94.8891
v 153.747 219.948 94.9748
v 153.96 219.885 95.0135
v 154.183 219.798 94.9994
v 154.401 219.689 94.9305
v 154.601 219.561 94.8086
v 154.769 219.417 94.6396
v 154.893 219.259 94.4327
v 153.486 219.994 94.8582
v 153.663 219.964 94.9618
v 153.869 219.909 95.0216
v 154.089 219.829 95.0306
v 154.312 219.728 94.985
v 154.522 219.606 94.8851
v 154.706 219.467 94.7351
v 154.85 219.313 94.5428
v 154.944 219.148 94.3193
v 153.421 219.999 94.8208
v 153.584 219.977 94.9406
v 153.779 219.93 95.0205
v 153.996 219.858 95.0519
v 154.22 219.764 95.0298
v 154.438 219.649 94.9526
v 154.634 219.515 94.823
v 154.797 219.366 94.6474
v 154.914 219.204 94.4355
v 153.509 219.987 94.9118
v 153.693 219.948 95.0103
v 153.902 219.885 95.0634
v 154.126 219.798 95.0646
v 154.349 219.689 95.0107
v 154.556 219.561 94.9028
v 154.735 219.417 94.7456
v 154.873 219.259 94.5476
v 154.96 219.092 94.3204
v 153.44 219.994 94.8762
v 153.61 219.964 94.9916
v 153.811 219.909 95.0654
v 154.031 219.829 95.0894
v 154.256 219.728 95.0591
v 154.472 219.606 94.9737
v 154.666 219.467 94.8366
v 154.822 219.313 94.6546
v 154.932 219.148 94.4381
v 153.378 219.999 94.8344
v 153.532 219.977 94.9651
v 153.722 219.93 95.0581
v 153.936 219.858 95.1042
v 154.161 219.764 95.0974
v 154.383 219.649 95.0353
v 154.589 219.515 94.9195
v 154.763 219.366 94.7553
v 154.894 219.204 94.5519
v 154.973 219.034 94.3213
v 153.46 219.987 94.9313
v 153.636 219.948 95.042
v 153.842 219.885 95.1093
v 154.065 219.798 95.1257
v 154.291 219.689 95.0872
v 154.505 219.561 94.9937
v 154.694 219.417 94.8491
v 154.845 219.259 94.661
v 154.948 219.092 94.4402
v 153.394 219.994 94.891
v 153.555 219.964 95.0178
v 153.75 219.909 95.105
v 153.968 219.829 95.144
v 154.195 219.728 95.1291
v 154.417 219.606 95.0588
v 154.619 219.467 94.9351
v 154.787 219.313 94.7642
v 154.912 219.148 94.5557
v 154.983 218.976 94.3219
v 153.334 219.999 94.8451
v 153.479 219.977 94.9859
v 153.662 219.93 95.0917
v 153.872 219.858 95.1523
v 154.097 219.764 95.1609
v 154.324 219.649 95.1141
v 154.536 219.515 95.0126
v 154.721 219.366 94.8607
v 154.866 219.204 94.6667
v 154.96 219.034 94.442
v 153.409 219.987 94.9473
v 153.578 219.948 95.0698
v 153.778 219.885 95.151
v 153.999 219.798 95.1826
v 154.227 219.689 95.1596
v 154.448 219.561 95.0809
v 154.647 219.417 94.9496
v 154.81 219.259 94.7722
v 154.927 219.092 94.5589
v 154.99 218.918 94.3224
v 153.346 219.994 94.9026
v 153.499 219.964 95.0401
v 153.687 219.909 95.1405
v 153.902 219.829 95.1942
v 154.129 219.728 95.1949
v 154.355 219.606 95.1398
v 154.565 219.467 95.0302
v 154.745 219.313 94.8712
v 154.883 219.148 94.6717
v 154.97 218.976 94.4433
v 153.29 219.999 94.8527
v 153.425 219.977 95.0032
v 153.6 219.93 95.1211
v 153.806 219.858 95.196
v 154.03 219.764 95.2199
v 154.259 219.649 95.1887
v 154.478 219.515 95.1018
v 154.672 219.366 94.9629
v 154.83 219.204 94.7793
v 154.94 219.034 94.5615
v 154.994 218.859 94.3227
v 154.991 218.8 94.3764
v 153.358 219.987 94.9598
v 153.518 219.948 95.0936
v 153.712 219.885 95.1883
v 153.93 219.798 95.2348
v 154.16 219.689 95.2275
v 154.385 219.561 95.1641
v 154.592 219.417 95.0465
v 154.767 219.259 94.8807
v 154.899 219.092 94.6759
v 154.977 218.918 94.4443
v 153.298 219.994 94.9109
v 153.44 219.964 95.0585
v 153.622 219.909 95.1715
v 153.832 219.829 95.2398
v 154.059 219.728 95.256
v 154.288 219.606 95.2164
v 154.505 219.467 95.1214
v 154.696 219.313 94.9751
v 154.847 219.148 94.7855
v 154.95 218.976 94.5636
v 153.245 219.999 94.8573
v 153.37 219.977 95.0167
v 153.536 219.93 95.1463
v 153.736 219.858 95.235
v 153.958 219.764 95.2742
v 154.189 219.649 95.2586
v 154.413 219.515 95.1869
v 154.617 219.366 95.0616
v 154.787 219.204 94.8892
v 154.911 219.034 94.6794
v 154.982 218.859 94.4449
v 154.981 218.8 94.4641
v 153.306 219.987 94.9688
v 153.456 219.948 95.1132
v 153.643 219.885 95.2209
v 153.858 219.798 95.2823
v 154.087 219.689 95.2905
v 154.316 219.561 95.2427
v 154.531 219.417 95.1396
v 154.717 219.259 94.9861
v 154.862 219.092 94.7907
v 154.957 218.918 94.565
v 153.249 219.994 94.9159
v 153.381 219.964 95.0729
v 153.555 219.909 95.1981
v 153.76 219.829 95.2805
v 153.985 219.728 95.3121
v 154.216 219.606 95.2883
v 154.439 219.467 95.2083
v 154.639 219.313 95.0754
v 154.804 219.148 94.8965
v 154.921 218.976 94.6821
v 153.314 219.977 95.0263
v 153.471 219.93 95.167
v 153.664 219.858 95.2692
v 153.883 219.764 95.3234
v 154.114 219.649 95.3236
v 154.343 219.515 95.2674
v 154.555 219.366 95.1563
v 154.736 219.204 94.9958
v 154.874 219.034 94.7951
v 154.961 218.859 94.5659
v 154.965 218.8 94.5512
v 154.946 218.8 94.6374
v 153.253 219.987 94.9743
v 153.393 219.948 95.1285
v 153.573 219.885 95.2488
v 153.783 219.798 95.3247
v 154.011 219.689 95.3486
v 154.243 219.561 95.3164
v 154.464 219.417 95.2282
v 154.66 219.259 95.0878
v 154.818 219.092 94.9028
v 154.928 218.918 94.6841
v 153.321 219.964 95.0833
v 153.486 219.909 95.2199
v 153.685 219.829 95.3162
v 153.907 219.728 95.3631
v 154.14 219.606 95.3551
v 154.368 219.467 95.2906
v 154.576 219.313 95.1716
v 154.752 219.148 95.0043
v 154.884 218.976 94.7984
v 153.257 219.977 95.0322
v 153.404 219.93 95.1833
v 153.59 219.858 95.2984
v 153.805 219.764 95.3674
v 154.035 219.649 95.3834
v 154.267 219.515 95.3429
v 154.486 219.366 95.2465
v 154.678 219.204 95.0988
v 154.83 219.034 94.9079
v 154.932 218.859 94.6852
v 154.923 218.8 94.7225
v 153.329 219.948 95.1395
v 153.5 219.885 95.2718
v 153.705 219.798 95.3618
v 153.93 219.689 95.4012
v 154.164 219.561 95.385
v 154.391 219.417 95.3121
v 154.596 219.259 95.1853
v 154.766 219.092 95.0116
v 154.891 218.918 94.8008
v 153.261 219.964 95.0895
v 153.416 219.909 95.2371
v 153.607 219.829 95.3467
v 153.826 219.728 95.4087
v 154.059 219.606 95.4166
v 154.291 219.467 95.3677
v 154.507 219.313 95.2632
v 154.694 219.148 95.1084
v 154.839 218.976 94.9119
v 153.337 219.93 95.1949
v 153.514 219.858 95.3224
v 153.724 219.764 95.406
v 153.953 219.649 95.4377
v 154.187 219.515 95.4131
v 154.412 219.366 95.3319
v 154.613 219.204 95.1976
v 154.778 219.034 95.0175
v 154.895 218.859 94.8023
v 154.895 218.8 94.8064
v 154.863 218.8 94.8888
v 153.265 219.948 95.1461
v 153.427 219.885 95.2898
v 153.624 219.798 95.3935
v 153.847 219.689 95.4483
v 154.081 219.561 95.448
v 154.312 219.417 95.3907
v 154.525 219.259 95.2783
v 154.707 219.092 95.1166
v 154.846 218.918 94.9148
v 153.344 219.909 95.2494
v 153.528 219.829 95.3718
v 153.742 219.728 95.4486
v 153.974 219.606 95.4724
v 154.208 219.467 95.4394
v 154.431 219.313 95.35
v 154.628 219.148 95.2082
v 154.787 218.976 95.0221
v 153.268 219.93 95.2019
v 153.437 219.858 95.3413
v 153.64 219.764 95.4389
v 153.866 219.649 95.4861
v 154.102 219.515 95.4776
v 154.332 219.366 95.4119
v 154.542 219.204 95.2917
v 154.718 219.034 95.1233
v 154.85 218.859 94.9165
v 154.827 218.8 94.9696
v 153.352 219.885 95.3027
v 153.542 219.798 95.4197
v 153.76 219.689 95.4895
v 153.994 219.561 95.5052
v 154.228 219.417 95.4638
v 154.449 219.259 95.3662
v 154.641 219.092 95.2173
v 154.793 218.918 95.0255
v 153.272 219.909 95.2568
v 153.448 219.829 95.3915
v 153.656 219.728 95.4827
v 153.885 219.606 95.5222
v 154.121 219.467 95.5053
v 154.35 219.313 95.4313
v 154.556 219.148 95.3033
v 154.727 218.976 95.1285
v 153.359 219.858 95.3548
v 153.555 219.764 95.4661
v 153.777 219.649 95.5286
v 154.013 219.515 95.5362
v 154.246 219.366 95.4864
v 154.464 219.204 95.3807
v 154.652 219.034 95.2247
v 154.797 218.859 95.0275
v 154.787 218.8 95.0485
v 153.276 219.885 95.3105
v 153.458 219.798 95.4402
v 153.671 219.689 95.5247
v 153.903 219.561 95.5563
v 154.14 219.417 95.5311
v 154.366 219.259 95.4487
v 154.568 219.092 95.3133
v 154.733 218.918 95.1322
v 153.366 219.829 95.4056
v 153.567 219.728 95.5108
v 153.793 219.606 95.5659
v 154.03 219.467 95.5652
v 154.263 219.313 95.5069
v 154.478 219.148 95.3933
v 154.66 218.976 95.2305
v 153.28 219.858 95.363
v 153.468 219.764 95.4873
v 153.685 219.649 95.5649
v 153.919 219.515 95.5885
v 154.156 219.366 95.5548
v 154.381 219.204 95.4642
v 154.578 219.034 95.3214
v 154.737 218.859 95.1345
v 154.744 218.8 95.1254
v 154.697 218.8 95.2
v 153.373 219.798 95.4549
v 153.579 219.689 95.5537
v 153.809 219.561 95.6011
v 154.047 219.417 95.5921
v 154.278 219.259 95.5254
v 154.489 219.092 95.404
v 154.666 218.918 95.2347
v 153.283 219.829 95.4141
v 153.477 219.728 95.5328
v 153.699 219.606 95.6032
v 153.935 219.467 95.6186
v 154.172 219.313 95.5764
v 154.393 219.148 95.4777
v 154.586 218.976 95.3278
v 153.379 219.764 95.5026
v 153.591 219.649 95.5948
v 153.823 219.515 95.6344
v 154.062 219.366 95.6169
v 154.292 219.204 95.5419
v 154.499 219.034 95.4129
v 154.669 218.859 95.2372
v 154.646 218.8 95.2723
v 153.286 219.798 95.4637
v 153.486 219.689 95.5765
v 153.712 219.561 95.6394
v 153.95 219.417 95.6466
v 154.185 219.259 95.5959
v 154.404 219.092 95.4892
v 154.592 218.918 95.3323
v 153.385 219.728 95.5486
v 153.602 219.606 95.6339
v 153.837 219.467 95.6655
v 154.075 219.313 95.6395
v 154.303 219.148 95.5562
v 154.506 218.976 95.4197
v 153.29 219.764 95.5118
v 153.495 219.649 95.6182
v 153.724 219.515 95.6736
v 153.963 219.366 95.6724
v 154.198 219.204 95.6132
v 154.413 219.034 95.4987
v 154.595 218.859 95.335
v 154.591 218.8 95.3419
v 154.534 218.8 95.4088
v 153.391 219.689 95.5928
v 153.612 219.561 95.671
v 153.849 219.417 95.6944
v 154.088 219.259 95.6599
v 154.313 219.092 95.5684
v 154.511 218.918 95.4247
v 153.293 219.728 95.5581
v 153.503 219.606 95.658
v 153.735 219.467 95.7055
v 153.975 219.313 95.6959
v 154.208 219.148 95.6283
v 154.42 218.976 95.506
v 153.397 219.649 95.635
v 153.622 219.515 95.7059
v 153.861 219.366 95.721
v 154.099 219.204 95.678
v 154.321 219.034 95.5784
v 154.514 218.859 95.4276
v 154.473 218.8 95.4728
v 153.296 219.689 95.6026
v 153.511 219.561 95.6957
v 153.746 219.417 95.7352
v 153.986 219.259 95.7171
v 154.217 219.092 95.6412
v 154.425 218.918 95.5113
v 153.403 219.606 95.6753
v 153.631 219.467 95.7385
v 153.871 219.313 95.7453
v 154.108 219.148 95.6938
v 154.328 218.976 95.5862
v 153.299 219.649 95.6452
v 153.518 219.515 95.7311
v 153.755 219.366 95.7626
v 153.996 219.204 95.7359
v 154.225 219.034 95.6517
v 154.428 218.859 95.5144
v 154.409 218.8 95.5337
v 153.408 219.561 95.7134
v 153.64 219.417 95.7689
v 153.881 219.259 95.7672
v 154.117 219.092 95.7072
v 154.332 218.918 95.5918
v 153.302 219.606 95.6857
v 153.525 219.467 95.7643
v 153.764 219.313 95.7875
v 154.004 219.148 95.7523
v 154.231 218.976 95.6599
v 153.413 219.515 95.7493
v 153.647 219.366 95.7968
v 153.889 219.204 95.7866
v 154.123 219.034 95.7183
v 154.335 218.859 95.5952
v 154.342 218.8 95.5914
v 154.272 218.8 95.6458
v 153.304 219.561 95.7241
v 153.531 219.417 95.7952
v 153.772 219.259 95.81
v 154.012 219.092 95.7663
v 154.235 218.918 95.6658
v 153.418 219.467 95.7829
v 153.655 219.313 95.8223
v 153.897 219.148 95.8036
v 154.129 218.976 95.7269
v 153.307 219.515 95.7602
v 153.537 219.366 95.8236
v 153.779 219.204 95.83
v 154.018 219.034 95.7777
v 154.237 218.859 95.6694
v 154.2 218.8 95.6966
v 153.422 219.417 95.8141
v 153.661 219.259 95.8453
v 153.903 219.092 95.818
v 154.132 218.918 95.733
v 153.309 219.467 95.794
v 153.543 219.313 95.8495
v 153.786 219.148 95.8474
v 154.022 218.976 95.7867
v 153.426 219.366 95.8429
v 153.667 219.204 95.8657
v 153.908 219.034 95.8298
v 154.135 218.859 95.7367
v 154.125 218.8 95.7439
v 154.048 218.8 95.7875
v 153.311 219.417 95.8255
v 153.548 219.259 95.8729
v 153.791 219.092 95.8622
v 154.025 218.918 95.7931
v 153.429 219.313 95.8691
v 153.672 219.148 95.8835
v 153.912 218.976 95.8391
v 153.313 219.366 95.8544
v 153.552 219.204 95.8937
v 153.795 219.034 95.8743
v 154.028 218.859 95.7969
v 153.97 218.8 95.8272
v 153.433 219.259 95.8927
v 153.676 219.092 95.8986
v 153.915 218.918 95.8457
v 153.315 219.313 95.8809
v 153.556 219.148 95.9118
v 153.798 218.976 95.8838
v 153.435 219.204 95.9137
v 153.679 219.034 95.911
v 153.917 218.859 95.8497
v 153.889 218.8 95.863
v 153.317 219.259 95.9047
v 153.559 219.092 95.9271
v 153.801 218.918 95.8906
v 153.438 219.148 95.932
v 153.682 218.976 95.9207
v 153.318 219.204 95.9258
v 153.561 219.034 95.9398
v 153.802 218.859 95.8947
v 153.806 218.8 95.8948
v 153.722 218.8 95.9225
v 153.44 219.092 95.9476
v 153.684 218.918 95.9277
v 153.319 219.148 95.9443
v 153.564 218.976 95.9496
v 153.442 219.034 95.9604
v 153.685 218.859 95.9319
v 153.637 218.8 95.9461
v 153.32 219.092 95.9599
v 153.565 218.918 95.9567
v 153.443 218.976 95.9704
v 153.321 219.034 95.9728
v 153.566 218.859 95.9609
v 153.551 218.8 95.9654
v 153.464 218.8 95.9805
v 153.444 218.918 95.9775
v 153.322 218.976 95.9828
v 153.445 218.859 95.9818
v 153.376 218.8 95.9913
v 153.322 218.918 95.99
v 153.323 218.859 95.9944
v 7 -1 7
v 7 -1 89
v 148 -1 7
v 148 -1 89
v 14 -1.7 58.0465
v 14 -1 51.3488
v 14 -1.7 51.3488
v 14 -1 58.0465
v 141 -1.7 58.0465
v 141 -1.7 51.3488
v 141 -1 51.3488
v 141 -1 58.0465
v 14 -2.3 68.093
v 14 -2.3 58.0465
v 14 -1 68.093
v 141 -2.3 68.093
v 141 -2.3 58.0465
v 141 -1 68.093
v 65.5 -3.1 65.4186
v 65.5 -2.3 60.7209
v 65.5 -3.1 60.7209
v 65.5 -2.3 65.4186
v 65.6968 -3.1 60.1252
v 65.727 -3.1 60.0865
v 65.759 -3.1 60.0494
v 65.596 -3.1 60.2934
v 65.6181 -3.1 60.2495
v 65.6423 -3.1 60.2068
v 65.5761 -3.1 60.3382
v 65.5431 -3.1 60.4306
v 65.5585 -3.1 60.384
v 65.5108 -3.1 60.5742
v 65.5192 -3.1 60.5258
v 65.53 -3.1 60.478
v 66.5 -3.1 59.7209
v 65.7929 -3.1 60.0138
v 65.8284 -3.1 59.98
v 65.8656 -3.1 59.9479
v 65.9043 -3.1 59.9177
v 65.9444 -3.1 59.8895
v 65.9859 -3.1 59.8632
v 66.0286 -3.1 59.839
v 66.0724 -3.1 59.8169
v 66.1173 -3.1 59.7971
v 66.1631 -3.1 59.7794
v 66.2097 -3.1 59.764
v 66.257 -3.1 59.7509
v 66.3049 -3.1 59.7401
v 66.3533 -3.1 59.7318
v 66.402 -3.1 59.7257
v 66.4509 -3.1 59.7221
v 65.5012 -3.1 60.6719
v 65.5048 -3.1 60.6229
v 65.6685 -3.1 60.1654
v 65.5192 -3.1 65.6137
v 65.5048 -3.1 65.5166
v 65.5012 -3.1 65.4677
v 65.5108 -3.1 65.5653
v 65.53 -3.1 65.6616
v 65.5431 -3.1 65.7089
v 65.5761 -3.1 65.8013
v 65.5585 -3.1 65.7555
v 65.6181 -3.1 65.89
v 65.596 -3.1 65.8462
v 65.6423 -3.1 65.9327
v 65.6685 -3.1 65.9742
v 65.6968 -3.1 66.0143
v 65.727 -3.1 66.053
v 65.759 -3.1 66.0902
v 65.8656 -3.1 66.1916
v 65.7929 -3.1 66.1257
v 65.8284 -3.1 66.1596
v 65.9043 -3.1 66.2218
v 65.9444 -3.1 66.2501
v 66.0286 -3.1 66.3005
v 65.9859 -3.1 66.2763
v 66.0724 -3.1 66.3226
v 66.1631 -3.1 66.3601
v 66.1173 -3.1 66.3425
v 66.257 -3.1 66.3886
v 66.2097 -3.1 66.3755
v 66.3533 -3.1 66.4078
v 66.3049 -3.1 66.3994
v 66.402 -3.1 66.4138
v 66.5 -3.1 66.4186
v 66.4509 -3.1 66.4174
v 88.6467 -3.1 59.7318
v 88.5491 -3.1 59.7221
v 88.598 -3.1 59.7257
v 88.6951 -3.1 59.7401
v 88.5 -3.1 59.7209
v 88.7903 -3.1 59.764
v 88.743 -3.1 59.7509
v 88.9276 -3.1 59.8169
v 88.8369 -3.1 59.7794
v 88.8827 -3.1 59.7971
v 89.0141 -3.1 59.8632
v 88.9714 -3.1 59.839
v 89.0957 -3.1 59.9177
v 89.0556 -3.1 59.8895
v 89.1344 -3.1 59.9479
v 89.2071 -3.1 60.0138
v 89.1716 -3.1 59.98
v 89.273 -3.1 60.0865
v 89.241 -3.1 60.0494
v 89.3032 -3.1 60.1252
v 89.3315 -3.1 60.1654
v 89.3577 -3.1 60.2068
v 89.3819 -3.1 60.2495
v 89.404 -3.1 60.2934
v 89.4239 -3.1 60.3382
v 89.47 -3.1 60.478
v 89.4415 -3.1 60.384
v 89.4569 -3.1 60.4306
v 89.4808 -3.1 60.5258
v 89.4952 -3.1 60.6229
v 89.4892 -3.1 60.5742
v 89.5 -3.1 60.7209
v 89.4988 -3.1 60.6719
v 88.5 -3.1 66.4186
v 89.5 -3.1 65.4186
v 88.5491 -3.1 66.4174
v 88.6467 -3.1 66.4078
v 89.4988 -3.1 65.4677
v 89.4952 -3.1 65.5166
v 89.4892 -3.1 65.5653
v 88.598 -3.1 66.4138
v 89.47 -3.1 65.6616
v 89.4808 -3.1 65.6137
v 88.743 -3.1 66.3886
v 88.6951 -3.1 66.3994
v 89.4415 -3.1 65.7555
v 89.4569 -3.1 65.7089
v 89.4239 -3.1 65.8013
v 88.8827 -3.1 66.3425
v 88.8369 -3.1 66.3601
v 88.7903 -3.1 66.3755
v 88.9276 -3.1 66.3226
v 89.3819 -3.1 65.89
v 89.404 -3.1 65.8462
v 88.9714 -3.1 66.3005
v 89.3032 -3.1 66.0143
v 89.3577 -3.1 65.9327
v 89.3315 -3.1 65.9742
v 89.0957 -3.1 66.2218
v 89.0556 -3.1 66.2501
v 89.0141 -3.1 66.2763
v 89.2071 -3.1 66.1257
v 89.273 -3.1 66.053
v 89.241 -3.1 66.0902
v 89.1716 -3.1 66.1596
v 89.1344 -3.1 66.1916
v 65.5012 -2.3 60.6719
v 65.5048 -2.3 60.6229
v 65.5108 -2.3 60.5742
v 65.5192 -2.3 60.5258
v 65.53 -2.3 60.478
v 65.5431 -2.3 60.4306
v 65.5585 -2.3 60.384
v 65.5761 -2.3 60.3382
v 65.596 -2.3 60.2934
v 65.6181 -2.3 60.2495
v 65.6423 -2.3 60.2068
v 65.6685 -2.3 60.1654
v 65.6968 -2.3 60.1252
v 65.727 -2.3 60.0865
v 65.759 -2.3 60.0494
v 65.7929 -2.3 60.0138
v 65.8284 -2.3 59.98
v 65.8656 -2.3 59.9479
v 65.9043 -2.3 59.9177
v 65.9444 -2.3 59.8895
v 65.9859 -2.3 59.8632
v 66.0286 -2.3 59.839
v 66.0724 -2.3 59.8169
v 66.1173 -2.3 59.7971
v 66.1631 -2.3 59.7794
v 66.2097 -2.3 59.764
v 66.257 -2.3 59.7509
v 66.3049 -2.3 59.7401
v 66.3533 -2.3 59.7318
v 66.402 -2.3 59.7257
v 66.4509 -2.3 59.7221
v 66.5 -2.3 59.7209
v 65.5012 -2.3 65.4677
v 65.5048 -2.3 65.5166
v 65.5108 -2.3 65.5653
v 65.5192 -2.3 65.6137
v 65.53 -2.3 65.6616
v 65.5431 -2.3 65.7089
v 65.5585 -2.3 65.7555
v 65.5761 -2.3 65.8013
v 65.596 -2.3 65.8462
v 65.6181 -2.3 65.89
v 65.6423 -2.3 65.9327
v 65.6685 -2.3 65.9742
v 65.6968 -2.3 66.0143
v 65.727 -2.3 66.053
v 65.759 -2.3 66.0902
v 65.7929 -2.3 66.1257
v 65.8284 -2.3 66.1596
v 65.8656 -2.3 66.1916
v 65.9043 -2.3 66.2218
v 65.9444 -2.3 66.2501
v 65.9859 -2.3 66.2763
v 66.0286 -2.3 66.3005
v 66.0724 -2.3 66.3226
v 66.1173 -2.3 66.3425
v 66.1631 -2.3 66.3601
v 66.2097 -2.3 66.3755
v 66.257 -2.3 66.3886
v 66.3049 -2.3 66.3994
v 66.3533 -2.3 66.4078
v 66.402 -2.3 66.4138
v 66.4509 -2.3 66.4174
v 66.5 -2.3 66.4186
v 88.6467 -2.3 59.7318
v 88.598 -2.3 59.7257
v 88.5491 -2.3 59.7221
v 88.6951 -2.3 59.7401
v 88.5 -2.3 59.7209
v 88.7903 -2.3 59.764
v 88.743 -2.3 59.7509
v 88.9276 -2.3 59.8169
v 88.8827 -2.3 59.7971
v 88.8369 -2.3 59.7794
v 89.0141 -2.3 59.8632
v 88.9714 -2.3 59.839
v 89.0957 -2.3 59.9177
v 89.0556 -2.3 59.8895
v 89.1344 -2.3 59.9479
v 89.2071 -2.3 60.0138
v 89.1716 -2.3 59.98
v 89.273 -2.3 60.0865
v 89.241 -2.3 60.0494
v 89.3032 -2.3 60.1252
v 89.3315 -2.3 60.1654
v 89.3577 -2.3 60.2068
v 89.3819 -2.3 60.2495
v 89.404 -2.3 60.2934
v 89.4239 -2.3 60.3382
v 89.47 -2.3 60.478
v 89.4569 -2.3 60.4306
v 89.4415 -2.3 60.384
v 89.4808 -2.3 60.5258
v 89.4952 -2.3 60.6229
v 89.4892 -2.3 60.5742
v 89.5 -2.3 60.7209
v 89.4988 -2.3 60.6719
v 88.5 -2.3 66.4186
v 89.5 -2.3 65.4186
v 88.5491 -2.3 66.4174
v 88.6467 -2.3 66.4078
v 89.4988 -2.3 65.4677
v 89.4952 -2.3 65.5166
v 89.4892 -2.3 65.5653
v 88.598 -2.3 66.4138
v 89.47 -2.3 65.6616
v 89.4808 -2.3 65.6137
v 88.743 -2.3 66.3886
v 88.6951 -2.3 66.3994
v 89.4415 -2.3 65.7555
v 89.4569 -2.3 65.7089
v 89.4239 -2.3 65.8013
v 88.8827 -2.3 66.3425
v 88.7903 -2.3 66.3755
v 88.8369 -2.3 66.3601
v 88.9276 -2.3 66.3226
v 89.3819 -2.3 65.89
v 89.404 -2.3 65.8462
v 88.9714 -2.3 66.3005
v 89.3032 -2.3 66.0143
v 89.3577 -2.3 65.9327
v 89.3315 -2.3 65.9742
v 89.0957 -2.3 66.2218
v 89.0141 -2.3 66.2763
v 89.0556 -2.3 66.2501
v 89.2071 -2.3 66.1257
v 89.273 -2.3 66.053
v 89.241 -2.3 66.0902
v 89.1344 -2.3 66.1916
v 89.1716 -2.3 66.1596
v 13 -1.8 82.6047
v 13 -1 71.4419
v 13 -1.8 71.4419
v 13 -1 82.6047
v 52 -1.8 82.6047
v 52 -1.8 71.4419
v 52 -1 71.4419
v 52 -1 82.6047
v 68.1595 1.4 21.0565
v 68 1.4 21.0605
v 68 -0.6 21.0605
v 68.1595 -0.6 21.0565
v 68.3186 1.4 21.0446
v 68.3186 -0.6 21.0446
v 68.4769 1.4 21.0247
v 68.4769 -0.6 21.0247
v 68.6341 1.4 20.997
v 68.6341 -0.6 20.997
v 68.7896 1.4 20.9615
v 68.7896 -0.6 20.9615
v 68.9432 1.4 20.9183
v 68.9432 -0.6 20.9183
v 69.0945 -0.6 20.8675
v 69.0945 1.4 20.8675
v 69.243 1.4 20.8092
v 69.243 -0.6 20.8092
v 69.3884 1.4 20.7436
v 69.3884 -0.6 20.7436
v 69.5304 1.4 20.6708
v 69.5304 -0.6 20.6708
v 69.6686 -0.6 20.591
v 69.6686 1.4 20.591
v 69.8026 1.4 20.5044
v 69.8026 -0.6 20.5044
v 69.9322 1.4 20.4113
v 69.9322 -0.6 20.4113
v 70.0569 1.4 20.3118
v 70.0569 -0.6 20.3118
v 70.1766 1.4 20.2062
v 70.1766 -0.6 20.2062
v 70.2908 1.4 20.0948
v 70.2908 -0.6 20.0948
v 70.3993 1.4 19.9779
v 70.3993 -0.6 19.9779
v 70.5019 -0.6 19.8556
v 70.5019 1.4 19.8556
v 70.5982 1.4 19.7284
v 70.5982 -0.6 19.7284
v 70.6881 1.4 19.5966
v 70.6881 -0.6 19.5966
v 70.7713 -0.6 19.4605
v 70.7713 1.4 19.4605
v 70.8476 -0.6 19.3203
v 70.8476 1.4 19.3203
v 70.9168 1.4 19.1766
v 70.9168 -0.6 19.1766
v 70.9788 1.4 19.0296
v 70.9788 -0.6 19.0296
v 71.0334 1.4 18.8796
v 71.0334 -0.6 18.8796
v 71.0804 1.4 18.7272
v 71.0804 -0.6 18.7272
v 71.1198 1.4 18.5725
v 71.1198 -0.6 18.5725
v 71.1514 1.4 18.4161
v 71.1514 -0.6 18.4161
v 71.1752 1.4 18.2584
v 71.1752 -0.6 18.2584
v 71.1911 1.4 18.0996
v 71.1911 -0.6 18.0996
v 71.199 1.4 17.9402
v 71.199 -0.6 17.9402
v 71.199 1.4 17.7807
v 71.199 -0.6 17.7807
v 71.1911 -0.6 17.6213
v 71.1911 1.4 17.6213
v 71.1752 1.4 17.4626
v 71.1752 -0.6 17.4626
v 71.1514 1.4 17.3048
v 71.1514 -0.6 17.3048
v 71.1198 1.4 17.1484
v 71.1198 -0.6 17.1484
v 71.0804 1.4 16.9938
v 71.0804 -0.6 16.9938
v 71.0334 1.4 16.8413
v 71.0334 -0.6 16.8413
v 70.9788 1.4 16.6914
v 70.9788 -0.6 16.6914
v 70.9168 1.4 16.5443
v 70.9168 -0.6 16.5443
v 70.8476 1.4 16.4006
v 70.8476 -0.6 16.4006
v 70.7713 1.4 16.2605
v 70.7713 -0.6 16.2605
v 70.6881 1.4 16.1243
v 70.6881 -0.6 16.1243
v 70.5982 1.4 15.9925
v 70.5982 -0.6 15.9925
v 70.5019 1.4 15.8653
v 70.5019 -0.6 15.8653
v 70.3993 1.4 15.7431
v 70.3993 -0.6 15.7431
v 70.2908 1.4 15.6261
v 70.2908 -0.6 15.6261
v 70.1766 1.4 15.5147
v 70.1766 -0.6 15.5147
v 70.0569 1.4 15.4091
v 70.0569 -0.6 15.4091
v 69.9322 1.4 15.3096
v 69.9322 -0.6 15.3096
v 69.8026 1.4 15.2165
v 69.8026 -0.6 15.2165
v 69.6686 1.4 15.1299
v 69.6686 -0.6 15.1299
v 69.5304 -0.6 15.0502
v 69.5304 1.4 15.0502
v 69.3884 1.4 14.9774
v 69.3884 -0.6 14.9774
v 69.243 1.4 14.9117
v 69.243 -0.6 14.9117
v 69.0945 1.4 14.8534
v 69.0945 -0.6 14.8534
v 68.9432 1.4 14.8026
v 68.9432 -0.6 14.8026
v 68.7896 1.4 14.7594
v 68.7896 -0.6 14.7594
v 68.6341 1.4 14.7239
v 68.6341 -0.6 14.7239
v 68.4769 1.4 14.6962
v 68.4769 -0.6 14.6962
v 68.3186 1.4 14.6764
v 68.3186 -0.6 14.6764
v 68.1595 1.4 14.6644
v 68.1595 -0.6 14.6644
v 68 1.4 14.6605
v 68 -0.6 14.6605
v 67.8405 1.4 14.6644
v 67.8405 -0.6 14.6644
v 67.6814 1.4 14.6764
v 67.6814 -0.6 14.6764
v 67.5231 1.4 14.6962
v 67.5231 -0.6 14.6962
v 67.3659 1.4 14.7239
v 67.3659 -0.6 14.7239
v 67.2104 1.4 14.7594
v 67.2104 -0.6 14.7594
v 67.0568 1.4 14.8026
v 67.0568 -0.6 14.8026
v 66.9055 1.4 14.8534
v 66.9055 -0.6 14.8534
v 66.757 1.4 14.9117
v 66.757 -0.6 14.9117
v 66.6116 1.4 14.9774
v 66.6116 -0.6 14.9774
v 66.4696 1.4 15.0502
v 66.4696 -0.6 15.0502
v 66.3314 1.4 15.1299
v 66.3314 -0.6 15.1299
v 66.1974 1.4 15.2165
v 66.1974 -0.6 15.2165
v 66.0678 1.4 15.3096
v 66.0678 -0.6 15.3096
v 65.9431 1.4 15.4091
v 65.9431 -0.6 15.4091
v 65.8234 1.4 15.5147
v 65.8234 -0.6 15.5147
v 65.7092 1.4 15.6261
v 65.7092 -0.6 15.6261
v 65.6007 1.4 15.7431
v 65.6007 -0.6 15.7431
v 65.4981 1.4 15.8653
v 65.4981 -0.6 15.8653
v 65.4018 1.4 15.9925
v 65.4018 -0.6 15.9925
v 65.3119 1.4 16.1243
v 65.3119 -0.6 16.1243
v 65.2287 1.4 16.2605
v 65.2287 -0.6 16.2605
v 65.1524 1.4 16.4006
v 65.1524 -0.6 16.4006
v 65.0832 1.4 16.5443
v 65.0832 -0.6 16.5443
v 65.0212 1.4 16.6914
v 65.0212 -0.6 16.6914
v 64.9666 1.4 16.8413
v 64.9666 -0.6 16.8413
v 64.9196 1.4 16.9938
v 64.9196 -0.6 16.9938
v 64.8802 1.4 17.1484
v 64.8802 -0.6 17.1484
v 64.8486 1.4 17.3048
v 64.8486 -0.6 17.3048
v 64.8248 1.4 17.4626
v 64.8248 -0.6 17.4626
v 64.8089 1.4 17.6213
v 64.8089 -0.6 17.6213
v 64.801 1.4 17.7807
v 64.801 -0.6 17.7807
v 64.801 1.4 17.9402
v 64.801 -0.6 17.9402
v 64.8089 1.4 18.0996
v 64.8089 -0.6 18.0996
v 64.8248 1.4 18.2584
v 64.8248 -0.6 18.2584
v 64.8486 1.4 18.4161
v 64.8486 -0.6 18.4161
v 64.8802 1.4 18.5725
v 64.8802 -0.6 18.5725
v 64.9196 1.4 18.7272
v 64.9196 -0.6 18.7272
v 64.9666 1.4 18.8796
v 64.9666 -0.6 18.8796
v 65.0212 1.4 19.0296
v 65.0212 -0.6 19.0296
v 65.0832 1.4 19.1766
v 65.0832 -0.6 19.1766
v 65.1524 1.4 19.3203
v 65.1524 -0.6 19.3203
v 65.2287 1.4 19.4605
v 65.2287 -0.6 19.4605
v 65.3119 1.4 19.5966
v 65.3119 -0.6 19.5966
v 65.4018 1.4 19.7284
v 65.4018 -0.6 19.7284
v 65.4981 1.4 19.8556
v 65.4981 -0.6 19.8556
v 65.6007 1.4 19.9779
v 65.6007 -0.6 19.9779
v 65.7092 1.4 20.0948
v 65.7092 -0.6 20.0948
v 65.8234 1.4 20.2062
v 65.8234 -0.6 20.2062
v 65.9431 1.4 20.3118
v 65.9431 -0.6 20.3118
v 66.0678 1.4 20.4113
v 66.0678 -0.6 20.4113
v 66.1974 1.4 20.5044
v 66.1974 -0.6 20.5044
v 66.3314 1.4 20.591
v 66.3314 -0.6 20.591
v 66.4696 1.4 20.6708
v 66.4696 -0.6 20.6708
v 66.6116 1.4 20.7436
v 66.6116 -0.6 20.7436
v 66.757 1.4 20.8092
v 66.757 -0.6 20.8092
v 66.9055 1.4 20.8675
v 66.9055 -0.6 20.8675
v 67.0568 1.4 20.9183
v 67.0568 -0.6 20.9183
v 67.2104 1.4 20.9615
v 67.2104 -0.6 20.9615
v 67.3659 1.4 20.997
v 67.3659 -0.6 20.997
v 67.5231 1.4 21.0247
v 67.5231 -0.6 21.0247
v 67.6814 1.4 21.0446
v 67.6814 -0.6 21.0446
v 67.8405 1.4 21.0565
v 67.8405 -0.6 21.0565
v 24 18 95.99
v 24 196 96.34
v 24 196 95.99
v 24 18 96.34
v 62 18 95.99
v 62 196 95.99
v 62 196 96.34
v 62 18 96.34
v 93 18 95.99
v 93 196 96.34
v 93 196 95.99
v 93 18 96.34
v 131 18 95.99
v 131 196 95.99
v 131 196 96.34
v 131 18 96.34
v -0.35 146 73.6744
v -0.35 149.2 22.3256
v -0.35 146 22.3256
v -0.35 149.2 73.6744
v 0.1 146 73.6744
v 0.1 146 22.3256
v 0.1 149.2 22.3256
v 0.1 149.2 73.6744
v -0.35 153 73.6744
v -0.35 156.2 22.3256
v -0.35 153 22.3256
v -0.35 156.2 73.6744
v 0.1 153 73.6744
v 0.1 153 22.3256
v 0.1 156.2 22.3256
v 0.1 156.2 73.6744
v -0.35 160 73.6744
v -0.35 163.2 22.3256
v -0.35 160 22.3256
v -0.35 163.2 73.6744
v 0.1 160 73.6744
v 0.1 160 22.3256
v 0.1 163.2 22.3256
v 0.1 163.2 73.6744
v -0.35 167 73.6744
v -0.35 170.2 22.3256
v -0.35 167 22.3256
v -0.35 170.2 73.6744
v 0.1 167 73.6744
v 0.1 167 22.3256
v 0.1 170.2 22.3256
v 0.1 170.2 73.6744
v -0.35 174 73.6744
v -0.35 177.2 22.3256
v -0.35 174 22.3256
v -0.35 177.2 73.6744
v 0.1 174 73.6744
v 0.1 174 22.3256
v 0.1 177.2 22.3256
v 0.1 177.2 73.6744
v -0.35 181 73.6744
v -0.35 184.2 22.3256
v -0.35 181 22.3256
v -0.35 184.2 73.6744
v 0.1 181 73.6744
v 0.1 181 22.3256
v 0.1 184.2 22.3256
v 0.1 184.2 73.6744
v -0.35 188 73.6744
v -0.35 191.2 22.3256
v -0.35 188 22.3256
v -0.35 191.2 73.6744
v 0.1 188 73.6744
v 0.1 188 22.3256
v 0.1 191.2 22.3256
v 0.1 191.2 73.6744
v -0.35 195 73.6744
v -0.35 198.2 22.3256
v -0.35 195 22.3256
v -0.35 198.2 73.6744
v 0.1 195 73.6744
v 0.1 195 22.3256
v 0.1 198.2 22.3256
v 0.1 198.2 73.6744
v -0.35 202 73.6744
v -0.35 205.2 22.3256
v -0.35 202 22.3256
v -0.35 205.2 73.6744
v 0.1 202 73.6744
v 0.1 202 22.3256
v 0.1 205.2 22.3256
v 0.1 205.2 73.6744
v 154.9 146 73.6744
v 154.9 149.2 22.3256
v 154.9 146 22.3256
v 154.9 149.2 73.6744
v 155.35 146 73.6744
v 155.35 146 22.3256
v 155.35 149.2 22.3256
v 155.35 149.2 73.6744
v 154.9 153 73.6744
v 154.9 156.2 22.3256
v 154.9 153 22.3256
v 154.9 156.2 73.6744
v 155.35 153 73.6744
v 155.35 153 22.3256
v 155.35 156.2 22.3256
v 155.35 156.2 73.6744
v 154.9 160 73.6744
v 154.9 163.2 22.3256
v 154.9 160 22.3256
v 154.9 163.2 73.6744
v 155.35 160 73.6744
v 155.35 160 22.3256
v 155.35 163.2 22.3256
v 155.35 163.2 73.6744
v 154.9 167 73.6744
v 154.9 170.2 22.3256
v 154.9 167 22.3256
v 154.9 170.2 73.6744
v 155.35 167 73.6744
v 155.35 167 22.3256
v 155.35 170.2 22.3256
v 155.35 170.2 73.6744
v 154.9 174 73.6744
v 154.9 177.2 22.3256
v 154.9 174 22.3256
v 154.9 177.2 73.6744
v 155.35 174 73.6744
v 155.35 174 22.3256
v 155.35 177.2 22.3256
v 155.35 177.2 73.6744
v 154.9 181 73.6744
v 154.9 184.2 22.3256
v 154.9 181 22.3256
v 154.9 184.2 73.6744
v 155.35 181 73.6744
v 155.35 181 22.3256
v 155.35 184.2 22.3256
v 155.35 184.2 73.6744
v 154.9 188 73.6744
v 154.9 191.2 22.3256
v 154.9 188 22.3256
v 154.9 191.2 73.6744
v 155.35 188 73.6744
v 155.35 188 22.3256
v 155.35 191.2 22.3256
v 155.35 191.2 73.6744
v 154.9 195 73.6744
v 154.9 198.2 22.3256
v 154.9 195 22.3256
v 154.9 198.2 73.6744
v 155.35 195 73.6744
v 155.35 195 22.3256
v 155.35 198.2 22.3256
v 155.35 198.2 73.6744
v 154.9 202 73.6744
v 154.9 205.2 22.3256
v 154.9 202 22.3256
v 154.9 205.2 73.6744
v 155.35 202 73.6744
v 155.35 202 22.3256
v 155.35 205.2 22.3256
v 155.35 205.2 73.6744
v 21.9925 18.2991 0
v 22 18 0
v 22 18 -2.2
v 21.9925 18.2991 -2.2
v 21.9702 18.5974 0
v 21.9702 18.5974 -2.2
v 21.933 18.8943 0
v 21.933 18.8943 -2.2
v 21.881 19.1889 0
v 21.881 19.1889 -2.2
v 21.8145 19.4805 0
v 21.8145 19.4805 -2.2
v 21.7334 19.7685 0
v 21.7334 19.7685 -2.2
v 21.6382 20.0521 0
v 21.6382 20.0521 -2.2
v 21.5289 20.3306 0
v 21.5289 20.3306 -2.2
v 21.4058 20.6033 0
v 21.4058 20.6033 -2.2
v 21.2693 20.8695 -2.2
v 21.2693 20.8695 0
v 21.1197 21.1286 0
v 21.1197 21.1286 -2.2
v 20.9574 21.3799 0
v 20.9574 21.3799 -2.2
v 20.7828 21.6228 0
v 20.7828 21.6228 -2.2
v 20.5963 21.8567 0
v 20.5963 21.8567 -2.2
v 20.3983 22.081 -2.2
v 20.3983 22.081 0
v 20.1894 22.2952 0
v 20.1894 22.2952 -2.2
v 19.9701 22.4987 0
v 19.9701 22.4987 -2.2
v 19.7409 22.691 0
v 19.7409 22.691 -2.2
v 19.5025 22.8716 -2.2
v 19.5025 22.8716 0
v 19.2553 23.0402 -2.2
v 19.2553 23.0402 0
v 19 23.1962 0
v 19 23.1962 -2.2
v 18.7373 23.3392 -2.2
v 18.7373 23.3392 0
v 18.4677 23.469 0
v 18.4677 23.469 -2.2
v 18.192 23.5852 -2.2
v 18.192 23.5852 0
v 17.9109 23.6876 -2.2
v 17.9109 23.6876 0
v 17.625 23.7757 0
v 17.625 23.7757 -2.2
v 17.3351 23.8496 0
v 17.3351 23.8496 -2.2
v 17.0419 23.9088 0
v 17.0419 23.9088 -2.2
v 16.7461 23.9534 0
v 16.7461 23.9534 -2.2
v 16.4484 23.9832 0
v 16.4484 23.9832 -2.2
v 16.1496 23.9981 0
v 16.1496 23.9981 -2.2
v 15.8504 23.9981 -2.2
v 15.8504 23.9981 0
v 15.5516 23.9832 0
v 15.5516 23.9832 -2.2
v 15.2539 23.9534 0
v 15.2539 23.9534 -2.2
v 14.9581 23.9088 0
v 14.9581 23.9088 -2.2
v 14.6649 23.8496 0
v 14.6649 23.8496 -2.2
v 14.375 23.7757 0
v 14.375 23.7757 -2.2
v 14.0891 23.6876 0
v 14.0891 23.6876 -2.2
v 13.808 23.5852 0
v 13.808 23.5852 -2.2
v 13.5323 23.469 -2.2
v 13.5323 23.469 0
v 13.2627 23.3392 0
v 13.2627 23.3392 -2.2
v 13 23.1962 -2.2
v 13 23.1962 0
v 12.7447 23.0402 0
v 12.7447 23.0402 -2.2
v 12.4975 22.8716 0
v 12.4975 22.8716 -2.2
v 12.2591 22.691 0
v 12.2591 22.691 -2.2
v 12.0299 22.4987 0
v 12.0299 22.4987 -2.2
v 11.8106 22.2952 0
v 11.8106 22.2952 -2.2
v 11.6017 22.081 0
v 11.6017 22.081 -2.2
v 11.4037 21.8567 -2.2
v 11.4037 21.8567 0
v 11.2172 21.6228 0
v 11.2172 21.6228 -2.2
v 11.0426 21.3799 0
v 11.0426 21.3799 -2.2
v 10.8803 21.1286 0
v 10.8803 21.1286 -2.2
v 10.7307 20.8695 0
v 10.7307 20.8695 -2.2
v 10.5942 20.6033 0
v 10.5942 20.6033 -2.2
v 10.4711 20.3306 0
v 10.4711 20.3306 -2.2
v 10.3618 20.0521 0
v 10.3618 20.0521 -2.2
v 10.2666 19.7685 0
v 10.2666 19.7685 -2.2
v 10.1855 19.4805 0
v 10.1855 19.4805 -2.2
v 10.119 19.1889 0
v 10.119 19.1889 -2.2
v 10.067 18.8943 0
v 10.067 18.8943 -2.2
v 10.0298 18.5974 0
v 10.0298 18.5974 -2.2
v 10.0075 18.2991 0
v 10.0075 18.2991 -2.2
v 10 18 0
v 10 18 -2.2
v 10.0075 17.7009 0
v 10.0075 17.7009 -2.2
v 10.0298 17.4026 0
v 10.0298 17.4026 -2.2
v 10.067 17.1057 0
v 10.067 17.1057 -2.2
v 10.119 16.8111 0
v 10.119 16.8111 -2.2
v 10.1855 16.5195 0
v 10.1855 16.5195 -2.2
v 10.2666 16.2315 -2.2
v 10.2666 16.2315 0
v 10.3618 15.9479 0
v 10.3618 15.9479 -2.2
v 10.4711 15.6694 0
v 10.4711 15.6694 -2.2
v 10.5942 15.3967 0
v 10.5942 15.3967 -2.2
v 10.7307 15.1305 0
v 10.7307 15.1305 -2.2
v 10.8803 14.8714 0
v 10.8803 14.8714 -2.2
v 11.0426 14.6201 -2.2
v 11.0426 14.6201 0
v 11.2172 14.3772 0
v 11.2172 14.3772 -2.2
v 11.4037 14.1433 0
v 11.4037 14.1433 -2.2
v 11.6017 13.919 0
v 11.6017 13.919 -2.2
v 11.8106 13.7048 0
v 11.8106 13.7048 -2.2
v 12.0299 13.5013 -2.2
v 12.0299 13.5013 0
v 12.2591 13.309 0
v 12.2591 13.309 -2.2
v 12.4975 13.1284 0
v 12.4975 13.1284 -2.2
v 12.7447 12.9598 0
v 12.7447 12.9598 -2.2
v 13 12.8038 0
v 13 12.8038 -2.2
v 13.2627 12.6608 0
v 13.2627 12.6608 -2.2
v 13.5323 12.531 -2.2
v 13.5323 12.531 0
v 13.808 12.4148 0
v 13.808 12.4148 -2.2
v 14.0891 12.3124 0
v 14.0891 12.3124 -2.2
v 14.375 12.2243 -2.2
v 14.375 12.2243 0
v 14.6649 12.1504 0
v 14.6649 12.1504 -2.2
v 14.9581 12.0912 0
v 14.9581 12.0912 -2.2
v 15.2539 12.0466 -2.2
v 15.2539 12.0466 0
v 15.5516 12.0168 0
v 15.5516 12.0168 -2.2
v 15.8504 12.0019 0
v 15.8504 12.0019 -2.2
v 16.1496 12.0019 -2.2
v 16.1496 12.0019 0
v 16.4484 12.0168 0
v 16.4484 12.0168 -2.2
v 16.7461 12.0466 -2.2
v 16.7461 12.0466 0
v 17.0419 12.0912 0
v 17.0419 12.0912 -2.2
v 17.3351 12.1504 -2.2
v 17.3351 12.1504 0
v 17.625 12.2243 0
v 17.625 12.2243 -2.2
v 17.9109 12.3124 -2.2
v 17.9109 12.3124 0
v 18.192 12.4148 0
v 18.192 12.4148 -2.2
v 18.4677 12.531 -2.2
v 18.4677 12.531 0
v 18.7373 12.6608 0
v 18.7373 12.6608 -2.2
v 19 12.8038 -2.2
v 19 12.8038 0
v 19.2553 12.9598 0
v 19.2553 12.9598 -2.2
v 19.5025 13.1284 -2.2
v 19.5025 13.1284 0
v 19.7409 13.309 0
v 19.7409 13.309 -2.2
v 19.9701 13.5013 0
v 19.9701 13.5013 -2.2
v 20.1894 13.7048 0
v 20.1894 13.7048 -2.2
v 20.3983 13.919 0
v 20.3983 13.919 -2.2
v 20.5963 14.1433 0
v 20.5963 14.1433 -2.2
v 20.7828 14.3772 -2.2
v 20.7828 14.3772 0
v 20.9574 14.6201 0
v 20.9574 14.6201 -2.2
v 21.1197 14.8714 -2.2
v 21.1197 14.8714 0
v 21.2693 15.1305 0
v 21.2693 15.1305 -2.2
v 21.4058 15.3967 0
v 21.4058 15.3967 -2.2
v 21.5289 15.6694 -2.2
v 21.5289 15.6694 0
v 21.6382 15.9479 -2.2
v 21.6382 15.9479 0
v 21.7334 16.2315 0
v 21.7334 16.2315 -2.2
v 21.8145 16.5195 0
v 21.8145 16.5195 -2.2
v 21.881 16.8111 0
v 21.881 16.8111 -2.2
v 21.933 17.1057 -2.2
v 21.933 17.1057 0
v 21.9702 17.4026 -2.2
v 21.9702 17.4026 0
v 21.9925 17.7009 0
v 21.9925 17.7009 -2.2
v 21.9925 202.299 0
v 22 202 0
v 22 202 -2.2
v 21.9925 202.299 -2.2
v 21.9702 202.597 0
v 21.9702 202.597 -2.2
v 21.933 202.894 0
v 21.933 202.894 -2.2
v 21.881 203.189 0
v 21.881 203.189 -2.2
v 21.8145 203.481 0
v 21.8145 203.481 -2.2
v 21.7334 203.768 0
v 21.7334 203.768 -2.2
v 21.6382 204.052 0
v 21.6382 204.052 -2.2
v 21.5289 204.331 0
v 21.5289 204.331 -2.2
v 21.4058 204.603 0
v 21.4058 204.603 -2.2
v 21.2693 204.869 -2.2
v 21.2693 204.869 0
v 21.1197 205.129 0
v 21.1197 205.129 -2.2
v 20.9574 205.38 0
v 20.9574 205.38 -2.2
v 20.7828 205.623 0
v 20.7828 205.623 -2.2
v 20.5963 205.857 0
v 20.5963 205.857 -2.2
v 20.3983 206.081 -2.2
v 20.3983 206.081 0
v 20.1894 206.295 0
v 20.1894 206.295 -2.2
v 19.9701 206.499 0
v 19.9701 206.499 -2.2
v 19.7409 206.691 0
v 19.7409 206.691 -2.2
v 19.5025 206.872 -2.2
v 19.5025 206.872 0
v 19.2553 207.04 -2.2
v 19.2553 207.04 0
v 19 207.196 0
v 19 207.196 -2.2
v 18.7373 207.339 -2.2
v 18.7373 207.339 0
v 18.4677 207.469 0
v 18.4677 207.469 -2.2
v 18.192 207.585 -2.2
v 18.192 207.585 0
v 17.9109 207.688 -2.2
v 17.9109 207.688 0
v 17.625 207.776 0
v 17.625 207.776 -2.2
v 17.3351 207.85 0
v 17.3351 207.85 -2.2
v 17.0419 207.909 0
v 17.0419 207.909 -2.2
v 16.7461 207.953 0
v 16.7461 207.953 -2.2
v 16.4484 207.983 0
v 16.4484 207.983 -2.2
v 16.1496 207.998 0
v 16.1496 207.998 -2.2
v 15.8504 207.998 -2.2
v 15.8504 207.998 0
v 15.5516 207.983 0
v 15.5516 207.983 -2.2
v 15.2539 207.953 0
v 15.2539 207.953 -2.2
v 14.9581 207.909 0
v 14.9581 207.909 -2.2
v 14.6649 207.85 0
v 14.6649 207.85 -2.2
v 14.375 207.776 0
v 14.375 207.776 -2.2
v 14.0891 207.688 0
v 14.0891 207.688 -2.2
v 13.808 207.585 0
v 13.808 207.585 -2.2
v 13.5323 207.469 -2.2
v 13.5323 207.469 0
v 13.2627 207.339 0
v 13.2627 207.339 -2.2
v 13 207.196 -2.2
v 13 207.196 0
v 12.7447 207.04 0
v 12.7447 207.04 -2.2
v 12.4975 206.872 0
v 12.4975 206.872 -2.2
v 12.2591 206.691 0
v 12.2591 206.691 -2.2
v 12.0299 206.499 0
v 12.0299 206.499 -2.2
v 11.8106 206.295 0
v 11.8106 206.295 -2.2
v 11.6017 206.081 0
v 11.6017 206.081 -2.2
v 11.4037 205.857 -2.2
v 11.4037 205.857 0
v 11.2172 205.623 0
v 11.2172 205.623 -2.2
v 11.0426 205.38 0
v 11.0426 205.38 -2.2
v 10.8803 205.129 0
v 10.8803 205.129 -2.2
v 10.7307 204.869 0
v 10.7307 204.869 -2.2
v 10.5942 204.603 0
v 10.5942 204.603 -2.2
v 10.4711 204.331 0
v 10.4711 204.331 -2.2
v 10.3618 204.052 0
v 10.3618 204.052 -2.2
v 10.2666 203.768 0
v 10.2666 203.768 -2.2
v 10.1855 203.481 0
v 10.1855 203.481 -2.2
v 10.119 203.189 0
v 10.119 203.189 -2.2
v 10.067 202.894 0
v 10.067 202.894 -2.2
v 10.0298 202.597 0
v 10.0298 202.597 -2.2
v 10.0075 202.299 0
v 10.0075 202.299 -2.2
v 10 202 0
v 10 202 -2.2
v 10.0075 201.701 0
v 10.0075 201.701 -2.2
v 10.0298 201.403 0
v 10.0298 201.403 -2.2
v 10.067 201.106 0
v 10.067 201.106 -2.2
v 10.119 200.811 0
v 10.119 200.811 -2.2
v 10.1855 200.519 0
v 10.1855 200.519 -2.2
v 10.2666 200.232 -2.2
v 10.2666 200.232 0
v 10.3618 199.948 0
v 10.3618 199.948 -2.2
v 10.4711 199.669 0
v 10.4711 199.669 -2.2
v 10.5942 199.397 0
v 10.5942 199.397 -2.2
v 10.7307 199.131 0
v 10.7307 199.131 -2.2
v 10.8803 198.871 0
v 10.8803 198.871 -2.2
v 11.0426 198.62 -2.2
v 11.0426 198.62 0
v 11.2172 198.377 0
v 11.2172 198.377 -2.2
v 11.4037 198.143 0
v 11.4037 198.143 -2.2
v 11.6017 197.919 0
v 11.6017 197.919 -2.2
v 11.8106 197.705 0
v 11.8106 197.705 -2.2
v 12.0299 197.501 -2.2
v 12.0299 197.501 0
v 12.2591 197.309 0
v 12.2591 197.309 -2.2
v 12.4975 197.128 0
v 12.4975 197.128 -2.2
v 12.7447 196.96 0
v 12.7447 196.96 -2.2
v 13 196.804 0
v 13 196.804 -2.2
v 13.2627 196.661 0
v 13.2627 196.661 -2.2
v 13.5323 196.531 -2.2
v 13.5323 196.531 0
v 13.808 196.415 0
v 13.808 196.415 -2.2
v 14.0891 196.312 0
v 14.0891 196.312 -2.2
v 14.375 196.224 -2.2
v 14.375 196.224 0
v 14.6649 196.15 0
v 14.6649 196.15 -2.2
v 14.9581 196.091 0
v 14.9581 196.091 -2.2
v 15.2539 196.047 -2.2
v 15.2539 196.047 0
v 15.5516 196.017 0
v 15.5516 196.017 -2.2
v 15.8504 196.002 0
v 15.8504 196.002 -2.2
v 16.1496 196.002 -2.2
v 16.1496 196.002 0
v 16.4484 196.017 0
v 16.4484 196.017 -2.2
v 16.7461 196.047 -2.2
v 16.7461 196.047 0
v 17.0419 196.091 0
v 17.0419 196.091 -2.2
v 17.3351 196.15 -2.2
v 17.3351 196.15 0
v 17.625 196.224 0
v 17.625 196.224 -2.2
v 17.9109 196.312 -2.2
v 17.9109 196.312 0
v 18.192 196.415 0
v 18.192 196.415 -2.2
v 18.4677 196.531 -2.2
v 18.4677 196.531 0
v 18.7373 196.661 0
v 18.7373 196.661 -2.2
v 19 196.804 -2.2
v 19 196.804 0
v 19.2553 196.96 0
v 19.2553 196.96 -2.2
v 19.5025 197.128 -2.2
v 19.5025 197.128 0
v 19.7409 197.309 0
v 19.7409 197.309 -2.2
v 19.9701 197.501 0
v 19.9701 197.501 -2.2
v 20.1894 197.705 0
v 20.1894 197.705 -2.2
v 20.3983 197.919 0
v 20.3983 197.919 -2.2
v 20.5963 198.143 0
v 20.5963 198.143 -2.2
v 20.7828 198.377 -2.2
v 20.7828 198.377 0
v 20.9574 198.62 0
v 20.9574 198.62 -2.2
v 21.1197 198.871 -2.2
v 21.1197 198.871 0
v 21.2693 199.131 0
v 21.2693 199.131 -2.2
v 21.4058 199.397 0
v 21.4058 199.397 -2.2
v 21.5289 199.669 -2.2
v 21.5289 199.669 0
v 21.6382 199.948 -2.2
v 21.6382 199.948 0
v 21.7334 200.232 0
v 21.7334 200.232 -2.2
v 21.8145 200.519 0
v 21.8145 200.519 -2.2
v 21.881 200.811 0
v 21.881 200.811 -2.2
v 21.933 201.106 -2.2
v 21.933 201.106 0
v 21.9702 201.403 -2.2
v 21.9702 201.403 0
v 21.9925 201.701 0
v 21.9925 201.701 -2.2
v 144.993 18.2991 0
v 145 18 0
v 145 18 -2.2
v 144.993 18.2991 -2.2
v 144.97 18.5974 0
v 144.97 18.5974 -2.2
v 144.933 18.8943 0
v 144.933 18.8943 -2.2
v 144.881 19.1889 0
v 144.881 19.1889 -2.2
v 144.815 19.4805 0
v 144.815 19.4805 -2.2
v 144.733 19.7685 0
v 144.733 19.7685 -2.2
v 144.638 20.0521 0
v 144.638 20.0521 -2.2
v 144.529 20.3306 0
v 144.529 20.3306 -2.2
v 144.406 20.6033 0
v 144.406 20.6033 -2.2
v 144.269 20.8695 -2.2
v 144.269 20.8695 0
v 144.12 21.1286 0
v 144.12 21.1286 -2.2
v 143.957 21.3799 0
v 143.957 21.3799 -2.2
v 143.783 21.6228 0
v 143.783 21.6228 -2.2
v 143.596 21.8567 0
v 143.596 21.8567 -2.2
v 143.398 22.081 -2.2
v 143.398 22.081 0
v 143.189 22.2952 0
v 143.189 22.2952 -2.2
v 142.97 22.4987 0
v 142.97 22.4987 -2.2
v 142.741 22.691 0
v 142.741 22.691 -2.2
v 142.502 22.8716 -2.2
v 142.502 22.8716 0
v 142.255 23.0402 -2.2
v 142.255 23.0402 0
v 142 23.1962 0
v 142 23.1962 -2.2
v 141.737 23.3392 -2.2
v 141.737 23.3392 0
v 141.468 23.469 0
v 141.468 23.469 -2.2
v 141.192 23.5852 -2.2
v 141.192 23.5852 0
v 140.911 23.6876 -2.2
v 140.911 23.6876 0
v 140.625 23.7757 0
v 140.625 23.7757 -2.2
v 140.335 23.8496 0
v 140.335 23.8496 -2.2
v 140.042 23.9088 0
v 140.042 23.9088 -2.2
v 139.746 23.9534 0
v 139.746 23.9534 -2.2
v 139.448 23.9832 0
v 139.448 23.9832 -2.2
v 139.15 23.9981 0
v 139.15 23.9981 -2.2
v 138.85 23.9981 -2.2
v 138.85 23.9981 0
v 138.552 23.9832 0
v 138.552 23.9832 -2.2
v 138.254 23.9534 0
v 138.254 23.9534 -2.2
v 137.958 23.9088 0
v 137.958 23.9088 -2.2
v 137.665 23.8496 0
v 137.665 23.8496 -2.2
v 137.375 23.7757 0
v 137.375 23.7757 -2.2
v 137.089 23.6876 0
v 137.089 23.6876 -2.2
v 136.808 23.5852 0
v 136.808 23.5852 -2.2
v 136.532 23.469 -2.2
v 136.532 23.469 0
v 136.263 23.3392 0
v 136.263 23.3392 -2.2
v 136 23.1962 -2.2
v 136 23.1962 0
v 135.745 23.0402 0
v 135.745 23.0402 -2.2
v 135.498 22.8716 0
v 135.498 22.8716 -2.2
v 135.259 22.691 0
v 135.259 22.691 -2.2
v 135.03 22.4987 0
v 135.03 22.4987 -2.2
v 134.811 22.2952 0
v 134.811 22.2952 -2.2
v 134.602 22.081 0
v 134.602 22.081 -2.2
v 134.404 21.8567 -2.2
v 134.404 21.8567 0
v 134.217 21.6228 0
v 134.217 21.6228 -2.2
v 134.043 21.3799 0
v 134.043 21.3799 -2.2
v 133.88 21.1286 0
v 133.88 21.1286 -2.2
v 133.731 20.8695 0
v 133.731 20.8695 -2.2
v 133.594 20.6033 0
v 133.594 20.6033 -2.2
v 133.471 20.3306 0
v 133.471 20.3306 -2.2
v 133.362 20.0521 0
v 133.362 20.0521 -2.2
v 133.267 19.7685 0
v 133.267 19.7685 -2.2
v 133.185 19.4805 0
v 133.185 19.4805 -2.2
v 133.119 19.1889 0
v 133.119 19.1889 -2.2
v 133.067 18.8943 0
v 133.067 18.8943 -2.2
v 133.03 18.5974 0
v 133.03 18.5974 -2.2
v 133.007 18.2991 0
v 133.007 18.2991 -2.2
v 133 18 0
v 133 18 -2.2
v 133.007 17.7009 0
v 133.007 17.7009 -2.2
v 133.03 17.4026 0
v 133.03 17.4026 -2.2
v 133.067 17.1057 0
v 133.067 17.1057 -2.2
v 133.119 16.8111 0
v 133.119 16.8111 -2.2
v 133.185 16.5195 0
v 133.185 16.5195 -2.2
v 133.267 16.2315 -2.2
v 133.267 16.2315 0
v 133.362 15.9479 0
v 133.362 15.9479 -2.2
v 133.471 15.6694 0
v 133.471 15.6694 -2.2
v 133.594 15.3967 0
v 133.594 15.3967 -2.2
v 133.731 15.1305 0
v 133.731 15.1305 -2.2
v 133.88 14.8714 0
v 133.88 14.8714 -2.2
v 134.043 14.6201 -2.2
v 134.043 14.6201 0
v 134.217 14.3772 0
v 134.217 14.3772 -2.2
v 134.404 14.1433 0
v 134.404 14.1433 -2.2
v 134.602 13.919 0
v 134.602 13.919 -2.2
v 134.811 13.7048 0
v 134.811 13.7048 -2.2
v 135.03 13.5013 -2.2
v 135.03 13.5013 0
v 135.259 13.309 0
v 135.259 13.309 -2.2
v 135.498 13.1284 0
v 135.498 13.1284 -2.2
v 135.745 12.9598 0
v 135.745 12.9598 -2.2
v 136 12.8038 0
v 136 12.8038 -2.2
v 136.263 12.6608 0
v 136.263 12.6608 -2.2
v 136.532 12.531 -2.2
v 136.532 12.531 0
v 136.808 12.4148 0
v 136.808 12.4148 -2.2
v 137.089 12.3124 0
v 137.089 12.3124 -2.2
v 137.375 12.2243 -2.2
v 137.375 12.2243 0
v 137.665 12.1504 0
v 137.665 12.1504 -2.2
v 137.958 12.0912 0
v 137.958 12.0912 -2.2
v 138.254 12.0466 -2.2
v 138.254 12.0466 0
v 138.552 12.0168 0
v 138.552 12.0168 -2.2
v 138.85 12.0019 0
v 138.85 12.0019 -2.2
v 139.15 12.0019 -2.2
v 139.15 12.0019 0
v 139.448 12.0168 0
v 139.448 12.0168 -2.2
v 139.746 12.0466 -2.2
v 139.746 12.0466 0
v 140.042 12.0912 0
v 140.042 12.0912 -2.2
v 140.335 12.1504 -2.2
v 140.335 12.1504 0
v 140.625 12.2243 0
v 140.625 12.2243 -2.2
v 140.911 12.3124 -2.2
v 140.911 12.3124 0
v 141.192 12.4148 0
v 141.192 12.4148 -2.2
v 141.468 12.531 -2.2
v 141.468 12.531 0
v 141.737 12.6608 0
v 141.737 12.6608 -2.2
v 142 12.8038 -2.2
v 142 12.8038 0
v 142.255 12.9598 0
v 142.255 12.9598 -2.2
v 142.502 13.1284 -2.2
v 142.502 13.1284 0
v 142.741 13.309 0
v 142.741 13.309 -2.2
v 142.97 13.5013 0
v 142.97 13.5013 -2.2
v 143.189 13.7048 0
v 143.189 13.7048 -2.2
v 143.398 13.919 0
v 143.398 13.919 -2.2
v 143.596 14.1433 0
v 143.596 14.1433 -2.2
v 143.783 14.3772 -2.2
v 143.783 14.3772 0
v 143.957 14.6201 0
v 143.957 14.6201 -2.2
v 144.12 14.8714 -2.2
v 144.12 14.8714 0
v 144.269 15.1305 0
v 144.269 15.1305 -2.2
v 144.406 15.3967 0
v 144.406 15.3967 -2.2
v 144.529 15.6694 -2.2
v 144.529 15.6694 0
v 144.638 15.9479 -2.2
v 144.638 15.9479 0
v 144.733 16.2315 0
v 144.733 16.2315 -2.2
v 144.815 16.5195 0
v 144.815 16.5195 -2.2
v 144.881 16.8111 0
v 144.881 16.8111 -2.2
v 144.933 17.1057 -2.2
v 144.933 17.1057 0
v 144.97 17.4026 -2.2
v 144.97 17.4026 0
v 144.993 17.7009 0
v 144.993 17.7009 -2.2
v 144.993 202.299 0
v 145 202 0
v 145 202 -2.2
v 144.993 202.299 -2.2
v 144.97 202.597 0
v 144.97 202.597 -2.2
v 144.933 202.894 0
v 144.933 202.894 -2.2
v 144.881 203.189 0
v 144.881 203.189 -2.2
v 144.815 203.481 0
v 144.815 203.481 -2.2
v 144.733 203.768 0
v 144.733 203.768 -2.2
v 144.638 204.052 0
v 144.638 204.052 -2.2
v 144.529 204.331 0
v 144.529 204.331 -2.2
v 144.406 204.603 0
v 144.406 204.603 -2.2
v 144.269 204.869 -2.2
v 144.269 204.869 0
v 144.12 205.129 0
v 144.12 205.129 -2.2
v 143.957 205.38 0
v 143.957 205.38 -2.2
v 143.783 205.623 0
v 143.783 205.623 -2.2
v 143.596 205.857 0
v 143.596 205.857 -2.2
v 143.398 206.081 -2.2
v 143.398 206.081 0
v 143.189 206.295 0
v 143.189 206.295 -2.2
v 142.97 206.499 0
v 142.97 206.499 -2.2
v 142.741 206.691 0
v 142.741 206.691 -2.2
v 142.502 206.872 -2.2
v 142.502 206.872 0
v 142.255 207.04 -2.2
v 142.255 207.04 0
v 142 207.196 0
v 142 207.196 -2.2
v 141.737 207.339 -2.2
v 141.737 207.339 0
v 141.468 207.469 0
v 141.468 207.469 -2.2
v 141.192 207.585 -2.2
v 141.192 207.585 0
v 140.911 207.688 -2.2
v 140.911 207.688 0
v 140.625 207.776 0
v 140.625 207.776 -2.2
v 140.335 207.85 0
v 140.335 207.85 -2.2
v 140.042 207.909 0
v 140.042 207.909 -2.2
v 139.746 207.953 0
v 139.746 207.953 -2.2
v 139.448 207.983 0
v 139.448 207.983 -2.2
v 139.15 207.998 0
v 139.15 207.998 -2.2
v 138.85 207.998 -2.2
v 138.85 207.998 0
v 138.552 207.983 0
v 138.552 207.983 -2.2
v 138.254 207.953 0
v 138.254 207.953 -2.2
v 137.958 207.909 0
v 137.958 207.909 -2.2
v 137.665 207.85 0
v 137.665 207.85 -2.2
v 137.375 207.776 0
v 137.375 207.776 -2.2
v 137.089 207.688 0
v 137.089 207.688 -2.2
v 136.808 207.585 0
v 136.808 207.585 -2.2
v 136.532 207.469 -2.2
v 136.532 207.469 0
v 136.263 207.339 0
v 136.263 207.339 -2.2
v 136 207.196 -2.2
v 136 207.196 0
v 135.745 207.04 0
v 135.745 207.04 -2.2
v 135.498 206.872 0
v 135.498 206.872 -2.2
v 135.259 206.691 0
v 135.259 206.691 -2.2
v 135.03 206.499 0
v 135.03 206.499 -2.2
v 134.811 206.295 0
v 134.811 206.295 -2.2
v 134.602 206.081 0
v 134.602 206.081 -2.2
v 134.404 205.857 -2.2
v 134.404 205.857 0
v 134.217 205.623 0
v 134.217 205.623 -2.2
v 134.043 205.38 0
v 134.043 205.38 -2.2
v 133.88 205.129 0
v 133.88 205.129 -2.2
v 133.731 204.869 0
v 133.731 204.869 -2.2
v 133.594 204.603 0
v 133.594 204.603 -2.2
v 133.471 204.331 0
v 133.471 204.331 -2.2
v 133.362 204.052 0
v 133.362 204.052 -2.2
v 133.267 203.768 0
v 133.267 203.768 -2.2
v 133.185 203.481 0
v 133.185 203.481 -2.2
v 133.119 203.189 0
v 133.119 203.189 -2.2
v 133.067 202.894 0
v 133.067 202.894 -2.2
v 133.03 202.597 0
v 133.03 202.597 -2.2
v 133.007 202.299 0
v 133.007 202.299 -2.2
v 133 202 0
v 133 202 -2.2
v 133.007 201.701 0
v 133.007 201.701 -2.2
v 133.03 201.403 0
v 133.03 201.403 -2.2
v 133.067 201.106 0
v 133.067 201.106 -2.2
v 133.119 200.811 0
v 133.119 200.811 -2.2
v 133.185 200.519 0
v 133.185 200.519 -2.2
v 133.267 200.232 -2.2
v 133.267 200.232 0
v 133.362 199.948 0
v 133.362 199.948 -2.2
v 133.471 199.669 0
v 133.471 199.669 -2.2
v 133.594 199.397 0
v 133.594 199.397 -2.2
v 133.731 199.131 0
v 133.731 199.131 -2.2
v 133.88 198.871 0
v 133.88 198.871 -2.2
v 134.043 198.62 -2.2
v 134.043 198.62 0
v 134.217 198.377 0
v 134.217 198.377 -2.2
v 134.404 198.143 0
v 134.404 198.143 -2.2
v 134.602 197.919 0
v 134.602 197.919 -2.2
v 134.811 197.705 0
v 134.811 197.705 -2.2
v 135.03 197.501 -2.2
v 135.03 197.501 0
v 135.259 197.309 0
v 135.259 197.309 -2.2
v 135.498 197.128 0
v 135.498 197.128 -2.2
v 135.745 196.96 0
v 135.745 196.96 -2.2
v 136 196.804 0
v 136 196.804 -2.2
v 136.263 196.661 0
v 136.263 196.661 -2.2
v 136.532 196.531 -2.2
v 136.532 196.531 0
v 136.808 196.415 0
v 136.808 196.415 -2.2
v 137.089 196.312 0
v 137.089 196.312 -2.2
v 137.375 196.224 -2.2
v 137.375 196.224 0
v 137.665 196.15 0
v 137.665 196.15 -2.2
v 137.958 196.091 0
v 137.958 196.091 -2.2
v 138.254 196.047 -2.2
v 138.254 196.047 0
v 138.552 196.017 0
v 138.552 196.017 -2.2
v 138.85 196.002 0
v 138.85 196.002 -2.2
v 139.15 196.002 -2.2
v 139.15 196.002 0
v 139.448 196.017 0
v 139.448 196.017 -2.2
v 139.746 196.047 -2.2
v 139.746 196.047 0
v 140.042 196.091 0
v 140.042 196.091 -2.2
v 140.335 196.15 -2.2
v 140.335 196.15 0
v 140.625 196.224 0
v 140.625 196.224 -2.2
v 140.911 196.312 -2.2
v 140.911 196.312 0
v 141.192 196.415 0
v 141.192 196.415 -2.2
v 141.468 196.531 -2.2
v 141.468 196.531 0
v 141.737 196.661 0
v 141.737 196.661 -2.2
v 142 196.804 -2.2
v 142 196.804 0
v 142.255 196.96 0
v 142.255 196.96 -2.2
v 142.502 197.128 -2.2
v 142.502 197.128 0
v 142.741 197.309 0
v 142.741 197.309 -2.2
v 142.97 197.501 0
v 142.97 197.501 -2.2
v 143.189 197.705 0
v 143.189 197.705 -2.2
v 143.398 197.919 0
v 143.398 197.919 -2.2
v 143.596 198.143 0
v 143.596 198.143 -2.2
v 143.783 198.377 -2.2
v 143.783 198.377 0
v 143.957 198.62 0
v 143.957 198.62 -2.2
v 144.12 198.871 -2.2
v 144.12 198.871 0
v 144.269 199.131 0
v 144.269 199.131 -2.2
v 144.406 199.397 0
v 144.406 199.397 -2.2
v 144.529 199.669 -2.2
v 144.529 199.669 0
v 144.638 199.948 -2.2
v 144.638 199.948 0
v 144.733 200.232 0
v 144.733 200.232 -2.2
v 144.815 200.519 0
v 144.815 200.519 -2.2
v 144.881 200.811 0
v 144.881 200.811 -2.2
v 144.933 201.106 -2.2
v 144.933 201.106 0
v 144.97 201.403 -2.2
v 144.97 201.403 0
v 144.993 201.701 0
v 144.993 201.701 -2.2
usemtl mat_0
f 1 2 3
f 1 4 2
f 2 5 3
f 6 5 2
f 7 8 5
f 7 9 8
f 7 5 6
f 10 9 7
f 11 12 9
f 11 9 10
f 13 14 12
f 13 15 14
f 13 12 11
f 16 15 13
f 17 18 15
f 17 15 16
f 19 20 18
f 19 21 20
f 19 18 17
f 22 21 19
f 23 24 21
f 23 21 22
f 25 26 24
f 25 24 23
f 27 28 26
f 27 26 25
f 29 30 28
f 29 31 30
f 29 28 27
f 32 31 29
f 33 34 31
f 33 35 34
f 33 31 32
f 36 35 33
f 37 38 35
f 37 39 38
f 37 35 36
f 40 39 37
f 41 42 39
f 41 39 40
f 43 44 42
f 43 42 41
f 45 46 44
f 45 44 43
f 47 48 46
f 47 46 45
f 49 50 48
f 49 51 50
f 49 48 47
f 52 51 49
f 53 54 51
f 53 51 52
f 55 56 54
f 55 54 53
f 57 58 56
f 57 59 58
f 57 56 55
f 60 61 59
f 60 59 57
f 62 61 60
f 63 64 61
f 63 61 62
f 65 66 64
f 65 67 66
f 65 64 63
f 68 67 65
f 69 70 71
f 72 71 73
f 72 69 71
f 74 73 75
f 74 72 73
f 76 75 77
f 76 74 75
f 78 77 79
f 78 76 77
f 80 79 81
f 80 78 79
f 82 81 83
f 82 80 81
f 84 83 85
f 84 82 83
f 86 84 85
f 86 85 87
f 88 86 87
f 88 87 89
f 90 89 91
f 90 88 89
f 92 91 93
f 92 90 91
f 94 93 95
f 94 92 93
f 96 95 97
f 96 94 95
f 98 97 99
f 98 96 97
f 100 99 101
f 100 98 99
f 102 101 103
f 102 100 101
f 104 103 105
f 104 102 103
f 106 105 107
f 106 104 105
f 108 107 109
f 108 106 107
f 110 109 111
f 110 108 109
f 112 111 113
f 112 110 111
f 114 113 115
f 114 112 113
f 116 115 117
f 116 114 115
f 118 117 119
f 118 116 117
f 120 119 121
f 120 118 119
f 122 121 123
f 122 120 121
f 124 123 125
f 124 122 123
f 126 125 127
f 126 124 125
f 128 127 129
f 128 126 127
f 130 129 131
f 130 128 129
f 132 131 1
f 132 130 131
f 3 132 1
f 133 134 135
f 136 137 134
f 136 134 133
f 138 139 137
f 138 137 136
f 140 141 139
f 140 139 138
f 142 143 141
f 142 141 140
f 144 145 143
f 144 143 142
f 146 147 145
f 146 145 144
f 148 149 147
f 148 147 146
f 150 149 148
f 150 151 149
f 152 151 150
f 152 153 151
f 154 155 153
f 154 153 152
f 156 157 155
f 156 155 154
f 158 159 157
f 158 157 156
f 160 161 159
f 160 159 158
f 162 163 161
f 162 161 160
f 164 165 163
f 164 163 162
f 166 167 165
f 166 165 164
f 168 169 167
f 168 167 166
f 170 171 169
f 170 169 168
f 172 173 171
f 172 171 170
f 174 175 173
f 174 173 172
f 176 177 175
f 176 175 174
f 178 179 177
f 178 177 176
f 180 181 179
f 180 179 178
f 182 183 181
f 182 181 180
f 184 185 183
f 184 183 182
f 186 187 185
f 186 185 184
f 188 189 187
f 188 187 186
f 190 191 189
f 190 189 188
f 192 193 191
f 192 191 190
f 194 195 193
f 194 193 192
f 196 4 195
f 196 195 194
f 2 4 196
f 197 4 1
f 197 198 199
f 197 1 198
f 200 197 199
f 201 199 202
f 201 200 199
f 203 204 205
f 203 202 204
f 203 201 202
f 206 205 207
f 206 203 205
f 208 206 207
f 209 208 207
f 209 210 211
f 209 207 210
f 212 209 211
f 213 212 211
f 213 211 214
f 215 213 214
f 215 214 216
f 217 215 216
f 217 216 218
f 219 217 218
f 219 218 220
f 221 220 222
f 221 219 220
f 223 224 225
f 223 222 224
f 223 221 222
f 226 223 225
f 227 225 228
f 227 226 225
f 229 228 230
f 229 227 228
f 231 232 233
f 231 230 232
f 231 229 230
f 234 231 233
f 235 233 236
f 235 234 233
f 237 236 238
f 237 235 236
f 239 238 240
f 239 237 238
f 241 240 242
f 241 239 240
f 243 242 244
f 243 241 242
f 245 246 247
f 245 244 246
f 245 243 244
f 248 245 247
f 249 250 251
f 249 247 250
f 249 248 247
f 252 251 253
f 252 249 251
f 254 252 253
f 255 253 256
f 255 254 253
f 257 256 258
f 257 255 256
f 259 258 260
f 259 257 258
f 261 69 72
f 5 132 3
f 262 263 264
f 67 265 66
f 266 261 72
f 266 267 261
f 268 72 74
f 268 266 72
f 269 270 267
f 269 267 266
f 271 74 76
f 271 268 74
f 272 269 266
f 272 266 268
f 273 274 270
f 273 270 269
f 275 76 78
f 275 271 76
f 276 268 271
f 276 272 268
f 277 273 269
f 277 269 272
f 278 78 80
f 278 275 78
f 279 274 273
f 279 280 274
f 281 271 275
f 281 276 271
f 282 277 272
f 282 272 276
f 283 80 82
f 283 278 80
f 284 273 277
f 284 279 273
f 285 281 275
f 285 275 278
f 286 287 280
f 286 280 279
f 288 276 281
f 288 282 276
f 289 82 84
f 289 283 82
f 290 277 282
f 290 284 277
f 291 278 283
f 291 285 278
f 292 286 279
f 292 279 284
f 293 281 285
f 293 288 281
f 294 84 86
f 294 289 84
f 295 296 287
f 295 297 296
f 295 287 286
f 298 290 282
f 298 282 288
f 299 283 289
f 299 291 283
f 300 284 290
f 300 292 284
f 301 293 285
f 301 285 291
f 302 86 88
f 302 294 86
f 303 295 286
f 303 286 292
f 304 298 288
f 304 288 293
f 305 299 289
f 305 289 294
f 306 307 297
f 306 297 295
f 308 300 290
f 308 290 298
f 309 291 299
f 309 301 291
f 310 302 88
f 310 88 90
f 311 303 292
f 311 292 300
f 312 304 293
f 312 293 301
f 313 294 302
f 313 305 294
f 314 306 295
f 314 295 303
f 315 298 304
f 315 308 298
f 316 309 299
f 316 299 305
f 317 90 92
f 317 310 90
f 318 307 306
f 318 319 307
f 320 311 300
f 320 300 308
f 321 312 301
f 321 301 309
f 322 313 302
f 322 302 310
f 323 314 303
f 323 303 311
f 324 304 312
f 324 315 304
f 325 316 305
f 325 305 313
f 326 92 94
f 326 94 96
f 326 317 92
f 327 306 314
f 327 318 306
f 328 320 308
f 328 308 315
f 329 309 316
f 329 321 309
f 330 310 317
f 330 322 310
f 331 332 319
f 331 319 318
f 333 323 311
f 333 311 320
f 334 324 312
f 334 312 321
f 335 313 322
f 335 325 313
f 336 326 96
f 337 314 323
f 337 327 314
f 338 328 315
f 338 315 324
f 339 329 316
f 339 316 325
f 340 330 317
f 340 317 326
f 341 331 318
f 341 318 327
f 342 333 320
f 342 320 328
f 343 334 321
f 343 321 329
f 344 322 330
f 344 330 340
f 344 335 322
f 345 96 98
f 345 336 96
f 346 347 332
f 346 332 331
f 348 323 333
f 348 337 323
f 349 324 334
f 349 338 324
f 350 339 325
f 350 335 344
f 350 325 335
f 351 340 326
f 351 326 336
f 352 341 327
f 352 327 337
f 353 328 338
f 353 342 328
f 354 329 339
f 354 343 329
f 355 344 340
f 356 345 98
f 356 98 100
f 357 346 331
f 357 331 341
f 358 333 342
f 358 348 333
f 359 334 343
f 359 349 334
f 360 350 344
f 361 351 336
f 361 336 345
f 362 363 347
f 362 347 346
f 364 337 348
f 364 352 337
f 365 353 338
f 365 338 349
f 366 339 350
f 366 354 339
f 367 355 340
f 367 340 351
f 368 100 102
f 368 356 100
f 369 357 341
f 369 341 352
f 370 342 353
f 370 358 342
f 371 343 354
f 371 359 343
f 372 344 355
f 372 360 344
f 373 345 356
f 373 361 345
f 374 346 357
f 374 362 346
f 375 348 358
f 375 364 348
f 376 349 359
f 376 365 349
f 376 359 371
f 377 366 350
f 377 350 360
f 378 351 361
f 378 367 351
f 379 102 104
f 379 368 102
f 380 381 363
f 380 382 381
f 380 363 362
f 383 352 364
f 383 369 352
f 384 370 353
f 384 353 365
f 385 354 366
f 385 371 354
f 386 355 367
f 386 372 355
f 387 356 368
f 387 373 356
f 388 374 357
f 388 369 383
f 388 357 369
f 389 358 370
f 389 375 358
f 390 376 371
f 391 360 372
f 391 377 360
f 392 378 361
f 392 361 373
f 393 379 104
f 393 104 106
f 394 362 374
f 394 374 388
f 394 380 362
f 395 364 375
f 395 383 364
f 396 365 376
f 396 384 365
f 397 366 377
f 397 385 366
f 398 386 367
f 398 367 378
f 399 387 368
f 399 368 379
f 400 382 380
f 400 401 382
f 402 388 383
f 403 370 384
f 403 389 370
f 403 384 396
f 404 371 385
f 404 390 371
f 405 372 386
f 405 391 372
f 406 373 387
f 406 392 373
f 407 106 108
f 407 393 106
f 408 394 388
f 409 375 389
f 409 395 375
f 410 376 390
f 410 396 376
f 411 377 391
f 411 397 377
f 412 378 392
f 412 398 378
f 413 399 379
f 413 379 393
f 414 400 380
f 414 380 394
f 415 402 383
f 415 383 395
f 415 395 409
f 416 403 396
f 417 385 397
f 417 404 385
f 418 405 386
f 418 386 398
f 419 399 413
f 419 406 387
f 419 387 399
f 420 108 110
f 420 407 108
f 421 422 401
f 421 401 400
f 423 408 388
f 423 388 402
f 424 409 389
f 424 389 403
f 425 390 404
f 425 410 390
f 426 391 405
f 426 411 391
f 427 392 406
f 427 412 392
f 428 393 407
f 428 413 393
f 429 394 408
f 429 414 394
f 430 415 409
f 431 396 410
f 431 416 396
f 432 397 411
f 432 411 426
f 432 417 397
f 433 398 412
f 433 418 398
f 433 412 427
f 434 413 428
f 434 419 413
f 435 110 112
f 435 420 110
f 436 400 414
f 436 421 400
f 437 402 415
f 437 423 402
f 438 424 403
f 438 403 416
f 439 425 404
f 439 404 417
f 440 405 418
f 440 418 433
f 440 426 405
f 441 406 419
f 441 427 406
f 442 428 407
f 442 407 420
f 443 444 422
f 443 422 421
f 445 429 408
f 445 408 423
f 446 409 424
f 446 430 409
f 447 431 410
f 447 410 425
f 447 425 439
f 448 432 426
f 449 427 441
f 449 433 427
f 450 434 428
f 451 112 114
f 451 435 112
f 452 414 429
f 452 436 414
f 453 437 415
f 453 415 430
f 454 416 431
f 454 438 416
f 455 439 417
f 455 417 432
f 456 440 433
f 457 419 434
f 457 441 419
f 458 442 420
f 458 420 435
f 459 443 421
f 459 421 436
f 460 445 423
f 460 423 437
f 461 424 438
f 461 438 454
f 461 446 424
f 462 447 439
f 462 439 455
f 463 426 440
f 463 448 426
f 464 449 441
f 465 450 428
f 465 428 442
f 465 442 458
f 466 114 116
f 466 451 114
f 467 444 443
f 467 468 444
f 469 452 429
f 469 429 445
f 470 453 430
f 470 446 461
f 470 430 446
f 471 454 431
f 471 431 447
f 472 432 448
f 472 455 432
f 473 433 449
f 473 456 433
f 474 457 434
f 474 434 450
f 475 458 435
f 475 435 451
f 476 459 436
f 476 436 452
f 477 460 437
f 477 437 453
f 478 461 454
f 479 462 455
f 480 463 440
f 480 440 456
f 481 464 441
f 481 441 457
f 482 465 458
f 483 116 118
f 483 466 116
f 484 467 443
f 484 443 459
f 485 445 460
f 485 469 445
f 486 470 461
f 487 447 462
f 487 471 447
f 488 472 448
f 488 448 463
f 489 473 449
f 489 449 464
f 490 474 450
f 490 450 465
f 491 475 451
f 491 451 466
f 492 493 468
f 492 494 493
f 492 467 484
f 492 468 467
f 495 476 452
f 495 452 469
f 496 453 470
f 496 477 453
f 497 454 471
f 497 471 487
f 497 478 454
f 498 455 472
f 498 479 455
f 499 473 489
f 499 480 456
f 499 456 473
f 500 457 474
f 500 481 457
f 501 482 458
f 501 458 475
f 502 118 120
f 502 120 122
f 502 483 118
f 503 484 459
f 503 459 476
f 504 460 477
f 504 485 460
f 505 486 461
f 505 461 478
f 506 462 479
f 506 487 462
f 507 488 463
f 507 463 480
f 508 464 481
f 508 489 464
f 509 465 482
f 509 490 465
f 510 491 466
f 510 466 483
f 511 492 484
f 512 495 469
f 512 469 485
f 513 470 486
f 513 496 470
f 514 497 487
f 514 487 506
f 515 472 488
f 515 498 472
f 516 489 508
f 516 499 489
f 517 474 490
f 517 500 474
f 518 501 475
f 518 475 491
f 519 122 124
f 519 502 122
f 520 494 492
f 520 521 494
f 522 503 476
f 522 476 495
f 523 477 496
f 523 504 477
f 523 496 513
f 524 505 478
f 524 478 497
f 525 498 515
f 525 506 479
f 525 479 498
f 526 507 480
f 526 480 499
f 527 508 481
f 527 481 500
f 528 509 482
f 528 482 501
f 529 510 483
f 529 483 502
f 530 511 484
f 530 503 522
f 530 484 503
f 531 485 504
f 531 512 485
f 532 513 486
f 532 486 505
f 533 514 506
f 534 507 526
f 534 515 488
f 534 488 507
f 535 516 508
f 536 517 490
f 536 490 509
f 537 518 491
f 537 491 510
f 538 519 124
f 539 492 511
f 539 520 492
f 540 522 495
f 540 495 512
f 541 523 513
f 542 524 497
f 542 497 514
f 543 525 515
f 544 499 516
f 544 526 499
f 545 500 517
f 545 527 500
f 546 528 501
f 546 501 518
f 547 502 519
f 547 529 502
f 548 549 521
f 548 521 520
f 548 520 539
f 550 530 522
f 551 523 541
f 551 504 523
f 551 531 504
f 552 505 524
f 552 532 505
f 553 506 525
f 553 533 506
f 554 534 526
f 555 535 508
f 555 508 527
f 556 509 528
f 556 536 509
f 557 537 510
f 557 510 529
f 557 529 547
f 558 538 124
f 558 124 126
f 559 511 530
f 559 539 511
f 560 540 512
f 560 512 531
f 561 541 513
f 561 513 532
f 562 542 514
f 562 514 533
f 563 543 515
f 563 515 534
f 564 544 516
f 564 516 535
f 565 545 517
f 565 517 536
f 566 546 518
f 566 518 537
f 567 519 538
f 567 547 519
f 568 548 539
f 569 522 540
f 569 550 522
f 570 551 541
f 571 524 542
f 571 552 524
f 572 553 525
f 572 525 543
f 573 526 544
f 573 554 526
f 574 527 545
f 574 555 527
f 574 545 565
f 575 528 546
f 575 556 528
f 576 557 547
f 576 547 567
f 577 126 128
f 577 558 126
f 578 579 549
f 578 549 548
f 580 559 530
f 580 530 550
f 581 560 531
f 581 531 551
f 582 561 532
f 582 552 571
f 582 532 552
f 583 533 553
f 583 562 533
f 583 553 572
f 584 563 534
f 584 534 554
f 585 564 535
f 585 535 555
f 586 536 556
f 586 565 536
f 587 566 537
f 587 537 557
f 588 567 538
f 588 558 577
f 588 538 558
f 589 568 539
f 589 539 559
f 590 540 560
f 590 560 581
f 590 569 540
f 591 541 561
f 591 570 541
f 591 561 582
f 592 571 542
f 592 542 562
f 593 563 584
f 593 572 543
f 593 543 563
f 594 544 564
f 594 573 544
f 595 574 565
f 596 575 546
f 596 546 566
f 597 576 567
f 598 128 130
f 598 577 128
f 599 578 548
f 599 548 568
f 600 580 550
f 600 550 569
f 601 551 570
f 601 581 551
f 602 582 571
f 603 572 593
f 603 583 572
f 604 584 554
f 604 554 573
f 605 585 555
f 605 555 574
f 606 586 556
f 606 556 575
f 607 557 576
f 607 587 557
f 608 588 577
f 609 578 599
f 609 579 578
f 609 610 579
f 611 580 600
f 611 589 559
f 611 559 580
f 612 590 581
f 612 581 601
f 613 591 582
f 614 562 583
f 614 592 562
f 615 584 604
f 615 593 584
f 616 594 564
f 616 564 585
f 617 565 586
f 617 595 565
f 618 566 587
f 618 596 566
f 619 597 567
f 619 567 588
f 620 132 5
f 620 130 132
f 620 598 130
f 620 5 8
f 621 568 589
f 621 599 568
f 622 569 590
f 622 600 569
f 623 570 591
f 623 601 570
f 624 571 592
f 624 602 571
f 625 603 593
f 626 604 573
f 626 573 594
f 627 574 595
f 627 605 574
f 628 606 575
f 628 575 596
f 629 576 597
f 629 607 576
f 629 597 619
f 630 577 598
f 630 608 577
f 631 609 599
f 632 611 600
f 633 601 623
f 633 612 601
f 634 613 582
f 634 582 602
f 635 614 583
f 635 583 603
f 636 615 604
f 637 616 585
f 637 585 605
f 638 617 586
f 638 586 606
f 639 618 587
f 639 587 607
f 639 607 629
f 640 588 608
f 640 619 588
f 641 262 264
f 641 264 610
f 641 610 609
f 642 589 611
f 642 621 589
f 643 622 590
f 643 590 612
f 644 613 634
f 644 591 613
f 644 623 591
f 645 624 592
f 645 614 635
f 645 592 614
f 646 625 593
f 646 593 615
f 647 626 594
f 647 594 616
f 648 617 638
f 648 627 595
f 648 595 617
f 649 618 639
f 649 596 618
f 649 628 596
f 650 629 619
f 651 630 598
f 651 620 8
f 651 598 620
f 651 8 9
f 652 631 599
f 652 599 621
f 653 600 622
f 653 632 600
f 654 633 623
f 655 602 624
f 655 634 602
f 656 603 625
f 656 635 603
f 657 636 604
f 657 604 626
f 658 637 605
f 658 605 627
f 659 606 628
f 659 638 606
f 660 639 629
f 661 640 608
f 661 608 630
f 662 641 609
f 662 609 631
f 662 663 262
f 662 262 641
f 664 611 632
f 664 642 611
f 665 643 612
f 665 612 633
f 666 644 634
f 667 645 635
f 668 646 615
f 668 615 636
f 669 616 637
f 669 647 616
f 670 648 638
f 671 649 639
f 672 650 619
f 672 619 640
f 673 652 621
f 673 621 642
f 674 653 622
f 674 622 643
f 674 643 665
f 675 644 666
f 675 623 644
f 675 654 623
f 676 624 645
f 676 655 624
f 677 656 625
f 677 625 646
f 678 626 647
f 678 657 626
f 679 627 648
f 679 658 627
f 679 648 670
f 680 628 649
f 680 659 628
f 681 660 629
f 681 629 650
f 682 651 9
f 682 661 630
f 682 630 651
f 682 9 12
f 682 12 14
f 683 663 662
f 683 684 663
f 683 662 631
f 683 631 652
f 685 632 653
f 685 664 632
f 686 665 633
f 686 633 654
f 687 655 676
f 687 666 634
f 687 634 655
f 688 656 677
f 688 667 635
f 688 635 656
f 689 636 657
f 689 668 636
f 689 657 678
f 690 637 658
f 690 669 637
f 691 638 659
f 691 670 638
f 692 660 681
f 692 639 660
f 692 671 639
f 693 672 640
f 693 640 661
f 694 673 642
f 694 642 664
f 694 664 685
f 695 674 665
f 695 665 686
f 696 675 666
f 697 676 645
f 697 645 667
f 698 646 668
f 698 677 646
f 699 669 690
f 699 678 647
f 699 647 669
f 700 670 691
f 700 679 670
f 701 680 649
f 701 649 671
f 702 672 693
f 702 650 672
f 702 681 650
f 703 652 673
f 703 684 683
f 703 704 684
f 703 683 652
f 705 653 674
f 705 685 653
f 706 686 654
f 706 654 675
f 707 687 676
f 708 688 677
f 709 678 699
f 709 689 678
f 710 690 658
f 710 658 679
f 711 691 659
f 711 659 680
f 712 692 681
f 713 682 14
f 713 693 661
f 713 661 682
f 713 14 15
f 714 685 705
f 714 694 685
f 715 695 686
f 715 686 706
f 716 666 687
f 716 687 707
f 716 696 666
f 717 697 667
f 717 667 688
f 718 698 668
f 718 668 689
f 719 699 690
f 720 700 691
f 721 671 692
f 721 701 671
f 721 692 712
f 722 702 693
f 723 703 673
f 723 673 694
f 723 724 704
f 723 704 703
f 725 705 674
f 725 674 695
f 726 696 716
f 726 706 675
f 726 675 696
f 727 676 697
f 727 707 676
f 728 677 698
f 728 708 677
f 729 709 699
f 730 679 700
f 730 710 679
f 731 680 701
f 731 711 680
f 732 681 702
f 732 712 681
f 733 714 705
f 734 715 706
f 735 716 707
f 735 707 727
f 736 688 708
f 736 717 688
f 737 689 709
f 737 718 689
f 738 719 690
f 738 710 730
f 738 690 710
f 739 720 691
f 739 691 711
f 739 711 731
f 740 721 712
f 741 722 693
f 741 693 713
f 741 713 15
f 741 15 18
f 741 18 20
f 742 723 694
f 742 724 723
f 742 743 724
f 742 744 743
f 742 694 714
f 745 695 715
f 745 725 695
f 746 726 716
f 746 716 735
f 747 727 697
f 747 717 736
f 747 697 717
f 748 728 698
f 748 698 718
f 749 719 738
f 749 729 699
f 749 699 719
f 750 700 720
f 750 730 700
f 751 701 721
f 751 731 701
f 752 732 702
f 752 702 722
f 753 705 725
f 753 733 705
f 754 726 746
f 754 706 726
f 754 734 706
f 755 727 747
f 755 735 727
f 756 708 728
f 756 736 708
f 756 728 748
f 757 709 729
f 757 737 709
f 758 738 730
f 759 739 731
f 759 731 751
f 760 712 732
f 760 740 712
f 761 742 714
f 761 714 733
f 761 744 742
f 762 715 734
f 762 745 715
f 763 746 735
f 764 747 736
f 764 736 756
f 765 748 718
f 765 718 737
f 766 749 738
f 767 720 739
f 767 750 720
f 768 721 740
f 768 751 721
f 769 752 722
f 769 741 20
f 769 722 741
f 769 20 21
f 770 753 725
f 770 725 745
f 770 745 762
f 771 754 746
f 772 755 747
f 773 756 748
f 774 729 749
f 774 757 729
f 775 758 730
f 775 730 750
f 776 759 751
f 776 751 768
f 777 752 769
f 777 760 732
f 777 732 752
f 778 744 761
f 778 733 753
f 778 779 744
f 778 761 733
f 780 762 734
f 780 734 754
f 781 735 755
f 781 763 735
f 782 764 756
f 783 737 757
f 783 765 737
f 784 766 738
f 784 738 758
f 784 758 775
f 785 739 759
f 785 759 776
f 785 767 739
f 786 740 760
f 786 768 740
f 787 770 762
f 788 746 763
f 788 771 746
f 789 747 764
f 789 772 747
f 790 773 748
f 790 748 765
f 791 749 766
f 791 774 749
f 792 750 767
f 792 775 750
f 792 767 785
f 793 776 768
f 794 21 24
f 794 769 21
f 794 777 769
f 795 778 753
f 795 753 770
f 795 796 779
f 795 779 778
f 797 780 754
f 797 754 771
f 798 781 755
f 798 755 772
f 799 756 773
f 799 782 756
f 800 783 757
f 800 757 774
f 801 775 792
f 801 784 775
f 802 785 776
f 803 786 760
f 803 760 777
f 804 780 797
f 804 762 780
f 804 787 762
f 805 788 763
f 805 763 781
f 806 789 764
f 806 764 782
f 806 782 799
f 807 783 800
f 807 765 783
f 807 790 765
f 808 766 784
f 808 791 766
f 809 792 785
f 810 793 768
f 810 768 786
f 811 796 795
f 811 812 796
f 811 795 770
f 811 770 787
f 813 788 805
f 813 797 771
f 813 771 788
f 814 798 772
f 814 772 789
f 815 799 773
f 815 773 790
f 816 774 791
f 816 800 774
f 817 801 792
f 818 776 793
f 818 802 776
f 819 24 26
f 819 26 28
f 819 777 794
f 819 803 777
f 819 794 24
f 820 797 813
f 820 804 797
f 821 805 781
f 821 798 814
f 821 781 798
f 822 806 799
f 823 807 800
f 824 808 784
f 824 784 801
f 825 809 785
f 825 785 802
f 825 802 818
f 826 810 786
f 826 786 803
f 826 803 819
f 827 812 811
f 827 811 787
f 827 828 812
f 827 829 828
f 827 787 804
f 830 813 805
f 831 789 806
f 831 814 789
f 831 806 822
f 832 790 807
f 832 815 790
f 833 816 791
f 833 791 808
f 834 809 825
f 834 792 809
f 834 817 792
f 835 793 810
f 835 810 826
f 835 818 793
f 836 820 813
f 837 821 814
f 838 815 832
f 838 799 815
f 838 822 799
f 839 816 833
f 839 823 800
f 839 800 816
f 840 824 801
f 840 801 817
f 841 825 818
f 842 28 30
f 842 826 819
f 842 819 28
f 843 829 827
f 843 827 804
f 843 804 820
f 844 830 805
f 844 805 821
f 845 831 822
f 846 832 807
f 846 807 823
f 847 808 824
f 847 833 808
f 848 834 825
f 849 835 826
f 850 813 830
f 850 836 813
f 851 814 831
f 851 837 814
f 852 832 846
f 852 838 832
f 853 833 847
f 853 839 833
f 854 840 817
f 854 817 834
f 855 818 835
f 855 841 818
f 856 843 820
f 856 820 836
f 856 857 829
f 856 829 843
f 858 844 821
f 858 821 837
f 859 838 852
f 859 822 838
f 859 845 822
f 860 846 823
f 860 823 839
f 861 824 840
f 861 847 824
f 862 825 841
f 862 848 825
f 862 841 855
f 863 30 31
f 863 31 34
f 863 842 30
f 863 826 842
f 863 849 826
f 864 844 858
f 864 850 830
f 864 830 844
f 865 851 831
f 865 831 845
f 866 852 846
f 867 853 847
f 868 834 848
f 868 854 834
f 869 855 835
f 869 835 849
f 870 857 856
f 870 856 836
f 870 871 857
f 870 836 850
f 872 858 837
f 872 837 851
f 873 859 852
f 874 860 839
f 874 839 853
f 875 840 854
f 875 861 840
f 876 862 855
f 877 864 858
f 878 845 859
f 878 865 845
f 878 859 873
f 879 860 874
f 879 866 846
f 879 846 860
f 880 847 861
f 880 867 847
f 880 861 875
f 881 848 862
f 881 868 848
f 882 34 35
f 882 849 863
f 882 869 849
f 882 863 34
f 883 864 877
f 883 871 870
f 883 870 850
f 883 850 864
f 883 884 871
f 885 851 865
f 885 872 851
f 886 873 852
f 886 852 866
f 887 853 867
f 887 874 853
f 888 854 868
f 888 875 854
f 889 876 855
f 889 869 882
f 889 855 869
f 890 877 858
f 890 872 885
f 890 858 872
f 891 878 873
f 892 879 874
f 892 874 887
f 893 880 875
f 894 862 876
f 894 881 862
f 895 884 883
f 895 896 884
f 895 897 896
f 895 883 877
f 898 885 865
f 898 865 878
f 899 886 866
f 899 866 879
f 900 867 880
f 900 887 867
f 901 868 881
f 901 888 868
f 902 35 38
f 902 882 35
f 902 889 882
f 903 890 885
f 904 891 873
f 904 873 886
f 904 886 899
f 905 892 887
f 906 888 901
f 906 875 888
f 906 893 875
f 907 894 876
f 907 889 902
f 907 876 889
f 908 877 890
f 908 895 877
f 908 897 895
f 909 898 878
f 909 878 891
f 910 879 892
f 910 899 879
f 911 900 880
f 911 880 893
f 912 894 907
f 912 901 881
f 912 881 894
f 913 885 898
f 913 903 885
f 914 904 899
f 915 905 887
f 915 900 911
f 915 887 900
f 916 901 912
f 916 906 901
f 917 38 39
f 917 39 42
f 917 902 38
f 917 907 902
f 918 897 908
f 918 919 897
f 918 890 903
f 918 908 890
f 920 909 891
f 920 891 904
f 921 910 892
f 921 892 905
f 922 893 906
f 922 911 893
f 923 912 907
f 924 898 909
f 924 909 920
f 924 913 898
f 925 899 910
f 925 910 921
f 925 914 899
f 926 915 911
f 927 916 912
f 928 903 913
f 928 918 903
f 928 919 918
f 928 929 919
f 928 930 929
f 931 920 904
f 931 904 914
f 932 921 905
f 932 905 915
f 932 915 926
f 933 906 916
f 933 922 906
f 934 42 44
f 934 917 42
f 934 907 917
f 934 923 907
f 935 924 920
f 936 925 921
f 936 921 932
f 937 911 922
f 937 926 911
f 938 912 923
f 938 927 912
f 939 928 913
f 939 913 924
f 939 930 928
f 940 914 925
f 940 931 914
f 941 932 926
f 942 933 916
f 942 916 927
f 943 931 940
f 943 920 931
f 943 935 920
f 944 936 932
f 945 937 922
f 945 933 942
f 945 922 933
f 946 938 923
f 946 44 46
f 946 46 48
f 946 934 44
f 946 923 934
f 947 939 924
f 947 930 939
f 947 924 935
f 947 948 930
f 947 949 948
f 950 940 925
f 950 925 936
f 951 926 937
f 951 941 926
f 952 927 938
f 952 942 927
f 953 943 940
f 954 944 932
f 954 932 941
f 955 942 952
f 955 945 942
f 956 935 943
f 956 943 953
f 956 949 947
f 956 947 935
f 957 936 944
f 957 950 936
f 958 945 955
f 958 951 937
f 958 937 945
f 959 48 50
f 959 946 48
f 959 952 938
f 959 938 946
f 960 953 940
f 960 940 950
f 961 954 941
f 961 941 951
f 962 955 952
f 963 956 953
f 963 949 956
f 963 964 949
f 965 944 954
f 965 957 944
f 966 958 955
f 967 950 957
f 967 960 950
f 967 957 965
f 968 951 958
f 968 961 951
f 969 50 51
f 969 959 50
f 969 952 959
f 969 962 952
f 970 953 960
f 970 963 953
f 970 964 963
f 970 971 964
f 970 972 971
f 973 954 961
f 973 965 954
f 974 955 962
f 974 966 955
f 975 967 965
f 976 966 974
f 976 958 966
f 976 968 958
f 977 960 967
f 977 970 960
f 977 972 970
f 978 973 961
f 978 961 968
f 979 974 962
f 979 51 54
f 979 54 56
f 979 969 51
f 979 962 969
f 980 965 973
f 980 973 978
f 980 975 965
f 981 976 974
f 982 972 977
f 982 975 980
f 982 983 972
f 982 984 983
f 982 967 975
f 982 977 967
f 985 968 976
f 985 978 968
f 986 980 978
f 987 979 56
f 987 56 58
f 987 981 974
f 987 974 979
f 988 982 980
f 988 984 982
f 989 976 981
f 989 985 976
f 990 978 985
f 990 986 978
f 991 980 986
f 991 988 980
f 991 984 988
f 991 992 984
f 993 58 59
f 993 59 61
f 993 981 987
f 993 989 981
f 993 987 58
f 994 985 989
f 994 990 985
f 995 986 990
f 995 991 986
f 995 992 991
f 995 996 992
f 997 994 989
f 997 61 64
f 997 993 61
f 997 989 993
f 998 995 990
f 998 994 997
f 998 996 995
f 998 990 994
f 998 999 996
f 1000 64 66
f 1000 997 64
f 1000 998 997
f 1000 999 998
f 1000 66 265
f 1000 265 999
f 1001 136 133
f 6 2 196
f 1002 1003 1004
f 68 65 1005
f 1006 136 1001
f 1006 1001 1007
f 1008 138 136
f 1008 136 1006
f 1009 1007 1010
f 1009 1006 1007
f 1011 140 138
f 1011 138 1008
f 1012 1006 1009
f 1012 1008 1006
f 1013 1010 1014
f 1013 1009 1010
f 1015 142 140
f 1015 140 1011
f 1016 1011 1008
f 1016 1008 1012
f 1017 1009 1013
f 1017 1012 1009
f 1018 144 142
f 1018 142 1015
f 1019 1013 1014
f 1019 1014 1020
f 1021 1015 1011
f 1021 1011 1016
f 1022 1012 1017
f 1022 1016 1012
f 1023 146 144
f 1023 144 1018
f 1024 1017 1013
f 1024 1013 1019
f 1025 1015 1021
f 1025 1018 1015
f 1026 1020 1027
f 1026 1019 1020
f 1028 1021 1016
f 1028 1016 1022
f 1029 148 146
f 1029 146 1023
f 1030 1022 1017
f 1030 1017 1024
f 1031 1023 1018
f 1031 1018 1025
f 1032 1019 1026
f 1032 1024 1019
f 1033 1025 1021
f 1033 1021 1028
f 1034 150 148
f 1034 148 1029
f 1035 1027 1036
f 1035 1036 1037
f 1035 1026 1027
f 1038 1022 1030
f 1038 1028 1022
f 1039 1029 1023
f 1039 1023 1031
f 1040 1030 1024
f 1040 1024 1032
f 1041 1025 1033
f 1041 1031 1025
f 1042 152 150
f 1042 150 1034
f 1043 1026 1035
f 1043 1032 1026
f 1044 1028 1038
f 1044 1033 1028
f 1045 1029 1039
f 1045 1034 1029
f 1046 1037 1047
f 1046 1035 1037
f 1048 1030 1040
f 1048 1038 1030
f 1049 1039 1031
f 1049 1031 1041
f 1050 152 1042
f 1050 154 152
f 1051 1032 1043
f 1051 1040 1032
f 1052 1033 1044
f 1052 1041 1033
f 1053 1042 1034
f 1053 1034 1045
f 1054 1035 1046
f 1054 1043 1035
f 1055 1044 1038
f 1055 1038 1048
f 1056 1039 1049
f 1056 1045 1039
f 1057 156 154
f 1057 154 1050
f 1058 1046 1047
f 1058 1047 1059
f 1060 1040 1051
f 1060 1048 1040
f 1061 1041 1052
f 1061 1049 1041
f 1062 1042 1053
f 1062 1050 1042
f 1063 1043 1054
f 1063 1051 1043
f 1064 1052 1044
f 1064 1044 1055
f 1065 1045 1056
f 1065 1053 1045
f 1066 158 156
f 1066 160 158
f 1066 156 1057
f 1067 1054 1046
f 1067 1046 1058
f 1068 1048 1060
f 1068 1055 1048
f 1069 1056 1049
f 1069 1049 1061
f 1070 1057 1050
f 1070 1050 1062
f 1071 1059 1072
f 1071 1058 1059
f 1073 1051 1063
f 1073 1060 1051
f 1074 1052 1064
f 1074 1061 1052
f 1075 1062 1053
f 1075 1053 1065
f 1076 160 1066
f 1077 1063 1054
f 1077 1054 1067
f 1078 1055 1068
f 1078 1064 1055
f 1079 1056 1069
f 1079 1065 1056
f 1080 1057 1070
f 1080 1066 1057
f 1081 1058 1071
f 1081 1077 1067
f 1081 1067 1058
f 1082 1060 1073
f 1082 1068 1060
f 1083 1061 1074
f 1083 1069 1061
f 1084 1070 1062
f 1084 1062 1075
f 1085 162 160
f 1085 160 1076
f 1086 1072 1087
f 1086 1071 1072
f 1088 1073 1063
f 1088 1082 1073
f 1088 1063 1077
f 1089 1074 1064
f 1089 1064 1078
f 1090 1065 1079
f 1090 1075 1065
f 1091 1066 1080
f 1091 1076 1066
f 1092 1077 1081
f 1093 1078 1068
f 1093 1068 1082
f 1094 1079 1069
f 1094 1069 1083
f 1095 1070 1084
f 1095 1080 1070
f 1096 162 1085
f 1096 164 162
f 1097 1071 1086
f 1097 1081 1071
f 1098 1082 1088
f 1099 1083 1074
f 1099 1074 1089
f 1100 1084 1075
f 1100 1075 1090
f 1101 1076 1091
f 1101 1085 1076
f 1102 1087 1103
f 1102 1086 1087
f 1104 1088 1077
f 1104 1077 1092
f 1105 1078 1093
f 1105 1089 1078
f 1106 1090 1079
f 1106 1079 1094
f 1107 1080 1095
f 1107 1091 1080
f 1108 166 164
f 1108 164 1096
f 1109 1081 1097
f 1109 1092 1081
f 1110 1093 1082
f 1110 1082 1098
f 1111 1094 1083
f 1111 1083 1099
f 1112 1095 1084
f 1112 1084 1100
f 1113 1096 1085
f 1113 1085 1101
f 1114 1097 1086
f 1114 1086 1102
f 1115 1110 1098
f 1115 1098 1088
f 1115 1088 1104
f 1116 1089 1105
f 1116 1099 1089
f 1117 1090 1106
f 1117 1100 1090
f 1118 1091 1107
f 1118 1101 1091
f 1119 168 166
f 1119 166 1108
f 1120 1114 1102
f 1120 1103 1121
f 1120 1121 1122
f 1120 1102 1103
f 1123 1092 1109
f 1123 1104 1092
f 1124 1093 1110
f 1124 1105 1093
f 1125 1094 1111
f 1125 1106 1094
f 1126 1095 1112
f 1126 1107 1095
f 1127 1108 1096
f 1127 1096 1113
f 1128 1097 1114
f 1128 1109 1097
f 1129 1110 1115
f 1130 1099 1116
f 1130 1111 1099
f 1131 1112 1100
f 1131 1100 1117
f 1132 1113 1101
f 1132 1101 1118
f 1133 170 168
f 1133 168 1119
f 1134 1114 1120
f 1135 1115 1104
f 1135 1104 1123
f 1136 1116 1105
f 1136 1105 1124
f 1137 1106 1125
f 1137 1117 1106
f 1138 1118 1107
f 1138 1107 1126
f 1139 1119 1108
f 1139 1108 1127
f 1140 1120 1122
f 1140 1122 1141
f 1142 1123 1109
f 1142 1109 1128
f 1143 1110 1129
f 1143 1136 1124
f 1143 1124 1110
f 1144 1125 1111
f 1144 1111 1130
f 1145 1126 1112
f 1145 1112 1131
f 1146 1113 1132
f 1146 1127 1113
f 1147 172 170
f 1147 170 1133
f 1148 1114 1134
f 1148 1128 1114
f 1149 1129 1115
f 1149 1115 1135
f 1150 1116 1136
f 1150 1130 1116
f 1151 1131 1117
f 1151 1117 1137
f 1152 1118 1138
f 1152 1132 1118
f 1153 1119 1139
f 1153 1133 1119
f 1154 1134 1120
f 1154 1120 1140
f 1155 1123 1142
f 1155 1135 1123
f 1156 1136 1143
f 1157 1137 1125
f 1157 1125 1144
f 1158 1126 1145
f 1158 1138 1126
f 1159 1127 1146
f 1159 1139 1127
f 1160 172 1147
f 1160 174 172
f 1161 1154 1140
f 1161 1141 1162
f 1161 1140 1141
f 1163 1142 1128
f 1163 1128 1148
f 1164 1143 1129
f 1164 1129 1149
f 1165 1130 1150
f 1165 1144 1130
f 1166 1145 1131
f 1166 1131 1151
f 1166 1158 1145
f 1167 1132 1152
f 1167 1146 1132
f 1168 1147 1133
f 1168 1133 1153
f 1169 1134 1154
f 1169 1148 1134
f 1170 1149 1135
f 1170 1135 1155
f 1170 1164 1149
f 1171 1136 1156
f 1171 1150 1136
f 1172 1137 1157
f 1172 1151 1137
f 1173 1138 1158
f 1173 1152 1138
f 1174 1153 1139
f 1174 1139 1159
f 1175 176 174
f 1175 178 176
f 1175 174 1160
f 1176 1154 1161
f 1177 1142 1163
f 1177 1155 1142
f 1178 1143 1164
f 1178 1156 1143
f 1179 1157 1144
f 1179 1144 1165
f 1179 1172 1157
f 1180 1158 1166
f 1181 1146 1167
f 1181 1159 1146
f 1182 1147 1168
f 1182 1160 1147
f 1183 1161 1162
f 1183 1162 1184
f 1185 1148 1169
f 1185 1163 1148
f 1186 1164 1170
f 1187 1165 1150
f 1187 1150 1171
f 1188 1166 1151
f 1188 1151 1172
f 1189 1167 1152
f 1189 1152 1173
f 1190 1168 1153
f 1190 1153 1174
f 1191 178 1175
f 1192 1154 1176
f 1192 1169 1154
f 1193 1170 1155
f 1193 1155 1177
f 1194 1156 1178
f 1194 1171 1156
f 1195 1172 1179
f 1195 1188 1172
f 1196 1158 1180
f 1196 1173 1158
f 1197 1159 1181
f 1197 1174 1159
f 1198 1160 1182
f 1198 1175 1160
f 1199 1161 1183
f 1199 1176 1161
f 1200 1163 1185
f 1200 1177 1163
f 1201 1194 1178
f 1201 1164 1186
f 1201 1178 1164
f 1202 1165 1187
f 1202 1179 1165
f 1203 1180 1166
f 1203 1166 1188
f 1204 1181 1167
f 1204 1167 1189
f 1205 1168 1190
f 1205 1182 1168
f 1206 180 178
f 1206 178 1191
f 1207 1184 1208
f 1207 1183 1184
f 1209 1169 1192
f 1209 1185 1169
f 1210 1186 1170
f 1210 1170 1193
f 1211 1187 1171
f 1211 1202 1187
f 1211 1171 1194
f 1212 1188 1195
f 1213 1189 1173
f 1213 1173 1196
f 1214 1190 1174
f 1214 1174 1197
f 1215 1175 1198
f 1215 1191 1175
f 1216 1192 1176
f 1216 1176 1199
f 1217 1177 1200
f 1217 1193 1177
f 1218 1194 1201
f 1219 1195 1179
f 1219 1179 1202
f 1220 1196 1180
f 1220 1180 1203
f 1221 1197 1181
f 1221 1181 1204
f 1222 1198 1182
f 1222 1182 1205
f 1223 182 180
f 1223 184 182
f 1223 180 1206
f 1224 1199 1183
f 1224 1216 1199
f 1224 1183 1207
f 1225 1200 1185
f 1225 1185 1209
f 1226 1186 1210
f 1226 1201 1186
f 1227 1202 1211
f 1228 1203 1188
f 1228 1188 1212
f 1228 1220 1203
f 1229 1189 1213
f 1229 1204 1189
f 1230 1190 1214
f 1230 1205 1190
f 1231 1206 1191
f 1231 1191 1215
f 1232 1208 1233
f 1232 1233 1234
f 1232 1207 1208
f 1235 1192 1216
f 1235 1209 1192
f 1236 1226 1210
f 1236 1210 1193
f 1236 1193 1217
f 1237 1194 1218
f 1237 1211 1194
f 1238 1212 1195
f 1238 1195 1219
f 1238 1228 1212
f 1239 1213 1196
f 1239 1196 1220
f 1240 1197 1221
f 1240 1214 1197
f 1241 1215 1198
f 1241 1198 1222
f 1242 184 1223
f 1243 1216 1224
f 1244 1200 1225
f 1244 1217 1200
f 1245 1218 1201
f 1245 1201 1226
f 1246 1202 1227
f 1246 1219 1202
f 1247 1239 1220
f 1247 1220 1228
f 1248 1204 1229
f 1248 1221 1204
f 1249 1222 1205
f 1249 1205 1230
f 1250 1206 1231
f 1250 1223 1206
f 1251 1224 1207
f 1251 1207 1232
f 1252 1244 1225
f 1252 1225 1209
f 1252 1209 1235
f 1253 1226 1236
f 1253 1245 1226
f 1254 1227 1211
f 1254 1211 1237
f 1254 1246 1227
f 1255 1228 1238
f 1256 1213 1239
f 1256 1229 1213
f 1256 1248 1229
f 1257 1230 1214
f 1257 1214 1240
f 1258 1215 1241
f 1258 1231 1215
f 1258 1250 1231
f 1259 186 184
f 1259 184 1242
f 1260 1232 1234
f 1260 1234 1261
f 1260 1251 1232
f 1262 1235 1216
f 1262 1216 1243
f 1263 1217 1244
f 1263 1236 1217
f 1264 1218 1245
f 1264 1237 1218
f 1265 1238 1219
f 1265 1219 1246
f 1266 1256 1239
f 1266 1239 1247
f 1267 1240 1221
f 1267 1221 1248
f 1268 1241 1222
f 1268 1222 1249
f 1269 1223 1250
f 1269 1242 1223
f 1270 1224 1251
f 1270 1243 1224
f 1271 1244 1252
f 1272 1245 1253
f 1273 1246 1254
f 1274 1228 1255
f 1274 1247 1228
f 1275 1248 1256
f 1276 1249 1230
f 1276 1230 1257
f 1276 1268 1249
f 1277 1250 1258
f 1278 186 1259
f 1278 188 186
f 1279 1251 1260
f 1280 1235 1262
f 1280 1252 1235
f 1281 1253 1236
f 1281 1236 1263
f 1282 1254 1237
f 1282 1237 1264
f 1283 1255 1238
f 1283 1238 1265
f 1284 1256 1266
f 1285 1240 1267
f 1285 1257 1240
f 1286 1258 1241
f 1286 1241 1268
f 1287 1259 1242
f 1287 1278 1259
f 1287 1242 1269
f 1288 1260 1261
f 1288 1261 1289
f 1290 1262 1243
f 1290 1243 1270
f 1291 1263 1244
f 1291 1244 1271
f 1291 1281 1263
f 1292 1245 1272
f 1292 1282 1264
f 1292 1264 1245
f 1293 1246 1273
f 1293 1265 1246
f 1294 1266 1247
f 1294 1247 1274
f 1295 1267 1248
f 1295 1248 1275
f 1296 1268 1276
f 1297 1269 1250
f 1297 1250 1277
f 1298 188 1278
f 1298 190 188
f 1299 1270 1251
f 1299 1251 1279
f 1300 1252 1280
f 1300 1271 1252
f 1301 1253 1281
f 1301 1272 1253
f 1302 1273 1254
f 1302 1254 1282
f 1303 1255 1283
f 1303 1274 1255
f 1304 1256 1284
f 1304 1275 1256
f 1305 1257 1285
f 1305 1276 1257
f 1306 1277 1258
f 1306 1258 1286
f 1307 1278 1287
f 1308 1279 1260
f 1308 1260 1288
f 1309 1262 1290
f 1309 1280 1262
f 1310 1281 1291
f 1311 1282 1292
f 1312 1265 1293
f 1312 1283 1265
f 1312 1303 1283
f 1313 1284 1266
f 1313 1266 1294
f 1314 1285 1267
f 1314 1305 1285
f 1314 1267 1295
f 1315 1286 1268
f 1315 1268 1296
f 1316 1269 1297
f 1316 1287 1269
f 1316 1307 1287
f 1317 192 190
f 1317 190 1298
f 1318 1288 1289
f 1318 1289 1319
f 1320 1270 1299
f 1320 1290 1270
f 1320 1309 1290
f 1321 1271 1300
f 1321 1291 1271
f 1322 1272 1301
f 1322 1311 1292
f 1322 1292 1272
f 1323 1312 1293
f 1323 1273 1302
f 1323 1293 1273
f 1324 1274 1303
f 1324 1294 1274
f 1325 1295 1275
f 1325 1275 1304
f 1326 1276 1305
f 1326 1296 1276
f 1327 1297 1277
f 1327 1277 1306
f 1328 1278 1307
f 1328 1298 1278
f 1329 1299 1279
f 1329 1279 1308
f 1330 1300 1280
f 1330 1280 1309
f 1331 1281 1310
f 1331 1301 1281
f 1332 1302 1282
f 1332 1282 1311
f 1332 1323 1302
f 1333 1303 1312
f 1334 1304 1284
f 1334 1284 1313
f 1335 1305 1314
f 1336 1306 1286
f 1336 1286 1315
f 1337 1307 1316
f 1338 192 1317
f 1338 194 192
f 1339 1288 1318
f 1339 1308 1288
f 1340 1309 1320
f 1340 1330 1309
f 1341 1291 1321
f 1341 1310 1291
f 1342 1311 1322
f 1343 1312 1323
f 1344 1294 1324
f 1344 1313 1294
f 1345 1314 1295
f 1345 1295 1325
f 1346 1296 1326
f 1346 1315 1296
f 1347 1297 1327
f 1347 1316 1297
f 1348 1317 1298
f 1348 1298 1328
f 1349 1318 1319
f 1349 1319 1350
f 1351 1299 1329
f 1351 1320 1299
f 1352 1300 1330
f 1352 1321 1300
f 1352 1341 1321
f 1353 1322 1301
f 1353 1301 1331
f 1354 1343 1323
f 1354 1323 1332
f 1355 1324 1303
f 1355 1303 1333
f 1356 1325 1304
f 1356 1304 1334
f 1357 1305 1335
f 1357 1326 1305
f 1358 1327 1306
f 1358 1306 1336
f 1359 1307 1337
f 1359 1328 1307
f 1360 6 196
f 1360 196 194
f 1360 194 1338
f 1360 7 6
f 1361 1308 1339
f 1361 1351 1329
f 1361 1329 1308
f 1362 1330 1340
f 1363 1353 1331
f 1363 1331 1310
f 1363 1310 1341
f 1364 1332 1311
f 1364 1311 1342
f 1365 1312 1343
f 1365 1333 1312
f 1366 1334 1313
f 1366 1313 1344
f 1367 1314 1345
f 1367 1335 1314
f 1368 1336 1315
f 1368 1315 1346
f 1369 1316 1347
f 1369 1337 1316
f 1370 1317 1348
f 1370 1338 1317
f 1371 1318 1349
f 1371 1339 1318
f 1372 1340 1320
f 1372 1320 1351
f 1373 1341 1352
f 1374 1342 1322
f 1374 1322 1353
f 1375 1343 1354
f 1376 1324 1355
f 1376 1344 1324
f 1377 1325 1356
f 1377 1345 1325
f 1378 1326 1357
f 1378 1346 1326
f 1378 1368 1346
f 1379 1347 1327
f 1379 1327 1358
f 1380 1328 1359
f 1380 1348 1328
f 1381 1003 1002
f 1381 1350 1003
f 1381 1349 1350
f 1382 1351 1361
f 1383 1330 1362
f 1383 1352 1330
f 1384 1353 1363
f 1385 1332 1364
f 1385 1354 1332
f 1386 1355 1333
f 1386 1333 1365
f 1387 1334 1366
f 1387 1356 1334
f 1388 1357 1335
f 1388 1335 1367
f 1389 1358 1336
f 1389 1336 1368
f 1390 1359 1337
f 1390 1337 1369
f 1391 7 1360
f 1391 1338 1370
f 1391 1360 1338
f 1391 10 7
f 1392 1339 1371
f 1392 1361 1339
f 1393 1383 1362
f 1393 1362 1340
f 1393 1340 1372
f 1394 1363 1341
f 1394 1341 1373
f 1395 1342 1374
f 1395 1364 1342
f 1396 1343 1375
f 1396 1365 1343
f 1396 1386 1365
f 1397 1366 1344
f 1397 1344 1376
f 1398 1388 1367
f 1398 1345 1377
f 1398 1367 1345
f 1399 1368 1378
f 1400 1347 1379
f 1400 1369 1347
f 1401 1370 1348
f 1401 1348 1380
f 1402 1381 1002
f 1402 1002 1403
f 1402 1349 1381
f 1402 1371 1349
f 1404 1372 1351
f 1404 1351 1382
f 1405 1394 1373
f 1405 1373 1352
f 1405 1352 1383
f 1406 1374 1353
f 1406 1353 1384
f 1406 1395 1374
f 1407 1375 1354
f 1407 1354 1385
f 1408 1376 1355
f 1408 1355 1386
f 1409 1377 1356
f 1409 1356 1387
f 1410 1378 1357
f 1410 1357 1388
f 1411 1358 1389
f 1411 1379 1358
f 1412 1380 1359
f 1412 1359 1390
f 1413 1361 1392
f 1413 1404 1382
f 1413 1382 1361
f 1414 1383 1393
f 1415 1363 1394
f 1415 1384 1363
f 1416 1364 1395
f 1416 1385 1364
f 1417 1386 1396
f 1417 1408 1386
f 1418 1387 1366
f 1418 1366 1397
f 1419 1388 1398
f 1420 1389 1368
f 1420 1368 1399
f 1420 1411 1389
f 1421 1369 1400
f 1421 1390 1369
f 1422 10 1391
f 1422 1391 1370
f 1422 1370 1401
f 1422 11 10
f 1422 13 11
f 1423 1371 1402
f 1423 1413 1392
f 1423 1392 1371
f 1423 1402 1403
f 1423 1403 1424
f 1425 1372 1404
f 1425 1393 1372
f 1426 1394 1405
f 1427 1395 1406
f 1428 1375 1407
f 1428 1396 1375
f 1429 1397 1376
f 1429 1376 1408
f 1430 1377 1409
f 1430 1398 1377
f 1431 1378 1410
f 1431 1399 1378
f 1432 1400 1379
f 1432 1379 1411
f 1433 1401 1380
f 1433 1380 1412
f 1434 1425 1404
f 1434 1404 1413
f 1435 1405 1383
f 1435 1383 1414
f 1436 1406 1384
f 1436 1384 1415
f 1437 1385 1416
f 1437 1407 1385
f 1437 1428 1407
f 1438 1408 1417
f 1439 1430 1409
f 1439 1387 1418
f 1439 1409 1387
f 1440 1410 1388
f 1440 1388 1419
f 1441 1411 1420
f 1442 1412 1390
f 1442 1433 1412
f 1442 1390 1421
f 1443 1423 1424
f 1443 1434 1413
f 1443 1413 1423
f 1443 1424 1444
f 1445 1393 1425
f 1445 1414 1393
f 1446 1415 1394
f 1446 1394 1426
f 1447 1416 1395
f 1447 1395 1427
f 1448 1417 1396
f 1448 1396 1428
f 1449 1418 1397
f 1449 1397 1429
f 1450 1419 1398
f 1450 1398 1430
f 1451 1420 1399
f 1451 1399 1431
f 1452 1421 1400
f 1452 1442 1421
f 1452 1400 1432
f 1453 1422 1401
f 1453 13 1422
f 1453 1401 1433
f 1453 16 13
f 1454 1425 1434
f 1454 1445 1425
f 1455 1405 1435
f 1455 1426 1405
f 1456 1427 1406
f 1456 1406 1436
f 1457 1428 1437
f 1458 1408 1438
f 1458 1429 1408
f 1458 1449 1429
f 1459 1430 1439
f 1460 1431 1410
f 1460 1410 1440
f 1461 1432 1411
f 1461 1411 1441
f 1462 1433 1442
f 1463 1434 1443
f 1463 1444 1464
f 1463 1443 1444
f 1465 1414 1445
f 1465 1435 1414
f 1466 1415 1446
f 1466 1436 1415
f 1467 1437 1416
f 1467 1416 1447
f 1468 1417 1448
f 1468 1438 1417
f 1469 1439 1418
f 1469 1418 1449
f 1470 1460 1440
f 1470 1440 1419
f 1470 1419 1450
f 1471 1461 1441
f 1471 1420 1451
f 1471 1441 1420
f 1472 1462 1442
f 1472 1442 1452
f 1473 1445 1454
f 1474 1446 1426
f 1474 1426 1455
f 1474 1466 1446
f 1475 1427 1456
f 1475 1447 1427
f 1476 1428 1457
f 1476 1448 1428
f 1476 1468 1448
f 1477 1449 1458
f 1477 1469 1449
f 1478 1430 1459
f 1478 1450 1430
f 1479 1451 1431
f 1479 1431 1460
f 1480 1452 1432
f 1480 1432 1461
f 1481 1433 1462
f 1481 1453 1433
f 1481 16 1453
f 1481 17 16
f 1481 19 17
f 1482 1464 1483
f 1482 1463 1464
f 1482 1454 1434
f 1482 1434 1463
f 1484 1435 1465
f 1484 1455 1435
f 1485 1456 1436
f 1485 1475 1456
f 1485 1436 1466
f 1486 1437 1467
f 1486 1457 1437
f 1487 1458 1438
f 1487 1438 1468
f 1488 1478 1459
f 1488 1459 1439
f 1488 1439 1469
f 1489 1460 1470
f 1490 1461 1471
f 1491 1462 1472
f 1492 1465 1445
f 1492 1445 1473
f 1492 1484 1465
f 1493 1466 1474
f 1494 1467 1447
f 1494 1447 1475
f 1495 1468 1476
f 1496 1469 1477
f 1496 1488 1469
f 1497 1450 1478
f 1497 1489 1470
f 1497 1470 1450
f 1498 1471 1451
f 1498 1451 1479
f 1499 1452 1480
f 1499 1472 1452
f 1500 1482 1483
f 1500 1473 1454
f 1500 1483 1501
f 1500 1501 1502
f 1500 1454 1482
f 1503 1455 1484
f 1503 1474 1455
f 1504 1475 1485
f 1505 1457 1486
f 1505 1476 1457
f 1506 1477 1458
f 1506 1458 1487
f 1507 1478 1488
f 1508 1479 1460
f 1508 1460 1489
f 1509 1480 1461
f 1509 1461 1490
f 1510 1481 1462
f 1510 19 1481
f 1510 1462 1491
f 1510 22 19
f 1511 1484 1492
f 1512 1485 1466
f 1512 1466 1493
f 1513 1467 1494
f 1513 1486 1467
f 1514 1468 1495
f 1514 1487 1468
f 1515 1488 1496
f 1516 1489 1497
f 1517 1471 1498
f 1517 1490 1471
f 1518 1472 1499
f 1518 1510 1491
f 1518 1491 1472
f 1519 1500 1502
f 1519 1492 1473
f 1519 1473 1500
f 1520 1474 1503
f 1520 1493 1474
f 1521 1494 1475
f 1521 1475 1504
f 1522 1514 1495
f 1522 1476 1505
f 1522 1495 1476
f 1523 1496 1477
f 1523 1477 1506
f 1524 1497 1478
f 1524 1478 1507
f 1525 1498 1479
f 1525 1479 1508
f 1526 1499 1480
f 1526 1480 1509
f 1527 1520 1503
f 1527 1484 1511
f 1527 1503 1484
f 1528 1504 1485
f 1528 1485 1512
f 1529 1486 1513
f 1529 1505 1486
f 1530 1506 1487
f 1530 1487 1514
f 1531 1507 1488
f 1531 1488 1515
f 1532 1508 1489
f 1532 1489 1516
f 1533 1509 1490
f 1533 1490 1517
f 1533 1526 1509
f 1534 23 22
f 1534 1510 1518
f 1534 22 1510
f 1535 1519 1502
f 1535 1492 1519
f 1535 1511 1492
f 1535 1502 1536
f 1537 1512 1493
f 1537 1493 1520
f 1538 1513 1494
f 1538 1494 1521
f 1538 1529 1513
f 1539 1514 1522
f 1539 1530 1514
f 1540 1496 1523
f 1540 1515 1496
f 1541 1516 1497
f 1541 1497 1524
f 1542 1517 1498
f 1542 1498 1525
f 1543 1518 1499
f 1543 1499 1526
f 1544 1520 1527
f 1545 1504 1528
f 1545 1521 1504
f 1546 1522 1505
f 1546 1505 1529
f 1547 1523 1506
f 1547 1506 1530
f 1548 1507 1531
f 1548 1541 1524
f 1548 1524 1507
f 1549 1542 1525
f 1549 1508 1532
f 1549 1525 1508
f 1550 1526 1533
f 1551 1511 1535
f 1551 1535 1536
f 1551 1544 1527
f 1551 1527 1511
f 1551 1536 1552
f 1551 1552 1553
f 1554 1528 1512
f 1554 1512 1537
f 1555 1546 1529
f 1555 1529 1538
f 1556 1530 1539
f 1557 1531 1515
f 1557 1515 1540
f 1558 1532 1516
f 1558 1516 1541
f 1559 1533 1517
f 1559 1517 1542
f 1560 25 23
f 1560 27 25
f 1560 1534 1518
f 1560 1518 1543
f 1560 23 1534
f 1561 1554 1537
f 1561 1520 1544
f 1561 1537 1520
f 1562 1555 1538
f 1562 1521 1545
f 1562 1538 1521
f 1563 1539 1522
f 1563 1522 1546
f 1564 1523 1547
f 1564 1540 1523
f 1564 1557 1540
f 1565 1541 1548
f 1566 1559 1542
f 1566 1542 1549
f 1567 1543 1526
f 1567 1526 1550
f 1568 1551 1553
f 1568 1553 1569
f 1568 1544 1551
f 1570 1545 1528
f 1570 1528 1554
f 1571 1546 1555
f 1572 1564 1547
f 1572 1530 1556
f 1572 1547 1530
f 1573 1565 1548
f 1573 1531 1557
f 1573 1548 1531
f 1574 1532 1558
f 1574 1549 1532
f 1575 1567 1550
f 1575 1533 1559
f 1575 1550 1533
f 1576 1554 1561
f 1577 1555 1562
f 1578 1539 1563
f 1578 1556 1539
f 1579 1557 1564
f 1580 1574 1558
f 1580 1541 1565
f 1580 1558 1541
f 1581 1559 1566
f 1582 29 27
f 1582 27 1560
f 1582 1543 1567
f 1582 1560 1543
f 1583 1544 1568
f 1583 1568 1569
f 1583 1561 1544
f 1583 1576 1561
f 1584 1545 1570
f 1584 1562 1545
f 1585 1563 1546
f 1585 1546 1571
f 1586 1579 1564
f 1586 1564 1572
f 1587 1565 1573
f 1588 1566 1549
f 1588 1549 1574
f 1589 1567 1575
f 1590 1570 1554
f 1590 1554 1576
f 1591 1571 1555
f 1591 1555 1577
f 1592 1572 1556
f 1592 1556 1578
f 1593 1573 1557
f 1593 1557 1579
f 1594 1574 1580
f 1594 1588 1574
f 1595 1575 1559
f 1595 1559 1581
f 1596 1583 1569
f 1596 1576 1583
f 1596 1569 1597
f 1596 1597 1598
f 1599 1562 1584
f 1599 1577 1562
f 1600 1578 1563
f 1600 1563 1585
f 1600 1592 1578
f 1601 1579 1586
f 1602 1580 1565
f 1602 1565 1587
f 1603 1566 1588
f 1603 1581 1566
f 1604 32 29
f 1604 33 32
f 1604 1582 1567
f 1604 29 1582
f 1604 1567 1589
f 1605 1570 1590
f 1605 1584 1570
f 1606 1571 1591
f 1606 1585 1571
f 1607 1586 1572
f 1607 1572 1592
f 1608 1573 1593
f 1608 1587 1573
f 1609 1588 1594
f 1609 1603 1588
f 1610 1604 1589
f 1610 1575 1595
f 1610 1589 1575
f 1611 1576 1596
f 1611 1605 1590
f 1611 1596 1598
f 1611 1590 1576
f 1612 1591 1577
f 1612 1577 1599
f 1613 1592 1600
f 1614 1608 1593
f 1614 1593 1579
f 1614 1579 1601
f 1615 1580 1602
f 1615 1594 1580
f 1616 1581 1603
f 1616 1595 1581
f 1617 1612 1599
f 1617 1599 1584
f 1617 1584 1605
f 1618 1600 1585
f 1618 1585 1606
f 1619 1601 1586
f 1619 1586 1607
f 1620 1602 1587
f 1620 1587 1608
f 1621 1616 1603
f 1621 1603 1609
f 1622 36 33
f 1622 1604 1610
f 1622 33 1604
f 1623 1611 1598
f 1623 1598 1624
f 1623 1624 1625
f 1623 1605 1611
f 1626 1606 1591
f 1626 1591 1612
f 1627 1592 1613
f 1627 1607 1592
f 1628 1608 1614
f 1628 1620 1608
f 1629 1609 1594
f 1629 1594 1615
f 1630 1610 1595
f 1630 1595 1616
f 1631 1626 1612
f 1631 1612 1617
f 1632 1600 1618
f 1632 1613 1600
f 1633 1614 1601
f 1633 1601 1619
f 1634 1615 1602
f 1634 1602 1620
f 1634 1629 1615
f 1635 1616 1621
f 1636 1605 1623
f 1636 1623 1625
f 1636 1617 1605
f 1636 1625 1637
f 1638 1618 1606
f 1638 1606 1626
f 1639 1607 1627
f 1639 1633 1619
f 1639 1619 1607
f 1640 1620 1628
f 1641 1621 1609
f 1641 1609 1629
f 1642 37 36
f 1642 1610 1630
f 1642 1622 1610
f 1642 36 1622
f 1643 1626 1631
f 1644 1627 1613
f 1644 1613 1632
f 1645 1628 1614
f 1645 1614 1633
f 1646 1629 1634
f 1647 1642 1630
f 1647 1630 1616
f 1647 1616 1635
f 1648 1631 1617
f 1648 1617 1636
f 1648 1636 1637
f 1649 1632 1618
f 1649 1644 1632
f 1649 1618 1638
f 1650 1633 1639
f 1651 1620 1640
f 1651 1634 1620
f 1652 1621 1641
f 1652 1635 1621
f 1653 1649 1638
f 1653 1626 1643
f 1653 1638 1626
f 1654 1627 1644
f 1654 1639 1627
f 1655 1640 1628
f 1655 1628 1645
f 1656 1641 1629
f 1656 1629 1646
f 1657 40 37
f 1657 41 40
f 1657 1642 1647
f 1657 37 1642
f 1658 1648 1637
f 1658 1637 1659
f 1658 1643 1631
f 1658 1631 1648
f 1660 1644 1649
f 1661 1633 1650
f 1661 1645 1633
f 1662 1646 1634
f 1662 1634 1651
f 1663 1647 1635
f 1663 1635 1652
f 1664 1649 1653
f 1665 1650 1639
f 1665 1639 1654
f 1666 1640 1655
f 1666 1651 1640
f 1667 1652 1641
f 1667 1641 1656
f 1668 1643 1658
f 1668 1653 1643
f 1668 1658 1659
f 1668 1659 1669
f 1670 1644 1660
f 1670 1654 1644
f 1671 1645 1661
f 1671 1666 1655
f 1671 1655 1645
f 1672 1656 1646
f 1672 1646 1662
f 1673 43 41
f 1673 1647 1663
f 1673 1657 1647
f 1673 41 1657
f 1674 1660 1649
f 1674 1649 1664
f 1675 1650 1665
f 1675 1661 1650
f 1675 1671 1661
f 1676 1662 1651
f 1676 1651 1666
f 1677 1652 1667
f 1677 1663 1652
f 1678 1664 1653
f 1678 1653 1668
f 1678 1669 1679
f 1678 1668 1669
f 1680 1654 1670
f 1680 1665 1654
f 1680 1675 1665
f 1681 1666 1671
f 1682 1677 1667
f 1682 1656 1672
f 1682 1667 1656
f 1683 1670 1660
f 1683 1680 1670
f 1683 1660 1674
f 1684 1671 1675
f 1685 1662 1676
f 1685 1682 1672
f 1685 1672 1662
f 1686 45 43
f 1686 47 45
f 1686 1663 1677
f 1686 43 1673
f 1686 1673 1663
f 1687 1678 1679
f 1687 1674 1664
f 1687 1679 1688
f 1687 1688 1689
f 1687 1664 1678
f 1690 1675 1680
f 1691 1666 1681
f 1691 1676 1666
f 1692 1677 1682
f 1693 1680 1683
f 1694 1681 1671
f 1694 1671 1684
f 1695 1682 1685
f 1696 1674 1687
f 1696 1683 1674
f 1696 1687 1689
f 1696 1689 1697
f 1698 1684 1675
f 1698 1675 1690
f 1699 1676 1691
f 1699 1695 1685
f 1699 1685 1676
f 1700 49 47
f 1700 1686 1677
f 1700 1677 1692
f 1700 47 1686
f 1701 1680 1693
f 1701 1690 1680
f 1702 1681 1694
f 1702 1699 1691
f 1702 1691 1681
f 1703 1692 1682
f 1703 1682 1695
f 1704 1696 1697
f 1704 1683 1696
f 1704 1693 1683
f 1705 1684 1698
f 1705 1702 1694
f 1705 1694 1684
f 1706 1695 1699
f 1707 1705 1698
f 1707 1698 1690
f 1707 1690 1701
f 1708 1699 1702
f 1709 52 49
f 1709 49 1700
f 1709 1700 1692
f 1709 1692 1703
f 1710 1693 1704
f 1710 1701 1693
f 1710 1704 1697
f 1710 1697 1711
f 1710 1711 1712
f 1713 1702 1705
f 1714 1703 1695
f 1714 1695 1706
f 1715 1713 1705
f 1715 1705 1707
f 1716 1706 1699
f 1716 1699 1708
f 1717 1707 1701
f 1717 1701 1710
f 1717 1710 1712
f 1718 1716 1708
f 1718 1708 1702
f 1718 1702 1713
f 1719 1703 1714
f 1719 53 52
f 1719 55 53
f 1719 52 1709
f 1719 1709 1703
f 1720 1713 1715
f 1721 1714 1706
f 1721 1719 1714
f 1721 1706 1716
f 1722 1717 1712
f 1722 1712 1723
f 1722 1715 1707
f 1722 1707 1717
f 1724 1716 1718
f 1725 1718 1713
f 1725 1713 1720
f 1726 55 1719
f 1726 57 55
f 1726 1719 1721
f 1727 1720 1715
f 1727 1722 1723
f 1727 1715 1722
f 1727 1723 1728
f 1727 1728 1729
f 1730 1721 1716
f 1730 1716 1724
f 1731 1724 1718
f 1731 1718 1725
f 1732 1720 1727
f 1732 1727 1729
f 1732 1731 1725
f 1732 1725 1720
f 1733 1721 1730
f 1733 60 57
f 1733 62 60
f 1733 1726 1721
f 1733 57 1726
f 1734 1724 1731
f 1734 1730 1724
f 1735 1732 1729
f 1735 1731 1732
f 1735 1729 1736
f 1737 63 62
f 1737 1733 1730
f 1737 62 1733
f 1737 1730 1734
f 1738 1734 1731
f 1738 1735 1736
f 1738 1731 1735
f 1738 1736 1739
f 1738 1739 1005
f 1740 65 63
f 1740 1734 1738
f 1740 63 1737
f 1740 1737 1734
f 1740 1738 1005
f 1740 1005 65
f 1741 67 68
f 1741 1742 67
f 1743 1744 1745
f 258 1746 260
f 71 70 1747
f 1 131 198
f 1748 1743 1745
f 1748 1749 1743
f 1750 1745 1751
f 1750 1748 1745
f 1752 1753 1749
f 1752 1749 1748
f 1754 1751 1755
f 1754 1750 1751
f 1756 1752 1748
f 1756 1748 1750
f 1757 1758 1753
f 1757 1753 1752
f 1759 1755 1760
f 1759 1754 1755
f 1761 1750 1754
f 1761 1756 1750
f 1762 1757 1752
f 1762 1752 1756
f 1763 1760 1764
f 1763 1759 1760
f 1765 1758 1757
f 1765 1766 1758
f 1767 1754 1759
f 1767 1761 1754
f 1768 1762 1756
f 1768 1756 1761
f 1769 1764 1770
f 1769 1763 1764
f 1771 1757 1762
f 1771 1765 1757
f 1772 1767 1759
f 1772 1759 1763
f 1773 1774 1766
f 1773 1766 1765
f 1775 1761 1767
f 1775 1768 1761
f 1776 1770 1777
f 1776 1769 1770
f 1778 1762 1768
f 1778 1771 1762
f 1779 1763 1769
f 1779 1772 1763
f 1780 1773 1765
f 1780 1765 1771
f 1781 1767 1772
f 1781 1775 1767
f 1782 1777 1783
f 1782 1776 1777
f 1784 1785 1774
f 1784 1786 1785
f 1784 1774 1773
f 1787 1778 1768
f 1787 1768 1775
f 1788 1769 1776
f 1788 1779 1769
f 1789 1771 1778
f 1789 1780 1771
f 1790 1781 1772
f 1790 1772 1779
f 1791 1783 1792
f 1791 1782 1783
f 1793 1784 1773
f 1793 1773 1780
f 1794 1787 1775
f 1794 1775 1781
f 1795 1788 1776
f 1795 1776 1782
f 1796 1797 1786
f 1796 1786 1784
f 1798 1789 1778
f 1798 1778 1787
f 1799 1779 1788
f 1799 1790 1779
f 1800 1791 1792
f 1800 1792 1801
f 1802 1793 1780
f 1802 1780 1789
f 1803 1794 1781
f 1803 1781 1790
f 1804 1782 1791
f 1804 1795 1782
f 1805 1796 1784
f 1805 1784 1793
f 1806 1787 1794
f 1806 1798 1787
f 1807 1799 1788
f 1807 1788 1795
f 1808 1801 1809
f 1808 1800 1801
f 1810 1797 1796
f 1810 1811 1797
f 1812 1802 1789
f 1812 1789 1798
f 1813 1803 1790
f 1813 1790 1799
f 1814 1804 1791
f 1814 1791 1800
f 1815 1805 1793
f 1815 1793 1802
f 1816 1794 1803
f 1816 1806 1794
f 1817 1807 1795
f 1817 1795 1804
f 1818 1809 1819
f 1818 1808 1809
f 1820 1796 1805
f 1820 1810 1796
f 1821 1812 1798
f 1821 1798 1806
f 1822 1799 1807
f 1822 1813 1799
f 1823 1800 1808
f 1823 1814 1800
f 1824 1825 1811
f 1824 1811 1810
f 1826 1815 1802
f 1826 1802 1812
f 1827 1816 1803
f 1827 1803 1813
f 1828 1804 1814
f 1828 1817 1804
f 1829 1819 1830
f 1829 1818 1819
f 1831 1805 1815
f 1831 1820 1805
f 1832 1821 1806
f 1832 1806 1816
f 1833 1822 1807
f 1833 1807 1817
f 1834 1823 1808
f 1834 1808 1818
f 1835 1824 1810
f 1835 1810 1820
f 1836 1826 1812
f 1836 1812 1821
f 1837 1827 1813
f 1837 1813 1822
f 1838 1814 1823
f 1838 1828 1814
f 1839 1830 1840
f 1839 1829 1830
f 1841 1842 1825
f 1841 1825 1824
f 1843 1815 1826
f 1843 1831 1815
f 1844 1816 1827
f 1844 1832 1816
f 1844 1827 1837
f 1845 1833 1817
f 1845 1817 1828
f 1846 1834 1818
f 1846 1818 1829
f 1847 1835 1820
f 1847 1820 1831
f 1848 1821 1832
f 1848 1836 1821
f 1848 1832 1844
f 1849 1822 1833
f 1849 1837 1822
f 1850 1838 1823
f 1850 1823 1834
f 1851 1839 1840
f 1851 1840 1852
f 1853 1841 1824
f 1853 1824 1835
f 1854 1826 1836
f 1854 1843 1826
f 1855 1844 1837
f 1856 1828 1838
f 1856 1845 1828
f 1857 1846 1829
f 1857 1829 1839
f 1858 1859 1842
f 1858 1842 1841
f 1858 1841 1853
f 1860 1831 1843
f 1860 1847 1831
f 1861 1848 1844
f 1862 1833 1845
f 1862 1849 1833
f 1863 1850 1834
f 1863 1834 1846
f 1864 1852 1865
f 1864 1851 1852
f 1866 1853 1835
f 1866 1835 1847
f 1867 1836 1848
f 1867 1854 1836
f 1868 1837 1849
f 1868 1855 1837
f 1869 1838 1850
f 1869 1856 1838
f 1870 1839 1851
f 1870 1857 1839
f 1871 1858 1853
f 1872 1843 1854
f 1872 1860 1843
f 1873 1861 1844
f 1873 1844 1855
f 1874 1862 1845
f 1874 1845 1856
f 1875 1863 1846
f 1875 1846 1857
f 1876 1865 1877
f 1876 1864 1865
f 1878 1879 1859
f 1878 1880 1879
f 1878 1859 1858
f 1881 1847 1860
f 1881 1866 1847
f 1882 1848 1861
f 1882 1861 1873
f 1882 1867 1848
f 1883 1868 1849
f 1883 1849 1862
f 1884 1869 1850
f 1884 1850 1863
f 1885 1851 1864
f 1885 1870 1851
f 1886 1871 1853
f 1886 1853 1866
f 1887 1854 1867
f 1887 1872 1854
f 1888 1873 1855
f 1888 1868 1883
f 1888 1855 1868
f 1889 1856 1869
f 1889 1874 1856
f 1890 1857 1870
f 1890 1875 1857
f 1891 1876 1877
f 1891 1877 1892
f 1893 1858 1871
f 1893 1878 1858
f 1894 1881 1860
f 1894 1860 1872
f 1895 1882 1873
f 1896 1883 1862
f 1896 1862 1874
f 1897 1884 1863
f 1897 1863 1875
f 1898 1864 1876
f 1898 1885 1864
f 1899 1880 1878
f 1899 1900 1880
f 1899 1878 1893
f 1901 1866 1881
f 1901 1881 1894
f 1901 1886 1866
f 1902 1887 1867
f 1902 1867 1882
f 1903 1888 1883
f 1904 1869 1884
f 1904 1889 1869
f 1905 1870 1885
f 1905 1890 1870
f 1906 1891 1892
f 1906 1892 1907
f 1908 1893 1871
f 1908 1871 1886
f 1909 1872 1887
f 1909 1894 1872
f 1910 1895 1873
f 1910 1873 1888
f 1911 1889 1904
f 1911 1874 1889
f 1911 1896 1874
f 1912 1875 1890
f 1912 1897 1875
f 1913 1898 1876
f 1913 1876 1891
f 1914 1899 1893
f 1915 1901 1894
f 1916 1902 1882
f 1916 1882 1895
f 1917 1903 1883
f 1917 1883 1896
f 1918 1884 1897
f 1918 1904 1884
f 1919 1905 1885
f 1919 1885 1898
f 1920 1907 1921
f 1920 1906 1907
f 1922 1899 1914
f 1922 1923 1900
f 1922 1900 1899
f 1924 1886 1901
f 1924 1908 1886
f 1925 1909 1887
f 1925 1887 1902
f 1926 1888 1903
f 1926 1910 1888
f 1927 1911 1904
f 1928 1890 1905
f 1928 1912 1890
f 1929 1891 1906
f 1929 1913 1891
f 1930 1914 1893
f 1930 1893 1908
f 1931 1894 1909
f 1931 1915 1894
f 1932 1895 1910
f 1932 1916 1895
f 1933 1911 1927
f 1933 1917 1896
f 1933 1896 1911
f 1934 1918 1897
f 1934 1912 1928
f 1934 1897 1912
f 1935 1898 1913
f 1935 1919 1898
f 1936 1920 1921
f 1936 1921 1937
f 1938 1922 1914
f 1939 1901 1915
f 1939 1915 1931
f 1939 1924 1901
f 1940 1925 1902
f 1940 1902 1916
f 1940 1916 1932
f 1941 1926 1903
f 1941 1903 1917
f 1941 1917 1933
f 1942 1927 1904
f 1942 1904 1918
f 1943 1905 1919
f 1943 1928 1905
f 1944 1929 1906
f 1944 1906 1920
f 1945 1923 1922
f 1945 1946 1923
f 1947 1930 1908
f 1947 1908 1924
f 1948 1931 1909
f 1948 1909 1925
f 1949 1910 1926
f 1949 1932 1910
f 1950 1933 1927
f 1951 1934 1928
f 1952 1913 1929
f 1952 1935 1913
f 1953 1937 1954
f 1953 1936 1937
f 1955 1930 1947
f 1955 1914 1930
f 1955 1938 1914
f 1956 1939 1931
f 1957 1932 1949
f 1957 1940 1932
f 1958 1941 1933
f 1959 1942 1918
f 1959 1918 1934
f 1960 1943 1919
f 1960 1919 1935
f 1960 1935 1952
f 1961 1920 1936
f 1961 1944 1920
f 1962 1945 1922
f 1962 1922 1938
f 1963 1947 1924
f 1963 1924 1939
f 1964 1948 1925
f 1964 1940 1957
f 1964 1925 1940
f 1965 1949 1926
f 1965 1926 1941
f 1966 1927 1942
f 1966 1950 1927
f 1967 1951 1928
f 1967 1928 1943
f 1968 1952 1929
f 1968 1929 1944
f 1969 1953 1954
f 1969 1954 1970
f 1971 1972 1946
f 1971 1945 1962
f 1971 1946 1945
f 1973 1955 1947
f 1974 1931 1948
f 1974 1956 1931
f 1975 1957 1949
f 1976 1958 1933
f 1976 1933 1950
f 1977 1934 1951
f 1977 1959 1934
f 1978 1960 1952
f 1979 1936 1953
f 1979 1961 1936
f 1980 1938 1955
f 1980 1955 1973
f 1980 1962 1938
f 1981 1963 1939
f 1981 1939 1956
f 1982 1964 1957
f 1983 1965 1941
f 1983 1941 1958
f 1984 1942 1959
f 1984 1966 1942
f 1985 1967 1943
f 1985 1943 1960
f 1986 1968 1944
f 1986 1944 1961
f 1987 1970 1988
f 1987 1969 1970
f 1989 1971 1962
f 1990 1973 1947
f 1990 1947 1963
f 1990 1963 1981
f 1991 1974 1948
f 1991 1948 1964
f 1992 1949 1965
f 1992 1975 1949
f 1993 1976 1950
f 1993 1950 1966
f 1993 1966 1984
f 1994 1977 1951
f 1994 1951 1967
f 1995 1952 1968
f 1995 1978 1952
f 1995 1968 1986
f 1996 1953 1969
f 1996 1979 1953
f 1997 1971 1989
f 1997 1998 1972
f 1997 1999 1998
f 1997 1972 1971
f 2000 1980 1973
f 2001 1956 1974
f 2001 1981 1956
f 2002 1982 1957
f 2002 1957 1975
f 2003 1983 1958
f 2003 1958 1976
f 2004 1959 1977
f 2004 1984 1959
f 2004 1977 1994
f 2005 1985 1960
f 2005 1960 1978
f 2006 1986 1961
f 2006 1961 1979
f 2006 1979 1996
f 2007 1988 2008
f 2007 1987 1988
f 2009 1989 1962
f 2009 1962 1980
f 2010 1990 1981
f 2011 1991 1964
f 2011 1964 1982
f 2012 1965 1983
f 2012 1992 1965
f 2013 1993 1984
f 2013 1984 2004
f 2014 1967 1985
f 2014 1994 1967
f 2015 1995 1986
f 2016 1996 1969
f 2016 1969 1987
f 2017 1997 1989
f 2018 1990 2010
f 2018 2000 1973
f 2018 1973 1990
f 2019 2001 1974
f 2019 1974 1991
f 2020 1992 2012
f 2020 1975 1992
f 2020 2002 1975
f 2021 1976 1993
f 2021 2003 1976
f 2022 2004 1994
f 2023 1978 1995
f 2023 2005 1978
f 2024 2006 1996
f 2025 2008 2026
f 2025 2007 2008
f 2027 1999 1997
f 2027 2028 1999
f 2029 2009 1980
f 2029 1980 2000
f 2029 2000 2018
f 2030 2010 1981
f 2030 1981 2001
f 2031 2011 1982
f 2031 2002 2020
f 2031 1982 2002
f 2032 2012 1983
f 2032 2003 2021
f 2032 1983 2003
f 2033 2013 2004
f 2034 1985 2005
f 2034 2014 1985
f 2035 2015 1986
f 2035 1986 2006
f 2036 1987 2007
f 2036 2016 1987
f 2037 1989 2009
f 2037 2017 1989
f 2038 2018 2010
f 2039 1991 2011
f 2039 2019 1991
f 2040 2020 2012
f 2041 2021 1993
f 2041 1993 2013
f 2042 1994 2014
f 2042 2022 1994
f 2042 2014 2034
f 2043 1995 2015
f 2043 2023 1995
f 2044 2024 1996
f 2044 1996 2016
f 2045 2026 2046
f 2045 2025 2026
f 2047 2027 1997
f 2047 1997 2017
f 2048 2029 2018
f 2049 2030 2001
f 2049 2001 2019
f 2050 2031 2020
f 2051 2021 2041
f 2051 2032 2021
f 2052 2004 2022
f 2052 2033 2004
f 2053 2005 2023
f 2053 2034 2005
f 2054 2035 2006
f 2054 2006 2024
f 2055 2007 2025
f 2055 2025 2045
f 2055 2036 2007
f 2056 2028 2027
f 2056 2057 2028
f 2058 2009 2029
f 2058 2037 2009
f 2059 2030 2049
f 2059 2038 2010
f 2059 2010 2030
f 2060 2039 2011
f 2060 2011 2031
f 2061 2040 2012
f 2061 2012 2032
f 2062 2013 2033
f 2062 2041 2013
f 2063 2042 2034
f 2064 2043 2015
f 2064 2015 2035
f 2065 2016 2036
f 2065 2044 2016
f 2066 2046 2067
f 2066 2045 2046
f 2068 2017 2037
f 2068 2047 2017
f 2068 2037 2058
f 2069 2018 2038
f 2069 2048 2018
f 2070 2049 2019
f 2070 2019 2039
f 2070 2039 2060
f 2071 2050 2020
f 2071 2020 2040
f 2072 2051 2041
f 2073 2052 2022
f 2073 2022 2042
f 2074 2053 2023
f 2074 2023 2043
f 2075 2054 2024
f 2075 2024 2044
f 2076 2055 2045
f 2077 2027 2047
f 2077 2056 2027
f 2077 2047 2068
f 2078 2029 2048
f 2078 2058 2029
f 2079 2059 2049
f 2080 2031 2050
f 2080 2060 2031
f 2081 2032 2051
f 2081 2061 2032
f 2082 2062 2033
f 2082 2033 2052
f 2083 2034 2053
f 2083 2063 2034
f 2084 2035 2054
f 2084 2064 2035
f 2084 2054 2075
f 2085 2065 2036
f 2085 2036 2055
f 2085 2055 2076
f 2086 2067 2087
f 2086 2066 2067
f 2088 2057 2056
f 2088 2089 2057
f 2090 2068 2058
f 2091 2038 2059
f 2091 2069 2038
f 2092 2070 2060
f 2093 2071 2040
f 2093 2040 2061
f 2094 2041 2062
f 2094 2072 2041
f 2095 2042 2063
f 2095 2073 2042
f 2096 2043 2064
f 2096 2074 2043
f 2096 2064 2084
f 2097 2075 2044
f 2097 2044 2065
f 2098 2045 2066
f 2098 2066 2086
f 2098 2076 2045
f 2099 2077 2068
f 2100 2048 2069
f 2100 2078 2048
f 2101 2049 2070
f 2101 2079 2049
f 2101 2070 2092
f 2102 2080 2050
f 2102 2050 2071
f 2103 2051 2072
f 2103 2081 2051
f 2104 2052 2073
f 2104 2082 2052
f 2105 2083 2053
f 2105 2053 2074
f 2106 2084 2075
f 2107 2085 2076
f 2108 2087 2109
f 2108 2086 2087
f 2110 2056 2077
f 2110 2088 2056
f 2111 2090 2058
f 2111 2058 2078
f 2112 2059 2079
f 2112 2091 2059
f 2113 2092 2060
f 2113 2060 2080
f 2114 2093 2061
f 2114 2061 2081
f 2114 2081 2103
f 2115 2062 2082
f 2115 2094 2062
f 2116 2095 2063
f 2116 2063 2083
f 2117 2096 2084
f 2118 2065 2085
f 2118 2097 2065
f 2119 2098 2086
f 2119 2086 2108
f 2120 2089 2088
f 2120 2121 2089
f 2120 2088 2110
f 2122 2068 2090
f 2122 2099 2068
f 2123 2100 2069
f 2123 2069 2091
f 2124 2101 2092
f 2125 2102 2071
f 2125 2071 2093
f 2126 2103 2072
f 2126 2072 2094
f 2127 2073 2095
f 2127 2104 2073
f 2128 2105 2074
f 2128 2074 2096
f 2129 2106 2075
f 2129 2075 2097
f 2130 2107 2076
f 2130 2098 2119
f 2130 2076 2098
f 2131 1746 258
f 2131 2108 2109
f 2131 2109 1746
f 2131 258 256
f 2132 2110 2077
f 2132 2077 2099
f 2132 2099 2122
f 2133 2078 2100
f 2133 2111 2078
f 2134 2112 2079
f 2134 2079 2101
f 2135 2080 2102
f 2135 2113 2080
f 2135 2102 2125
f 2136 2114 2103
f 2137 2104 2127
f 2137 2115 2082
f 2137 2082 2104
f 2138 2083 2105
f 2138 2116 2083
f 2139 2117 2084
f 2139 2084 2106
f 2140 2118 2085
f 2140 2085 2107
f 2140 2107 2130
f 2141 2119 2108
f 2141 2108 2131
f 2142 2120 2110
f 2143 2090 2111
f 2143 2122 2090
f 2143 2111 2133
f 2144 2091 2112
f 2144 2123 2091
f 2145 2124 2092
f 2145 2092 2113
f 2146 2125 2093
f 2146 2093 2114
f 2147 2126 2094
f 2147 2094 2115
f 2148 2127 2095
f 2148 2095 2116
f 2149 2128 2096
f 2149 2096 2117
f 2150 2129 2097
f 2150 2097 2118
f 2150 2118 2140
f 2151 2130 2119
f 2152 71 1747
f 2152 2120 2142
f 2152 1747 2121
f 2152 2121 2120
f 2153 2132 2122
f 2154 2133 2100
f 2154 2100 2123
f 2155 2124 2145
f 2155 2134 2101
f 2155 2101 2124
f 2156 2135 2125
f 2157 2136 2103
f 2157 2103 2126
f 2158 2137 2127
f 2158 2127 2148
f 2159 2128 2149
f 2159 2138 2105
f 2159 2105 2128
f 2160 2106 2129
f 2160 2139 2106
f 2161 2140 2130
f 2162 2131 256
f 2162 2141 2131
f 2162 256 253
f 2163 2110 2132
f 2163 2142 2110
f 2164 2133 2154
f 2164 2143 2133
f 2165 2144 2112
f 2165 2112 2134
f 2166 2113 2135
f 2166 2145 2113
f 2167 2114 2136
f 2167 2146 2114
f 2168 2137 2158
f 2168 2147 2115
f 2168 2115 2137
f 2169 2116 2138
f 2169 2148 2116
f 2170 2139 2160
f 2170 2117 2139
f 2170 2149 2117
f 2171 2150 2140
f 2172 2119 2141
f 2172 2141 2162
f 2172 2151 2119
f 2173 73 71
f 2173 75 73
f 2173 2152 2142
f 2173 71 2152
f 2174 2153 2122
f 2174 2122 2143
f 2175 2154 2123
f 2175 2123 2144
f 2176 2155 2145
f 2177 2146 2167
f 2177 2156 2125
f 2177 2125 2146
f 2178 2126 2147
f 2178 2157 2126
f 2179 2158 2148
f 2180 2149 2170
f 2180 2159 2149
f 2181 2150 2171
f 2181 2160 2129
f 2181 2129 2150
f 2182 2161 2130
f 2182 2130 2151
f 2183 2132 2153
f 2183 2163 2132
f 2184 2164 2154
f 2185 2134 2155
f 2185 2165 2134
f 2186 2135 2156
f 2186 2166 2135
f 2187 2136 2157
f 2187 2157 2178
f 2187 2167 2136
f 2188 2168 2158
f 2189 2138 2159
f 2189 2169 2138
f 2190 2170 2160
f 2191 2161 2182
f 2191 2171 2140
f 2191 2140 2161
f 2192 2162 253
f 2192 2172 2162
f 2192 253 251
f 2192 251 250
f 2193 2142 2163
f 2193 2163 2183
f 2193 75 2173
f 2193 77 75
f 2193 2173 2142
f 2194 2174 2143
f 2194 2143 2164
f 2195 2175 2144
f 2195 2144 2165
f 2196 2145 2166
f 2196 2176 2145
f 2197 2177 2167
f 2198 2178 2147
f 2198 2147 2168
f 2199 2148 2169
f 2199 2179 2148
f 2200 2180 2170
f 2201 2181 2171
f 2202 2151 2172
f 2202 2182 2151
f 2203 2183 2153
f 2203 2153 2174
f 2204 2154 2175
f 2204 2175 2195
f 2204 2184 2154
f 2205 2155 2176
f 2205 2185 2155
f 2206 2156 2177
f 2206 2186 2156
f 2206 2177 2197
f 2207 2187 2178
f 2208 2158 2179
f 2208 2188 2158
f 2209 2180 2200
f 2209 2159 2180
f 2209 2189 2159
f 2210 2160 2181
f 2210 2190 2160
f 2211 2182 2202
f 2211 2191 2182
f 2212 77 2193
f 2212 2193 2183
f 2213 2194 2164
f 2213 2164 2184
f 2214 2195 2165
f 2214 2185 2205
f 2214 2165 2185
f 2215 2166 2186
f 2215 2186 2206
f 2215 2196 2166
f 2216 2197 2167
f 2216 2167 2187
f 2217 2168 2188
f 2217 2198 2168
f 2218 2169 2189
f 2218 2199 2169
f 2218 2189 2209
f 2219 2200 2170
f 2219 2170 2190
f 2220 2171 2191
f 2220 2201 2171
f 2221 2192 250
f 2221 2202 2172
f 2221 2172 2192
f 2221 250 247
f 2222 2174 2194
f 2222 2203 2174
f 2222 2194 2213
f 2223 2204 2195
f 2224 2176 2196
f 2224 2205 2176
f 2225 2206 2197
f 2226 2207 2178
f 2226 2198 2217
f 2226 2178 2198
f 2227 2179 2199
f 2227 2199 2218
f 2227 2208 2179
f 2228 2209 2200
f 2229 2210 2181
f 2229 2181 2201
f 2230 2202 2221
f 2230 2211 2202
f 2231 2212 2183
f 2231 77 2212
f 2231 79 77
f 2231 2183 2203
f 2232 2213 2184
f 2232 2184 2204
f 2233 2214 2205
f 2234 2215 2206
f 2235 2216 2187
f 2235 2187 2207
f 2235 2207 2226
f 2236 2208 2227
f 2236 2188 2208
f 2236 2217 2188
f 2237 2209 2228
f 2237 2218 2209
f 2238 2190 2210
f 2238 2219 2190
f 2239 2220 2191
f 2239 2191 2211
f 2240 2222 2213
f 2241 2223 2195
f 2241 2195 2214
f 2241 2214 2233
f 2242 2224 2196
f 2242 2196 2215
f 2243 2197 2216
f 2243 2225 2197
f 2244 2226 2217
f 2245 2227 2218
f 2246 2200 2219
f 2246 2228 2200
f 2247 2229 2201
f 2247 2201 2220
f 2248 2230 2221
f 2248 2221 247
f 2248 247 246
f 2248 246 244
f 2249 79 2231
f 2249 2203 2222
f 2249 2231 2203
f 2249 81 79
f 2250 2232 2204
f 2250 2204 2223
f 2251 2205 2224
f 2251 2233 2205
f 2252 2206 2225
f 2252 2234 2206
f 2253 2226 2244
f 2253 2235 2226
f 2254 2236 2227
f 2255 2237 2228
f 2256 2210 2229
f 2256 2238 2210
f 2256 2229 2247
f 2257 2211 2230
f 2257 2239 2211
f 2258 2213 2232
f 2258 2240 2213
f 2259 2233 2251
f 2259 2241 2233
f 2260 2215 2234
f 2260 2242 2215
f 2261 2243 2216
f 2261 2216 2235
f 2262 2217 2236
f 2262 2244 2217
f 2263 2245 2218
f 2263 2218 2237
f 2264 2246 2219
f 2264 2219 2238
f 2264 2238 2256
f 2265 2220 2239
f 2265 2247 2220
f 2265 2239 2257
f 2266 2249 2222
f 2266 83 81
f 2266 2240 2258
f 2266 81 2249
f 2266 2222 2240
f 2267 2250 2223
f 2267 2223 2241
f 2268 2251 2224
f 2268 2224 2242
f 2269 2225 2243
f 2269 2252 2225
f 2269 2243 2261
f 2270 2253 2244
f 2271 2227 2245
f 2271 2254 2227
f 2272 2228 2246
f 2272 2246 2264
f 2272 2255 2228
f 2273 2256 2247
f 2274 2230 2248
f 2274 2257 2230
f 2274 2248 244
f 2274 244 242
f 2275 2258 2232
f 2275 2232 2250
f 2276 2259 2251
f 2277 2234 2252
f 2277 2260 2234
f 2278 2235 2253
f 2278 2261 2235
f 2279 2262 2236
f 2279 2236 2254
f 2280 2263 2237
f 2280 2237 2255
f 2281 2264 2256
f 2282 2265 2257
f 2283 83 2266
f 2283 2258 2275
f 2283 85 83
f 2283 2266 2258
f 2284 2267 2241
f 2284 2241 2259
f 2285 2268 2242
f 2285 2242 2260
f 2286 2269 2261
f 2287 2270 2244
f 2287 2244 2262
f 2288 2245 2263
f 2288 2271 2245
f 2289 2272 2264
f 2290 2247 2265
f 2290 2273 2247
f 2291 2275 2250
f 2291 2250 2267
f 2292 2251 2268
f 2292 2276 2251
f 2293 2252 2269
f 2293 2277 2252
f 2294 2253 2270
f 2294 2278 2253
f 2295 2279 2254
f 2295 2254 2271
f 2296 2255 2272
f 2296 2280 2255
f 2297 2256 2273
f 2297 2281 2256
f 2297 2273 2290
f 2298 242 240
f 2298 2257 2274
f 2298 2274 242
f 2298 2282 2257
f 2299 2283 2275
f 2299 87 85
f 2299 89 87
f 2299 85 2283
f 2300 2259 2276
f 2300 2284 2259
f 2301 2285 2260
f 2301 2260 2277
f 2302 2286 2261
f 2302 2261 2278
f 2303 2262 2279
f 2303 2287 2262
f 2304 2288 2263
f 2304 2263 2280
f 2305 2281 2297
f 2305 2264 2281
f 2305 2289 2264
f 2306 2290 2265
f 2306 2265 2282
f 2307 2291 2267
f 2307 2267 2284
f 2308 2285 2301
f 2308 2268 2285
f 2308 2292 2268
f 2309 2293 2269
f 2309 2269 2286
f 2310 2287 2303
f 2310 2270 2287
f 2310 2294 2270
f 2311 2295 2271
f 2311 2271 2288
f 2312 2296 2272
f 2312 2272 2289
f 2313 2297 2290
f 2314 89 2299
f 2314 2275 2291
f 2314 2299 2275
f 2314 2291 2307
f 2315 2276 2292
f 2315 2292 2308
f 2315 2300 2276
f 2316 2301 2277
f 2316 2277 2293
f 2317 2302 2278
f 2317 2278 2294
f 2318 2279 2295
f 2318 2303 2279
f 2318 2295 2311
f 2319 2280 2296
f 2319 2304 2280
f 2320 2305 2297
f 2320 2297 2313
f 2321 240 238
f 2321 238 236
f 2321 2282 2298
f 2321 2306 2282
f 2321 2298 240
f 2322 2307 2284
f 2322 2284 2300
f 2323 2308 2301
f 2324 2309 2286
f 2324 2286 2302
f 2325 2310 2303
f 2325 2303 2318
f 2326 2311 2288
f 2326 2288 2304
f 2327 2312 2289
f 2327 2289 2305
f 2328 2313 2290
f 2328 2306 2321
f 2328 2290 2306
f 2329 2314 2307
f 2329 89 2314
f 2329 91 89
f 2330 2315 2308
f 2331 2316 2293
f 2331 2293 2309
f 2332 2294 2310
f 2332 2317 2294
f 2333 2318 2311
f 2334 2312 2327
f 2334 2296 2312
f 2334 2319 2296
f 2335 2320 2313
f 2336 2300 2315
f 2336 2322 2300
f 2337 2301 2316
f 2337 2323 2301
f 2338 2302 2317
f 2338 2324 2302
f 2339 2325 2318
f 2340 2326 2304
f 2340 2304 2319
f 2341 2327 2305
f 2341 2305 2320
f 2342 236 233
f 2342 2328 2321
f 2342 2321 236
f 2343 2307 2322
f 2343 91 2329
f 2343 93 91
f 2343 2329 2307
f 2344 2330 2308
f 2344 2308 2323
f 2345 2309 2324
f 2345 2324 2338
f 2345 2331 2309
f 2346 2332 2310
f 2346 2310 2325
f 2347 2311 2326
f 2347 2326 2340
f 2347 2333 2311
f 2348 2334 2327
f 2349 2313 2328
f 2349 2335 2313
f 2350 2336 2315
f 2350 2315 2330
f 2351 2316 2331
f 2351 2337 2316
f 2352 2317 2332
f 2352 2338 2317
f 2353 2339 2318
f 2353 2318 2333
f 2353 2333 2347
f 2354 2319 2334
f 2354 2340 2319
f 2355 2320 2335
f 2355 2341 2320
f 2356 2322 2336
f 2356 93 2343
f 2356 95 93
f 2356 2343 2322
f 2357 2344 2323
f 2357 2323 2337
f 2358 2345 2338
f 2358 2338 2352
f 2359 2339 2353
f 2359 2346 2325
f 2359 2325 2339
f 2360 2347 2340
f 2361 2327 2341
f 2361 2348 2327
f 2362 233 232
f 2362 232 230
f 2362 2349 2328
f 2362 2342 233
f 2362 2328 2342
f 2363 2350 2330
f 2363 2330 2344
f 2364 2331 2345
f 2364 2351 2331
f 2364 2345 2358
f 2365 2332 2346
f 2365 2352 2332
f 2366 2353 2347
f 2367 2354 2334
f 2367 2334 2348
f 2368 2335 2349
f 2368 2355 2335
f 2369 2356 2336
f 2369 2336 2350
f 2369 97 95
f 2369 99 97
f 2369 95 2356
f 2370 2357 2337
f 2370 2337 2351
f 2371 2358 2352
f 2372 2353 2366
f 2372 2359 2353
f 2373 2360 2340
f 2373 2340 2354
f 2374 2361 2341
f 2374 2341 2355
f 2375 2363 2344
f 2375 2344 2357
f 2375 2357 2370
f 2376 2364 2358
f 2376 2358 2371
f 2377 2365 2346
f 2377 2346 2359
f 2378 2347 2360
f 2378 2366 2347
f 2378 2360 2373
f 2379 2348 2361
f 2379 2367 2348
f 2380 230 228
f 2380 2349 2362
f 2380 2368 2349
f 2380 2362 230
f 2381 99 2369
f 2381 2350 2363
f 2381 2369 2350
f 2381 101 99
f 2381 2363 2375
f 2382 2370 2351
f 2382 2364 2376
f 2382 2351 2364
f 2383 2371 2352
f 2383 2352 2365
f 2384 2372 2366
f 2384 2366 2378
f 2385 2354 2367
f 2385 2367 2379
f 2385 2373 2354
f 2386 2374 2355
f 2386 2355 2368
f 2387 2375 2370
f 2388 2376 2371
f 2389 2359 2372
f 2389 2377 2359
f 2390 2378 2373
f 2391 2361 2374
f 2391 2379 2361
f 2392 2381 2375
f 2392 101 2381
f 2393 2382 2376
f 2394 2365 2377
f 2394 2383 2365
f 2395 2384 2378
f 2396 2385 2379
f 2397 228 225
f 2397 2368 2380
f 2397 2386 2368
f 2397 2380 228
f 2398 2387 2370
f 2398 2370 2382
f 2399 2388 2371
f 2399 2371 2383
f 2400 2372 2384
f 2400 2389 2372
f 2401 2373 2385
f 2401 2390 2373
f 2402 2386 2397
f 2402 2374 2386
f 2402 2391 2374
f 2403 2392 2375
f 2403 2375 2387
f 2403 2387 2398
f 2403 103 101
f 2403 101 2392
f 2404 2393 2376
f 2404 2376 2388
f 2405 2377 2389
f 2405 2389 2400
f 2405 2394 2377
f 2406 2395 2378
f 2406 2378 2390
f 2407 2396 2379
f 2407 2379 2391
f 2408 2382 2393
f 2408 2398 2382
f 2409 2399 2383
f 2409 2394 2405
f 2409 2383 2394
f 2410 2384 2395
f 2410 2400 2384
f 2411 2401 2385
f 2411 2385 2396
f 2412 225 224
f 2412 224 222
f 2412 2397 225
f 2412 2402 2397
f 2413 103 2403
f 2413 2398 2408
f 2413 105 103
f 2413 2403 2398
f 2414 2404 2388
f 2414 2388 2399
f 2415 2405 2400
f 2416 2406 2390
f 2416 2390 2401
f 2417 2407 2391
f 2417 2391 2402
f 2418 2408 2393
f 2418 2393 2404
f 2419 2409 2405
f 2420 2410 2395
f 2420 2395 2406
f 2421 2396 2407
f 2421 2407 2417
f 2421 2411 2396
f 2422 2413 2408
f 2422 105 2413
f 2422 107 105
f 2423 2414 2399
f 2423 2399 2409
f 2424 2400 2410
f 2424 2415 2400
f 2424 2410 2420
f 2425 2401 2411
f 2425 2416 2401
f 2425 2411 2421
f 2426 222 220
f 2426 2402 2412
f 2426 2412 222
f 2426 2417 2402
f 2427 2418 2404
f 2427 2404 2414
f 2428 2419 2405
f 2428 2405 2415
f 2428 2415 2424
f 2429 2406 2416
f 2429 2420 2406
f 2430 2421 2417
f 2430 2417 2426
f 2431 2418 2427
f 2431 2408 2418
f 2431 2422 2408
f 2431 109 107
f 2431 107 2422
f 2432 2423 2409
f 2432 2409 2419
f 2433 2424 2420
f 2434 2425 2421
f 2435 2414 2423
f 2435 2427 2414
f 2435 2423 2432
f 2436 2428 2424
f 2437 2429 2416
f 2437 2416 2425
f 2438 220 218
f 2438 218 216
f 2438 2430 2426
f 2438 2426 220
f 2439 109 2431
f 2439 2431 2427
f 2439 111 109
f 2440 2432 2419
f 2440 2419 2428
f 2441 2420 2429
f 2441 2429 2437
f 2441 2433 2420
f 2442 2421 2430
f 2442 2434 2421
f 2442 2430 2438
f 2443 2435 2432
f 2444 2424 2433
f 2444 2433 2441
f 2444 2436 2424
f 2445 2425 2434
f 2445 2437 2425
f 2446 2439 2427
f 2446 2427 2435
f 2446 111 2439
f 2446 113 111
f 2447 2428 2436
f 2447 2440 2428
f 2447 2436 2444
f 2448 2441 2437
f 2449 216 214
f 2449 2438 216
f 2449 2442 2438
f 2450 2443 2432
f 2450 2432 2440
f 2451 2444 2441
f 2452 2434 2442
f 2452 2445 2434
f 2453 2446 2435
f 2453 2443 2450
f 2453 113 2446
f 2453 115 113
f 2453 117 115
f 2453 2435 2443
f 2454 2444 2451
f 2454 2447 2444
f 2455 2437 2445
f 2455 2448 2437
f 2455 2445 2452
f 2456 2450 2440
f 2456 2440 2447
f 2457 2451 2441
f 2457 2441 2448
f 2457 2448 2455
f 2458 214 211
f 2458 2442 2449
f 2458 2449 214
f 2458 2452 2442
f 2459 2453 2450
f 2459 117 2453
f 2459 119 117
f 2460 2451 2457
f 2460 2454 2451
f 2461 2455 2452
f 2461 2452 2458
f 2462 2447 2454
f 2462 2456 2447
f 2463 2457 2455
f 2464 2450 2456
f 2464 2456 2462
f 2464 121 119
f 2464 2459 2450
f 2464 119 2459
f 2465 2460 2457
f 2466 2461 2458
f 2466 2458 211
f 2466 211 210
f 2466 210 207
f 2467 2454 2460
f 2467 2462 2454
f 2468 2455 2461
f 2468 2463 2455
f 2469 2464 2462
f 2469 121 2464
f 2470 2457 2463
f 2470 2463 2468
f 2470 2465 2457
f 2471 2460 2465
f 2471 2467 2460
f 2472 2468 2461
f 2472 2466 207
f 2472 207 205
f 2472 2461 2466
f 2473 2469 2462
f 2473 2462 2467
f 2473 2467 2471
f 2473 121 2469
f 2473 123 121
f 2474 2468 2472
f 2474 2470 2468
f 2475 2471 2465
f 2475 2465 2470
f 2476 2473 2471
f 2476 123 2473
f 2476 125 123
f 2477 205 204
f 2477 204 202
f 2477 2474 2472
f 2477 2472 205
f 2478 2470 2474
f 2478 2475 2470
f 2479 2471 2475
f 2479 2476 2471
f 2479 125 2476
f 2479 127 125
f 2480 2477 202
f 2480 202 199
f 2480 2478 2474
f 2480 2474 2477
f 2481 2475 2478
f 2481 2479 2475
f 2481 127 2479
f 2481 2478 2480
f 2481 129 127
f 2481 131 129
f 2482 199 198
f 2482 2481 2480
f 2482 131 2481
f 2482 198 131
f 2482 2480 199
f 493 444 468
f 549 493 494
f 549 494 521
f 274 280 287
f 274 287 296
f 274 296 297
f 274 297 307
f 69 261 267
f 69 267 270
f 69 270 274
f 69 307 319
f 69 319 332
f 69 332 347
f 69 347 363
f 69 363 381
f 69 381 382
f 69 382 401
f 69 401 422
f 69 274 307
f 263 422 444
f 263 549 579
f 263 579 610
f 263 610 264
f 263 444 493
f 263 493 549
f 263 69 422
f 2483 69 263
f 2057 2089 2121
f 2057 2121 1747
f 1998 1999 2028
f 1998 2028 2057
f 1998 1747 70
f 1998 2057 1747
f 1972 1998 70
f 1923 1946 1972
f 1923 1972 70
f 1879 1880 1900
f 1879 1900 1923
f 2484 70 69
f 2484 69 2483
f 1859 1879 1923
f 1859 1923 70
f 1842 1859 70
f 1825 1842 70
f 1811 1825 70
f 1785 1786 1797
f 1785 1797 1811
f 1774 1785 1811
f 1766 1774 1811
f 1753 1766 1811
f 1753 1758 1766
f 1749 1753 1811
f 1743 1749 1811
f 1744 70 2484
f 1744 1811 70
f 1744 1743 1811
f 2485 2486 2487
f 2488 2486 2485
f 2488 2485 2489
f 2488 2489 2490
f 2491 2488 2492
f 2491 2492 2493
f 2494 2486 2488
f 2494 2488 2491
f 2494 2491 2495
f 2496 2486 2494
f 2496 2494 2497
f 2498 263 2486
f 2498 2483 263
f 2499 2496 2500
f 2501 2486 2496
f 2501 2496 2499
f 2501 2499 2502
f 2503 2501 2504
f 2503 2486 2501
f 2505 2486 2503
f 2506 2505 2507
f 2506 2486 2505
f 2508 2506 2509
f 2508 2486 2506
f 2510 2508 2511
f 2510 2486 2508
f 2512 2510 2513
f 2512 2498 2486
f 2512 2486 2510
f 2514 2484 2515
f 2514 1744 2484
f 2516 2515 2498
f 2516 2514 2515
f 2516 2498 2512
f 2517 2518 2519
f 2520 2521 2522
f 2523 2516 2524
f 2523 2524 2521
f 2523 2521 2520
f 2525 2526 2527
f 2525 2527 2517
f 2528 2516 2523
f 2528 2523 2529
f 2528 2519 2514
f 2528 2514 2516
f 2530 2525 2517
f 2531 2530 2517
f 2532 2517 2519
f 2532 2519 2528
f 2532 2531 2517
f 2532 2528 2533
f 2534 2533 2535
f 2534 2535 2536
f 2537 2538 2532
f 2539 2533 2534
f 2540 2532 2533
f 2540 2537 2532
f 2540 2533 2539
f 2540 2539 2541
f 2540 2542 2537
f 2543 2544 2545
f 257 259 2546
f 134 2547 135
f 4 197 195
f 2548 2544 2543
f 2548 2543 2549
f 2550 2551 2544
f 2550 2544 2548
f 2552 2549 2553
f 2552 2548 2549
f 2554 2555 2551
f 2554 2551 2550
f 2556 2548 2552
f 2556 2550 2548
f 2557 2553 2558
f 2557 2552 2553
f 2559 2560 2555
f 2559 2555 2554
f 2561 2554 2550
f 2561 2550 2556
f 2562 2552 2557
f 2562 2556 2552
f 2563 2564 2560
f 2563 2560 2559
f 2565 2557 2558
f 2565 2558 2566
f 2567 2559 2554
f 2567 2554 2561
f 2568 2556 2562
f 2568 2561 2556
f 2569 2570 2564
f 2569 2564 2563
f 2571 2562 2557
f 2571 2557 2565
f 2572 2559 2567
f 2572 2563 2559
f 2573 2566 2574
f 2573 2565 2566
f 2575 2567 2561
f 2575 2561 2568
f 2576 2577 2570
f 2576 2570 2569
f 2578 2568 2562
f 2578 2562 2571
f 2579 2569 2563
f 2579 2563 2572
f 2580 2565 2573
f 2580 2571 2565
f 2581 2572 2567
f 2581 2567 2575
f 2582 2583 2577
f 2582 2577 2576
f 2584 2574 2585
f 2584 2585 2586
f 2584 2573 2574
f 2587 2568 2578
f 2587 2575 2568
f 2588 2576 2569
f 2588 2569 2579
f 2589 2578 2571
f 2589 2571 2580
f 2590 2572 2581
f 2590 2579 2572
f 2591 2592 2583
f 2591 2583 2582
f 2593 2573 2584
f 2593 2580 2573
f 2594 2575 2587
f 2594 2581 2575
f 2595 2576 2588
f 2595 2582 2576
f 2596 2586 2597
f 2596 2584 2586
f 2598 2578 2589
f 2598 2587 2578
f 2599 2588 2579
f 2599 2579 2590
f 2600 2592 2591
f 2600 2601 2592
f 2602 2580 2593
f 2602 2589 2580
f 2603 2581 2594
f 2603 2590 2581
f 2604 2591 2582
f 2604 2582 2595
f 2605 2584 2596
f 2605 2593 2584
f 2606 2594 2587
f 2606 2587 2598
f 2607 2588 2599
f 2607 2595 2588
f 2608 2609 2601
f 2608 2601 2600
f 2610 2596 2597
f 2610 2597 2611
f 2612 2589 2602
f 2612 2598 2589
f 2613 2590 2603
f 2613 2599 2590
f 2614 2591 2604
f 2614 2600 2591
f 2615 2593 2605
f 2615 2602 2593
f 2616 2603 2594
f 2616 2594 2606
f 2617 2595 2607
f 2617 2604 2595
f 2618 2619 2609
f 2618 2609 2608
f 2620 2605 2596
f 2620 2596 2610
f 2621 2598 2612
f 2621 2606 2598
f 2622 2607 2599
f 2622 2599 2613
f 2623 2608 2600
f 2623 2600 2614
f 2624 2611 2625
f 2624 2610 2611
f 2626 2602 2615
f 2626 2612 2602
f 2627 2603 2616
f 2627 2613 2603
f 2628 2614 2604
f 2628 2604 2617
f 2629 2630 2619
f 2629 2619 2618
f 2631 2615 2605
f 2631 2605 2620
f 2632 2606 2621
f 2632 2616 2606
f 2633 2607 2622
f 2633 2617 2607
f 2634 2608 2623
f 2634 2618 2608
f 2635 2610 2624
f 2635 2620 2610
f 2636 2612 2626
f 2636 2621 2612
f 2637 2613 2627
f 2637 2622 2613
f 2638 2623 2614
f 2638 2614 2628
f 2639 2640 2630
f 2639 2630 2629
f 2641 2625 2642
f 2641 2624 2625
f 2643 2626 2615
f 2643 2636 2626
f 2643 2615 2631
f 2644 2627 2616
f 2644 2616 2632
f 2645 2617 2633
f 2645 2628 2617
f 2646 2618 2634
f 2646 2629 2618
f 2647 2620 2635
f 2647 2631 2620
f 2648 2632 2621
f 2648 2621 2636
f 2649 2633 2622
f 2649 2622 2637
f 2650 2623 2638
f 2650 2634 2623
f 2651 2640 2639
f 2651 2652 2640
f 2653 2624 2641
f 2653 2635 2624
f 2654 2636 2643
f 2655 2637 2627
f 2655 2627 2644
f 2656 2638 2628
f 2656 2628 2645
f 2657 2629 2646
f 2657 2639 2629
f 2658 2642 2659
f 2658 2659 2660
f 2658 2641 2642
f 2661 2643 2631
f 2661 2631 2647
f 2662 2632 2648
f 2662 2655 2644
f 2662 2644 2632
f 2663 2645 2633
f 2663 2633 2649
f 2664 2634 2650
f 2664 2646 2634
f 2665 2666 2652
f 2665 2652 2651
f 2667 2635 2653
f 2667 2647 2635
f 2668 2648 2636
f 2668 2636 2654
f 2669 2649 2637
f 2669 2637 2655
f 2670 2650 2638
f 2670 2638 2656
f 2671 2651 2639
f 2671 2639 2657
f 2672 2667 2653
f 2672 2653 2641
f 2672 2641 2658
f 2673 2654 2643
f 2673 2643 2661
f 2674 2655 2662
f 2675 2645 2663
f 2675 2656 2645
f 2676 2646 2664
f 2676 2657 2646
f 2677 2678 2666
f 2677 2666 2665
f 2679 2660 2680
f 2679 2658 2660
f 2681 2661 2647
f 2681 2647 2667
f 2682 2648 2668
f 2682 2662 2648
f 2683 2649 2669
f 2683 2663 2649
f 2684 2650 2670
f 2684 2664 2650
f 2685 2665 2651
f 2685 2651 2671
f 2686 2667 2672
f 2687 2654 2673
f 2687 2668 2654
f 2688 2669 2655
f 2688 2683 2669
f 2688 2655 2674
f 2689 2670 2656
f 2689 2656 2675
f 2690 2671 2657
f 2690 2657 2676
f 2691 2692 2678
f 2691 2678 2677
f 2693 2672 2658
f 2693 2658 2679
f 2694 2661 2681
f 2694 2673 2661
f 2694 2687 2673
f 2695 2674 2662
f 2695 2662 2682
f 2696 2663 2683
f 2696 2675 2663
f 2697 2676 2664
f 2697 2664 2684
f 2698 2677 2665
f 2698 2665 2685
f 2699 2679 2680
f 2699 2680 2700
f 2701 2667 2686
f 2701 2681 2667
f 2702 2682 2668
f 2702 2668 2687
f 2703 2683 2688
f 2704 2670 2689
f 2704 2684 2670
f 2705 2671 2690
f 2705 2685 2671
f 2706 2707 2692
f 2706 2692 2691
f 2708 2686 2672
f 2708 2672 2693
f 2709 2702 2687
f 2709 2687 2694
f 2710 2674 2695
f 2710 2688 2674
f 2711 2689 2675
f 2711 2675 2696
f 2712 2690 2676
f 2712 2676 2697
f 2713 2691 2677
f 2713 2677 2698
f 2714 2693 2679
f 2714 2679 2699
f 2715 2681 2701
f 2715 2694 2681
f 2716 2682 2702
f 2716 2695 2682
f 2717 2711 2696
f 2717 2696 2683
f 2717 2683 2703
f 2718 2684 2704
f 2718 2697 2684
f 2719 2685 2705
f 2719 2698 2685
f 2720 2721 2707
f 2720 2707 2706
f 2722 2700 2723
f 2722 2699 2700
f 2724 2701 2686
f 2724 2686 2708
f 2725 2702 2709
f 2726 2688 2710
f 2726 2703 2688
f 2727 2689 2711
f 2727 2704 2689
f 2728 2690 2712
f 2728 2705 2690
f 2729 2706 2691
f 2729 2691 2713
f 2730 2708 2693
f 2730 2693 2714
f 2731 2694 2715
f 2731 2709 2694
f 2732 2695 2716
f 2732 2710 2695
f 2733 2711 2717
f 2733 2727 2711
f 2734 2712 2697
f 2734 2697 2718
f 2734 2728 2712
f 2735 2698 2719
f 2735 2713 2698
f 2736 2737 2721
f 2736 2721 2720
f 2738 2714 2699
f 2738 2699 2722
f 2739 2715 2701
f 2739 2701 2724
f 2740 2702 2725
f 2740 2716 2702
f 2741 2717 2703
f 2741 2703 2726
f 2742 2718 2704
f 2742 2704 2727
f 2743 2719 2705
f 2743 2705 2728
f 2744 2720 2706
f 2744 2706 2729
f 2745 2723 2746
f 2745 2722 2723
f 2747 2708 2730
f 2747 2724 2708
f 2748 2709 2731
f 2748 2725 2709
f 2749 2710 2732
f 2749 2726 2710
f 2750 2727 2733
f 2751 2728 2734
f 2752 2729 2713
f 2752 2713 2735
f 2753 2754 2737
f 2753 2737 2736
f 2755 2730 2714
f 2755 2714 2738
f 2756 2731 2715
f 2756 2715 2739
f 2757 2716 2740
f 2757 2732 2716
f 2757 2749 2732
f 2758 2717 2741
f 2758 2733 2717
f 2759 2718 2742
f 2759 2734 2718
f 2760 2719 2743
f 2760 2735 2719
f 2761 2720 2744
f 2761 2736 2720
f 2762 2722 2745
f 2762 2738 2722
f 2763 2724 2747
f 2763 2739 2724
f 2764 2725 2748
f 2764 2740 2725
f 2765 2726 2749
f 2765 2741 2726
f 2766 2742 2727
f 2766 2759 2742
f 2766 2727 2750
f 2767 2728 2751
f 2767 2743 2728
f 2768 2744 2729
f 2768 2729 2752
f 2769 2754 2753
f 2769 2770 2754
f 2771 2746 2772
f 2771 2745 2746
f 2773 2747 2730
f 2773 2730 2755
f 2774 2731 2756
f 2774 2748 2731
f 2774 2764 2748
f 2775 2749 2757
f 2776 2750 2733
f 2776 2733 2758
f 2777 2751 2734
f 2777 2734 2759
f 2778 2735 2760
f 2778 2752 2735
f 2779 2736 2761
f 2779 2753 2736
f 2780 2755 2738
f 2780 2738 2762
f 2781 2739 2763
f 2781 2756 2739
f 2782 2740 2764
f 2782 2757 2740
f 2783 2758 2741
f 2783 2741 2765
f 2784 2759 2766
f 2785 2760 2743
f 2785 2743 2767
f 2786 2761 2744
f 2786 2744 2768
f 2787 2788 2770
f 2787 2770 2769
f 2789 2762 2745
f 2789 2745 2771
f 2789 2780 2762
f 2790 2747 2773
f 2790 2781 2763
f 2790 2763 2747
f 2791 2764 2774
f 2792 2783 2765
f 2792 2749 2775
f 2792 2765 2749
f 2793 2750 2776
f 2793 2766 2750
f 2794 2751 2777
f 2794 2767 2751
f 2795 2752 2778
f 2795 2768 2752
f 2796 2769 2753
f 2796 2753 2779
f 2797 2789 2771
f 2797 2772 2798
f 2797 2798 2799
f 2797 2771 2772
f 2800 2755 2780
f 2800 2773 2755
f 2801 2756 2781
f 2801 2774 2756
f 2802 2775 2757
f 2802 2757 2782
f 2803 2776 2758
f 2803 2758 2783
f 2804 2777 2759
f 2804 2794 2777
f 2804 2759 2784
f 2805 2778 2760
f 2805 2760 2785
f 2806 2779 2761
f 2806 2761 2786
f 2807 2788 2787
f 2807 2808 2788
f 2809 2780 2789
f 2810 2801 2781
f 2810 2781 2790
f 2811 2764 2791
f 2811 2782 2764
f 2812 2783 2792
f 2813 2784 2766
f 2813 2766 2793
f 2814 2767 2794
f 2814 2785 2767
f 2815 2768 2795
f 2815 2786 2768
f 2816 2787 2769
f 2816 2769 2796
f 2817 2789 2797
f 2818 2773 2800
f 2818 2790 2773
f 2819 2774 2801
f 2819 2791 2774
f 2820 2775 2802
f 2820 2792 2775
f 2821 2793 2776
f 2821 2776 2803
f 2822 2794 2804
f 2823 2778 2805
f 2823 2795 2778
f 2824 2796 2779
f 2824 2779 2806
f 2825 2826 2808
f 2825 2808 2807
f 2827 2799 2828
f 2827 2797 2799
f 2829 2780 2809
f 2829 2800 2780
f 2830 2801 2810
f 2831 2782 2811
f 2831 2802 2782
f 2832 2783 2812
f 2832 2803 2783
f 2833 2784 2813
f 2833 2804 2784
f 2834 2805 2785
f 2834 2785 2814
f 2835 2806 2786
f 2835 2786 2815
f 2836 2787 2816
f 2836 2807 2787
f 2837 2809 2789
f 2837 2789 2817
f 2838 2810 2790
f 2838 2790 2818
f 2839 2811 2791
f 2839 2791 2819
f 2839 2831 2811
f 2840 2792 2820
f 2840 2812 2792
f 2841 2793 2821
f 2841 2813 2793
f 2842 2814 2794
f 2842 2794 2822
f 2842 2834 2814
f 2843 2795 2823
f 2843 2815 2795
f 2844 2796 2824
f 2844 2816 2796
f 2845 2846 2826
f 2845 2826 2825
f 2847 2817 2797
f 2847 2837 2817
f 2847 2797 2827
f 2848 2800 2829
f 2848 2818 2800
f 2849 2801 2830
f 2849 2819 2801
f 2850 2802 2831
f 2850 2820 2802
f 2851 2821 2803
f 2851 2803 2832
f 2852 2822 2804
f 2852 2804 2833
f 2853 2823 2805
f 2853 2805 2834
f 2854 2824 2806
f 2854 2806 2835
f 2855 2807 2836
f 2855 2825 2807
f 2856 2847 2827
f 2856 2828 2857
f 2856 2827 2828
f 2858 2809 2837
f 2858 2848 2829
f 2858 2829 2809
f 2859 2810 2838
f 2859 2830 2810
f 2860 2831 2839
f 2861 2832 2812
f 2861 2812 2840
f 2862 2833 2813
f 2862 2813 2841
f 2863 2834 2842
f 2864 2835 2815
f 2864 2815 2843
f 2865 2816 2844
f 2865 2836 2816
f 2865 2855 2836
f 2866 2867 2846
f 2866 2846 2845
f 2868 2837 2847
f 2869 2838 2818
f 2869 2818 2848
f 2869 2859 2838
f 2870 2819 2849
f 2870 2839 2819
f 2870 2860 2839
f 2871 2840 2820
f 2871 2820 2850
f 2872 2821 2851
f 2872 2862 2841
f 2872 2841 2821
f 2873 2822 2852
f 2873 2842 2822
f 2874 2823 2853
f 2874 2843 2823
f 2875 2844 2824
f 2875 2824 2854
f 2876 2825 2855
f 2876 2845 2825
f 2877 2847 2856
f 2878 2848 2858
f 2879 2849 2830
f 2879 2830 2859
f 2880 2850 2831
f 2880 2831 2860
f 2881 2851 2832
f 2881 2832 2861
f 2882 2852 2833
f 2882 2833 2862
f 2883 2853 2834
f 2883 2834 2863
f 2884 2854 2835
f 2884 2835 2864
f 2885 2855 2865
f 2886 2887 2867
f 2886 2867 2866
f 2888 2856 2857
f 2888 2857 2889
f 2890 2858 2837
f 2890 2837 2868
f 2891 2859 2869
f 2892 2860 2870
f 2893 2840 2871
f 2893 2861 2840
f 2894 2862 2872
f 2895 2863 2842
f 2895 2842 2873
f 2896 2843 2874
f 2896 2864 2843
f 2897 2844 2875
f 2897 2865 2844
f 2898 2845 2876
f 2898 2866 2845
f 2899 2847 2877
f 2899 2868 2847
f 2900 2869 2848
f 2900 2891 2869
f 2900 2848 2878
f 2901 2870 2849
f 2901 2849 2879
f 2902 2850 2880
f 2902 2871 2850
f 2902 2893 2871
f 2903 2851 2881
f 2903 2872 2851
f 2904 2873 2852
f 2904 2852 2882
f 2905 2853 2883
f 2905 2874 2853
f 2906 2897 2875
f 2906 2854 2884
f 2906 2875 2854
f 2907 2855 2885
f 2907 2876 2855
f 2908 2909 2887
f 2908 2887 2886
f 2910 2856 2888
f 2910 2877 2856
f 2911 2878 2858
f 2911 2858 2890
f 2912 2879 2859
f 2912 2859 2891
f 2913 2860 2892
f 2913 2880 2860
f 2914 2881 2861
f 2914 2861 2893
f 2915 2862 2894
f 2915 2882 2862
f 2916 2863 2895
f 2916 2883 2863
f 2917 2864 2896
f 2917 2884 2864
f 2917 2906 2884
f 2918 2885 2865
f 2918 2865 2897
f 2919 2886 2866
f 2919 2866 2898
f 2920 2888 2889
f 2920 2910 2888
f 2920 2889 2921
f 2922 2890 2868
f 2922 2868 2899
f 2923 2912 2891
f 2923 2891 2900
f 2924 2870 2901
f 2924 2892 2870
f 2925 2893 2902
f 2926 2915 2894
f 2926 2872 2903
f 2926 2894 2872
f 2927 2895 2873
f 2927 2873 2904
f 2928 2917 2896
f 2928 2896 2874
f 2928 2874 2905
f 2929 2918 2897
f 2929 2897 2906
f 2930 2876 2907
f 2930 2898 2876
f 2931 257 2546
f 2931 2546 2909
f 2931 2909 2908
f 2931 255 257
f 2932 2899 2877
f 2932 2877 2910
f 2933 2900 2878
f 2933 2878 2911
f 2934 2924 2901
f 2934 2879 2912
f 2934 2901 2879
f 2935 2880 2913
f 2935 2902 2880
f 2935 2925 2902
f 2936 2881 2914
f 2936 2903 2881
f 2937 2904 2882
f 2937 2882 2915
f 2938 2905 2883
f 2938 2883 2916
f 2939 2906 2917
f 2940 2930 2907
f 2940 2907 2885
f 2940 2885 2918
f 2941 2886 2919
f 2941 2908 2886
f 2942 2910 2920
f 2943 2911 2890
f 2943 2890 2922
f 2944 2912 2923
f 2945 2892 2924
f 2945 2913 2892
f 2946 2936 2914
f 2946 2893 2925
f 2946 2914 2893
f 2947 2915 2926
f 2948 2916 2895
f 2948 2938 2916
f 2948 2895 2927
f 2949 2917 2928
f 2950 2918 2929
f 2951 2898 2930
f 2951 2919 2898
f 2952 2547 134
f 2952 2921 2547
f 2952 2920 2921
f 2953 2922 2899
f 2953 2899 2932
f 2954 2923 2900
f 2954 2900 2933
f 2955 2924 2934
f 2956 2925 2935
f 2957 2903 2936
f 2957 2926 2903
f 2958 2927 2904
f 2958 2904 2937
f 2958 2948 2927
f 2959 2928 2905
f 2959 2905 2938
f 2960 2929 2906
f 2960 2906 2939
f 2961 2930 2940
f 2962 255 2931
f 2962 2908 2941
f 2962 2931 2908
f 2962 254 255
f 2963 2910 2942
f 2963 2932 2910
f 2964 2933 2911
f 2964 2911 2943
f 2965 2912 2944
f 2965 2955 2934
f 2965 2934 2912
f 2966 2913 2945
f 2966 2935 2913
f 2967 2936 2946
f 2968 2958 2937
f 2968 2937 2915
f 2968 2915 2947
f 2969 2938 2948
f 2970 2939 2917
f 2970 2917 2949
f 2971 2961 2940
f 2971 2918 2950
f 2971 2940 2918
f 2972 2941 2919
f 2972 2919 2951
f 2973 2952 134
f 2973 134 137
f 2973 2920 2952
f 2973 2942 2920
f 2974 2922 2953
f 2974 2943 2922
f 2975 2923 2954
f 2975 2944 2923
f 2976 2945 2924
f 2976 2924 2955
f 2977 2925 2956
f 2977 2946 2925
f 2977 2967 2946
f 2978 2926 2957
f 2978 2947 2926
f 2979 2948 2958
f 2980 2928 2959
f 2980 2949 2928
f 2981 2950 2929
f 2981 2929 2960
f 2982 2951 2930
f 2982 2930 2961
f 2983 2953 2932
f 2983 2932 2963
f 2983 2974 2953
f 2984 2933 2964
f 2984 2975 2954
f 2984 2954 2933
f 2985 2955 2965
f 2986 2977 2956
f 2986 2956 2935
f 2986 2935 2966
f 2987 2957 2936
f 2987 2936 2967
f 2988 2958 2968
f 2989 2959 2938
f 2989 2938 2969
f 2990 2960 2939
f 2990 2939 2970
f 2991 2961 2971
f 2992 2962 2941
f 2992 254 2962
f 2992 2941 2972
f 2992 252 254
f 2992 249 252
f 2993 2942 2973
f 2993 137 139
f 2993 2963 2942
f 2993 2973 137
f 2994 2964 2943
f 2994 2984 2964
f 2994 2943 2974
f 2995 2965 2944
f 2995 2944 2975
f 2996 2966 2945
f 2996 2945 2976
f 2997 2967 2977
f 2997 2987 2967
f 2998 2968 2947
f 2998 2947 2978
f 2999 2948 2979
f 2999 2969 2948
f 3000 2949 2980
f 3000 2970 2949
f 3001 2950 2981
f 3001 2971 2950
f 3002 2951 2982
f 3002 2972 2951
f 3003 2994 2974
f 3003 2974 2983
f 3004 2975 2984
f 3005 2955 2985
f 3005 2976 2955
f 3006 2977 2986
f 3007 2978 2957
f 3007 2957 2987
f 3008 2979 2958
f 3008 2958 2988
f 3009 2959 2989
f 3009 2980 2959
f 3010 2981 2960
f 3010 2960 2990
f 3011 2982 2961
f 3011 2961 2991
f 3012 2993 139
f 3012 2963 2993
f 3012 2983 2963
f 3012 139 141
f 3013 2984 2994
f 3014 2985 2965
f 3014 2965 2995
f 3015 3006 2986
f 3015 2966 2996
f 3015 2986 2966
f 3016 2987 2997
f 3017 2968 2998
f 3017 2988 2968
f 3018 2969 2999
f 3018 2989 2969
f 3019 2970 3000
f 3019 3010 2990
f 3019 2990 2970
f 3020 2991 2971
f 3020 2971 3001
f 3021 249 2992
f 3021 2972 3002
f 3021 2992 2972
f 3021 248 249
f 3022 2994 3003
f 3023 2995 2975
f 3023 3014 2995
f 3023 2975 3004
f 3024 3015 2996
f 3024 2996 2976
f 3024 2976 3005
f 3025 2977 3006
f 3025 2997 2977
f 3026 3017 2998
f 3026 2998 2978
f 3026 2978 3007
f 3027 2979 3008
f 3027 2999 2979
f 3028 3000 2980
f 3028 2980 3009
f 3029 2981 3010
f 3029 3001 2981
f 3030 2982 3011
f 3030 3002 2982
f 3030 3021 3002
f 3031 3003 2983
f 3031 2983 3012
f 3031 141 143
f 3031 3012 141
f 3032 2984 3013
f 3032 3004 2984
f 3032 3023 3004
f 3033 3005 2985
f 3033 2985 3014
f 3034 3006 3015
f 3035 3007 2987
f 3035 3026 3007
f 3035 2987 3016
f 3036 2988 3017
f 3036 3008 2988
f 3037 3009 2989
f 3037 2989 3018
f 3038 3010 3019
f 3039 2991 3020
f 3039 3011 2991
f 3040 2994 3022
f 3040 3013 2994
f 3041 3014 3023
f 3042 3015 3024
f 3042 3034 3015
f 3043 3016 2997
f 3043 2997 3025
f 3044 3017 3026
f 3045 2999 3027
f 3045 3018 2999
f 3045 3037 3018
f 3046 3038 3019
f 3046 3000 3028
f 3046 3019 3000
f 3047 3001 3029
f 3047 3020 3001
f 3048 3021 3030
f 3048 248 3021
f 3048 245 248
f 3048 243 245
f 3049 3031 143
f 3049 3022 3003
f 3049 143 145
f 3049 3003 3031
f 3050 3023 3032
f 3051 3005 3033
f 3051 3024 3005
f 3052 3006 3034
f 3052 3025 3006
f 3053 3026 3035
f 3054 3027 3008
f 3054 3008 3036
f 3055 3028 3009
f 3055 3009 3037
f 3055 3046 3028
f 3056 3010 3038
f 3056 3047 3029
f 3056 3029 3010
f 3057 3030 3011
f 3057 3011 3039
f 3058 3013 3040
f 3058 3032 3013
f 3059 3014 3041
f 3059 3033 3014
f 3060 3034 3042
f 3061 3035 3016
f 3061 3016 3043
f 3062 3036 3017
f 3062 3017 3044
f 3063 3037 3045
f 3063 3055 3037
f 3064 3038 3046
f 3065 3039 3020
f 3065 3020 3047
f 3066 3022 3049
f 3066 3040 3022
f 3066 145 147
f 3066 147 149
f 3066 3049 145
f 3066 3058 3040
f 3067 3023 3050
f 3067 3041 3023
f 3068 3024 3051
f 3068 3042 3024
f 3069 3025 3052
f 3069 3043 3025
f 3069 3061 3043
f 3070 3062 3044
f 3070 3044 3026
f 3070 3026 3053
f 3071 3045 3027
f 3071 3027 3054
f 3072 3046 3055
f 3073 3047 3056
f 3074 243 3048
f 3074 3048 3030
f 3074 3030 3057
f 3074 241 243
f 3075 3050 3032
f 3075 3032 3058
f 3076 3033 3059
f 3076 3051 3033
f 3077 3052 3034
f 3077 3034 3060
f 3078 3035 3061
f 3078 3053 3035
f 3079 3036 3062
f 3079 3054 3036
f 3080 3055 3063
f 3081 3038 3064
f 3081 3056 3038
f 3082 3039 3065
f 3082 3057 3039
f 3083 3058 3066
f 3083 3066 149
f 3083 149 151
f 3084 3041 3067
f 3084 3059 3041
f 3085 3060 3042
f 3085 3042 3068
f 3086 3061 3069
f 3087 3062 3070
f 3088 3063 3045
f 3088 3045 3071
f 3089 3064 3046
f 3089 3046 3072
f 3090 3065 3047
f 3090 3047 3073
f 3090 3082 3065
f 3091 3050 3075
f 3091 3084 3067
f 3091 3067 3050
f 3092 3068 3051
f 3092 3051 3076
f 3092 3085 3068
f 3093 3069 3052
f 3093 3052 3077
f 3093 3086 3069
f 3094 3053 3078
f 3094 3070 3053
f 3095 3054 3079
f 3095 3088 3071
f 3095 3071 3054
f 3096 3072 3055
f 3096 3055 3080
f 3097 3073 3056
f 3097 3056 3081
f 3098 239 241
f 3098 3074 3057
f 3098 3057 3082
f 3098 241 3074
f 3099 3075 3058
f 3099 3091 3075
f 3099 3058 3083
f 3099 3083 151
f 3100 3059 3084
f 3100 3076 3059
f 3100 3092 3076
f 3101 3060 3085
f 3101 3077 3060
f 3102 3061 3086
f 3102 3078 3061
f 3102 3094 3078
f 3103 3079 3062
f 3103 3062 3087
f 3104 3080 3063
f 3104 3063 3088
f 3105 3097 3081
f 3105 3081 3064
f 3105 3064 3089
f 3106 3082 3090
f 3107 3084 3091
f 3108 3085 3092
f 3109 3086 3093
f 3110 3070 3094
f 3110 3103 3087
f 3110 3087 3070
f 3111 3088 3095
f 3112 3072 3096
f 3112 3089 3072
f 3113 3073 3097
f 3113 3090 3073
f 3114 3099 151
f 3114 3107 3091
f 3114 151 153
f 3114 3091 3099
f 3115 3092 3100
f 3116 3077 3101
f 3116 3093 3077
f 3117 3094 3102
f 3118 3079 3103
f 3118 3095 3079
f 3119 3096 3080
f 3119 3112 3096
f 3119 3080 3104
f 3120 3097 3105
f 3121 237 239
f 3121 235 237
f 3121 239 3098
f 3121 3098 3082
f 3121 3082 3106
f 3122 3100 3084
f 3122 3084 3107
f 3123 3116 3101
f 3123 3101 3085
f 3123 3085 3108
f 3124 3086 3109
f 3124 3102 3086
f 3125 3103 3110
f 3126 3104 3088
f 3126 3088 3111
f 3127 3105 3089
f 3127 3089 3112
f 3128 3106 3090
f 3128 3090 3113
f 3128 3121 3106
f 3129 3107 3114
f 3129 3114 153
f 3129 153 155
f 3130 3108 3092
f 3130 3092 3115
f 3131 3093 3116
f 3131 3109 3093
f 3132 3110 3094
f 3132 3094 3117
f 3133 3095 3118
f 3133 3111 3095
f 3134 3112 3119
f 3135 3128 3113
f 3135 3113 3097
f 3135 3097 3120
f 3136 3115 3100
f 3136 3100 3122
f 3136 3130 3115
f 3137 3116 3123
f 3137 3131 3116
f 3138 3117 3102
f 3138 3102 3124
f 3138 3132 3117
f 3139 3118 3103
f 3139 3133 3118
f 3139 3103 3125
f 3140 3134 3119
f 3140 3104 3126
f 3140 3119 3104
f 3141 3105 3127
f 3141 3120 3105
f 3142 234 235
f 3142 235 3121
f 3142 3121 3128
f 3143 3107 3129
f 3143 3129 155
f 3143 155 157
f 3143 157 159
f 3143 3136 3122
f 3143 3122 3107
f 3144 3123 3108
f 3144 3108 3130
f 3145 3109 3131
f 3145 3124 3109
f 3146 3110 3132
f 3146 3125 3110
f 3147 3126 3111
f 3147 3140 3126
f 3147 3111 3133
f 3148 3127 3112
f 3148 3112 3134
f 3149 3128 3135
f 3150 3144 3130
f 3150 3130 3136
f 3151 3131 3137
f 3152 3132 3138
f 3153 3147 3133
f 3153 3133 3139
f 3154 3134 3140
f 3155 3135 3120
f 3155 3120 3141
f 3156 3136 3143
f 3156 3143 159
f 3157 3123 3144
f 3157 3137 3123
f 3157 3151 3137
f 3158 3124 3145
f 3158 3138 3124
f 3159 3139 3125
f 3159 3125 3146
f 3160 3140 3147
f 3161 3141 3127
f 3161 3127 3148
f 3162 231 234
f 3162 229 231
f 3162 234 3142
f 3162 3142 3128
f 3162 3128 3149
f 3163 3144 3150
f 3164 3145 3131
f 3164 3131 3151
f 3165 3132 3152
f 3165 3146 3132
f 3166 3147 3153
f 3167 3134 3154
f 3167 3148 3134
f 3168 3149 3135
f 3168 3135 3155
f 3169 3156 159
f 3169 3150 3136
f 3169 159 161
f 3169 3136 3156
f 3170 3151 3157
f 3171 3138 3158
f 3171 3152 3138
f 3172 3153 3139
f 3172 3139 3159
f 3173 3140 3160
f 3173 3154 3140
f 3174 3141 3161
f 3174 3155 3141
f 3175 3144 3163
f 3175 3157 3144
f 3176 3145 3164
f 3176 3158 3145
f 3177 3146 3165
f 3177 3159 3146
f 3177 3172 3159
f 3178 3160 3147
f 3178 3173 3160
f 3178 3147 3166
f 3179 3161 3148
f 3179 3148 3167
f 3180 227 229
f 3180 3162 3149
f 3180 3149 3168
f 3180 229 3162
f 3181 3169 161
f 3181 161 163
f 3181 3163 3150
f 3181 3150 3169
f 3182 3151 3170
f 3182 3164 3151
f 3183 3152 3171
f 3183 3165 3152
f 3184 3166 3153
f 3184 3153 3172
f 3185 3167 3154
f 3185 3179 3167
f 3185 3154 3173
f 3186 3168 3155
f 3186 3180 3168
f 3186 3155 3174
f 3187 3182 3170
f 3187 3157 3175
f 3187 3170 3157
f 3188 3171 3158
f 3188 3158 3176
f 3189 3172 3177
f 3190 3173 3178
f 3191 3174 3161
f 3191 3161 3179
f 3192 3175 3163
f 3192 3163 3181
f 3192 3181 163
f 3192 163 165
f 3192 165 167
f 3193 3164 3182
f 3193 3176 3164
f 3194 3177 3165
f 3194 3165 3183
f 3195 3178 3166
f 3195 3166 3184
f 3196 3179 3185
f 3197 226 227
f 3197 3180 3186
f 3197 227 3180
f 3198 3182 3187
f 3199 3171 3188
f 3199 3183 3171
f 3200 3184 3172
f 3200 3172 3189
f 3201 3173 3190
f 3201 3185 3173
f 3202 3174 3191
f 3202 3186 3174
f 3203 3187 3175
f 3203 167 169
f 3203 3175 3192
f 3203 3192 167
f 3204 3199 3188
f 3204 3188 3176
f 3204 3176 3193
f 3205 3189 3177
f 3205 3177 3194
f 3206 3178 3195
f 3206 3190 3178
f 3207 3179 3196
f 3207 3202 3191
f 3207 3191 3179
f 3208 3204 3193
f 3208 3193 3182
f 3208 3182 3198
f 3209 3194 3183
f 3209 3183 3199
f 3210 3184 3200
f 3210 3195 3184
f 3210 3206 3195
f 3211 3196 3185
f 3211 3185 3201
f 3211 3207 3196
f 3212 223 226
f 3212 221 223
f 3212 3197 3186
f 3212 226 3197
f 3212 3186 3202
f 3213 3203 169
f 3213 3208 3198
f 3213 169 171
f 3213 3198 3187
f 3213 3187 3203
f 3214 3199 3204
f 3215 3189 3205
f 3215 3200 3189
f 3215 3210 3200
f 3216 3201 3190
f 3216 3190 3206
f 3217 3202 3207
f 3218 3204 3208
f 3219 3194 3209
f 3219 3205 3194
f 3220 3206 3210
f 3221 3207 3211
f 3222 3213 171
f 3222 3208 3213
f 3223 3199 3214
f 3223 3219 3209
f 3223 3209 3199
f 3224 3210 3215
f 3225 3211 3201
f 3225 3201 3216
f 3226 219 221
f 3226 3212 3202
f 3226 221 3212
f 3226 3202 3217
f 3227 3204 3218
f 3227 3214 3204
f 3227 3223 3214
f 3228 3215 3205
f 3228 3205 3219
f 3229 3216 3206
f 3229 3206 3220
f 3229 3225 3216
f 3230 3217 3207
f 3230 3207 3221
f 3231 3227 3218
f 3231 3218 3208
f 3231 3222 171
f 3231 171 173
f 3231 173 175
f 3231 3208 3222
f 3232 3219 3223
f 3233 3210 3224
f 3233 3220 3210
f 3234 3211 3225
f 3234 3221 3211
f 3235 3223 3227
f 3236 3233 3224
f 3236 3224 3215
f 3236 3215 3228
f 3237 3225 3229
f 3238 3226 3217
f 3238 217 219
f 3238 215 217
f 3238 3217 3230
f 3238 219 3226
f 3239 3231 175
f 3239 3227 3231
f 3240 3219 3232
f 3240 3228 3219
f 3241 3220 3233
f 3241 3229 3220
f 3242 3230 3221
f 3242 3238 3230
f 3242 3221 3234
f 3243 3223 3235
f 3243 3232 3223
f 3244 3233 3236
f 3245 3234 3225
f 3245 3225 3237
f 3246 3235 3227
f 3246 3239 175
f 3246 175 177
f 3246 177 179
f 3246 3227 3239
f 3246 3243 3235
f 3247 3236 3228
f 3247 3228 3240
f 3248 3229 3241
f 3248 3237 3229
f 3249 213 215
f 3249 215 3238
f 3249 3238 3242
f 3250 3247 3240
f 3250 3232 3243
f 3250 3240 3232
f 3251 3241 3233
f 3251 3233 3244
f 3252 3234 3245
f 3252 3242 3234
f 3252 3249 3242
f 3253 3243 3246
f 3253 3246 179
f 3254 3236 3247
f 3254 3244 3236
f 3255 3245 3237
f 3255 3237 3248
f 3256 3247 3250
f 3257 3241 3251
f 3257 3248 3241
f 3258 212 213
f 3258 213 3249
f 3258 3249 3252
f 3259 3243 3253
f 3259 3250 3243
f 3259 3256 3250
f 3259 3253 179
f 3259 179 181
f 3259 181 183
f 3260 3244 3254
f 3260 3251 3244
f 3261 3252 3245
f 3261 3245 3255
f 3262 3254 3247
f 3262 3247 3256
f 3262 3260 3254
f 3263 3255 3248
f 3263 3248 3257
f 3264 3256 3259
f 3264 3259 183
f 3265 3257 3251
f 3265 3251 3260
f 3266 209 212
f 3266 208 209
f 3266 3252 3261
f 3266 3258 3252
f 3266 212 3258
f 3267 3260 3262
f 3268 3261 3255
f 3268 3266 3261
f 3268 3255 3263
f 3269 3264 183
f 3269 3262 3256
f 3269 183 185
f 3269 3256 3264
f 3270 3263 3257
f 3270 3268 3263
f 3270 3257 3265
f 3271 3265 3260
f 3271 3260 3267
f 3272 208 3266
f 3272 3266 3268
f 3272 206 208
f 3273 3267 3262
f 3273 3262 3269
f 3273 3271 3267
f 3273 3269 185
f 3273 185 187
f 3274 3268 3270
f 3275 3265 3271
f 3275 3270 3265
f 3276 3271 3273
f 3276 3273 187
f 3276 3275 3271
f 3276 187 189
f 3276 189 191
f 3277 203 206
f 3277 201 203
f 3277 206 3272
f 3277 3268 3274
f 3277 3272 3268
f 3278 3270 3275
f 3278 3274 3270
f 3278 3277 3274
f 3279 3275 3276
f 3279 3276 191
f 3280 200 201
f 3280 201 3277
f 3280 3277 3278
f 3281 3275 3279
f 3281 3278 3275
f 3281 3279 191
f 3281 191 193
f 3282 197 200
f 3282 3278 3281
f 3282 3280 3278
f 3282 200 3280
f 3282 3281 193
f 3282 195 197
f 3282 193 195
f 1233 1208 1184
f 1289 1234 1233
f 1289 1261 1234
f 1014 1027 1020
f 1014 1036 1027
f 1014 1037 1036
f 1014 1047 1037
f 133 1007 1001
f 133 1010 1007
f 133 1014 1010
f 133 1059 1047
f 133 1072 1059
f 133 1087 1072
f 133 1103 1087
f 133 1121 1103
f 133 1122 1121
f 133 1141 1122
f 133 1162 1141
f 133 1047 1014
f 1004 1184 1162
f 1004 1319 1289
f 1004 1350 1319
f 1004 1003 1350
f 1004 1233 1184
f 1004 1289 1233
f 1004 1162 133
f 2857 2921 2889
f 2857 2547 2921
f 2798 2828 2799
f 2798 2857 2828
f 2798 135 2547
f 2798 2547 2857
f 2772 135 2798
f 2723 2772 2746
f 2723 135 2772
f 2660 2700 2680
f 2660 2723 2700
f 2659 135 2723
f 2659 2723 2660
f 2642 135 2659
f 2625 135 2642
f 2611 135 2625
f 2585 2597 2586
f 2585 2611 2597
f 2574 2611 2585
f 2566 2611 2574
f 2553 2611 2566
f 2553 2566 2558
f 2549 2611 2553
f 2543 2611 2549
f 2545 135 2611
f 2545 2611 2543
f 2545 133 135
f 2545 1004 133
f 3283 3284 3285
f 3286 3283 3285
f 3286 3287 3283
f 3286 3288 3287
f 3289 3290 3286
f 3289 3291 3290
f 3292 3286 3285
f 3292 3289 3286
f 3292 3293 3289
f 3294 3292 3285
f 3294 3295 3292
f 3296 3297 3294
f 3298 3294 3285
f 3298 3296 3294
f 3298 3299 3296
f 3300 3301 3298
f 3300 3298 3285
f 3302 3300 3285
f 3303 3304 3302
f 3303 3302 3285
f 3305 3306 3303
f 3305 3303 3285
f 3307 3308 3305
f 3307 3305 3285
f 3309 3310 3307
f 3309 3307 3285
f 3311 3285 1004
f 3311 1004 2545
f 3311 3309 3285
f 3312 3309 3311
f 3313 3314 3315
f 3316 3317 3318
f 3319 3320 3312
f 3319 3318 3320
f 3319 3316 3318
f 3321 3322 3323
f 3321 3313 3322
f 3324 3319 3312
f 3324 3325 3319
f 3324 3311 3314
f 3324 3312 3311
f 3326 3313 3321
f 3327 3313 3326
f 3328 3324 3314
f 3328 3313 3327
f 3328 3329 3324
f 3328 3314 3313
f 3330 3331 3329
f 3330 3332 3331
f 3333 3328 3334
f 3335 3330 3329
f 3336 3329 3328
f 3336 3328 3333
f 3336 3335 3329
f 3336 3337 3335
f 3336 3333 3338
f 3339 259 260
f 3339 260 3340
f 3341 263 262
f 3341 2486 263
f 3342 262 663
f 3342 663 684
f 3342 3341 262
f 3343 3342 684
f 3344 684 704
f 3344 704 724
f 3344 3343 684
f 3345 724 743
f 3345 3344 724
f 3346 3345 743
f 3347 743 744
f 3347 3346 743
f 3348 744 779
f 3348 3347 744
f 3349 3348 779
f 3349 779 796
f 3349 796 812
f 3350 3349 812
f 3351 3350 812
f 3351 812 828
f 3351 828 829
f 3352 829 857
f 3352 3351 829
f 3353 3352 857
f 3354 3353 857
f 3354 857 871
f 3355 871 884
f 3355 884 896
f 3355 3354 871
f 3356 3355 896
f 3357 896 897
f 3357 897 919
f 3357 3356 896
f 3358 3357 919
f 3359 919 929
f 3359 929 930
f 3359 3358 919
f 3360 3359 930
f 3361 930 948
f 3361 3360 930
f 3362 948 949
f 3362 949 964
f 3362 3361 948
f 3363 3362 964
f 3364 964 971
f 3364 3363 964
f 3365 971 972
f 3365 972 983
f 3365 3364 971
f 3366 3365 983
f 3367 983 984
f 3367 984 992
f 3367 3366 983
f 3368 3367 992
f 3369 992 996
f 3369 996 999
f 3369 3368 992
f 3370 3369 999
f 3371 999 265
f 3371 3370 999
f 1742 265 67
f 1742 3371 265
f 3372 1002 1004
f 3372 1004 3285
f 3373 1403 1002
f 3373 1424 1403
f 3373 1002 3372
f 3374 1424 3373
f 3375 1444 1424
f 3375 1464 1444
f 3375 1424 3374
f 3376 1483 1464
f 3376 1464 3375
f 3377 1483 3376
f 3378 1501 1483
f 3378 1483 3377
f 3379 1502 1501
f 3379 1501 3378
f 3380 1502 3379
f 3380 1536 1502
f 3380 1552 1536
f 3381 1552 3380
f 3382 1552 3381
f 3382 1553 1552
f 3382 1569 1553
f 3383 1597 1569
f 3383 1569 3382
f 3384 1597 3383
f 3385 1597 3384
f 3385 1598 1597
f 3386 1624 1598
f 3386 1625 1624
f 3386 1598 3385
f 3387 1625 3386
f 3388 1637 1625
f 3388 1659 1637
f 3388 1625 3387
f 3389 1659 3388
f 3390 1669 1659
f 3390 1679 1669
f 3390 1659 3389
f 3391 1679 3390
f 3392 1688 1679
f 3392 1679 3391
f 3393 1689 1688
f 3393 1697 1689
f 3393 1688 3392
f 3394 1697 3393
f 3395 1711 1697
f 3395 1697 3394
f 3396 1712 1711
f 3396 1723 1712
f 3396 1711 3395
f 3397 1723 3396
f 3398 1728 1723
f 3398 1729 1728
f 3398 1723 3397
f 3399 1729 3398
f 3400 1736 1729
f 3400 1739 1736
f 3400 1729 3399
f 3401 1739 3400
f 3402 1005 1739
f 3402 1739 3401
f 1741 68 1005
f 1741 1005 3402
f 3403 3404 3405
f 3403 3406 3407
f 3403 3405 3406
f 3408 3403 3407
f 3409 3407 3410
f 3409 3408 3407
f 3411 3412 3413
f 3411 3410 3412
f 3411 3409 3410
f 3414 3413 3415
f 3414 3411 3413
f 3416 3414 3415
f 3417 3416 3415
f 3417 3418 3419
f 3417 3415 3418
f 3420 3417 3419
f 3421 3420 3419
f 3421 3419 3422
f 3423 3421 3422
f 3423 3422 3424
f 3425 3423 3424
f 3425 3424 3426
f 3427 3425 3426
f 3427 3426 3428
f 3429 3428 3430
f 3429 3427 3428
f 3431 3432 3433
f 3431 3430 3432
f 3431 3429 3430
f 3434 3431 3433
f 3435 3433 3436
f 3435 3434 3433
f 3437 3436 3438
f 3437 3435 3436
f 3439 3440 3441
f 3439 3438 3440
f 3439 3437 3438
f 3442 3439 3441
f 3443 3441 3444
f 3443 3442 3441
f 3445 3444 3446
f 3445 3443 3444
f 3447 3446 3448
f 3447 3445 3446
f 3449 3448 3450
f 3449 3447 3448
f 3451 3450 3452
f 3451 3449 3450
f 3453 3454 3455
f 3453 3452 3454
f 3453 3451 3452
f 3456 3453 3455
f 3457 3458 3459
f 3457 3455 3458
f 3457 3456 3455
f 3460 3459 3461
f 3460 3457 3459
f 3462 3460 3461
f 3463 3461 3464
f 3463 3462 3461
f 3465 3464 3466
f 3465 3463 3464
f 1741 3466 1742
f 1741 3465 3466
f 1744 2514 3467
f 1745 3467 3468
f 1745 1744 3467
f 1751 3468 3469
f 1751 1745 3468
f 1755 3469 3470
f 1755 1751 3469
f 1760 3470 3471
f 1760 1755 3470
f 1764 3471 3472
f 1764 1760 3471
f 1770 3472 3473
f 1770 1764 3472
f 1777 3473 3474
f 1777 1770 3473
f 1783 1777 3474
f 1783 3474 3475
f 1792 1783 3475
f 1792 3475 3476
f 1801 3476 3477
f 1801 1792 3476
f 1809 3477 3478
f 1809 1801 3477
f 1819 3478 3479
f 1819 1809 3478
f 1830 3479 3480
f 1830 1819 3479
f 1840 3480 3481
f 1840 1830 3480
f 1852 3481 3482
f 1852 1840 3481
f 1865 3482 3483
f 1865 1852 3482
f 1877 3483 3484
f 1877 1865 3483
f 1892 3484 3485
f 1892 1877 3484
f 1907 3485 3486
f 1907 1892 3485
f 1921 3486 3487
f 1921 1907 3486
f 1937 3487 3488
f 1937 1921 3487
f 1954 3488 3489
f 1954 1937 3488
f 1970 3489 3490
f 1970 1954 3489
f 1988 3490 3491
f 1988 1970 3490
f 2008 3491 3492
f 2008 1988 3491
f 2026 3492 3493
f 2026 2008 3492
f 2046 3493 3494
f 2046 2026 3493
f 2067 3494 3495
f 2067 2046 3494
f 2087 3495 3496
f 2087 2067 3495
f 2109 3496 3497
f 2109 2087 3496
f 1746 3497 3340
f 1746 2109 3497
f 260 1746 3340
f 2487 2486 3341
f 3466 3371 1742
f 3498 2512 2513
f 3405 3499 3406
f 3500 2487 3341
f 3500 2485 2487
f 3501 3341 3342
f 3501 3500 3341
f 3502 2489 2485
f 3502 2485 3500
f 3503 3342 3343
f 3503 3501 3342
f 3504 3502 3500
f 3504 3500 3501
f 3505 2490 2489
f 3505 2489 3502
f 3506 3343 3344
f 3506 3503 3343
f 3507 3501 3503
f 3507 3504 3501
f 3508 3505 3502
f 3508 3502 3504
f 3509 3344 3345
f 3509 3506 3344
f 3510 2490 3505
f 3510 2488 2490
f 3511 3503 3506
f 3511 3507 3503
f 3512 3508 3504
f 3512 3504 3507
f 3513 3345 3346
f 3513 3509 3345
f 3514 3505 3508
f 3514 3510 3505
f 3515 3511 3506
f 3515 3506 3509
f 3516 2492 2488
f 3516 2488 3510
f 3517 3507 3511
f 3517 3512 3507
f 3518 3346 3347
f 3518 3513 3346
f 3519 3508 3512
f 3519 3514 3508
f 3520 3509 3513
f 3520 3515 3509
f 3521 3516 3510
f 3521 3510 3514
f 3522 3511 3515
f 3522 3517 3511
f 3523 3347 3348
f 3523 3518 3347
f 3524 2493 2492
f 3524 2491 2493
f 3524 2492 3516
f 3525 3519 3512
f 3525 3512 3517
f 3526 3513 3518
f 3526 3520 3513
f 3527 3514 3519
f 3527 3521 3514
f 3528 3522 3515
f 3528 3515 3520
f 3529 3348 3349
f 3529 3523 3348
f 3530 3524 3516
f 3530 3516 3521
f 3531 3525 3517
f 3531 3517 3522
f 3532 3526 3518
f 3532 3518 3523
f 3533 2495 2491
f 3533 2491 3524
f 3534 3527 3519
f 3534 3519 3525
f 3535 3520 3526
f 3535 3528 3520
f 3536 3529 3349
f 3536 3349 3350
f 3537 3530 3521
f 3537 3521 3527
f 3538 3531 3522
f 3538 3522 3528
f 3539 3523 3529
f 3539 3532 3523
f 3540 3533 3524
f 3540 3524 3530
f 3541 3525 3531
f 3541 3534 3525
f 3542 3535 3526
f 3542 3526 3532
f 3543 3350 3351
f 3543 3536 3350
f 3544 2495 3533
f 3544 2494 2495
f 3545 3537 3527
f 3545 3527 3534
f 3546 3538 3528
f 3546 3528 3535
f 3547 3539 3529
f 3547 3529 3536
f 3548 3540 3530
f 3548 3530 3537
f 3549 3531 3538
f 3549 3541 3531
f 3550 3542 3532
f 3550 3532 3539
f 3551 3351 3352
f 3551 3543 3351
f 3552 3533 3540
f 3552 3544 3533
f 3553 3545 3534
f 3553 3534 3541
f 3554 3535 3542
f 3554 3546 3535
f 3555 3536 3543
f 3555 3547 3536
f 3556 2497 2494
f 3556 2494 3544
f 3557 3548 3537
f 3557 3537 3545
f 3558 3549 3538
f 3558 3538 3546
f 3559 3539 3547
f 3559 3550 3539
f 3560 3352 3353
f 3560 3551 3352
f 3561 3540 3548
f 3561 3552 3540
f 3562 3553 3541
f 3562 3541 3549
f 3563 3554 3542
f 3563 3542 3550
f 3564 3555 3543
f 3564 3543 3551
f 3565 3556 3544
f 3565 3552 3561
f 3565 3544 3552
f 3566 3557 3545
f 3566 3545 3553
f 3567 3558 3546
f 3567 3546 3554
f 3568 3547 3555
f 3568 3559 3547
f 3569 3353 3354
f 3569 3560 3353
f 3570 2496 2497
f 3570 2497 3556
f 3571 3548 3557
f 3571 3557 3566
f 3571 3561 3548
f 3572 3549 3558
f 3572 3562 3549
f 3573 3563 3550
f 3573 3559 3568
f 3573 3550 3559
f 3574 3564 3551
f 3574 3551 3560
f 3575 3565 3561
f 3576 3553 3562
f 3576 3566 3553
f 3577 3554 3563
f 3577 3567 3554
f 3578 3568 3555
f 3578 3555 3564
f 3579 3569 3354
f 3579 3354 3355
f 3580 3570 3556
f 3580 3556 3565
f 3581 3566 3576
f 3581 3571 3566
f 3582 3558 3567
f 3582 3572 3558
f 3583 3573 3568
f 3584 3574 3560
f 3584 3560 3569
f 3585 2500 2496
f 3585 2496 3570
f 3586 3561 3571
f 3586 3575 3561
f 3586 3571 3581
f 3587 3576 3562
f 3587 3562 3572
f 3588 3563 3573
f 3588 3577 3563
f 3589 3578 3564
f 3589 3564 3574
f 3590 3355 3356
f 3590 3579 3355
f 3591 3580 3565
f 3591 3565 3575
f 3592 3581 3576
f 3593 3567 3577
f 3593 3582 3567
f 3594 3568 3578
f 3594 3583 3568
f 3595 3569 3579
f 3595 3584 3569
f 3596 3570 3580
f 3596 3585 3570
f 3597 3586 3581
f 3598 3587 3572
f 3598 3572 3582
f 3598 3582 3593
f 3599 3588 3573
f 3599 3573 3583
f 3600 3589 3574
f 3600 3574 3584
f 3601 3356 3357
f 3601 3590 3356
f 3602 2499 2500
f 3602 2502 2499
f 3602 2500 3585
f 3603 3591 3575
f 3603 3575 3586
f 3604 3592 3576
f 3604 3576 3587
f 3605 3593 3577
f 3605 3577 3588
f 3606 3578 3589
f 3606 3594 3578
f 3607 3579 3590
f 3607 3595 3579
f 3608 3596 3580
f 3608 3591 3603
f 3608 3580 3591
f 3609 3597 3581
f 3609 3581 3592
f 3610 3598 3593
f 3611 3583 3594
f 3611 3599 3583
f 3612 3584 3595
f 3612 3600 3584
f 3613 3357 3358
f 3613 3601 3357
f 3614 3602 3585
f 3614 3585 3596
f 3615 3603 3586
f 3615 3586 3597
f 3616 3587 3598
f 3616 3604 3587
f 3617 3605 3588
f 3617 3588 3599
f 3618 3606 3589
f 3618 3589 3600
f 3619 3590 3601
f 3619 3607 3590
f 3620 2502 3602
f 3620 2501 2502
f 3621 3608 3603
f 3622 3609 3592
f 3622 3604 3616
f 3622 3592 3604
f 3623 3605 3617
f 3623 3593 3605
f 3623 3610 3593
f 3624 3594 3606
f 3624 3611 3594
f 3625 3612 3595
f 3625 3595 3607
f 3626 3358 3359
f 3626 3613 3358
f 3627 3596 3608
f 3627 3614 3596
f 3628 3597 3609
f 3628 3615 3597
f 3629 3610 3623
f 3629 3616 3598
f 3629 3598 3610
f 3630 3599 3611
f 3630 3617 3599
f 3631 3600 3612
f 3631 3618 3600
f 3632 3601 3613
f 3632 3619 3601
f 3633 3620 3602
f 3633 3602 3614
f 3634 3621 3603
f 3634 3603 3615
f 3635 3622 3616
f 3636 3623 3617
f 3637 3624 3606
f 3637 3606 3618
f 3638 3619 3632
f 3638 3625 3607
f 3638 3607 3619
f 3639 3359 3360
f 3639 3626 3359
f 3640 2504 2501
f 3640 2501 3620
f 3641 3608 3621
f 3641 3627 3608
f 3642 3628 3609
f 3642 3609 3622
f 3643 3629 3623
f 3644 3611 3624
f 3644 3630 3611
f 3644 3624 3637
f 3645 3631 3612
f 3645 3625 3638
f 3645 3612 3625
f 3646 3613 3626
f 3646 3632 3613
f 3647 3614 3627
f 3647 3633 3614
f 3648 3634 3615
f 3648 3615 3628
f 3649 3635 3616
f 3649 3616 3629
f 3650 3617 3630
f 3650 3636 3617
f 3651 3618 3631
f 3651 3637 3618
f 3652 3638 3632
f 3653 3360 3361
f 3653 3639 3360
f 3654 3640 3620
f 3654 3620 3633
f 3655 3621 3634
f 3655 3634 3648
f 3655 3641 3621
f 3656 3642 3622
f 3656 3622 3635
f 3657 3643 3623
f 3657 3623 3636
f 3658 3644 3637
f 3659 3645 3638
f 3660 3646 3626
f 3660 3626 3639
f 3661 2503 2504
f 3661 2504 3640
f 3662 3627 3641
f 3662 3647 3627
f 3663 3628 3642
f 3663 3648 3628
f 3664 3629 3643
f 3664 3649 3629
f 3665 3630 3644
f 3665 3650 3630
f 3666 3631 3645
f 3666 3651 3631
f 3667 3632 3646
f 3667 3652 3632
f 3668 3361 3362
f 3668 3653 3361
f 3669 3654 3633
f 3669 3633 3647
f 3670 3648 3663
f 3670 3655 3648
f 3671 3635 3649
f 3671 3656 3635
f 3672 3657 3636
f 3672 3636 3650
f 3673 3658 3637
f 3673 3637 3651
f 3674 3659 3638
f 3674 3638 3652
f 3675 3639 3653
f 3675 3660 3639
f 3676 3661 3640
f 3676 3654 3669
f 3676 3640 3654
f 3677 3641 3655
f 3677 3662 3641
f 3678 3663 3642
f 3678 3642 3656
f 3679 3643 3657
f 3679 3664 3643
f 3680 3644 3658
f 3680 3658 3673
f 3680 3665 3644
f 3681 3645 3659
f 3681 3666 3645
f 3682 3646 3660
f 3682 3667 3646
f 3682 3660 3675
f 3683 3668 3362
f 3683 3362 3363
f 3684 2505 2503
f 3684 2503 3661
f 3685 3669 3647
f 3685 3647 3662
f 3686 3663 3678
f 3686 3670 3663
f 3687 3649 3664
f 3687 3671 3649
f 3688 3650 3665
f 3688 3672 3650
f 3688 3665 3680
f 3689 3651 3666
f 3689 3673 3651
f 3689 3666 3681
f 3690 3652 3667
f 3690 3674 3652
f 3691 3653 3668
f 3691 3675 3653
f 3692 3669 3685
f 3692 3676 3669
f 3693 3655 3670
f 3693 3677 3655
f 3694 3678 3656
f 3694 3656 3671
f 3694 3671 3687
f 3695 3657 3672
f 3695 3679 3657
f 3696 3680 3673
f 3697 3681 3659
f 3697 3659 3674
f 3698 3682 3675
f 3699 3363 3364
f 3699 3683 3363
f 3700 3676 3692
f 3700 3661 3676
f 3700 3684 3661
f 3701 3662 3677
f 3701 3685 3662
f 3702 3686 3678
f 3703 3664 3679
f 3703 3687 3664
f 3704 3688 3680
f 3705 3689 3681
f 3706 3690 3667
f 3706 3667 3682
f 3707 3668 3683
f 3707 3691 3668
f 3708 2507 2505
f 3708 2506 2507
f 3708 2505 3684
f 3709 3692 3685
f 3710 3670 3686
f 3710 3693 3670
f 3711 3694 3687
f 3712 3695 3672
f 3712 3672 3688
f 3713 3673 3689
f 3713 3696 3673
f 3714 3674 3690
f 3714 3697 3674
f 3715 3698 3675
f 3715 3675 3691
f 3716 3364 3365
f 3716 3699 3364
f 3717 3700 3692
f 3718 3701 3677
f 3718 3677 3693
f 3719 3702 3678
f 3719 3678 3694
f 3720 3703 3679
f 3720 3679 3695
f 3721 3704 3680
f 3721 3680 3696
f 3722 3681 3697
f 3722 3705 3681
f 3723 3682 3698
f 3723 3706 3682
f 3724 3707 3683
f 3724 3683 3699
f 3725 3708 3684
f 3725 3684 3700
f 3725 3700 3717
f 3726 3685 3701
f 3726 3709 3685
f 3726 3701 3718
f 3727 3710 3686
f 3727 3686 3702
f 3728 3687 3703
f 3728 3703 3720
f 3728 3711 3687
f 3729 3688 3704
f 3729 3712 3688
f 3730 3713 3689
f 3730 3689 3705
f 3731 3706 3723
f 3731 3690 3706
f 3731 3714 3690
f 3732 3715 3691
f 3732 3707 3724
f 3732 3691 3707
f 3733 3365 3366
f 3733 3716 3365
f 3734 2506 3708
f 3734 3708 3725
f 3734 2509 2506
f 3735 3717 3692
f 3735 3692 3709
f 3735 3709 3726
f 3736 3718 3693
f 3736 3693 3710
f 3737 3719 3694
f 3737 3694 3711
f 3738 3720 3695
f 3738 3695 3712
f 3739 3721 3696
f 3739 3696 3713
f 3740 3722 3697
f 3740 3697 3714
f 3741 3698 3715
f 3741 3723 3698
f 3742 3724 3699
f 3742 3699 3716
f 3743 3725 3717
f 3744 3726 3718
f 3745 3702 3719
f 3745 3727 3702
f 3746 3728 3720
f 3747 3729 3704
f 3747 3704 3721
f 3748 3705 3722
f 3748 3722 3740
f 3748 3730 3705
f 3749 3731 3723
f 3750 3732 3724
f 3751 3733 3366
f 3751 3366 3367
f 3752 3725 3743
f 3752 3734 3725
f 3753 3735 3726
f 3754 3710 3727
f 3754 3727 3745
f 3754 3736 3710
f 3755 3711 3728
f 3755 3737 3711
f 3756 3738 3712
f 3756 3712 3729
f 3757 3713 3730
f 3757 3739 3713
f 3758 3740 3714
f 3758 3714 3731
f 3759 3715 3732
f 3759 3741 3715
f 3760 3716 3733
f 3760 3742 3716
f 3761 2509 3734
f 3761 2508 2509
f 3762 3717 3735
f 3762 3735 3753
f 3762 3743 3717
f 3763 3744 3718
f 3763 3718 3736
f 3764 3719 3737
f 3764 3745 3719
f 3765 3720 3738
f 3765 3738 3756
f 3765 3746 3720
f 3766 3721 3739
f 3766 3747 3721
f 3766 3739 3757
f 3767 3748 3740
f 3768 3741 3759
f 3768 3723 3741
f 3768 3749 3723
f 3769 3724 3742
f 3769 3750 3724
f 3770 3367 3368
f 3770 3751 3367
f 3771 3752 3743
f 3772 3726 3744
f 3772 3753 3726
f 3773 3754 3745
f 3774 3755 3728
f 3774 3728 3746
f 3775 3729 3747
f 3775 3756 3729
f 3776 3757 3730
f 3776 3730 3748
f 3776 3748 3767
f 3777 3758 3731
f 3777 3731 3749
f 3777 3749 3768
f 3778 3732 3750
f 3778 3759 3732
f 3779 3733 3751
f 3779 3760 3733
f 3780 3734 3752
f 3780 3761 3734
f 3781 3762 3753
f 3781 3753 3772
f 3782 3763 3736
f 3782 3736 3754
f 3783 3737 3755
f 3783 3764 3737
f 3784 3765 3756
f 3785 3766 3757
f 3786 3740 3758
f 3786 3767 3740
f 3787 3768 3759
f 3788 3769 3742
f 3788 3742 3760
f 3789 3368 3369
f 3789 3770 3368
f 3790 2511 2508
f 3790 2508 3761
f 3791 3771 3743
f 3791 3762 3781
f 3791 3743 3762
f 3792 3772 3744
f 3792 3763 3782
f 3792 3744 3763
f 3793 3773 3745
f 3793 3764 3783
f 3793 3745 3764
f 3794 3774 3746
f 3794 3746 3765
f 3795 3775 3747
f 3795 3747 3766
f 3795 3766 3785
f 3796 3776 3767
f 3797 3777 3768
f 3798 3769 3788
f 3798 3750 3769
f 3798 3778 3750
f 3799 3779 3751
f 3799 3751 3770
f 3800 3771 3791
f 3800 3752 3771
f 3800 3780 3752
f 3801 3781 3772
f 3802 3782 3754
f 3802 3754 3773
f 3802 3773 3793
f 3803 3755 3774
f 3803 3783 3755
f 3804 3775 3795
f 3804 3756 3775
f 3804 3784 3756
f 3805 3757 3776
f 3805 3785 3757
f 3806 3786 3758
f 3806 3758 3777
f 3807 3759 3778
f 3807 3787 3759
f 3808 3760 3779
f 3808 3788 3760
f 3809 3369 3370
f 3809 3789 3369
f 3810 3790 3761
f 3810 3761 3780
f 3811 3791 3781
f 3812 3792 3782
f 3813 3793 3783
f 3814 3765 3784
f 3814 3794 3765
f 3815 3795 3785
f 3816 3796 3767
f 3816 3786 3806
f 3816 3767 3786
f 3817 3797 3768
f 3817 3768 3787
f 3818 3798 3788
f 3819 3789 3809
f 3819 3799 3770
f 3819 3770 3789
f 3820 3790 3810
f 3820 2510 2511
f 3820 2511 3790
f 3821 3791 3811
f 3821 3800 3791
f 3822 3792 3812
f 3822 3801 3772
f 3822 3772 3792
f 3823 3802 3793
f 3824 3803 3774
f 3824 3774 3794
f 3825 3804 3795
f 3826 3776 3796
f 3826 3805 3776
f 3827 3777 3797
f 3827 3806 3777
f 3828 3778 3798
f 3828 3807 3778
f 3829 3808 3779
f 3829 3779 3799
f 3830 3371 3466
f 3830 3370 3371
f 3830 3809 3370
f 3830 3466 3464
f 3831 3810 3780
f 3831 3780 3800
f 3832 3801 3822
f 3832 3781 3801
f 3832 3811 3781
f 3833 3782 3802
f 3833 3812 3782
f 3834 3783 3803
f 3834 3813 3783
f 3834 3803 3824
f 3835 3784 3804
f 3835 3814 3784
f 3836 3785 3805
f 3836 3815 3785
f 3837 3816 3806
f 3838 3807 3828
f 3838 3787 3807
f 3838 3817 3787
f 3839 3788 3808
f 3839 3818 3788
f 3840 3819 3809
f 3841 3820 3810
f 3842 3821 3811
f 3843 3822 3812
f 3844 3793 3813
f 3844 3823 3793
f 3844 3813 3834
f 3845 3824 3794
f 3845 3794 3814
f 3846 3825 3795
f 3846 3795 3815
f 3847 3796 3816
f 3847 3826 3796
f 3848 3827 3797
f 3848 3797 3817
f 3849 3828 3798
f 3849 3798 3818
f 3850 3799 3819
f 3850 3829 3799
f 3851 3498 2513
f 3851 2513 2510
f 3851 2510 3820
f 3852 3831 3800
f 3852 3800 3821
f 3853 3822 3843
f 3853 3832 3822
f 3854 3823 3844
f 3854 3802 3823
f 3854 3833 3802
f 3855 3834 3824
f 3856 3835 3804
f 3856 3804 3825
f 3857 3805 3826
f 3857 3836 3805
f 3858 3837 3806
f 3858 3806 3827
f 3859 3828 3849
f 3859 3838 3828
f 3860 3839 3808
f 3860 3808 3829
f 3861 3830 3464
f 3861 3840 3809
f 3861 3809 3830
f 3861 3464 3461
f 3862 3810 3831
f 3862 3841 3810
f 3862 3831 3852
f 3863 3811 3832
f 3863 3842 3811
f 3863 3832 3853
f 3864 3833 3854
f 3864 3843 3812
f 3864 3812 3833
f 3865 3844 3834
f 3866 3814 3835
f 3866 3845 3814
f 3867 3846 3815
f 3867 3815 3836
f 3868 3847 3816
f 3868 3816 3837
f 3869 3817 3838
f 3869 3848 3817
f 3870 3849 3818
f 3870 3818 3839
f 3871 3850 3819
f 3871 3819 3840
f 3872 3851 3820
f 3872 3841 3862
f 3872 3820 3841
f 3872 3873 3498
f 3872 3498 3851
f 3874 3852 3821
f 3874 3821 3842
f 3875 3853 3843
f 3876 3854 3844
f 3877 3855 3824
f 3877 3824 3845
f 3877 3845 3866
f 3878 3825 3846
f 3878 3856 3825
f 3879 3857 3826
f 3879 3847 3868
f 3879 3826 3847
f 3880 3858 3827
f 3880 3827 3848
f 3880 3848 3869
f 3881 3859 3849
f 3882 3829 3850
f 3882 3860 3829
f 3883 3862 3852
f 3884 3863 3853
f 3884 3853 3875
f 3885 3864 3854
f 3886 3855 3877
f 3886 3834 3855
f 3886 3865 3834
f 3887 3835 3856
f 3887 3866 3835
f 3888 3836 3857
f 3888 3867 3836
f 3888 3857 3879
f 3889 3837 3858
f 3889 3868 3837
f 3889 3858 3880
f 3890 3838 3859
f 3890 3869 3838
f 3891 3839 3860
f 3891 3870 3839
f 3892 3861 3461
f 3892 3840 3861
f 3892 3871 3840
f 3892 3461 3459
f 3892 3459 3458
f 3893 3873 3872
f 3893 3894 3873
f 3893 3895 3894
f 3893 3872 3862
f 3896 3842 3863
f 3896 3874 3842
f 3897 3875 3843
f 3897 3843 3864
f 3898 3876 3844
f 3898 3865 3886
f 3898 3844 3865
f 3899 3877 3866
f 3900 3878 3846
f 3900 3846 3867
f 3901 3879 3868
f 3902 3880 3869
f 3903 3870 3891
f 3903 3849 3870
f 3903 3881 3849
f 3904 3850 3871
f 3904 3871 3892
f 3904 3882 3850
f 3905 3883 3852
f 3905 3852 3874
f 3906 3884 3875
f 3907 3854 3876
f 3907 3885 3854
f 3907 3876 3898
f 3908 3886 3877
f 3909 3856 3878
f 3909 3887 3856
f 3910 3888 3879
f 3911 3889 3880
f 3912 3890 3859
f 3912 3859 3881
f 3913 3860 3882
f 3913 3891 3860
f 3914 3895 3893
f 3914 3893 3862
f 3914 3862 3883
f 3914 3915 3895
f 3916 3896 3863
f 3916 3863 3884
f 3917 3897 3864
f 3917 3864 3885
f 3918 3886 3908
f 3918 3898 3886
f 3919 3866 3887
f 3919 3887 3909
f 3919 3899 3866
f 3920 3867 3888
f 3920 3900 3867
f 3921 3868 3889
f 3921 3901 3868
f 3922 3902 3869
f 3922 3869 3890
f 3923 3903 3891
f 3924 3892 3458
f 3924 3904 3892
f 3924 3458 3455
f 3925 3896 3916
f 3925 3905 3874
f 3925 3874 3896
f 3926 3875 3897
f 3926 3906 3875
f 3927 3907 3898
f 3928 3877 3899
f 3928 3899 3919
f 3928 3908 3877
f 3929 3909 3878
f 3929 3878 3900
f 3930 3879 3901
f 3930 3910 3879
f 3931 3880 3902
f 3931 3911 3880
f 3931 3902 3922
f 3932 3881 3903
f 3932 3912 3881
f 3933 3882 3904
f 3933 3913 3882
f 3934 3883 3905
f 3934 3915 3914
f 3934 3914 3883
f 3935 3916 3884
f 3935 3884 3906
f 3936 3917 3885
f 3936 3885 3907
f 3937 3918 3908
f 3938 3919 3909
f 3939 3920 3888
f 3939 3888 3910
f 3940 3889 3911
f 3940 3921 3889
f 3941 3912 3932
f 3941 3890 3912
f 3941 3922 3890
f 3942 3913 3933
f 3942 3923 3891
f 3942 3891 3913
f 3943 3925 3916
f 3943 3916 3935
f 3944 3926 3897
f 3944 3897 3917
f 3945 3918 3937
f 3945 3898 3918
f 3945 3927 3898
f 3946 3928 3919
f 3946 3919 3938
f 3947 3929 3900
f 3947 3900 3920
f 3948 3930 3901
f 3948 3901 3921
f 3949 3931 3922
f 3950 3932 3903
f 3950 3903 3923
f 3951 3904 3924
f 3951 3933 3904
f 3951 3924 3455
f 3951 3455 3454
f 3951 3454 3452
f 3952 3915 3934
f 3952 3905 3925
f 3952 3953 3915
f 3952 3954 3953
f 3952 3934 3905
f 3955 3935 3906
f 3955 3906 3926
f 3956 3907 3927
f 3956 3936 3907
f 3956 3927 3945
f 3957 3908 3928
f 3957 3937 3908
f 3958 3909 3929
f 3958 3938 3909
f 3959 3910 3930
f 3959 3939 3910
f 3959 3930 3948
f 3960 3911 3931
f 3960 3940 3911
f 3961 3941 3932
f 3962 3942 3933
f 3963 3943 3935
f 3963 3935 3955
f 3964 3944 3917
f 3964 3917 3936
f 3965 3945 3937
f 3966 3946 3938
f 3967 3947 3920
f 3967 3920 3939
f 3968 3940 3960
f 3968 3948 3921
f 3968 3921 3940
f 3969 3922 3941
f 3969 3949 3922
f 3970 3950 3923
f 3970 3923 3942
f 3971 3952 3925
f 3971 3954 3952
f 3971 3925 3943
f 3972 3955 3926
f 3972 3926 3944
f 3973 3956 3945
f 3974 3957 3928
f 3974 3928 3946
f 3974 3946 3966
f 3975 3929 3947
f 3975 3958 3929
f 3976 3959 3948
f 3977 3931 3949
f 3977 3960 3931
f 3978 3932 3950
f 3978 3961 3932
f 3979 3933 3951
f 3979 3962 3933
f 3979 3951 3452
f 3979 3452 3450
f 3980 3963 3955
f 3981 3964 3936
f 3981 3936 3956
f 3982 3957 3974
f 3982 3937 3957
f 3982 3965 3937
f 3983 3938 3958
f 3983 3958 3975
f 3983 3966 3938
f 3984 3967 3939
f 3984 3939 3959
f 3985 3968 3960
f 3986 3961 3978
f 3986 3941 3961
f 3986 3969 3941
f 3987 3942 3962
f 3987 3970 3942
f 3988 3954 3971
f 3988 3971 3943
f 3988 3989 3954
f 3988 3943 3963
f 3990 3944 3964
f 3990 3972 3944
f 3991 3973 3945
f 3991 3965 3982
f 3991 3945 3965
f 3992 3974 3966
f 3993 3967 3984
f 3993 3975 3947
f 3993 3947 3967
f 3994 3976 3948
f 3994 3948 3968
f 3995 3949 3969
f 3995 3977 3949
f 3996 3950 3970
f 3996 3978 3950
f 3997 3980 3955
f 3997 3955 3972
f 3998 3981 3956
f 3998 3956 3973
f 3999 3982 3974
f 4000 3983 3975
f 4000 3975 3993
f 4001 3959 3976
f 4001 3984 3959
f 4002 3985 3960
f 4002 3960 3977
f 4003 3986 3978
f 4004 3450 3448
f 4004 3962 3979
f 4004 3979 3450
f 4004 3987 3962
f 4005 3963 3980
f 4005 3988 3963
f 4005 4006 3989
f 4005 4007 4006
f 4005 3989 3988
f 4008 3990 3964
f 4008 3964 3981
f 4009 3991 3982
f 4010 3966 3983
f 4010 3992 3966
f 4011 3993 3984
f 4012 3968 3985
f 4012 3994 3968
f 4013 3969 3986
f 4013 3995 3969
f 4014 3996 3970
f 4014 3987 4004
f 4014 3970 3987
f 4015 3972 3990
f 4015 3997 3972
f 4015 3990 4008
f 4016 3973 3991
f 4016 3998 3973
f 4017 3992 4010
f 4017 3974 3992
f 4017 3999 3974
f 4018 4000 3993
f 4018 3993 4011
f 4019 4001 3976
f 4019 3976 3994
f 4020 4002 3977
f 4020 3995 4013
f 4020 3977 3995
f 4021 4003 3978
f 4021 3978 3996
f 4022 4007 4005
f 4022 3980 3997
f 4022 4005 3980
f 4023 3981 3998
f 4023 4008 3981
f 4024 3982 3999
f 4024 4009 3982
f 4025 4010 3983
f 4025 3983 4000
f 4026 4011 3984
f 4026 3984 4001
f 4027 4012 3985
f 4027 3985 4002
f 4028 3986 4003
f 4028 4013 3986
f 4029 3448 3446
f 4029 3446 3444
f 4029 4014 4004
f 4029 4004 3448
f 4030 4008 4023
f 4030 4015 4008
f 4031 3991 4009
f 4031 4016 3991
f 4032 4017 4010
f 4032 4010 4025
f 4033 4018 4011
f 4034 3994 4012
f 4034 4019 3994
f 4035 4020 4013
f 4035 4013 4028
f 4036 3996 4014
f 4036 4021 3996
f 4036 4014 4029
f 4037 4007 4022
f 4037 4022 3997
f 4037 4038 4007
f 4037 3997 4015
f 4039 4023 3998
f 4039 3998 4016
f 4039 4016 4031
f 4040 4024 3999
f 4040 3999 4017
f 4040 4017 4032
f 4041 4000 4018
f 4041 4018 4033
f 4041 4025 4000
f 4042 4001 4019
f 4042 4026 4001
f 4043 4002 4020
f 4043 4027 4002
f 4044 4003 4021
f 4044 4028 4003
f 4045 4030 4023
f 4045 4023 4039
f 4046 4009 4024
f 4046 4031 4009
f 4047 4032 4025
f 4048 4011 4026
f 4048 4033 4011
f 4049 4034 4012
f 4049 4012 4027
f 4050 4035 4028
f 4051 3444 3441
f 4051 4036 4029
f 4051 4029 3444
f 4052 4038 4037
f 4052 4037 4015
f 4052 4015 4030
f 4052 4053 4038
f 4054 4039 4031
f 4055 4040 4032
f 4056 4041 4033
f 4057 4019 4034
f 4057 4042 4019
f 4058 4043 4020
f 4058 4020 4035
f 4059 4021 4036
f 4059 4044 4021
f 4060 4045 4039
f 4061 4024 4040
f 4061 4046 4024
f 4062 4047 4025
f 4062 4025 4041
f 4063 4048 4026
f 4063 4026 4042
f 4063 4042 4057
f 4064 4027 4043
f 4064 4049 4027
f 4065 4028 4044
f 4065 4050 4028
f 4066 4052 4030
f 4066 4030 4045
f 4066 4053 4052
f 4066 4067 4053
f 4066 4068 4067
f 4069 4031 4046
f 4069 4054 4031
f 4070 4055 4032
f 4070 4032 4047
f 4071 4048 4063
f 4071 4056 4033
f 4071 4033 4048
f 4072 4034 4049
f 4072 4057 4034
f 4073 4035 4050
f 4073 4058 4035
f 4074 3441 3440
f 4074 3440 3438
f 4074 4059 4036
f 4074 4051 3441
f 4074 4036 4051
f 4075 4039 4054
f 4075 4060 4039
f 4076 4040 4055
f 4076 4061 4040
f 4077 4041 4056
f 4077 4062 4041
f 4077 4056 4071
f 4078 4063 4057
f 4079 4064 4043
f 4079 4043 4058
f 4080 4059 4074
f 4080 4044 4059
f 4080 4065 4044
f 4081 4066 4045
f 4081 4045 4060
f 4081 4068 4066
f 4082 4069 4046
f 4082 4046 4061
f 4083 4047 4062
f 4083 4070 4047
f 4084 4071 4063
f 4085 4072 4049
f 4085 4049 4064
f 4086 4073 4050
f 4086 4050 4065
f 4086 4065 4080
f 4087 4069 4082
f 4087 4075 4054
f 4087 4054 4069
f 4088 4076 4055
f 4088 4055 4070
f 4089 4077 4071
f 4090 4057 4072
f 4090 4072 4085
f 4090 4078 4057
f 4091 4058 4073
f 4091 4079 4058
f 4092 3438 3436
f 4092 4080 4074
f 4092 4074 3438
f 4093 4060 4075
f 4093 4068 4081
f 4093 4075 4087
f 4093 4094 4068
f 4093 4081 4060
f 4095 4082 4061
f 4095 4061 4076
f 4096 4062 4077
f 4096 4083 4062
f 4097 4063 4078
f 4097 4084 4063
f 4098 4064 4079
f 4098 4085 4064
f 4099 4086 4080
f 4100 4087 4082
f 4101 4088 4070
f 4101 4070 4083
f 4102 4071 4084
f 4102 4089 4071
f 4103 4090 4085
f 4103 4085 4098
f 4104 4073 4086
f 4104 4091 4073
f 4105 4093 4087
f 4105 4094 4093
f 4105 4106 4094
f 4107 4076 4088
f 4107 4095 4076
f 4108 4077 4089
f 4108 4096 4077
f 4109 4097 4078
f 4109 4078 4090
f 4110 4079 4091
f 4110 4091 4104
f 4110 4098 4079
f 4111 3436 3433
f 4111 4092 3436
f 4111 4080 4092
f 4111 4099 4080
f 4112 4095 4107
f 4112 4082 4095
f 4112 4100 4082
f 4113 4083 4096
f 4113 4096 4108
f 4113 4101 4083
f 4114 4102 4084
f 4114 4084 4097
f 4115 4103 4098
f 4115 4098 4110
f 4116 4104 4086
f 4116 4086 4099
f 4117 4100 4112
f 4117 4087 4100
f 4117 4118 4106
f 4117 4119 4118
f 4117 4105 4087
f 4117 4106 4105
f 4120 4107 4088
f 4120 4088 4101
f 4121 4089 4102
f 4121 4108 4089
f 4122 4109 4090
f 4122 4090 4103
f 4123 4110 4104
f 4123 4104 4116
f 4124 4112 4107
f 4124 4107 4120
f 4125 4113 4108
f 4126 4097 4109
f 4126 4114 4097
f 4127 4115 4110
f 4128 3433 3432
f 4128 3432 3430
f 4128 4116 4099
f 4128 4111 3433
f 4128 4099 4111
f 4129 4112 4124
f 4129 4117 4112
f 4129 4119 4117
f 4130 4101 4113
f 4130 4120 4101
f 4131 4121 4102
f 4131 4102 4114
f 4132 4122 4103
f 4132 4103 4115
f 4133 4123 4116
f 4134 4124 4120
f 4134 4120 4130
f 4135 4125 4108
f 4135 4108 4121
f 4135 4121 4131
f 4136 4126 4109
f 4136 4109 4122
f 4137 4110 4123
f 4137 4127 4110
f 4138 4129 4124
f 4138 4119 4129
f 4138 4139 4119
f 4140 4130 4113
f 4140 4113 4125
f 4141 4131 4114
f 4141 4114 4126
f 4141 4126 4136
f 4142 4115 4127
f 4142 4132 4115
f 4143 3430 3428
f 4143 4128 3430
f 4143 4116 4128
f 4143 4133 4116
f 4144 4130 4140
f 4144 4134 4130
f 4145 4135 4131
f 4146 4136 4122
f 4146 4122 4132
f 4146 4132 4142
f 4147 4133 4143
f 4147 4123 4133
f 4147 4137 4123
f 4148 4134 4144
f 4148 4138 4124
f 4148 4124 4134
f 4148 4149 4139
f 4148 4150 4149
f 4148 4139 4138
f 4151 4125 4135
f 4151 4140 4125
f 4152 4136 4146
f 4152 4141 4136
f 4153 4127 4137
f 4153 4142 4127
f 4154 4140 4151
f 4154 4144 4140
f 4155 4131 4141
f 4155 4145 4131
f 4156 4146 4142
f 4157 3428 3426
f 4157 3426 3424
f 4157 4143 3428
f 4157 4147 4143
f 4158 4150 4148
f 4158 4148 4144
f 4158 4159 4150
f 4160 4145 4155
f 4160 4151 4135
f 4160 4135 4145
f 4161 4152 4146
f 4162 4137 4147
f 4162 4153 4137
f 4163 4154 4151
f 4163 4151 4160
f 4164 4155 4141
f 4164 4141 4152
f 4165 4142 4153
f 4165 4156 4142
f 4166 4144 4154
f 4166 4158 4144
f 4166 4159 4158
f 4166 4154 4163
f 4167 4160 4155
f 4168 4146 4156
f 4168 4161 4146
f 4169 3424 3422
f 4169 4157 3424
f 4169 4162 4147
f 4169 4147 4157
f 4170 4163 4160
f 4171 4161 4168
f 4171 4164 4152
f 4171 4152 4161
f 4172 4153 4162
f 4172 4165 4153
f 4173 4159 4166
f 4173 4166 4163
f 4173 4174 4159
f 4173 4175 4174
f 4176 4167 4155
f 4176 4155 4164
f 4177 4156 4165
f 4177 4168 4156
f 4178 4170 4160
f 4178 4160 4167
f 4178 4167 4176
f 4179 4171 4168
f 4180 4162 4169
f 4180 3422 3419
f 4180 4172 4162
f 4180 4169 3422
f 4181 4170 4178
f 4181 4173 4163
f 4181 4175 4173
f 4181 4182 4175
f 4181 4163 4170
f 4183 4176 4164
f 4183 4164 4171
f 4184 4165 4172
f 4184 4177 4165
f 4185 4176 4183
f 4185 4178 4176
f 4186 4177 4184
f 4186 4168 4177
f 4186 4179 4168
f 4187 4181 4178
f 4187 4182 4181
f 4188 4171 4179
f 4188 4183 4171
f 4189 3419 3418
f 4189 3418 3415
f 4189 4184 4172
f 4189 4180 3419
f 4189 4172 4180
f 4190 4185 4183
f 4191 4186 4184
f 4192 4182 4187
f 4192 4193 4182
f 4192 4178 4185
f 4192 4187 4178
f 4194 4179 4186
f 4194 4188 4179
f 4195 4183 4188
f 4195 4190 4183
f 4196 4189 3415
f 4196 4184 4189
f 4196 3415 3413
f 4196 4191 4184
f 4197 4192 4185
f 4197 4185 4190
f 4197 4193 4192
f 4197 4198 4193
f 4197 4199 4198
f 4200 4194 4186
f 4200 4186 4191
f 4201 4188 4194
f 4201 4194 4200
f 4201 4195 4188
f 4202 4197 4190
f 4202 4190 4195
f 4202 4199 4197
f 4203 3413 3412
f 4203 3412 3410
f 4203 4196 3413
f 4203 4191 4196
f 4203 4200 4191
f 4204 4201 4200
f 4204 4200 4203
f 4205 4202 4195
f 4205 4195 4201
f 4205 4199 4202
f 4205 4206 4199
f 4207 3410 3407
f 4207 4203 3410
f 4207 4204 4203
f 4208 4205 4201
f 4208 4201 4204
f 4208 4206 4205
f 4208 4209 4206
f 4210 4207 3407
f 4210 3407 3406
f 4210 4208 4204
f 4210 4204 4207
f 4210 4209 4208
f 4210 3406 3499
f 4210 3499 4209
f 2516 2512 3498
f 4211 3498 3873
f 4211 2516 3498
f 4212 3873 3894
f 4212 4211 3873
f 4213 3894 3895
f 4213 4212 3894
f 4214 3895 3915
f 4214 4213 3895
f 4215 3915 3953
f 4215 4214 3915
f 4216 3953 3954
f 4216 4215 3953
f 4217 3954 3989
f 4217 4216 3954
f 4218 4217 3989
f 4218 3989 4006
f 4219 4218 4006
f 4219 4006 4007
f 4220 4007 4038
f 4220 4219 4007
f 4221 4038 4053
f 4221 4220 4038
f 4222 4053 4067
f 4222 4221 4053
f 4223 4067 4068
f 4223 4222 4067
f 4224 4068 4094
f 4224 4223 4068
f 4225 4094 4106
f 4225 4224 4094
f 4226 4106 4118
f 4226 4225 4106
f 4227 4118 4119
f 4227 4226 4118
f 4228 4119 4139
f 4228 4227 4119
f 4229 4139 4149
f 4229 4228 4139
f 4230 4149 4150
f 4230 4229 4149
f 4231 4150 4159
f 4231 4230 4150
f 4232 4159 4174
f 4232 4231 4159
f 4233 4174 4175
f 4233 4232 4174
f 4234 4233 4175
f 4235 4175 4182
f 4235 4182 4193
f 4235 4234 4175
f 4236 4193 4198
f 4236 4235 4193
f 4237 4236 4198
f 4238 4198 4199
f 4238 4199 4206
f 4238 4237 4198
f 4239 4206 4209
f 4239 4238 4206
f 4240 4209 3499
f 4240 4239 4209
f 4241 3499 3405
f 4241 4240 3499
f 4242 4241 3405
f 2524 2516 4211
f 4243 4241 4242
f 3467 2514 2519
f 3340 3497 4244
f 4245 2524 4211
f 4245 2521 2524
f 4246 4211 4212
f 4246 4245 4211
f 4247 2522 2521
f 4247 2521 4245
f 4248 4212 4213
f 4248 4246 4212
f 4249 4247 4245
f 4249 4245 4246
f 4250 2520 2522
f 4250 2522 4247
f 4251 4213 4214
f 4251 4248 4213
f 4252 4246 4248
f 4252 4249 4246
f 4253 4250 4247
f 4253 4247 4249
f 4254 4214 4215
f 4254 4251 4214
f 4255 2520 4250
f 4255 2523 2520
f 4256 4248 4251
f 4256 4252 4248
f 4257 4253 4249
f 4257 4249 4252
f 4258 4215 4216
f 4258 4254 4215
f 4259 4250 4253
f 4259 4255 4250
f 4260 4256 4251
f 4260 4251 4254
f 4261 2529 2523
f 4261 2523 4255
f 4262 4252 4256
f 4262 4257 4252
f 4263 4216 4217
f 4263 4258 4216
f 4264 4253 4257
f 4264 4259 4253
f 4265 4254 4258
f 4265 4260 4254
f 4266 4261 4255
f 4266 4255 4259
f 4267 4256 4260
f 4267 4262 4256
f 4268 4217 4218
f 4268 4263 4217
f 4269 2528 2529
f 4269 2533 2528
f 4269 2529 4261
f 4270 4264 4257
f 4270 4257 4262
f 4271 4258 4263
f 4271 4265 4258
f 4272 4259 4264
f 4272 4266 4259
f 4273 4267 4260
f 4273 4260 4265
f 4274 4218 4219
f 4274 4268 4218
f 4275 4269 4261
f 4275 4261 4266
f 4276 4270 4262
f 4276 4262 4267
f 4277 4271 4263
f 4277 4263 4268
f 4278 2535 2533
f 4278 2533 4269
f 4279 4272 4264
f 4279 4264 4270
f 4280 4265 4271
f 4280 4273 4265
f 4281 4274 4219
f 4281 4219 4220
f 4282 4275 4266
f 4282 4266 4272
f 4283 4276 4267
f 4283 4267 4273
f 4284 4268 4274
f 4284 4277 4268
f 4285 4278 4269
f 4285 4269 4275
f 4286 4270 4276
f 4286 4279 4270
f 4287 4280 4271
f 4287 4271 4277
f 4288 4220 4221
f 4288 4281 4220
f 4289 2535 4278
f 4289 2536 2535
f 4290 4282 4272
f 4290 4272 4279
f 4291 4283 4273
f 4291 4273 4280
f 4292 4284 4274
f 4292 4274 4281
f 4293 4285 4275
f 4293 4275 4282
f 4294 4276 4283
f 4294 4286 4276
f 4295 4287 4277
f 4295 4277 4284
f 4296 4221 4222
f 4296 4288 4221
f 4297 4278 4285
f 4297 4289 4278
f 4298 4290 4279
f 4298 4279 4286
f 4299 4280 4287
f 4299 4291 4280
f 4300 4281 4288
f 4300 4292 4281
f 4301 2534 2536
f 4301 2536 4289
f 4302 4293 4282
f 4302 4282 4290
f 4303 4294 4283
f 4303 4283 4291
f 4304 4284 4292
f 4304 4295 4284
f 4305 4222 4223
f 4305 4296 4222
f 4306 4285 4293
f 4306 4297 4285
f 4307 4294 4303
f 4307 4298 4286
f 4307 4286 4294
f 4308 4299 4287
f 4308 4287 4295
f 4309 4300 4288
f 4309 4288 4296
f 4310 4301 4289
f 4310 4289 4297
f 4311 4298 4307
f 4311 4302 4290
f 4311 4290 4298
f 4312 4303 4291
f 4312 4291 4299
f 4313 4292 4300
f 4313 4304 4292
f 4314 4223 4224
f 4314 4305 4223
f 4315 2539 2534
f 4315 2534 4301
f 4316 4293 4302
f 4316 4306 4293
f 4317 4307 4303
f 4318 4308 4295
f 4318 4295 4304
f 4319 4309 4296
f 4319 4296 4305
f 4320 4310 4297
f 4320 4297 4306
f 4321 4311 4307
f 4322 4299 4308
f 4322 4312 4299
f 4323 4313 4300
f 4323 4300 4309
f 4324 4314 4224
f 4324 4224 4225
f 4325 4315 4301
f 4325 4301 4310
f 4326 4302 4311
f 4326 4316 4302
f 4327 4303 4312
f 4327 4317 4303
f 4328 4304 4313
f 4328 4318 4304
f 4329 4319 4305
f 4329 4305 4314
f 4330 2541 2539
f 4330 2539 4315
f 4331 4306 4316
f 4331 4320 4306
f 4332 4307 4317
f 4332 4321 4307
f 4332 4317 4327
f 4333 4322 4308
f 4333 4308 4318
f 4334 4323 4309
f 4334 4309 4319
f 4335 4225 4226
f 4335 4324 4225
f 4336 4325 4310
f 4336 4310 4320
f 4337 4311 4321
f 4337 4326 4311
f 4338 4327 4312
f 4338 4312 4322
f 4338 4322 4333
f 4339 4323 4334
f 4339 4313 4323
f 4339 4328 4313
f 4340 4314 4324
f 4340 4329 4314
f 4341 4315 4325
f 4341 4330 4315
f 4342 4316 4326
f 4342 4331 4316
f 4343 4332 4327
f 4344 4333 4318
f 4344 4318 4328
f 4345 4334 4319
f 4345 4319 4329
f 4346 4226 4227
f 4346 4335 4226
f 4347 2540 2541
f 4347 2542 2540
f 4347 2541 4330
f 4348 4320 4331
f 4348 4336 4320
f 4349 4321 4332
f 4349 4337 4321
f 4350 4338 4333
f 4351 4339 4334
f 4352 4324 4335
f 4352 4340 4324
f 4353 4341 4325
f 4353 4325 4336
f 4354 4342 4326
f 4354 4337 4349
f 4354 4326 4337
f 4355 4343 4327
f 4355 4327 4338
f 4356 4328 4339
f 4356 4344 4328
f 4357 4329 4340
f 4357 4345 4329
f 4358 4227 4228
f 4358 4346 4227
f 4359 4330 4341
f 4359 4341 4353
f 4359 4347 4330
f 4360 4331 4342
f 4360 4348 4331
f 4361 4332 4343
f 4361 4349 4332
f 4362 4350 4333
f 4362 4333 4344
f 4363 4334 4345
f 4363 4351 4334
f 4364 4352 4335
f 4364 4335 4346
f 4365 2542 4347
f 4365 2537 2542
f 4366 4336 4348
f 4366 4353 4336
f 4367 4354 4349
f 4368 4338 4350
f 4368 4355 4338
f 4368 4350 4362
f 4369 4356 4339
f 4369 4339 4351
f 4370 4357 4340
f 4370 4340 4352
f 4371 4228 4229
f 4371 4358 4228
f 4372 4359 4353
f 4373 4342 4354
f 4373 4360 4342
f 4374 4343 4355
f 4374 4361 4343
f 4375 4356 4369
f 4375 4344 4356
f 4375 4362 4344
f 4376 4345 4357
f 4376 4363 4345
f 4377 4364 4346
f 4377 4346 4358
f 4378 4347 4359
f 4378 4365 4347
f 4379 4348 4360
f 4379 4366 4348
f 4380 4367 4349
f 4380 4349 4361
f 4381 4368 4362
f 4382 4369 4351
f 4382 4351 4363
f 4383 4370 4352
f 4383 4352 4364
f 4384 4371 4229
f 4384 4229 4230
f 4385 2538 2537
f 4385 2537 4365
f 4385 4365 4378
f 4386 4372 4353
f 4386 4353 4366
f 4387 4373 4354
f 4387 4354 4367
f 4388 4374 4355
f 4388 4355 4368
f 4389 4375 4369
f 4390 4376 4357
f 4390 4357 4370
f 4391 4358 4371
f 4391 4377 4358
f 4392 4378 4359
f 4392 4359 4372
f 4393 4379 4360
f 4393 4360 4373
f 4394 4361 4374
f 4394 4380 4361
f 4395 4381 4362
f 4395 4362 4375
f 4396 4382 4363
f 4396 4363 4376
f 4397 4364 4377
f 4397 4383 4364
f 4398 4230 4231
f 4398 4384 4230
f 4399 4385 4378
f 4400 4386 4366
f 4400 4366 4379
f 4401 4367 4380
f 4401 4387 4367
f 4402 4368 4381
f 4402 4388 4368
f 4402 4381 4395
f 4403 4369 4382
f 4403 4389 4369
f 4404 4390 4370
f 4404 4370 4383
f 4405 4391 4371
f 4405 4371 4384
f 4405 4384 4398
f 4406 2532 2538
f 4406 2538 4385
f 4407 4392 4372
f 4407 4372 4386
f 4408 4373 4387
f 4408 4393 4373
f 4409 4374 4388
f 4409 4394 4374
f 4410 4395 4375
f 4410 4375 4389
f 4411 4376 4390
f 4411 4396 4376
f 4412 4377 4391
f 4412 4397 4377
f 4413 4231 4232
f 4413 4398 4231
f 4414 4392 4407
f 4414 4399 4378
f 4414 4378 4392
f 4415 4400 4379
f 4415 4379 4393
f 4416 4401 4380
f 4416 4380 4394
f 4417 4402 4395
f 4418 4403 4382
f 4418 4396 4411
f 4418 4382 4396
f 4419 4404 4383
f 4419 4397 4412
f 4419 4383 4397
f 4420 4405 4398
f 4421 4406 4385
f 4421 4385 4399
f 4422 4407 4386
f 4422 4386 4400
f 4423 4387 4401
f 4423 4408 4387
f 4424 4388 4402
f 4424 4409 4388
f 4425 4389 4403
f 4425 4410 4389
f 4426 4390 4404
f 4426 4411 4390
f 4427 4412 4391
f 4427 4391 4405
f 4428 4232 4233
f 4428 4413 4232
f 4429 4406 4421
f 4429 2531 2532
f 4429 2532 4406
f 4430 4407 4422
f 4430 4414 4407
f 4431 4393 4408
f 4431 4415 4393
f 4431 4408 4423
f 4432 4416 4394
f 4432 4394 4409
f 4433 4417 4395
f 4433 4395 4410
f 4434 4418 4411
f 4435 4419 4412
f 4436 4398 4413
f 4436 4420 4398
f 4437 4421 4399
f 4437 4399 4414
f 4438 4422 4400
f 4438 4400 4415
f 4439 4423 4401
f 4439 4401 4416
f 4440 4424 4402
f 4440 4402 4417
f 4441 4403 4418
f 4441 4425 4403
f 4442 4404 4419
f 4442 4426 4404
f 4443 4405 4420
f 4443 4427 4405
f 4444 4233 4234
f 4444 4428 4233
f 4445 4429 4421
f 4446 4430 4422
f 4447 4431 4423
f 4448 4432 4409
f 4448 4409 4424
f 4449 4433 4410
f 4449 4410 4425
f 4450 4434 4411
f 4450 4411 4426
f 4451 4427 4443
f 4451 4412 4427
f 4451 4435 4412
f 4452 4413 4428
f 4452 4436 4413
f 4453 2531 4429
f 4453 2530 2531
f 4453 2525 2530
f 4454 4414 4430
f 4454 4437 4414
f 4455 4415 4431
f 4455 4438 4415
f 4456 4416 4432
f 4456 4439 4416
f 4457 4417 4433
f 4457 4440 4417
f 4458 4418 4434
f 4458 4441 4418
f 4459 4419 4435
f 4459 4442 4419
f 4460 4420 4436
f 4460 4443 4420
f 4461 4234 4235
f 4461 4444 4234
f 4462 4421 4437
f 4462 4445 4421
f 4463 4422 4438
f 4463 4446 4422
f 4464 4447 4423
f 4464 4423 4439
f 4465 4448 4424
f 4465 4440 4457
f 4465 4424 4440
f 4466 4425 4441
f 4466 4449 4425
f 4467 4450 4426
f 4467 4426 4442
f 4468 4451 4443
f 4469 4452 4428
f 4469 4428 4444
f 4470 4453 4429
f 4470 4429 4445
f 4471 4430 4446
f 4471 4454 4430
f 4472 4455 4431
f 4472 4431 4447
f 4473 4432 4448
f 4473 4456 4432
f 4474 4457 4433
f 4474 4433 4449
f 4475 4458 4434
f 4475 4434 4450
f 4476 4459 4435
f 4476 4435 4451
f 4477 4460 4436
f 4477 4436 4452
f 4477 4452 4469
f 4478 4235 4236
f 4478 4461 4235
f 4479 4453 4470
f 4479 2525 4453
f 4479 2526 2525
f 4480 4462 4437
f 4480 4454 4471
f 4480 4437 4454
f 4481 4463 4438
f 4481 4438 4455
f 4482 4439 4456
f 4482 4464 4439
f 4483 4465 4457
f 4484 4441 4458
f 4484 4466 4441
f 4485 4467 4442
f 4485 4442 4459
f 4486 4468 4443
f 4486 4443 4460
f 4487 4461 4478
f 4487 4469 4444
f 4487 4444 4461
f 4488 4445 4462
f 4488 4470 4445
f 4489 4471 4446
f 4489 4446 4463
f 4490 4447 4464
f 4490 4472 4447
f 4491 4465 4483
f 4491 4448 4465
f 4491 4473 4448
f 4492 4474 4449
f 4492 4449 4466
f 4493 4475 4450
f 4493 4450 4467
f 4494 4451 4468
f 4494 4476 4451
f 4495 4477 4469
f 4496 4236 4237
f 4496 4478 4236
f 4497 4479 4470
f 4498 4480 4471
f 4499 4481 4455
f 4499 4472 4490
f 4499 4455 4472
f 4500 4456 4473
f 4500 4473 4491
f 4500 4482 4456
f 4501 4457 4474
f 4501 4483 4457
f 4502 4458 4475
f 4502 4484 4458
f 4503 4459 4476
f 4503 4485 4459
f 4504 4460 4477
f 4504 4486 4460
f 4505 4487 4478
f 4506 2526 4479
f 4506 2527 2526
f 4506 4479 4497
f 4507 4462 4480
f 4507 4488 4462
f 4508 4489 4463
f 4508 4463 4481
f 4509 4464 4482
f 4509 4490 4464
f 4510 4491 4483
f 4511 4466 4484
f 4511 4492 4466
f 4512 4467 4485
f 4512 4493 4467
f 4513 4494 4468
f 4513 4468 4486
f 4514 4495 4469
f 4514 4469 4487
f 4515 4237 4238
f 4515 4496 4237
f 4516 4470 4488
f 4516 4497 4470
f 4517 4498 4471
f 4517 4489 4508
f 4517 4471 4489
f 4518 4499 4490
f 4519 4500 4491
f 4520 4501 4474
f 4520 4474 4492
f 4521 4502 4475
f 4521 4475 4493
f 4522 4503 4476
f 4522 4476 4494
f 4523 4477 4495
f 4523 4504 4477
f 4524 4478 4496
f 4524 4496 4515
f 4524 4505 4478
f 4525 4506 4497
f 4526 4507 4480
f 4526 4480 4498
f 4527 4508 4481
f 4527 4481 4499
f 4528 4482 4500
f 4528 4509 4482
f 4529 4483 4501
f 4529 4510 4483
f 4530 4484 4502
f 4530 4511 4484
f 4531 4485 4503
f 4531 4512 4485
f 4532 4486 4504
f 4532 4513 4486
f 4533 4514 4487
f 4533 4487 4505
f 4534 4238 4239
f 4534 4515 4238
f 4535 2517 2527
f 4535 2527 4506
f 4536 4488 4507
f 4536 4516 4488
f 4537 4517 4508
f 4538 4518 4490
f 4538 4509 4528
f 4538 4490 4509
f 4539 4491 4510
f 4539 4519 4491
f 4540 4492 4511
f 4540 4520 4492
f 4541 4521 4493
f 4541 4493 4512
f 4541 4512 4531
f 4542 4494 4513
f 4542 4522 4494
f 4543 4495 4514
f 4543 4523 4495
f 4544 4524 4515
f 4545 4497 4516
f 4545 4525 4497
f 4546 4498 4517
f 4546 4526 4498
f 4547 4527 4499
f 4547 4499 4518
f 4548 4528 4500
f 4548 4500 4519
f 4549 4529 4501
f 4549 4501 4520
f 4550 4521 4541
f 4550 4530 4502
f 4550 4502 4521
f 4551 4531 4503
f 4551 4503 4522
f 4552 4532 4504
f 4552 4504 4523
f 4553 4505 4524
f 4553 4533 4505
f 4554 4239 4240
f 4554 4534 4239
f 4555 4506 4525
f 4555 4535 4506
f 4556 4536 4507
f 4556 4507 4526
f 4557 4537 4508
f 4557 4508 4527
f 4558 4528 4548
f 4558 4538 4528
f 4559 4510 4529
f 4559 4539 4510
f 4560 4540 4511
f 4560 4511 4530
f 4561 4541 4531
f 4562 4542 4513
f 4562 4513 4532
f 4563 4514 4533
f 4563 4533 4553
f 4563 4543 4514
f 4564 4515 4534
f 4564 4544 4515
f 4565 2517 4535
f 4565 2518 2517
f 4565 4535 4555
f 4566 4516 4536
f 4566 4536 4556
f 4566 4545 4516
f 4567 4517 4537
f 4567 4546 4517
f 4568 4547 4518
f 4568 4518 4538
f 4569 4548 4519
f 4569 4519 4539
f 4570 4520 4540
f 4570 4549 4520
f 4570 4540 4560
f 4571 4550 4541
f 4572 4551 4522
f 4572 4522 4542
f 4572 4542 4562
f 4573 4523 4543
f 4573 4552 4523
f 4574 4553 4524
f 4574 4524 4544
f 4575 4241 4243
f 4575 4240 4241
f 4575 4554 4240
f 4575 4243 4576
f 4577 4555 4525
f 4577 4525 4545
f 4578 4526 4546
f 4578 4556 4526
f 4579 4557 4527
f 4579 4527 4547
f 4580 4558 4548
f 4581 4559 4529
f 4581 4529 4549
f 4582 4560 4530
f 4582 4530 4550
f 4583 4551 4572
f 4583 4561 4531
f 4583 4531 4551
f 4584 4552 4573
f 4584 4532 4552
f 4584 4562 4532
f 4585 4563 4553
f 4586 4534 4554
f 4586 4564 4534
f 4586 4554 4575
f 4587 4565 4555
f 4588 4566 4556
f 4589 4537 4557
f 4589 4567 4537
f 4590 4568 4538
f 4590 4538 4558
f 4591 4569 4539
f 4591 4539 4559
f 4592 4570 4560
f 4593 4571 4541
f 4593 4541 4561
f 4593 4561 4583
f 4594 4572 4562
f 4595 4543 4563
f 4595 4573 4543
f 4596 4544 4564
f 4596 4574 4544
f 4597 3467 2519
f 4597 2519 2518
f 4597 2518 4565
f 4598 4545 4566
f 4598 4577 4545
f 4598 4566 4588
f 4599 4546 4567
f 4599 4578 4546
f 4600 4568 4590
f 4600 4547 4568
f 4600 4579 4547
f 4601 4580 4548
f 4601 4569 4591
f 4601 4548 4569
f 4602 4581 4549
f 4602 4549 4570
f 4603 4550 4571
f 4603 4582 4550
f 4604 4583 4572
f 4605 4584 4573
f 4606 4585 4553
f 4606 4553 4574
f 4607 4586 4575
f 4607 4575 4576
f 4607 4576 4608
f 4609 4555 4577
f 4609 4587 4555
f 4610 4588 4556
f 4610 4556 4578
f 4611 4589 4557
f 4611 4557 4579
f 4612 4590 4558
f 4612 4580 4601
f 4612 4558 4580
f 4613 4591 4559
f 4613 4559 4581
f 4614 4592 4560
f 4614 4560 4582
f 4615 4593 4583
f 4616 4594 4562
f 4616 4562 4584
f 4617 4595 4563
f 4617 4563 4585
f 4618 4564 4586
f 4618 4596 4564
f 4619 3467 4597
f 4619 3468 3467
f 4619 4597 4565
f 4619 4565 4587
f 4620 4598 4588
f 4621 4599 4567
f 4621 4567 4589
f 4622 4600 4590
f 4623 4591 4613
f 4623 4601 4591
f 4624 4570 4592
f 4624 4602 4570
f 4625 4571 4593
f 4625 4603 4571
f 4626 4604 4572
f 4626 4572 4594
f 4627 4605 4573
f 4627 4573 4595
f 4628 4606 4574
f 4628 4574 4596
f 4629 4577 4598
f 4629 4609 4577
f 4629 4598 4620
f 4630 4610 4578
f 4630 4578 4599
f 4630 4599 4621
f 4631 4579 4600
f 4631 4611 4579
f 4632 4612 4601
f 4633 4581 4602
f 4633 4613 4581
f 4634 4582 4603
f 4634 4614 4582
f 4635 4583 4604
f 4635 4615 4583
f 4636 4584 4605
f 4636 4616 4584
f 4637 4585 4606
f 4637 4617 4585
f 4638 4607 4608
f 4638 4618 4586
f 4638 4586 4607
f 4638 4608 4639
f 4638 4639 4640
f 4641 3468 4619
f 4641 4587 4609
f 4641 3469 3468
f 4641 4619 4587
f 4642 4588 4610
f 4642 4620 4588
f 4643 4589 4611
f 4643 4621 4589
f 4644 4622 4590
f 4644 4590 4612
f 4645 4613 4633
f 4645 4623 4613
f 4646 4592 4614
f 4646 4624 4592
f 4647 4625 4593
f 4647 4593 4615
f 4648 4594 4616
f 4648 4626 4594
f 4648 4616 4636
f 4649 4617 4637
f 4649 4595 4617
f 4649 4627 4595
f 4650 4618 4638
f 4650 4628 4596
f 4650 4596 4618
f 4651 4629 4620
f 4652 4630 4621
f 4653 4600 4622
f 4653 4631 4600
f 4654 4632 4601
f 4654 4601 4623
f 4655 4602 4624
f 4655 4633 4602
f 4656 4603 4625
f 4656 4634 4603
f 4656 4625 4647
f 4657 4604 4626
f 4657 4635 4604
f 4658 4636 4605
f 4658 4605 4627
f 4659 4606 4628
f 4659 4637 4606
f 4660 3469 4641
f 4660 4641 4609
f 4660 3470 3469
f 4660 4609 4629
f 4661 4642 4610
f 4661 4610 4630
f 4662 4643 4611
f 4662 4611 4631
f 4663 4612 4632
f 4663 4644 4612
f 4664 4645 4633
f 4665 4614 4634
f 4665 4646 4614
f 4666 4647 4615
f 4666 4615 4635
f 4667 4648 4636
f 4667 4636 4658
f 4668 4649 4637
f 4669 4638 4640
f 4669 4650 4638
f 4669 4640 4670
f 4671 4620 4642
f 4671 4651 4620
f 4672 4621 4643
f 4672 4652 4621
f 4672 4643 4662
f 4673 4653 4622
f 4673 4622 4644
f 4674 4654 4623
f 4674 4623 4645
f 4675 4655 4624
f 4675 4624 4646
f 4676 4656 4647
f 4677 4626 4648
f 4677 4657 4626
f 4678 4627 4649
f 4678 4658 4627
f 4679 4659 4628
f 4679 4628 4650
f 4680 4629 4651
f 4680 4660 4629
f 4680 3471 3470
f 4680 3470 4660
f 4681 4661 4630
f 4681 4630 4652
f 4682 4662 4631
f 4682 4631 4653
f 4683 4632 4654
f 4683 4663 4632
f 4684 4633 4655
f 4684 4664 4633
f 4684 4655 4675
f 4685 4665 4634
f 4685 4634 4656
f 4686 4666 4635
f 4686 4635 4657
f 4687 4667 4658
f 4688 4668 4637
f 4688 4637 4659
f 4689 4671 4642
f 4689 4642 4661
f 4690 4662 4682
f 4690 4672 4662
f 4691 4673 4644
f 4691 4644 4663
f 4692 4645 4664
f 4692 4674 4645
f 4693 4675 4646
f 4693 4646 4665
f 4694 4666 4686
f 4694 4676 4647
f 4694 4647 4666
f 4695 4648 4667
f 4695 4677 4648
f 4696 4678 4649
f 4696 4649 4668
f 4697 4650 4669
f 4697 4679 4650
f 4697 4669 4670
f 4697 4670 4698
f 4697 4698 4699
f 4700 3471 4680
f 4700 4651 4671
f 4700 4680 4651
f 4700 3472 3471
f 4700 3473 3472
f 4701 4652 4672
f 4701 4681 4652
f 4702 4653 4673
f 4702 4682 4653
f 4703 4683 4654
f 4703 4674 4692
f 4703 4654 4674
f 4704 4675 4693
f 4704 4684 4675
f 4705 4656 4676
f 4705 4685 4656
f 4706 4657 4677
f 4706 4686 4657
f 4707 4658 4678
f 4707 4687 4658
f 4707 4678 4696
f 4708 4659 4679
f 4708 4688 4659
f 4709 4661 4681
f 4709 4681 4701
f 4709 4689 4661
f 4710 4690 4682
f 4711 4691 4663
f 4711 4663 4683
f 4712 4664 4684
f 4712 4692 4664
f 4713 4693 4665
f 4713 4665 4685
f 4714 4694 4686
f 4715 4695 4667
f 4715 4667 4687
f 4715 4687 4707
f 4716 4668 4688
f 4716 4696 4668
f 4717 4700 4671
f 4717 4671 4689
f 4717 3473 4700
f 4718 4672 4690
f 4718 4701 4672
f 4719 4702 4673
f 4719 4673 4691
f 4720 4703 4692
f 4721 4704 4693
f 4722 4676 4694
f 4722 4705 4676
f 4723 4706 4677
f 4723 4677 4695
f 4724 4707 4696
f 4725 4708 4679
f 4725 4679 4697
f 4725 4697 4699
f 4725 4699 4726
f 4727 4709 4701
f 4728 4682 4702
f 4728 4710 4682
f 4729 4683 4703
f 4729 4711 4683
f 4730 4704 4721
f 4730 4684 4704
f 4730 4712 4684
f 4731 4713 4685
f 4731 4685 4705
f 4732 4686 4706
f 4732 4714 4686
f 4732 4706 4723
f 4733 4715 4707
f 4734 4688 4708
f 4734 4716 4688
f 4735 4717 4689
f 4735 3473 4717
f 4735 4689 4709
f 4735 3474 3473
f 4736 4718 4690
f 4736 4690 4710
f 4737 4719 4691
f 4737 4691 4711
f 4738 4720 4692
f 4738 4692 4712
f 4739 4693 4713
f 4739 4721 4693
f 4740 4722 4694
f 4740 4694 4714
f 4741 4695 4715
f 4741 4723 4695
f 4742 4696 4716
f 4742 4724 4696
f 4743 4727 4701
f 4743 4701 4718
f 4744 4719 4737
f 4744 4702 4719
f 4744 4728 4702
f 4745 4703 4720
f 4745 4729 4703
f 4746 4730 4721
f 4747 4731 4705
f 4747 4705 4722
f 4748 4732 4723
f 4748 4723 4741
f 4749 4707 4724
f 4749 4733 4707
f 4750 4726 4751
f 4750 4708 4725
f 4750 4734 4708
f 4750 4725 4726
f 4752 4735 4709
f 4752 4709 4727
f 4752 3475 3474
f 4752 3474 4735
f 4753 4736 4710
f 4753 4710 4728
f 4754 4737 4711
f 4754 4711 4729
f 4755 4738 4712
f 4755 4712 4730
f 4756 4739 4713
f 4756 4713 4731
f 4757 4714 4732
f 4757 4740 4714
f 4758 4715 4733
f 4758 4741 4715
f 4759 4742 4716
f 4759 4716 4734
f 4760 4743 4718
f 4760 4736 4753
f 4760 4718 4736
f 4761 4744 4737
f 4762 4738 4755
f 4762 4745 4720
f 4762 4720 4738
f 4763 4739 4756
f 4763 4721 4739
f 4763 4746 4721
f 4764 4747 4722
f 4764 4740 4757
f 4764 4722 4740
f 4765 4748 4741
f 4766 4749 4724
f 4766 4724 4742
f 4767 3475 4752
f 4767 3476 3475
f 4767 4752 4727
f 4767 4727 4743
f 4768 4728 4744
f 4768 4753 4728
f 4769 4754 4729
f 4769 4729 4745
f 4770 4755 4730
f 4770 4730 4746
f 4771 4747 4764
f 4771 4756 4731
f 4771 4731 4747
f 4772 4732 4748
f 4772 4757 4732
f 4773 4733 4749
f 4773 4758 4733
f 4774 4751 4775
f 4774 4775 4776
f 4774 4759 4734
f 4774 4734 4750
f 4774 4750 4751
f 4777 4760 4753
f 4778 4754 4769
f 4778 4761 4737
f 4778 4737 4754
f 4779 4762 4755
f 4780 4763 4756
f 4781 4764 4757
f 4782 4765 4741
f 4782 4741 4758
f 4782 4758 4773
f 4783 4742 4759
f 4783 4766 4742
f 4784 3476 4767
f 4784 4767 4743
f 4784 3477 3476
f 4784 3478 3477
f 4784 4743 4760
f 4785 4768 4744
f 4785 4744 4761
f 4785 4761 4778
f 4786 4769 4745
f 4786 4745 4762
f 4787 4770 4746
f 4787 4746 4763
f 4788 4771 4764
f 4789 4748 4765
f 4789 4772 4748
f 4790 4749 4766
f 4790 4773 4749
f 4791 4753 4768
f 4791 4777 4753
f 4792 4778 4769
f 4793 4779 4755
f 4793 4755 4770
f 4794 4780 4756
f 4794 4756 4771
f 4794 4771 4788
f 4795 4781 4757
f 4795 4757 4772
f 4796 4782 4773
f 4796 4773 4790
f 4797 4776 4798
f 4797 4774 4776
f 4797 4783 4759
f 4797 4759 4774
f 4799 4784 4760
f 4799 3478 4784
f 4799 4760 4777
f 4800 4785 4778
f 4801 4786 4762
f 4801 4762 4779
f 4802 4763 4780
f 4802 4787 4763
f 4803 4764 4781
f 4803 4788 4764
f 4803 4781 4795
f 4804 4789 4765
f 4804 4765 4782
f 4805 4766 4783
f 4805 4790 4766
f 4805 4783 4797
f 4806 4785 4800
f 4806 4791 4768
f 4806 4768 4785
f 4807 4786 4801
f 4807 4792 4769
f 4807 4769 4786
f 4808 4793 4770
f 4808 4770 4787
f 4809 4794 4788
f 4810 4772 4789
f 4810 4795 4772
f 4811 4796 4790
f 4812 3478 4799
f 4812 4799 4777
f 4812 4777 4791
f 4812 3479 3478
f 4813 4800 4778
f 4813 4778 4792
f 4814 4801 4779
f 4814 4779 4793
f 4815 4780 4794
f 4815 4802 4780
f 4816 4803 4795
f 4817 4804 4782
f 4817 4782 4796
f 4818 4798 4819
f 4818 4819 4820
f 4818 4805 4797
f 4818 4797 4798
f 4821 4806 4800
f 4822 4807 4801
f 4823 4787 4802
f 4823 4808 4787
f 4824 4788 4803
f 4824 4809 4788
f 4825 4810 4789
f 4825 4789 4804
f 4826 4811 4790
f 4826 4790 4805
f 4827 4791 4806
f 4827 4812 4791
f 4827 3480 3479
f 4827 3479 4812
f 4828 4813 4792
f 4828 4792 4807
f 4829 4793 4808
f 4829 4814 4793
f 4830 4794 4809
f 4830 4815 4794
f 4831 4816 4795
f 4831 4810 4825
f 4831 4795 4810
f 4832 4817 4796
f 4832 4796 4811
f 4833 4821 4800
f 4833 4800 4813
f 4834 4801 4814
f 4834 4822 4801
f 4835 4823 4802
f 4835 4802 4815
f 4836 4803 4816
f 4836 4824 4803
f 4836 4816 4831
f 4837 4804 4817
f 4837 4825 4804
f 4838 4820 4839
f 4838 4805 4818
f 4838 4826 4805
f 4838 4818 4820
f 4840 3480 4827
f 4840 3481 3480
f 4840 4806 4821
f 4840 4827 4806
f 4841 4807 4822
f 4841 4828 4807
f 4842 4829 4808
f 4842 4808 4823
f 4843 4809 4824
f 4843 4830 4809
f 4844 4831 4825
f 4845 4811 4826
f 4845 4832 4811
f 4845 4826 4838
f 4846 4833 4813
f 4846 4813 4828
f 4847 4814 4829
f 4847 4834 4814
f 4848 4815 4830
f 4848 4830 4843
f 4848 4835 4815
f 4849 4836 4831
f 4850 4837 4817
f 4850 4817 4832
f 4851 3481 4840
f 4851 4840 4821
f 4851 3482 3481
f 4851 3483 3482
f 4851 4821 4833
f 4852 4834 4847
f 4852 4841 4822
f 4852 4822 4834
f 4853 4842 4823
f 4853 4823 4835
f 4854 4843 4824
f 4854 4824 4836
f 4855 4837 4850
f 4855 4825 4837
f 4855 4844 4825
f 4856 4839 4857
f 4856 4838 4839
f 4856 4845 4838
f 4858 4841 4852
f 4858 4828 4841
f 4858 4846 4828
f 4859 4847 4829
f 4859 4829 4842
f 4860 4848 4843
f 4861 4831 4844
f 4861 4849 4831
f 4862 4832 4845
f 4862 4850 4832
f 4863 4846 4858
f 4863 3483 4851
f 4863 4833 4846
f 4863 4851 4833
f 4864 4852 4847
f 4865 4835 4848
f 4865 4853 4835
f 4866 4854 4836
f 4866 4836 4849
f 4867 4850 4862
f 4867 4855 4850
f 4868 4858 4852
f 4869 4859 4842
f 4869 4842 4853
f 4870 4854 4866
f 4870 4843 4854
f 4870 4860 4843
f 4871 4861 4844
f 4871 4844 4855
f 4872 4857 4873
f 4872 4873 4874
f 4872 4845 4856
f 4872 4862 4845
f 4872 4856 4857
f 4875 4863 4858
f 4875 3483 4863
f 4875 4858 4868
f 4875 3484 3483
f 4876 4864 4847
f 4876 4847 4859
f 4877 4865 4848
f 4877 4848 4860
f 4878 4866 4849
f 4878 4849 4861
f 4879 4867 4862
f 4880 4868 4852
f 4880 4852 4864
f 4880 4864 4876
f 4881 4853 4865
f 4881 4869 4853
f 4882 4870 4866
f 4883 4855 4867
f 4883 4871 4855
f 4884 4875 4868
f 4884 3484 4875
f 4884 3485 3484
f 4885 4876 4859
f 4885 4859 4869
f 4886 4877 4860
f 4886 4860 4870
f 4887 4878 4861
f 4887 4861 4871
f 4888 4874 4889
f 4888 4862 4872
f 4888 4879 4862
f 4888 4872 4874
f 4890 4880 4876
f 4891 4881 4865
f 4891 4865 4877
f 4891 4877 4886
f 4892 4866 4878
f 4892 4882 4866
f 4892 4878 4887
f 4893 4867 4879
f 4893 4883 4867
f 4894 4884 4868
f 4894 4868 4880
f 4894 3486 3485
f 4894 3487 3486
f 4894 3485 4884
f 4895 4885 4869
f 4895 4869 4881
f 4896 4870 4882
f 4896 4886 4870
f 4896 4882 4892
f 4897 4871 4883
f 4897 4887 4871
f 4898 4890 4876
f 4898 4885 4895
f 4898 4876 4885
f 4899 4891 4886
f 4900 4892 4887
f 4900 4887 4897
f 4901 4889 4902
f 4901 4902 4903
f 4901 4879 4888
f 4901 4893 4879
f 4901 4888 4889
f 4904 4890 4898
f 4904 3487 4894
f 4904 4880 4890
f 4904 4894 4880
f 4905 4895 4881
f 4905 4881 4891
f 4906 4896 4892
f 4907 4883 4893
f 4907 4897 4883
f 4908 4898 4895
f 4909 4886 4896
f 4909 4899 4886
f 4910 4900 4897
f 4911 4904 4898
f 4911 4898 4908
f 4911 3487 4904
f 4911 3488 3487
f 4912 4891 4899
f 4912 4905 4891
f 4913 4900 4910
f 4913 4906 4892
f 4913 4892 4900
f 4914 4903 4915
f 4914 4893 4901
f 4914 4907 4893
f 4914 4901 4903
f 4916 4905 4912
f 4916 4895 4905
f 4916 4908 4895
f 4917 4896 4906
f 4917 4909 4896
f 4918 4910 4897
f 4918 4897 4907
f 4918 4907 4914
f 4919 4911 4908
f 4919 3488 4911
f 4919 3489 3488
f 4919 3490 3489
f 4920 4912 4899
f 4920 4899 4909
f 4921 4913 4910
f 4922 4916 4912
f 4922 4912 4920
f 4923 4917 4906
f 4923 4906 4913
f 4924 4915 4925
f 4924 4914 4915
f 4924 4918 4914
f 4926 4908 4916
f 4926 4919 4908
f 4926 3490 4919
f 4926 4916 4922
f 4927 4909 4917
f 4927 4920 4909
f 4928 4910 4918
f 4928 4921 4910
f 4929 4920 4927
f 4929 4922 4920
f 4930 4913 4921
f 4930 4923 4913
f 4931 3490 4926
f 4931 3491 3490
f 4931 3492 3491
f 4931 4926 4922
f 4932 4923 4930
f 4932 4917 4923
f 4932 4927 4917
f 4933 4925 4934
f 4933 4934 4935
f 4933 4924 4925
f 4933 4928 4918
f 4933 4918 4924
f 4936 4927 4932
f 4936 4929 4927
f 4937 4921 4928
f 4937 4930 4921
f 4938 3492 4931
f 4938 4931 4922
f 4938 3493 3492
f 4938 4922 4929
f 4939 4930 4937
f 4939 4932 4930
f 4940 4932 4939
f 4940 4936 4932
f 4941 4933 4935
f 4941 4935 4942
f 4941 4928 4933
f 4941 4937 4928
f 4943 4929 4936
f 4943 3493 4938
f 4943 3494 3493
f 4943 4938 4929
f 4944 4939 4937
f 4945 4940 4939
f 4946 4943 4936
f 4946 3494 4943
f 4946 4936 4940
f 4946 3495 3494
f 4947 4942 4948
f 4947 4948 4949
f 4947 4937 4941
f 4947 4944 4937
f 4947 4941 4942
f 4950 4945 4939
f 4950 4939 4944
f 4950 4944 4947
f 4951 4940 4945
f 4951 4946 4940
f 4951 3495 4946
f 4952 4949 4953
f 4952 4947 4949
f 4952 4950 4947
f 4954 4945 4950
f 4954 4951 4945
f 4954 3495 4951
f 4954 3496 3495
f 4955 4953 4244
f 4955 4954 4950
f 4955 4950 4952
f 4955 3496 4954
f 4955 4244 3497
f 4955 4952 4953
f 4955 3497 3496
f 4956 2484 4957
f 4956 2515 2484
f 2515 4958 2498
f 2515 4956 4958
f 4958 4959 2483
f 4958 2483 2498
f 2484 2483 4959
f 2484 4959 4957
f 2545 4960 3311
f 2544 4961 4960
f 2544 4960 2545
f 2551 4962 4961
f 2551 4961 2544
f 2555 4963 4962
f 2555 4962 2551
f 2560 4964 4963
f 2560 4963 2555
f 2564 4965 4964
f 2564 4964 2560
f 2570 4966 4965
f 2570 4965 2564
f 2577 4967 4966
f 2577 4966 2570
f 2583 4967 2577
f 2583 4968 4967
f 2592 4968 2583
f 2592 4969 4968
f 2601 4970 4969
f 2601 4969 2592
f 2609 4971 4970
f 2609 4970 2601
f 2619 4972 4971
f 2619 4971 2609
f 2630 4973 4972
f 2630 4972 2619
f 2640 4974 4973
f 2640 4973 2630
f 2652 4975 4974
f 2652 4974 2640
f 2666 4976 4975
f 2666 4975 2652
f 2678 4977 4976
f 2678 4976 2666
f 2692 4978 4977
f 2692 4977 2678
f 2707 4979 4978
f 2707 4978 2692
f 2721 4980 4979
f 2721 4979 2707
f 2737 4981 4980
f 2737 4980 2721
f 2754 4982 4981
f 2754 4981 2737
f 2770 4983 4982
f 2770 4982 2754
f 2788 4984 4983
f 2788 4983 2770
f 2808 4985 4984
f 2808 4984 2788
f 2826 4986 4985
f 2826 4985 2808
f 2846 4987 4986
f 2846 4986 2826
f 2867 4988 4987
f 2867 4987 2846
f 2887 4989 4988
f 2887 4988 2867
f 2909 4990 4989
f 2909 4989 2887
f 2546 3339 4990
f 2546 4990 2909
f 259 3339 2546
f 3284 3372 3285
f 3465 1741 3402
f 4991 3310 3309
f 3404 3403 4992
f 4993 3372 3284
f 4993 3284 3283
f 4994 3373 3372
f 4994 3372 4993
f 4995 3283 3287
f 4995 4993 3283
f 4996 3374 3373
f 4996 3373 4994
f 4997 4993 4995
f 4997 4994 4993
f 4998 3287 3288
f 4998 4995 3287
f 4999 3375 3374
f 4999 3374 4996
f 5000 4996 4994
f 5000 4994 4997
f 5001 4995 4998
f 5001 4997 4995
f 5002 3376 3375
f 5002 3375 4999
f 5003 4998 3288
f 5003 3288 3286
f 5004 4999 4996
f 5004 4996 5000
f 5005 4997 5001
f 5005 5000 4997
f 5006 3377 3376
f 5006 3376 5002
f 5007 5001 4998
f 5007 4998 5003
f 5008 4999 5004
f 5008 5002 4999
f 5009 3286 3290
f 5009 5003 3286
f 5010 5004 5000
f 5010 5000 5005
f 5011 3378 3377
f 5011 3377 5006
f 5012 5005 5001
f 5012 5001 5007
f 5013 5006 5002
f 5013 5002 5008
f 5014 5003 5009
f 5014 5007 5003
f 5015 5008 5004
f 5015 5004 5010
f 5016 3379 3378
f 5016 3378 5011
f 5017 3290 3291
f 5017 3291 3289
f 5017 5009 3290
f 5018 5005 5012
f 5018 5010 5005
f 5019 5011 5006
f 5019 5006 5013
f 5020 5012 5007
f 5020 5007 5014
f 5021 5008 5015
f 5021 5013 5008
f 5022 3380 3379
f 5022 3379 5016
f 5023 5009 5017
f 5023 5014 5009
f 5024 5010 5018
f 5024 5015 5010
f 5025 5011 5019
f 5025 5016 5011
f 5026 3289 3293
f 5026 5017 3289
f 5027 5012 5020
f 5027 5018 5012
f 5028 5019 5013
f 5028 5013 5021
f 5029 3380 5022
f 5029 3381 3380
f 5030 5014 5023
f 5030 5020 5014
f 5031 5015 5024
f 5031 5021 5015
f 5032 5022 5016
f 5032 5016 5025
f 5033 5017 5026
f 5033 5023 5017
f 5034 5024 5018
f 5034 5018 5027
f 5035 5019 5028
f 5035 5025 5019
f 5036 3382 3381
f 5036 3381 5029
f 5037 5026 3293
f 5037 3293 3292
f 5038 5020 5030
f 5038 5027 5020
f 5039 5021 5031
f 5039 5028 5021
f 5040 5022 5032
f 5040 5029 5022
f 5041 5023 5033
f 5041 5030 5023
f 5042 5031 5024
f 5042 5024 5034
f 5043 5025 5035
f 5043 5032 5025
f 5044 3383 3382
f 5044 3382 5036
f 5045 5033 5026
f 5045 5026 5037
f 5046 5027 5038
f 5046 5034 5027
f 5047 5035 5028
f 5047 5028 5039
f 5048 5036 5029
f 5048 5029 5040
f 5049 3292 3295
f 5049 5037 3292
f 5050 5030 5041
f 5050 5038 5030
f 5051 5031 5042
f 5051 5039 5031
f 5052 5040 5032
f 5052 5032 5043
f 5053 3384 3383
f 5053 3383 5044
f 5054 5041 5033
f 5054 5033 5045
f 5055 5034 5046
f 5055 5042 5034
f 5056 5035 5047
f 5056 5043 5035
f 5057 5036 5048
f 5057 5044 5036
f 5058 5037 5049
f 5058 5054 5045
f 5058 5045 5037
f 5059 5038 5050
f 5059 5046 5038
f 5060 5039 5051
f 5060 5047 5039
f 5061 5048 5040
f 5061 5040 5052
f 5062 3385 3384
f 5062 3384 5053
f 5063 3295 3294
f 5063 5049 3295
f 5064 5050 5041
f 5064 5041 5054
f 5065 5051 5042
f 5065 5042 5055
f 5066 5043 5056
f 5066 5052 5043
f 5067 5044 5057
f 5067 5053 5044
f 5068 5054 5058
f 5069 5055 5046
f 5069 5046 5059
f 5070 5056 5047
f 5070 5047 5060
f 5071 5048 5061
f 5071 5057 5048
f 5072 3385 5062
f 5072 3386 3385
f 5073 5049 5063
f 5073 5058 5049
f 5074 5059 5050
f 5074 5050 5064
f 5075 5060 5051
f 5075 5051 5065
f 5076 5061 5052
f 5076 5052 5066
f 5077 5053 5067
f 5077 5062 5053
f 5078 3294 3297
f 5078 5063 3294
f 5079 5074 5064
f 5079 5064 5054
f 5079 5054 5068
f 5080 5055 5069
f 5080 5065 5055
f 5081 5066 5056
f 5081 5056 5070
f 5082 5057 5071
f 5082 5067 5057
f 5083 3387 3386
f 5083 3386 5072
f 5084 5058 5073
f 5084 5068 5058
f 5085 5069 5059
f 5085 5059 5074
f 5086 5070 5060
f 5086 5060 5075
f 5087 5071 5061
f 5087 5061 5076
f 5088 5072 5062
f 5088 5062 5077
f 5089 5073 5063
f 5089 5063 5078
f 5090 5074 5079
f 5091 5065 5080
f 5091 5075 5065
f 5092 5066 5081
f 5092 5076 5066
f 5093 5067 5082
f 5093 5077 5067
f 5094 3388 3387
f 5094 3387 5083
f 5095 5089 5078
f 5095 3297 3296
f 5095 3296 3299
f 5095 5078 3297
f 5096 5079 5068
f 5096 5068 5084
f 5097 5069 5085
f 5097 5080 5069
f 5098 5070 5086
f 5098 5092 5081
f 5098 5081 5070
f 5099 5093 5082
f 5099 5071 5087
f 5099 5082 5071
f 5100 5083 5072
f 5100 5072 5088
f 5101 5073 5089
f 5101 5084 5073
f 5102 5074 5090
f 5102 5097 5085
f 5102 5085 5074
f 5103 5075 5091
f 5103 5086 5075
f 5104 5087 5076
f 5104 5076 5092
f 5105 5088 5077
f 5105 5077 5093
f 5106 3389 3388
f 5106 3388 5094
f 5107 5089 5095
f 5108 5079 5096
f 5108 5090 5079
f 5109 5091 5080
f 5109 5080 5097
f 5110 5092 5098
f 5110 5104 5092
f 5111 5093 5099
f 5112 5094 5083
f 5112 5083 5100
f 5113 5095 3299
f 5113 3299 3298
f 5114 5096 5084
f 5114 5084 5101
f 5115 5097 5102
f 5116 5086 5103
f 5116 5098 5086
f 5117 5087 5104
f 5117 5099 5087
f 5117 5111 5099
f 5118 5088 5105
f 5118 5100 5088
f 5119 3390 3389
f 5119 3389 5106
f 5120 5114 5101
f 5120 5089 5107
f 5120 5101 5089
f 5121 5090 5108
f 5121 5102 5090
f 5122 5091 5109
f 5122 5103 5091
f 5123 5104 5110
f 5124 5105 5093
f 5124 5093 5111
f 5125 5106 5094
f 5125 5094 5112
f 5126 5107 5095
f 5126 5095 5113
f 5127 5108 5096
f 5127 5096 5114
f 5128 5109 5097
f 5128 5097 5115
f 5129 5098 5116
f 5129 5110 5098
f 5130 5111 5117
f 5131 5100 5118
f 5131 5125 5112
f 5131 5112 5100
f 5132 3391 3390
f 5132 3390 5119
f 5133 3298 3301
f 5133 5113 3298
f 5134 5114 5120
f 5135 5102 5121
f 5135 5115 5102
f 5136 5103 5122
f 5136 5116 5103
f 5137 5117 5104
f 5137 5104 5123
f 5138 5105 5124
f 5138 5118 5105
f 5139 5119 5106
f 5139 5106 5125
f 5140 5120 5107
f 5140 5107 5126
f 5141 5121 5108
f 5141 5108 5127
f 5142 5122 5109
f 5142 5109 5128
f 5143 5110 5129
f 5143 5123 5110
f 5144 5111 5130
f 5144 5124 5111
f 5145 5125 5131
f 5145 5139 5125
f 5146 3392 3391
f 5146 3391 5132
f 5147 5126 5113
f 5147 5113 5133
f 5148 5114 5134
f 5148 5127 5114
f 5149 5128 5115
f 5149 5115 5135
f 5150 5129 5116
f 5150 5116 5136
f 5151 5117 5137
f 5151 5130 5117
f 5151 5144 5130
f 5152 5118 5138
f 5152 5131 5118
f 5153 5132 5119
f 5153 5119 5139
f 5154 5133 3301
f 5154 3301 3300
f 5155 5120 5140
f 5155 5134 5120
f 5156 5149 5135
f 5156 5121 5141
f 5156 5135 5121
f 5157 5136 5122
f 5157 5122 5142
f 5158 5137 5123
f 5158 5123 5143
f 5159 5138 5124
f 5159 5124 5144
f 5160 5139 5145
f 5161 3393 3392
f 5161 3392 5146
f 5162 5126 5147
f 5162 5140 5126
f 5163 5156 5141
f 5163 5127 5148
f 5163 5141 5127
f 5164 5128 5149
f 5164 5142 5128
f 5165 5143 5129
f 5165 5129 5150
f 5166 5144 5151
f 5166 5159 5144
f 5167 5131 5152
f 5167 5145 5131
f 5168 5146 5132
f 5168 5132 5153
f 5169 5133 5154
f 5169 5147 5133
f 5170 5134 5155
f 5170 5148 5134
f 5171 5164 5149
f 5171 5149 5156
f 5172 5150 5136
f 5172 5136 5157
f 5173 5137 5158
f 5173 5151 5137
f 5174 5138 5159
f 5174 5152 5138
f 5175 5153 5139
f 5175 5139 5160
f 5176 3393 5161
f 5176 3394 3393
f 5177 3300 3302
f 5177 5154 3300
f 5178 5170 5155
f 5178 5140 5162
f 5178 5155 5140
f 5179 5156 5163
f 5179 5171 5156
f 5180 5157 5142
f 5180 5142 5164
f 5181 5143 5165
f 5181 5158 5143
f 5182 5174 5159
f 5182 5159 5166
f 5183 5145 5167
f 5183 5160 5145
f 5184 5146 5168
f 5184 5161 5146
f 5185 5147 5169
f 5185 5162 5147
f 5186 5163 5148
f 5186 5148 5170
f 5187 5164 5171
f 5188 5150 5172
f 5188 5165 5150
f 5189 5166 5151
f 5189 5151 5173
f 5190 5152 5174
f 5190 5167 5152
f 5191 5168 5153
f 5191 5153 5175
f 5192 3395 3394
f 5192 3394 5176
f 5193 5169 5154
f 5193 5154 5177
f 5194 5170 5178
f 5195 5171 5179
f 5196 5172 5157
f 5196 5157 5180
f 5197 5158 5181
f 5197 5173 5158
f 5198 5174 5182
f 5199 5175 5160
f 5199 5160 5183
f 5200 5176 5161
f 5200 5161 5184
f 5201 5177 3302
f 5201 3302 3304
f 5201 3304 3303
f 5202 5162 5185
f 5202 5178 5162
f 5203 5163 5186
f 5203 5179 5163
f 5204 5180 5164
f 5204 5164 5187
f 5205 5165 5188
f 5205 5181 5165
f 5206 5182 5166
f 5206 5166 5189
f 5207 5167 5190
f 5207 5183 5167
f 5208 5200 5184
f 5208 5184 5168
f 5208 5168 5191
f 5209 3396 3395
f 5209 3395 5192
f 5210 5169 5193
f 5210 5185 5169
f 5211 5170 5194
f 5211 5186 5170
f 5212 5187 5171
f 5212 5171 5195
f 5213 5172 5196
f 5213 5188 5172
f 5214 5189 5173
f 5214 5173 5197
f 5215 5174 5198
f 5215 5207 5190
f 5215 5190 5174
f 5216 5191 5175
f 5216 5175 5199
f 5217 5209 5192
f 5217 5176 5200
f 5217 5192 5176
f 5218 5177 5201
f 5218 5193 5177
f 5219 5178 5202
f 5219 5194 5178
f 5220 5179 5203
f 5220 5195 5179
f 5221 5180 5204
f 5221 5196 5180
f 5222 5181 5205
f 5222 5197 5181
f 5223 5198 5182
f 5223 5182 5206
f 5224 5199 5183
f 5224 5183 5207
f 5225 5200 5208
f 5225 5217 5200
f 5226 3397 3396
f 5226 3396 5209
f 5227 5201 3303
f 5227 3303 3306
f 5227 5218 5201
f 5228 5202 5185
f 5228 5185 5210
f 5229 5186 5211
f 5229 5203 5186
f 5230 5187 5212
f 5230 5204 5187
f 5231 5205 5188
f 5231 5188 5213
f 5232 5189 5214
f 5232 5206 5189
f 5233 5207 5215
f 5234 5208 5191
f 5234 5191 5216
f 5235 5209 5217
f 5236 5210 5193
f 5236 5193 5218
f 5237 5194 5219
f 5237 5211 5194
f 5238 5195 5220
f 5238 5212 5195
f 5239 5213 5196
f 5239 5196 5221
f 5240 5197 5222
f 5240 5232 5214
f 5240 5214 5197
f 5241 5215 5198
f 5241 5233 5215
f 5241 5198 5223
f 5242 5199 5224
f 5242 5216 5199
f 5243 5217 5225
f 5244 3398 3397
f 5244 3397 5226
f 5245 5236 5218
f 5245 5218 5227
f 5246 5219 5202
f 5246 5202 5228
f 5247 5203 5229
f 5247 5220 5203
f 5248 5204 5230
f 5248 5221 5204
f 5249 5222 5205
f 5249 5205 5231
f 5250 5206 5232
f 5250 5223 5206
f 5251 5207 5233
f 5251 5224 5207
f 5252 5208 5234
f 5252 5225 5208
f 5253 5209 5235
f 5253 5226 5209
f 5254 5227 3306
f 5254 3306 3305
f 5255 5228 5210
f 5255 5210 5236
f 5255 5246 5228
f 5256 5211 5237
f 5256 5229 5211
f 5257 5230 5212
f 5257 5212 5238
f 5258 5213 5239
f 5258 5249 5231
f 5258 5231 5213
f 5259 5250 5232
f 5259 5232 5240
f 5260 5233 5241
f 5261 5216 5242
f 5261 5234 5216
f 5262 5235 5217
f 5262 5217 5243
f 5263 3399 3398
f 5263 3398 5244
f 5264 5236 5245
f 5265 5219 5246
f 5265 5237 5219
f 5266 5220 5247
f 5266 5238 5220
f 5267 5258 5239
f 5267 5239 5221
f 5267 5221 5248
f 5268 5222 5249
f 5268 5240 5222
f 5269 5223 5250
f 5269 5241 5223
f 5270 5224 5251
f 5270 5242 5224
f 5271 5225 5252
f 5271 5262 5243
f 5271 5243 5225
f 5272 5244 5226
f 5272 5226 5253
f 5273 5227 5254
f 5273 5245 5227
f 5274 5246 5255
f 5275 5229 5256
f 5275 5247 5229
f 5275 5266 5247
f 5276 5267 5248
f 5276 5230 5257
f 5276 5248 5230
f 5277 5249 5258
f 5278 5250 5259
f 5279 5233 5260
f 5279 5251 5233
f 5280 5252 5234
f 5280 5234 5261
f 5281 5235 5262
f 5281 5253 5235
f 5282 3400 3399
f 5282 3399 5263
f 5283 3305 3308
f 5283 5254 3305
f 5284 5255 5236
f 5284 5236 5264
f 5285 5256 5237
f 5285 5237 5265
f 5286 5238 5266
f 5286 5257 5238
f 5287 5258 5267
f 5288 5240 5268
f 5288 5259 5240
f 5289 5260 5241
f 5289 5241 5269
f 5290 5261 5242
f 5290 5242 5270
f 5291 5262 5271
f 5292 5263 5244
f 5292 5244 5272
f 5293 5264 5245
f 5293 5245 5273
f 5294 5246 5274
f 5294 5265 5246
f 5295 5266 5275
f 5296 5267 5276
f 5297 5249 5277
f 5297 5268 5249
f 5298 5269 5250
f 5298 5250 5278
f 5299 5270 5251
f 5299 5251 5279
f 5300 5252 5280
f 5300 5271 5252
f 5301 5253 5281
f 5301 5272 5253
f 5302 3401 3400
f 5302 3400 5282
f 5303 5254 5283
f 5303 5273 5254
f 5304 5294 5274
f 5304 5274 5255
f 5304 5255 5284
f 5305 5256 5285
f 5305 5275 5256
f 5306 5257 5286
f 5306 5276 5257
f 5307 5277 5258
f 5307 5258 5287
f 5308 5259 5288
f 5308 5278 5259
f 5309 5260 5289
f 5309 5279 5260
f 5310 5300 5280
f 5310 5261 5290
f 5310 5280 5261
f 5311 5281 5262
f 5311 5262 5291
f 5312 5282 5263
f 5312 5263 5292
f 5313 5283 3308
f 5313 5303 5283
f 5313 3308 3307
f 5314 5264 5293
f 5314 5284 5264
f 5315 5265 5294
f 5315 5285 5265
f 5316 5266 5295
f 5316 5306 5286
f 5316 5286 5266
f 5317 5267 5296
f 5317 5287 5267
f 5318 5268 5297
f 5318 5288 5268
f 5319 5289 5269
f 5319 5269 5298
f 5319 5309 5289
f 5320 5290 5270
f 5320 5270 5299
f 5321 5291 5271
f 5321 5271 5300
f 5322 5272 5301
f 5322 5292 5272
f 5323 3465 3402
f 5323 3402 3401
f 5323 3401 5302
f 5323 3463 3465
f 5324 5273 5303
f 5324 5293 5273
f 5325 5294 5304
f 5326 5275 5305
f 5326 5295 5275
f 5327 5296 5276
f 5327 5276 5306
f 5328 5277 5307
f 5328 5297 5277
f 5329 5278 5308
f 5329 5298 5278
f 5330 5299 5279
f 5330 5279 5309
f 5331 5300 5310
f 5332 5281 5311
f 5332 5301 5281
f 5333 5282 5312
f 5333 5302 5282
f 5334 5303 5313
f 5335 5284 5314
f 5335 5304 5284
f 5336 5285 5315
f 5336 5305 5285
f 5337 5306 5316
f 5338 5287 5317
f 5338 5307 5287
f 5339 5288 5318
f 5339 5329 5308
f 5339 5308 5288
f 5340 5309 5319
f 5341 5290 5320
f 5341 5310 5290
f 5342 5311 5291
f 5342 5291 5321
f 5342 5332 5311
f 5343 5312 5292
f 5343 5292 5322
f 5344 3310 4991
f 5344 3307 3310
f 5344 5313 3307
f 5345 5314 5293
f 5345 5293 5324
f 5346 5315 5294
f 5346 5336 5315
f 5346 5294 5325
f 5347 5295 5326
f 5347 5316 5295
f 5348 5296 5327
f 5348 5317 5296
f 5349 5297 5328
f 5349 5318 5297
f 5349 5339 5318
f 5350 5319 5298
f 5350 5298 5329
f 5351 5320 5299
f 5351 5299 5330
f 5352 5300 5331
f 5352 5321 5300
f 5353 5301 5332
f 5353 5322 5301
f 5354 3463 5323
f 5354 5302 5333
f 5354 5323 5302
f 5354 3462 3463
f 5355 5324 5303
f 5355 5303 5334
f 5356 5325 5304
f 5356 5304 5335
f 5357 5305 5336
f 5357 5326 5305
f 5358 5306 5337
f 5358 5327 5306
f 5358 5348 5327
f 5359 5307 5338
f 5359 5328 5307
f 5360 5329 5339
f 5361 5309 5340
f 5361 5330 5309
f 5362 5331 5310
f 5362 5310 5341
f 5363 5332 5342
f 5364 5333 5312
f 5364 5312 5343
f 5365 5313 5344
f 5365 5334 5313
f 5365 4991 5366
f 5365 5344 4991
f 5367 5314 5345
f 5367 5335 5314
f 5368 5336 5346
f 5369 5316 5347
f 5369 5337 5316
f 5370 5338 5317
f 5370 5317 5348
f 5370 5359 5338
f 5371 5339 5349
f 5372 5319 5350
f 5372 5340 5319
f 5373 5341 5320
f 5373 5320 5351
f 5374 5321 5352
f 5374 5363 5342
f 5374 5342 5321
f 5375 5322 5353
f 5375 5343 5322
f 5376 5324 5355
f 5376 5345 5324
f 5377 5325 5356
f 5377 5346 5325
f 5378 5347 5326
f 5378 5326 5357
f 5379 5348 5358
f 5380 5328 5359
f 5380 5371 5349
f 5380 5349 5328
f 5381 5350 5329
f 5381 5329 5360
f 5382 5351 5330
f 5382 5373 5351
f 5382 5330 5361
f 5383 5331 5362
f 5383 5352 5331
f 5384 5353 5332
f 5384 5332 5363
f 5385 3462 5354
f 5385 5354 5333
f 5385 5333 5364
f 5385 3460 3462
f 5385 3457 3460
f 5386 5355 5334
f 5386 5365 5366
f 5386 5334 5365
f 5386 5366 5387
f 5388 5356 5335
f 5388 5335 5367
f 5389 5357 5336
f 5389 5336 5368
f 5390 5358 5337
f 5390 5337 5369
f 5391 5359 5370
f 5392 5360 5339
f 5392 5339 5371
f 5393 5340 5372
f 5393 5361 5340
f 5394 5341 5373
f 5394 5362 5341
f 5395 5363 5374
f 5396 5364 5343
f 5396 5343 5375
f 5397 5367 5345
f 5397 5345 5376
f 5397 5388 5367
f 5398 5368 5346
f 5398 5346 5377
f 5399 5369 5347
f 5399 5347 5378
f 5400 5348 5379
f 5400 5370 5348
f 5401 5392 5371
f 5401 5371 5380
f 5402 5393 5372
f 5402 5372 5350
f 5402 5350 5381
f 5403 5394 5373
f 5403 5373 5382
f 5404 5374 5352
f 5404 5352 5383
f 5405 5375 5353
f 5405 5353 5384
f 5406 5387 5407
f 5406 5376 5355
f 5406 5355 5386
f 5406 5386 5387
f 5408 5356 5388
f 5408 5377 5356
f 5409 5357 5389
f 5409 5378 5357
f 5409 5399 5378
f 5410 5400 5379
f 5410 5358 5390
f 5410 5379 5358
f 5411 5359 5391
f 5411 5380 5359
f 5412 5360 5392
f 5412 5381 5360
f 5413 5361 5393
f 5413 5382 5361
f 5414 5362 5394
f 5414 5383 5362
f 5415 5384 5363
f 5415 5363 5395
f 5416 3457 5385
f 5416 5364 5396
f 5416 5385 5364
f 5416 3456 3457
f 5417 5408 5388
f 5417 5388 5397
f 5418 5389 5368
f 5418 5368 5398
f 5419 5369 5399
f 5419 5410 5390
f 5419 5390 5369
f 5420 5391 5370
f 5420 5370 5400
f 5421 5392 5401
f 5421 5412 5392
f 5422 5393 5402
f 5423 5394 5403
f 5424 5374 5404
f 5424 5395 5374
f 5425 5396 5375
f 5425 5375 5405
f 5426 5406 5407
f 5426 5397 5376
f 5426 5376 5406
f 5426 5407 5427
f 5428 5377 5408
f 5428 5398 5377
f 5429 5419 5399
f 5429 5399 5409
f 5430 5400 5410
f 5431 5380 5411
f 5431 5401 5380
f 5432 5402 5381
f 5432 5381 5412
f 5433 5403 5382
f 5433 5382 5413
f 5434 5404 5383
f 5434 5383 5414
f 5435 5384 5415
f 5435 5405 5384
f 5436 5408 5417
f 5436 5428 5408
f 5437 5409 5389
f 5437 5389 5418
f 5438 5410 5419
f 5439 5391 5420
f 5439 5411 5391
f 5440 5412 5421
f 5441 5393 5422
f 5441 5413 5393
f 5442 5394 5423
f 5442 5414 5394
f 5443 5395 5424
f 5443 5415 5395
f 5444 5416 5396
f 5444 5396 5425
f 5444 3456 5416
f 5444 3453 3456
f 5444 3451 3453
f 5445 5397 5426
f 5445 5426 5427
f 5445 5427 5446
f 5445 5446 5447
f 5445 5417 5397
f 5448 5418 5398
f 5448 5398 5428
f 5449 5438 5419
f 5449 5419 5429
f 5450 5420 5400
f 5450 5400 5430
f 5451 5401 5431
f 5451 5440 5421
f 5451 5421 5401
f 5452 5422 5402
f 5452 5402 5432
f 5453 5423 5403
f 5453 5403 5433
f 5453 5442 5423
f 5454 5424 5404
f 5454 5443 5424
f 5454 5404 5434
f 5455 5405 5435
f 5455 5425 5405
f 5456 5428 5436
f 5457 5429 5409
f 5457 5409 5437
f 5458 5430 5410
f 5458 5410 5438
f 5459 5431 5411
f 5459 5411 5439
f 5459 5451 5431
f 5460 5452 5432
f 5460 5432 5412
f 5460 5412 5440
f 5461 5413 5441
f 5461 5433 5413
f 5461 5453 5433
f 5462 5434 5414
f 5462 5414 5442
f 5463 5435 5415
f 5463 5415 5443
f 5464 5445 5447
f 5464 5417 5445
f 5464 5436 5417
f 5465 5418 5448
f 5465 5437 5418
f 5466 5438 5449
f 5467 5420 5450
f 5467 5439 5420
f 5468 5440 5451
f 5469 5422 5452
f 5469 5441 5422
f 5470 5442 5453
f 5471 5443 5454
f 5472 5444 5425
f 5472 3451 5444
f 5472 5425 5455
f 5472 3449 3451
f 5473 5465 5448
f 5473 5428 5456
f 5473 5448 5428
f 5474 5429 5457
f 5474 5449 5429
f 5475 5450 5430
f 5475 5430 5458
f 5476 5451 5459
f 5477 5452 5460
f 5478 5453 5461
f 5478 5470 5453
f 5479 5471 5454
f 5479 5434 5462
f 5479 5454 5434
f 5480 5435 5463
f 5480 5455 5435
f 5481 5436 5464
f 5481 5447 5482
f 5481 5456 5436
f 5481 5464 5447
f 5483 5437 5465
f 5483 5457 5437
f 5484 5438 5466
f 5484 5458 5438
f 5485 5459 5439
f 5485 5439 5467
f 5486 5460 5440
f 5486 5440 5468
f 5487 5441 5469
f 5487 5461 5441
f 5488 5462 5442
f 5488 5442 5470
f 5488 5479 5462
f 5489 5463 5443
f 5489 5443 5471
f 5489 5480 5463
f 5490 5465 5473
f 5491 5449 5474
f 5491 5466 5449
f 5492 5467 5450
f 5492 5450 5475
f 5493 5451 5476
f 5493 5468 5451
f 5493 5486 5468
f 5494 5469 5452
f 5494 5452 5477
f 5495 5470 5478
f 5496 5471 5479
f 5497 3447 3449
f 5497 3449 5472
f 5497 5472 5455
f 5497 5455 5480
f 5498 5482 5499
f 5498 5499 5500
f 5498 5481 5482
f 5498 5456 5481
f 5498 5473 5456
f 5501 5457 5483
f 5501 5474 5457
f 5502 5458 5484
f 5502 5475 5458
f 5502 5492 5475
f 5503 5459 5485
f 5503 5476 5459
f 5503 5493 5476
f 5504 5460 5486
f 5504 5477 5460
f 5505 5478 5461
f 5505 5461 5487
f 5506 5479 5488
f 5507 5480 5489
f 5508 5465 5490
f 5508 5501 5483
f 5508 5483 5465
f 5509 5466 5491
f 5509 5484 5466
f 5510 5485 5467
f 5510 5467 5492
f 5511 5504 5486
f 5511 5486 5493
f 5512 5505 5487
f 5512 5469 5494
f 5512 5487 5469
f 5513 5506 5488
f 5513 5470 5495
f 5513 5488 5470
f 5514 5471 5496
f 5514 5489 5471
f 5515 5490 5473
f 5515 5473 5498
f 5515 5498 5500
f 5516 5474 5501
f 5516 5491 5474
f 5517 5492 5502
f 5517 5510 5492
f 5518 5493 5503
f 5519 5477 5504
f 5519 5494 5477
f 5520 5495 5478
f 5520 5478 5505
f 5521 5496 5479
f 5521 5479 5506
f 5522 3445 3447
f 5522 3443 3445
f 5522 5497 5480
f 5522 5480 5507
f 5522 3447 5497
f 5523 5516 5501
f 5523 5501 5508
f 5524 5484 5509
f 5524 5502 5484
f 5525 5485 5510
f 5525 5503 5485
f 5526 5504 5511
f 5527 5505 5512
f 5528 5506 5513
f 5529 5507 5489
f 5529 5489 5514
f 5529 5522 5507
f 5530 5515 5500
f 5530 5500 5531
f 5530 5490 5515
f 5530 5508 5490
f 5532 5509 5491
f 5532 5491 5516
f 5533 5510 5517
f 5534 5511 5493
f 5534 5493 5518
f 5535 5512 5494
f 5535 5494 5519
f 5536 5513 5495
f 5536 5495 5520
f 5537 5514 5496
f 5537 5496 5521
f 5538 5516 5523
f 5539 5502 5524
f 5539 5517 5502
f 5540 5518 5503
f 5540 5503 5525
f 5540 5534 5518
f 5541 5535 5519
f 5541 5519 5504
f 5541 5504 5526
f 5542 5505 5527
f 5542 5520 5505
f 5543 5506 5528
f 5543 5521 5506
f 5544 3442 3443
f 5544 3443 5522
f 5544 5522 5529
f 5545 5523 5508
f 5545 5530 5531
f 5545 5531 5546
f 5545 5508 5530
f 5547 5509 5532
f 5547 5524 5509
f 5548 5510 5533
f 5548 5525 5510
f 5549 5526 5511
f 5549 5511 5534
f 5550 5512 5535
f 5550 5527 5512
f 5551 5528 5513
f 5551 5513 5536
f 5552 5529 5514
f 5552 5514 5537
f 5553 5532 5516
f 5553 5516 5538
f 5554 5533 5517
f 5554 5517 5539
f 5555 5534 5540
f 5555 5549 5534
f 5556 5535 5541
f 5556 5550 5535
f 5557 5536 5520
f 5557 5520 5542
f 5557 5551 5536
f 5558 5537 5521
f 5558 5521 5543
f 5559 5523 5545
f 5559 5538 5523
f 5559 5545 5546
f 5559 5546 5560
f 5561 5539 5524
f 5561 5524 5547
f 5562 5540 5525
f 5562 5525 5548
f 5562 5555 5540
f 5563 5526 5549
f 5563 5541 5526
f 5564 5542 5527
f 5564 5527 5550
f 5565 5543 5528
f 5565 5528 5551
f 5566 3439 3442
f 5566 3437 3439
f 5566 5529 5552
f 5566 3442 5544
f 5566 5544 5529
f 5567 5532 5553
f 5567 5561 5547
f 5567 5547 5532
f 5568 5533 5554
f 5568 5548 5533
f 5569 5549 5555
f 5570 5550 5556
f 5571 5551 5557
f 5572 5552 5537
f 5572 5537 5558
f 5573 5538 5559
f 5573 5559 5560
f 5573 5560 5574
f 5573 5553 5538
f 5575 5539 5561
f 5575 5554 5539
f 5576 5569 5555
f 5576 5555 5562
f 5577 5556 5541
f 5577 5541 5563
f 5578 5542 5564
f 5578 5571 5557
f 5578 5557 5542
f 5579 5543 5565
f 5579 5558 5543
f 5580 5561 5567
f 5580 5575 5561
f 5581 5562 5548
f 5581 5548 5568
f 5582 5549 5569
f 5582 5563 5549
f 5583 5564 5550
f 5583 5578 5564
f 5583 5550 5570
f 5584 5551 5571
f 5584 5565 5551
f 5584 5579 5565
f 5585 3435 3437
f 5585 5566 5552
f 5585 5552 5572
f 5585 3437 5566
f 5586 5573 5574
f 5586 5567 5553
f 5586 5574 5587
f 5586 5587 5588
f 5586 5553 5573
f 5589 5581 5568
f 5589 5568 5554
f 5589 5554 5575
f 5590 5569 5576
f 5590 5582 5569
f 5591 5556 5577
f 5591 5570 5556
f 5592 5571 5578
f 5593 5558 5579
f 5593 5585 5572
f 5593 5572 5558
f 5594 5575 5580
f 5595 5576 5562
f 5595 5562 5581
f 5596 5577 5563
f 5596 5563 5582
f 5597 5578 5583
f 5598 5579 5584
f 5599 5567 5586
f 5599 5586 5588
f 5599 5580 5567
f 5600 5581 5589
f 5601 5582 5590
f 5602 5583 5570
f 5602 5570 5591
f 5603 5584 5571
f 5603 5571 5592
f 5604 3434 3435
f 5604 5585 5593
f 5604 3435 5585
f 5605 5589 5575
f 5605 5575 5594
f 5606 5576 5595
f 5606 5590 5576
f 5607 5591 5577
f 5607 5577 5596
f 5608 5592 5578
f 5608 5578 5597
f 5609 5593 5579
f 5609 5579 5598
f 5610 5599 5588
f 5610 5580 5599
f 5610 5588 5611
f 5610 5611 5612
f 5610 5594 5580
f 5613 5606 5595
f 5613 5581 5600
f 5613 5595 5581
f 5614 5607 5596
f 5614 5596 5582
f 5614 5582 5601
f 5615 5583 5602
f 5615 5608 5597
f 5615 5597 5583
f 5616 5584 5603
f 5616 5598 5584
f 5617 5613 5600
f 5617 5589 5605
f 5617 5600 5589
f 5618 5590 5606
f 5618 5601 5590
f 5619 5591 5607
f 5619 5602 5591
f 5620 5603 5592
f 5620 5616 5603
f 5620 5592 5608
f 5621 3431 3434
f 5621 3429 3431
f 5621 3434 5604
f 5621 5604 5593
f 5621 5593 5609
f 5622 5605 5594
f 5622 5594 5610
f 5622 5610 5612
f 5623 5606 5613
f 5624 5607 5614
f 5625 5608 5615
f 5626 5609 5598
f 5626 5598 5616
f 5626 5621 5609
f 5627 5613 5617
f 5628 5614 5601
f 5628 5601 5618
f 5629 5602 5619
f 5629 5615 5602
f 5630 5616 5620
f 5631 5622 5612
f 5631 5605 5622
f 5631 5617 5605
f 5631 5612 5632
f 5633 5618 5606
f 5633 5606 5623
f 5634 5629 5619
f 5634 5607 5624
f 5634 5619 5607
f 5635 5608 5625
f 5635 5620 5608
f 5636 3427 3429
f 5636 3429 5621
f 5636 5621 5626
f 5637 5623 5613
f 5637 5613 5627
f 5637 5633 5623
f 5638 5614 5628
f 5638 5624 5614
f 5639 5625 5615
f 5639 5615 5629
f 5640 5626 5616
f 5640 5616 5630
f 5641 5627 5617
f 5641 5617 5631
f 5641 5637 5627
f 5641 5632 5642
f 5641 5642 5643
f 5641 5631 5632
f 5644 5628 5618
f 5644 5618 5633
f 5645 5629 5634
f 5646 5630 5620
f 5646 5620 5635
f 5647 5633 5637
f 5648 5634 5624
f 5648 5624 5638
f 5649 5625 5639
f 5649 5646 5635
f 5649 5635 5625
f 5650 5636 5626
f 5650 3425 3427
f 5650 3423 3425
f 5650 3427 5636
f 5650 5626 5640
f 5651 5641 5643
f 5651 5637 5641
f 5652 5638 5628
f 5652 5628 5644
f 5653 5649 5639
f 5653 5629 5645
f 5653 5639 5629
f 5654 5630 5646
f 5654 5640 5630
f 5655 5644 5633
f 5655 5633 5647
f 5655 5652 5644
f 5656 5645 5634
f 5656 5634 5648
f 5657 5646 5649
f 5658 5647 5637
f 5658 5651 5643
f 5658 5637 5651
f 5658 5643 5659
f 5660 5648 5638
f 5660 5638 5652
f 5661 5649 5653
f 5662 3421 3423
f 5662 3423 5650
f 5662 5650 5640
f 5662 5640 5654
f 5663 5652 5655
f 5664 5653 5645
f 5664 5645 5656
f 5665 5654 5646
f 5665 5646 5657
f 5666 5647 5658
f 5666 5658 5659
f 5666 5659 5667
f 5666 5655 5647
f 5668 5648 5660
f 5668 5664 5656
f 5668 5656 5648
f 5669 5657 5649
f 5669 5649 5661
f 5670 5652 5663
f 5670 5660 5652
f 5670 5668 5660
f 5671 5653 5664
f 5671 5661 5653
f 5672 5654 5665
f 5672 3420 3421
f 5672 5662 5654
f 5672 3421 5662
f 5673 5663 5655
f 5673 5655 5666
f 5673 5666 5667
f 5673 5667 5674
f 5675 5664 5668
f 5676 5657 5669
f 5676 5665 5657
f 5676 5672 5665
f 5677 5668 5670
f 5678 5669 5661
f 5678 5661 5671
f 5679 5670 5663
f 5679 5663 5673
f 5679 5674 5680
f 5679 5673 5674
f 5681 5671 5664
f 5681 5664 5675
f 5682 5672 5676
f 5682 3417 3420
f 5682 3416 3417
f 5682 3420 5672
f 5683 5681 5675
f 5683 5675 5668
f 5683 5668 5677
f 5684 5669 5678
f 5684 5676 5669
f 5685 5683 5677
f 5685 5679 5680
f 5685 5680 5686
f 5685 5677 5670
f 5685 5670 5679
f 5687 5671 5681
f 5687 5678 5671
f 5688 5681 5683
f 5688 5687 5681
f 5689 3414 3416
f 5689 3416 5682
f 5689 5676 5684
f 5689 5682 5676
f 5690 5683 5685
f 5690 5685 5686
f 5690 5686 5691
f 5692 5678 5687
f 5692 5684 5678
f 5693 5687 5688
f 5694 5683 5690
f 5694 5688 5683
f 5694 5690 5691
f 5694 5691 5695
f 5694 5695 5696
f 5697 3414 5689
f 5697 3411 3414
f 5697 3409 3411
f 5697 5689 5684
f 5697 5684 5692
f 5698 5697 5692
f 5698 5692 5687
f 5698 5687 5693
f 5699 5693 5688
f 5699 5688 5694
f 5699 5694 5696
f 5700 3408 3409
f 5700 5697 5698
f 5700 3409 5697
f 5701 5693 5699
f 5701 5699 5696
f 5701 5698 5693
f 5701 5696 5702
f 5703 3403 3408
f 5703 3408 5700
f 5703 5700 5698
f 5703 5698 5701
f 5703 5701 5702
f 5703 4992 3403
f 5703 5702 4992
f 3312 4991 3309
f 5704 5366 4991
f 5704 4991 3312
f 5705 5387 5366
f 5705 5366 5704
f 5706 5407 5387
f 5706 5387 5705
f 5707 5427 5407
f 5707 5407 5706
f 5708 5446 5427
f 5708 5427 5707
f 5709 5447 5446
f 5709 5446 5708
f 5710 5482 5447
f 5710 5447 5709
f 5711 5482 5710
f 5711 5499 5482
f 5712 5499 5711
f 5712 5500 5499
f 5713 5531 5500
f 5713 5500 5712
f 5714 5546 5531
f 5714 5531 5713
f 5715 5560 5546
f 5715 5546 5714
f 5716 5574 5560
f 5716 5560 5715
f 5717 5587 5574
f 5717 5574 5716
f 5718 5588 5587
f 5718 5587 5717
f 5719 5611 5588
f 5719 5588 5718
f 5720 5612 5611
f 5720 5611 5719
f 5721 5632 5612
f 5721 5612 5720
f 5722 5642 5632
f 5722 5632 5721
f 5723 5643 5642
f 5723 5642 5722
f 5724 5659 5643
f 5724 5643 5723
f 5725 5667 5659
f 5725 5659 5724
f 5726 5674 5667
f 5726 5667 5725
f 5727 5674 5726
f 5728 5680 5674
f 5728 5686 5680
f 5728 5674 5727
f 5729 5691 5686
f 5729 5686 5728
f 5730 5691 5729
f 5731 5695 5691
f 5731 5696 5695
f 5731 5691 5730
f 5732 5702 5696
f 5732 5696 5731
f 5733 4992 5702
f 5733 5702 5732
f 5734 3404 4992
f 5734 4992 5733
f 5735 3404 5734
f 3320 5704 3312
f 5736 5735 5734
f 4960 3314 3311
f 3339 5737 4990
f 5738 5704 3320
f 5738 3320 3318
f 5739 5705 5704
f 5739 5704 5738
f 5740 3318 3317
f 5740 5738 3318
f 5741 5706 5705
f 5741 5705 5739
f 5742 5738 5740
f 5742 5739 5738
f 5743 3317 3316
f 5743 5740 3317
f 5744 5707 5706
f 5744 5706 5741
f 5745 5741 5739
f 5745 5739 5742
f 5746 5740 5743
f 5746 5742 5740
f 5747 5708 5707
f 5747 5707 5744
f 5748 5743 3316
f 5748 3316 3319
f 5749 5744 5741
f 5749 5741 5745
f 5750 5742 5746
f 5750 5745 5742
f 5751 5709 5708
f 5751 5708 5747
f 5752 5746 5743
f 5752 5743 5748
f 5753 5744 5749
f 5753 5747 5744
f 5754 3319 3325
f 5754 5748 3319
f 5755 5749 5745
f 5755 5745 5750
f 5756 5710 5709
f 5756 5709 5751
f 5757 5750 5746
f 5757 5746 5752
f 5758 5751 5747
f 5758 5747 5753
f 5759 5748 5754
f 5759 5752 5748
f 5760 5753 5749
f 5760 5749 5755
f 5761 5711 5710
f 5761 5710 5756
f 5762 3325 3324
f 5762 3324 3329
f 5762 5754 3325
f 5763 5750 5757
f 5763 5755 5750
f 5764 5756 5751
f 5764 5751 5758
f 5765 5757 5752
f 5765 5752 5759
f 5766 5753 5760
f 5766 5758 5753
f 5767 5712 5711
f 5767 5711 5761
f 5768 5754 5762
f 5768 5759 5754
f 5769 5755 5763
f 5769 5760 5755
f 5770 5756 5764
f 5770 5761 5756
f 5771 3329 3331
f 5771 5762 3329
f 5772 5757 5765
f 5772 5763 5757
f 5773 5764 5758
f 5773 5758 5766
f 5774 5712 5767
f 5774 5713 5712
f 5775 5759 5768
f 5775 5765 5759
f 5776 5760 5769
f 5776 5766 5760
f 5777 5767 5761
f 5777 5761 5770
f 5778 5762 5771
f 5778 5768 5762
f 5779 5769 5763
f 5779 5763 5772
f 5780 5764 5773
f 5780 5770 5764
f 5781 5714 5713
f 5781 5713 5774
f 5782 5771 3331
f 5782 3331 3332
f 5783 5765 5775
f 5783 5772 5765
f 5784 5766 5776
f 5784 5773 5766
f 5785 5767 5777
f 5785 5774 5767
f 5786 5768 5778
f 5786 5775 5768
f 5787 5776 5769
f 5787 5769 5779
f 5788 5770 5780
f 5788 5777 5770
f 5789 5715 5714
f 5789 5714 5781
f 5790 5778 5771
f 5790 5771 5782
f 5791 5772 5783
f 5791 5779 5772
f 5792 5780 5773
f 5792 5773 5784
f 5793 5781 5774
f 5793 5774 5785
f 5794 3332 3330
f 5794 5782 3332
f 5794 5790 5782
f 5795 5775 5786
f 5795 5783 5775
f 5796 5776 5787
f 5796 5784 5776
f 5797 5785 5777
f 5797 5777 5788
f 5798 5716 5715
f 5798 5715 5789
f 5799 5786 5778
f 5799 5778 5790
f 5800 5779 5791
f 5800 5787 5779
f 5801 5780 5792
f 5801 5788 5780
f 5802 5781 5793
f 5802 5789 5781
f 5803 5790 5794
f 5804 5783 5795
f 5804 5791 5783
f 5805 5784 5796
f 5805 5792 5784
f 5806 5793 5785
f 5806 5785 5797
f 5807 5717 5716
f 5807 5716 5798
f 5808 3330 3335
f 5808 5794 3330
f 5809 5795 5786
f 5809 5786 5799
f 5810 5796 5787
f 5810 5787 5800
f 5811 5788 5801
f 5811 5797 5788
f 5812 5789 5802
f 5812 5798 5789
f 5813 5799 5790
f 5813 5790 5803
f 5814 5800 5791
f 5814 5791 5804
f 5814 5810 5800
f 5815 5801 5792
f 5815 5792 5805
f 5816 5793 5806
f 5816 5802 5793
f 5817 5717 5807
f 5817 5718 5717
f 5818 5794 5808
f 5818 5803 5794
f 5819 5804 5795
f 5819 5795 5809
f 5820 5805 5796
f 5820 5796 5810
f 5821 5806 5797
f 5821 5797 5811
f 5822 5798 5812
f 5822 5807 5798
f 5823 3335 3337
f 5823 5808 3335
f 5824 5809 5799
f 5824 5799 5813
f 5825 5810 5814
f 5826 5811 5801
f 5826 5801 5815
f 5827 5802 5816
f 5827 5812 5802
f 5828 5719 5718
f 5828 5718 5817
f 5829 5813 5803
f 5829 5803 5818
f 5830 5814 5804
f 5830 5804 5819
f 5831 5815 5805
f 5831 5805 5820
f 5832 5816 5806
f 5832 5806 5821
f 5833 5817 5807
f 5833 5807 5822
f 5834 5818 5808
f 5834 5808 5823
f 5835 5819 5809
f 5835 5809 5824
f 5836 5820 5810
f 5836 5810 5825
f 5837 5811 5826
f 5837 5821 5811
f 5838 5812 5827
f 5838 5822 5812
f 5839 5720 5719
f 5839 5719 5828
f 5840 5834 5823
f 5840 3337 3336
f 5840 3336 3338
f 5840 5823 3337
f 5841 5813 5829
f 5841 5824 5813
f 5842 5825 5814
f 5842 5814 5830
f 5843 5815 5831
f 5843 5837 5826
f 5843 5826 5815
f 5844 5827 5816
f 5844 5816 5832
f 5844 5838 5827
f 5845 5828 5817
f 5845 5817 5833
f 5846 5829 5818
f 5846 5818 5834
f 5847 5830 5819
f 5847 5819 5835
f 5848 5831 5820
f 5848 5820 5836
f 5849 5832 5821
f 5849 5821 5837
f 5850 5833 5822
f 5850 5822 5838
f 5851 5721 5720
f 5851 5720 5839
f 5852 5834 5840
f 5853 5835 5824
f 5853 5824 5841
f 5854 5836 5825
f 5854 5825 5842
f 5855 5837 5843
f 5856 5838 5844
f 5857 5839 5828
f 5857 5828 5845
f 5858 5840 3338
f 5858 3338 3333
f 5859 5841 5829
f 5859 5829 5846
f 5860 5830 5847
f 5860 5842 5830
f 5861 5831 5848
f 5861 5843 5831
f 5862 5832 5849
f 5862 5844 5832
f 5863 5833 5850
f 5863 5845 5833
f 5864 5722 5721
f 5864 5721 5851
f 5865 5834 5852
f 5865 5846 5834
f 5866 5835 5853
f 5866 5847 5835
f 5867 5848 5836
f 5867 5836 5854
f 5868 5862 5849
f 5868 5849 5837
f 5868 5837 5855
f 5869 5850 5838
f 5869 5838 5856
f 5870 5839 5857
f 5870 5851 5839
f 5871 5852 5840
f 5871 5840 5858
f 5872 5853 5841
f 5872 5841 5859
f 5873 5854 5842
f 5873 5842 5860
f 5874 5843 5861
f 5874 5855 5843
f 5875 5844 5862
f 5875 5856 5844
f 5876 5845 5863
f 5876 5857 5845
f 5877 5723 5722
f 5877 5722 5864
f 5878 3333 3334
f 5878 5858 3333
f 5879 5846 5865
f 5879 5859 5846
f 5880 5847 5866
f 5880 5860 5847
f 5881 5861 5848
f 5881 5848 5867
f 5882 5862 5868
f 5883 5876 5863
f 5883 5850 5869
f 5883 5863 5850
f 5884 5864 5851
f 5884 5851 5870
f 5885 5852 5871
f 5885 5865 5852
f 5886 5853 5872
f 5886 5866 5853
f 5887 5867 5854
f 5887 5854 5873
f 5887 5881 5867
f 5888 5868 5855
f 5888 5855 5874
f 5889 5856 5875
f 5889 5869 5856
f 5890 5857 5876
f 5890 5870 5857
f 5890 5884 5870
f 5891 5724 5723
f 5891 5723 5877
f 5892 5858 5878
f 5892 5871 5858
f 5893 5872 5859
f 5893 5886 5872
f 5893 5859 5879
f 5894 5873 5860
f 5894 5860 5880
f 5895 5861 5881
f 5895 5874 5861
f 5896 5875 5862
f 5896 5862 5882
f 5897 5876 5883
f 5898 5864 5884
f 5898 5891 5877
f 5898 5877 5864
f 5899 3334 3328
f 5899 5878 3334
f 5900 5865 5885
f 5900 5879 5865
f 5901 5880 5866
f 5901 5866 5886
f 5902 5881 5887
f 5903 5868 5888
f 5903 5882 5868
f 5904 5883 5869
f 5904 5869 5889
f 5905 5884 5890
f 5906 5725 5724
f 5906 5724 5891
f 5907 5871 5892
f 5907 5885 5871
f 5908 5886 5893
f 5909 5873 5894
f 5909 5887 5873
f 5910 5874 5895
f 5910 5888 5874
f 5911 5875 5896
f 5911 5889 5875
f 5912 5876 5897
f 5912 5890 5876
f 5913 5891 5898
f 5914 5892 5878
f 5914 5878 5899
f 5915 5893 5879
f 5915 5879 5900
f 5916 5880 5901
f 5916 5894 5880
f 5917 5910 5895
f 5917 5881 5902
f 5917 5895 5881
f 5918 5896 5882
f 5918 5882 5903
f 5919 5897 5883
f 5919 5883 5904
f 5920 5884 5905
f 5920 5898 5884
f 5921 5725 5906
f 5921 5726 5725
f 5922 3328 3327
f 5922 5899 3328
f 5923 5900 5885
f 5923 5885 5907
f 5923 5915 5900
f 5924 5886 5908
f 5924 5901 5886
f 5924 5916 5901
f 5925 5902 5887
f 5925 5887 5909
f 5926 5888 5910
f 5926 5918 5903
f 5926 5903 5888
f 5927 5904 5889
f 5927 5889 5911
f 5928 5890 5912
f 5928 5905 5890
f 5929 5906 5891
f 5929 5891 5913
f 5930 5907 5892
f 5930 5892 5914
f 5931 5893 5915
f 5931 5908 5893
f 5932 5909 5894
f 5932 5894 5916
f 5933 5910 5917
f 5934 5896 5918
f 5934 5911 5896
f 5935 5912 5897
f 5935 5897 5919
f 5936 5913 5898
f 5936 5898 5920
f 5937 5727 5726
f 5937 5726 5921
f 5938 5914 5899
f 5938 5899 5922
f 5939 5915 5923
f 5940 5916 5924
f 5941 5917 5902
f 5941 5902 5925
f 5942 5918 5926
f 5943 5904 5927
f 5943 5919 5904
f 5944 5905 5928
f 5944 5936 5920
f 5944 5920 5905
f 5945 5921 5906
f 5945 5906 5929
f 5946 5922 3327
f 5946 3327 3326
f 5946 3326 3321
f 5947 5923 5907
f 5947 5907 5930
f 5948 5924 5908
f 5948 5908 5931
f 5949 5909 5932
f 5949 5925 5909
f 5949 5941 5925
f 5950 5910 5933
f 5950 5926 5910
f 5951 5927 5911
f 5951 5911 5934
f 5952 5912 5935
f 5952 5928 5912
f 5953 5913 5936
f 5953 5929 5913
f 5954 5728 5727
f 5954 5727 5937
f 5955 5930 5914
f 5955 5914 5938
f 5956 5915 5939
f 5956 5931 5915
f 5957 5916 5940
f 5957 5932 5916
f 5958 5933 5917
f 5958 5917 5941
f 5959 5918 5942
f 5959 5934 5918
f 5960 5935 5919
f 5960 5919 5943
f 5961 5953 5936
f 5961 5936 5944
f 5962 5921 5945
f 5962 5937 5921
f 5963 5938 5922
f 5963 5922 5946
f 5964 5923 5947
f 5964 5939 5923
f 5965 5940 5924
f 5965 5924 5948
f 5966 5941 5949
f 5967 5942 5926
f 5967 5926 5950
f 5968 5943 5927
f 5968 5927 5951
f 5969 5928 5952
f 5969 5944 5928
f 5970 5945 5929
f 5970 5929 5953
f 5971 5728 5954
f 5971 5729 5728
f 5972 5946 3321
f 5972 3321 3323
f 5973 5930 5955
f 5973 5947 5930
f 5974 5948 5931
f 5974 5931 5956
f 5975 5949 5932
f 5975 5932 5957
f 5976 5933 5958
f 5976 5950 5933
f 5977 5968 5951
f 5977 5951 5934
f 5977 5934 5959
f 5978 5935 5960
f 5978 5952 5935
f 5979 5953 5961
f 5980 5937 5962
f 5980 5971 5954
f 5980 5954 5937
f 5981 5938 5963
f 5981 5955 5938
f 5982 5956 5939
f 5982 5939 5964
f 5983 5940 5965
f 5983 5957 5940
f 5984 5958 5941
f 5984 5976 5958
f 5984 5941 5966
f 5985 5977 5959
f 5985 5959 5942
f 5985 5942 5967
f 5986 5960 5943
f 5986 5943 5968
f 5987 5961 5944
f 5987 5944 5969
f 5988 5945 5970
f 5988 5962 5945
f 5989 5730 5729
f 5989 5729 5971
f 5990 5963 5946
f 5990 5946 5972
f 5991 5947 5973
f 5991 5964 5947
f 5992 5948 5974
f 5992 5965 5948
f 5993 5966 5949
f 5993 5949 5975
f 5994 5967 5950
f 5994 5950 5976
f 5995 5968 5977
f 5996 5969 5952
f 5996 5952 5978
f 5997 5953 5979
f 5997 5970 5953
f 5998 5971 5980
f 5998 5989 5971
f 5999 5972 3323
f 5999 3323 3322
f 6000 5955 5981
f 6000 5973 5955
f 6001 5974 5956
f 6001 5956 5982
f 6002 5957 5983
f 6002 5993 5975
f 6002 5975 5957
f 6003 5976 5984
f 6004 5977 5985
f 6005 5960 5986
f 6005 5978 5960
f 6006 5961 5987
f 6006 5979 5961
f 6007 5980 5962
f 6007 5962 5988
f 6008 5731 5730
f 6008 5730 5989
f 6009 5981 5963
f 6009 5963 5990
f 6010 5982 5964
f 6010 6001 5982
f 6010 5964 5991
f 6011 5965 5992
f 6011 5983 5965
f 6012 5966 5993
f 6012 5984 5966
f 6013 5967 5994
f 6013 5985 5967
f 6014 5968 5995
f 6014 5986 5968
f 6015 5969 5996
f 6015 5987 5969
f 6016 5988 5970
f 6016 5970 5997
f 6017 5989 5998
f 6018 5990 5972
f 6018 5972 5999
f 6019 5991 5973
f 6019 5973 6000
f 6020 5992 5974
f 6020 5974 6001
f 6021 5993 6002
f 6022 5976 6003
f 6022 5994 5976
f 6023 5995 5977
f 6023 5977 6004
f 6024 5996 5978
f 6024 5978 6005
f 6025 5997 5979
f 6025 5979 6006
f 6026 5998 5980
f 6026 5980 6007
f 6027 5732 5731
f 6027 5731 6008
f 6028 5999 3322
f 6028 3322 3313
f 6028 6018 5999
f 6029 5981 6009
f 6029 6000 5981
f 6030 6001 6010
f 6031 5983 6011
f 6031 6002 5983
f 6032 6003 5984
f 6032 5984 6012
f 6033 5985 6013
f 6033 6004 5985
f 6034 6005 5986
f 6034 5986 6014
f 6035 6006 5987
f 6035 5987 6015
f 6036 5988 6016
f 6036 6007 5988
f 6037 5989 6017
f 6037 6027 6008
f 6037 6008 5989
f 6038 6009 5990
f 6038 5990 6018
f 6038 6029 6009
f 6039 6010 5991
f 6039 5991 6019
f 6040 6011 5992
f 6040 5992 6020
f 6040 6031 6011
f 6041 5993 6021
f 6041 6012 5993
f 6042 5994 6022
f 6042 6013 5994
f 6043 6034 6014
f 6043 6014 5995
f 6043 5995 6023
f 6044 5996 6024
f 6044 6015 5996
f 6045 6016 5997
f 6045 5997 6025
f 6046 5998 6026
f 6046 6037 6017
f 6046 6017 5998
f 6047 5732 6027
f 6047 5733 5732
f 6048 6018 6028
f 6048 6038 6018
f 6049 6019 6000
f 6049 6000 6029
f 6049 6039 6019
f 6050 6001 6030
f 6050 6020 6001
f 6051 6002 6031
f 6051 6021 6002
f 6052 6022 6003
f 6052 6003 6032
f 6053 6004 6033
f 6053 6023 6004
f 6054 6005 6034
f 6054 6024 6005
f 6055 6006 6035
f 6055 6025 6006
f 6056 6026 6007
f 6056 6007 6036
f 6057 6027 6037
f 6058 6028 3313
f 6058 3313 3315
f 6059 6029 6038
f 6060 6010 6039
f 6060 6030 6010
f 6061 6031 6040
f 6062 6012 6041
f 6062 6032 6012
f 6063 6013 6042
f 6063 6033 6013
f 6063 6053 6033
f 6064 6034 6043
f 6065 6035 6015
f 6065 6055 6035
f 6065 6015 6044
f 6066 6036 6016
f 6066 6016 6045
f 6067 6037 6046
f 6068 5736 5734
f 6068 5734 5733
f 6068 5733 6047
f 6068 6069 5736
f 6070 6038 6048
f 6071 6039 6049
f 6072 6020 6050
f 6072 6040 6020
f 6073 6021 6051
f 6073 6041 6021
f 6073 6062 6041
f 6074 6022 6052
f 6074 6042 6022
f 6075 6043 6023
f 6075 6023 6053
f 6076 6024 6054
f 6076 6044 6024
f 6077 6045 6025
f 6077 6025 6055
f 6078 6046 6026
f 6078 6026 6056
f 6079 6047 6027
f 6079 6027 6057
f 6080 6048 6028
f 6080 6028 6058
f 6081 6049 6029
f 6081 6029 6059
f 6082 6072 6050
f 6082 6030 6060
f 6082 6050 6030
f 6083 6073 6051
f 6083 6051 6031
f 6083 6031 6061
f 6084 6052 6032
f 6084 6032 6062
f 6085 6053 6063
f 6085 6075 6053
f 6086 6034 6064
f 6086 6054 6034
f 6087 6055 6065
f 6088 6056 6036
f 6088 6036 6066
f 6089 6037 6067
f 6089 6057 6037
f 6090 3314 4960
f 6090 3315 3314
f 6090 6058 3315
f 6091 6038 6070
f 6091 6059 6038
f 6092 6060 6039
f 6092 6039 6071
f 6092 6082 6060
f 6093 6061 6040
f 6093 6040 6072
f 6094 6062 6073
f 6095 6042 6074
f 6095 6063 6042
f 6096 6064 6043
f 6096 6043 6075
f 6097 6065 6044
f 6097 6044 6076
f 6098 6066 6045
f 6098 6045 6077
f 6099 6046 6078
f 6099 6067 6046
f 6100 6047 6079
f 6100 6069 6068
f 6100 6068 6047
f 6100 6101 6069
f 6102 6070 6048
f 6102 6048 6080
f 6103 6049 6081
f 6103 6071 6049
f 6104 6072 6082
f 6105 6073 6083
f 6106 6052 6084
f 6106 6074 6052
f 6107 6075 6085
f 6108 6054 6086
f 6108 6076 6054
f 6109 6077 6055
f 6109 6055 6087
f 6110 6078 6056
f 6110 6056 6088
f 6111 6057 6089
f 6111 6079 6057
f 6112 6058 6090
f 6112 6080 6058
f 6112 4960 4961
f 6112 6090 4960
f 6113 6059 6091
f 6113 6103 6081
f 6113 6081 6059
f 6114 6082 6092
f 6115 6083 6061
f 6115 6061 6093
f 6116 6084 6062
f 6116 6062 6094
f 6117 6063 6095
f 6117 6085 6063
f 6118 6086 6064
f 6118 6064 6096
f 6119 6065 6097
f 6119 6087 6065
f 6120 6066 6098
f 6120 6088 6066
f 6121 6089 6067
f 6121 6067 6099
f 6122 6070 6102
f 6122 6091 6070
f 6123 6092 6071
f 6123 6071 6103
f 6124 6072 6104
f 6124 6093 6072
f 6125 6094 6073
f 6125 6073 6105
f 6126 6117 6095
f 6126 6095 6074
f 6126 6074 6106
f 6127 6096 6075
f 6127 6075 6107
f 6128 6097 6076
f 6128 6076 6108
f 6128 6119 6097
f 6129 6098 6077
f 6129 6077 6109
f 6130 6099 6078
f 6130 6078 6110
f 6131 6101 6100
f 6131 6079 6111
f 6131 6100 6079
f 6131 6132 6101
f 6131 6133 6132
f 6134 6102 6080
f 6134 6112 4961
f 6134 4961 4962
f 6134 6080 6112
f 6135 6103 6113
f 6136 6104 6082
f 6136 6082 6114
f 6137 6105 6083
f 6137 6083 6115
f 6138 6084 6116
f 6138 6126 6106
f 6138 6106 6084
f 6139 6107 6085
f 6139 6085 6117
f 6139 6127 6107
f 6140 6086 6118
f 6140 6108 6086
f 6141 6109 6087
f 6141 6087 6119
f 6142 6110 6088
f 6142 6088 6120
f 6143 6089 6121
f 6143 6111 6089
f 6144 6113 6091
f 6144 6091 6122
f 6145 6092 6123
f 6145 6114 6092
f 6146 6093 6124
f 6146 6115 6093
f 6147 6094 6125
f 6147 6138 6116
f 6147 6116 6094
f 6148 6117 6126
f 6149 6096 6127
f 6149 6118 6096
f 6150 6141 6119
f 6150 6119 6128
f 6151 6098 6129
f 6151 6120 6098
f 6152 6121 6099
f 6152 6099 6130
f 6153 6134 4962
f 6153 4962 4963
f 6153 4963 4964
f 6153 6122 6102
f 6153 6102 6134
f 6154 6123 6103
f 6154 6103 6135
f 6155 6146 6124
f 6155 6124 6104
f 6155 6104 6136
f 6156 6105 6137
f 6156 6125 6105
f 6157 6126 6138
f 6158 6127 6139
f 6159 6108 6140
f 6159 6128 6108
f 6160 6151 6129
f 6160 6109 6141
f 6160 6129 6109
f 6161 6110 6142
f 6161 6130 6110
f 6162 6133 6131
f 6162 6111 6143
f 6162 6131 6111
f 6162 6163 6133
f 6164 6135 6113
f 6164 6113 6144
f 6165 6136 6114
f 6165 6114 6145
f 6166 6137 6115
f 6166 6115 6146
f 6167 6138 6147
f 6168 6117 6148
f 6168 6139 6117
f 6169 6140 6118
f 6169 6159 6140
f 6169 6118 6149
f 6170 6141 6150
f 6171 6142 6120
f 6171 6120 6151
f 6172 6121 6152
f 6172 6143 6121
f 6173 6122 6153
f 6173 6144 6122
f 6173 6153 4964
f 6174 6123 6154
f 6174 6145 6123
f 6174 6165 6145
f 6175 6146 6155
f 6175 6166 6146
f 6176 6147 6125
f 6176 6125 6156
f 6177 6126 6157
f 6177 6148 6126
f 6178 6149 6127
f 6178 6127 6158
f 6179 6150 6128
f 6179 6128 6159
f 6180 6171 6151
f 6180 6151 6160
f 6181 6152 6130
f 6181 6130 6161
f 6182 6135 6164
f 6182 6174 6154
f 6182 6154 6135
f 6183 6155 6136
f 6183 6136 6165
f 6184 6156 6137
f 6184 6137 6166
f 6185 6157 6138
f 6185 6138 6167
f 6186 6139 6168
f 6186 6158 6139
f 6187 6159 6169
f 6188 6141 6170
f 6188 6160 6141
f 6189 6142 6171
f 6189 6161 6142
f 6190 6143 6172
f 6190 6162 6143
f 6190 6163 6162
f 6190 6191 6163
f 6190 6192 6191
f 6193 6144 6173
f 6193 6173 4964
f 6193 4964 4965
f 6193 4965 4966
f 6193 6164 6144
f 6194 6165 6174
f 6195 6166 6175
f 6196 6147 6176
f 6196 6167 6147
f 6197 6168 6148
f 6197 6186 6168
f 6197 6148 6177
f 6198 6169 6149
f 6198 6149 6178
f 6198 6187 6169
f 6199 6150 6179
f 6199 6170 6150
f 6200 6171 6180
f 6201 6152 6181
f 6201 6172 6152
f 6202 6174 6182
f 6203 6175 6155
f 6203 6155 6183
f 6204 6156 6184
f 6204 6176 6156
f 6205 6177 6157
f 6205 6157 6185
f 6205 6197 6177
f 6206 6158 6186
f 6206 6178 6158
f 6206 6198 6178
f 6207 6159 6187
f 6207 6179 6159
f 6208 6180 6160
f 6208 6160 6188
f 6209 6181 6161
f 6209 6161 6189
f 6210 6182 6164
f 6210 6193 4966
f 6210 6164 6193
f 6211 6183 6165
f 6211 6165 6194
f 6212 6166 6195
f 6212 6184 6166
f 6212 6204 6184
f 6213 6185 6167
f 6213 6167 6196
f 6214 6186 6197
f 6215 6187 6198
f 6216 6208 6188
f 6216 6188 6170
f 6216 6170 6199
f 6217 6209 6189
f 6217 6189 6171
f 6217 6171 6200
f 6218 6190 6172
f 6218 6192 6190
f 6218 6172 6201
f 6218 6219 6192
f 6220 6174 6202
f 6220 6194 6174
f 6221 6195 6175
f 6221 6175 6203
f 6222 6176 6204
f 6222 6196 6176
f 6223 6197 6205
f 6224 6198 6206
f 6225 6179 6207
f 6225 6199 6179
f 6226 6180 6208
f 6226 6200 6180
f 6227 6181 6209
f 6227 6201 6181
f 6228 6210 4966
f 6228 6182 6210
f 6228 6202 6182
f 6228 4966 4967
f 6228 4967 4968
f 6229 6203 6183
f 6229 6183 6211
f 6230 6222 6204
f 6230 6204 6212
f 6231 6185 6213
f 6231 6205 6185
f 6232 6186 6214
f 6232 6206 6186
f 6233 6187 6215
f 6233 6207 6187
f 6234 6208 6216
f 6235 6209 6217
f 6236 6194 6220
f 6236 6229 6211
f 6236 6211 6194
f 6237 6230 6212
f 6237 6195 6221
f 6237 6212 6195
f 6238 6213 6196
f 6238 6196 6222
f 6239 6197 6223
f 6239 6214 6197
f 6240 6198 6224
f 6240 6215 6198
f 6241 6199 6225
f 6241 6216 6199
f 6242 6217 6200
f 6242 6200 6226
f 6243 6244 6219
f 6243 6218 6201
f 6243 6201 6227
f 6243 6219 6218
f 6245 4968 4969
f 6245 6228 4968
f 6245 6202 6228
f 6245 6220 6202
f 6246 6203 6229
f 6246 6221 6203
f 6247 6222 6230
f 6248 6223 6205
f 6248 6205 6231
f 6249 6206 6232
f 6249 6224 6206
f 6250 6241 6225
f 6250 6225 6207
f 6250 6207 6233
f 6251 6242 6226
f 6251 6226 6208
f 6251 6208 6234
f 6252 6227 6209
f 6252 6209 6235
f 6253 6229 6236
f 6254 6230 6237
f 6255 6231 6213
f 6255 6213 6238
f 6256 6249 6232
f 6256 6232 6214
f 6256 6214 6239
f 6257 6215 6240
f 6257 6250 6233
f 6257 6233 6215
f 6258 6216 6241
f 6258 6251 6234
f 6258 6234 6216
f 6259 6217 6242
f 6259 6235 6217
f 6260 6236 6220
f 6260 6220 6245
f 6260 6253 6236
f 6260 6245 4969
f 6261 6237 6221
f 6261 6221 6246
f 6262 6222 6247
f 6262 6238 6222
f 6263 6223 6248
f 6263 6239 6223
f 6264 6240 6224
f 6264 6224 6249
f 6265 6258 6241
f 6265 6241 6250
f 6266 6242 6251
f 6267 6268 6244
f 6267 6269 6268
f 6267 6243 6227
f 6267 6227 6252
f 6267 6244 6243
f 6270 6229 6253
f 6270 6261 6246
f 6270 6246 6229
f 6271 6230 6254
f 6271 6247 6230
f 6272 6231 6255
f 6272 6248 6231
f 6273 6249 6256
f 6274 6250 6257
f 6275 6251 6258
f 6276 6252 6235
f 6276 6235 6259
f 6277 6260 4969
f 6277 4969 4970
f 6277 4970 4971
f 6277 6253 6260
f 6278 6237 6261
f 6278 6254 6237
f 6279 6238 6262
f 6279 6255 6238
f 6280 6256 6239
f 6280 6239 6263
f 6281 6257 6240
f 6281 6240 6264
f 6282 6258 6265
f 6283 6242 6266
f 6283 6259 6242
f 6284 6261 6270
f 6285 6262 6247
f 6285 6247 6271
f 6286 6248 6272
f 6286 6263 6248
f 6287 6264 6249
f 6287 6249 6273
f 6288 6282 6265
f 6288 6250 6274
f 6288 6265 6250
f 6289 6251 6275
f 6289 6266 6251
f 6290 6291 6269
f 6290 6269 6267
f 6290 6252 6276
f 6290 6267 6252
f 6292 6277 4971
f 6292 6270 6253
f 6292 6253 6277
f 6293 6254 6278
f 6293 6271 6254
f 6294 6286 6272
f 6294 6255 6279
f 6294 6272 6255
f 6295 6273 6256
f 6295 6256 6280
f 6296 6274 6257
f 6296 6257 6281
f 6297 6258 6282
f 6297 6275 6258
f 6298 6276 6259
f 6298 6259 6283
f 6299 6261 6284
f 6299 6293 6278
f 6299 6278 6261
f 6300 6279 6262
f 6300 6262 6285
f 6301 6263 6286
f 6301 6280 6263
f 6302 6264 6287
f 6302 6281 6264
f 6302 6296 6281
f 6303 6282 6288
f 6303 6297 6282
f 6304 6283 6266
f 6304 6266 6289
f 6305 6270 6292
f 6305 6292 4971
f 6305 4971 4972
f 6305 4972 4973
f 6305 6284 6270
f 6306 6271 6293
f 6306 6285 6271
f 6307 6286 6294
f 6307 6301 6286
f 6308 6273 6295
f 6308 6287 6273
f 6309 6288 6274
f 6309 6274 6296
f 6310 6289 6275
f 6310 6275 6297
f 6311 6312 6291
f 6311 6313 6312
f 6311 6290 6276
f 6311 6291 6290
f 6311 6276 6298
f 6314 6306 6293
f 6314 6293 6299
f 6315 6279 6300
f 6315 6294 6279
f 6316 6295 6280
f 6316 6280 6301
f 6317 6296 6302
f 6318 6297 6303
f 6319 6298 6283
f 6319 6283 6304
f 6320 6299 6284
f 6320 6284 6305
f 6320 6305 4973
f 6321 6300 6285
f 6321 6285 6306
f 6322 6301 6307
f 6323 6287 6308
f 6323 6302 6287
f 6324 6288 6309
f 6324 6303 6288
f 6325 6289 6310
f 6325 6304 6289
f 6325 6319 6304
f 6326 6306 6314
f 6327 6307 6294
f 6327 6294 6315
f 6328 6295 6316
f 6328 6308 6295
f 6329 6309 6296
f 6329 6324 6309
f 6329 6296 6317
f 6330 6325 6310
f 6330 6310 6297
f 6330 6297 6318
f 6331 6332 6313
f 6331 6311 6298
f 6331 6298 6319
f 6331 6313 6311
f 6333 6320 4973
f 6333 6314 6299
f 6333 4973 4974
f 6333 4974 4975
f 6333 6299 6320
f 6334 6300 6321
f 6334 6315 6300
f 6335 6328 6316
f 6335 6316 6301
f 6335 6301 6322
f 6336 6317 6302
f 6336 6302 6323
f 6337 6318 6303
f 6337 6303 6324
f 6338 6319 6325
f 6338 6331 6319
f 6339 6306 6326
f 6339 6321 6306
f 6340 6322 6307
f 6340 6307 6327
f 6341 6323 6308
f 6341 6308 6328
f 6342 6324 6329
f 6343 6325 6330
f 6343 6338 6325
f 6344 6314 6333
f 6344 6326 6314
f 6344 6333 4975
f 6344 6339 6326
f 6345 6327 6315
f 6345 6315 6334
f 6346 6328 6335
f 6346 6341 6328
f 6347 6329 6317
f 6347 6342 6329
f 6347 6317 6336
f 6348 6330 6318
f 6348 6318 6337
f 6349 6331 6338
f 6349 6350 6332
f 6349 6332 6331
f 6351 6345 6334
f 6351 6321 6339
f 6351 6334 6321
f 6352 6322 6340
f 6352 6335 6322
f 6353 6323 6341
f 6353 6336 6323
f 6354 6348 6337
f 6354 6337 6324
f 6354 6324 6342
f 6355 6349 6338
f 6355 6338 6343
f 6356 6344 4975
f 6356 4975 4976
f 6356 4976 4977
f 6356 6339 6344
f 6357 6340 6327
f 6357 6327 6345
f 6358 6341 6346
f 6359 6342 6347
f 6360 6330 6348
f 6360 6343 6330
f 6361 6357 6345
f 6361 6345 6351
f 6362 6335 6352
f 6362 6346 6335
f 6363 6347 6336
f 6363 6336 6353
f 6364 6348 6354
f 6365 6349 6355
f 6365 6366 6350
f 6365 6367 6366
f 6365 6350 6349
f 6368 6356 4977
f 6368 6351 6339
f 6368 6339 6356
f 6369 6340 6357
f 6369 6352 6340
f 6370 6341 6358
f 6370 6353 6341
f 6370 6363 6353
f 6371 6342 6359
f 6371 6354 6342
f 6372 6355 6343
f 6372 6343 6360
f 6373 6357 6361
f 6374 6346 6362
f 6374 6358 6346
f 6375 6347 6363
f 6375 6359 6347
f 6375 6371 6359
f 6376 6348 6364
f 6376 6360 6348
f 6377 6368 4977
f 6377 6351 6368
f 6377 4977 4978
f 6377 6361 6351
f 6378 6352 6369
f 6378 6362 6352
f 6379 6363 6370
f 6379 6375 6363
f 6380 6364 6354
f 6380 6354 6371
f 6381 6382 6367
f 6381 6365 6355
f 6381 6367 6365
f 6381 6355 6372
f 6383 6357 6373
f 6383 6369 6357
f 6384 6370 6358
f 6384 6358 6374
f 6385 6371 6375
f 6386 6381 6372
f 6386 6372 6360
f 6386 6360 6376
f 6387 6361 6377
f 6387 6373 6361
f 6387 4978 4979
f 6387 4979 4980
f 6387 6377 4978
f 6388 6374 6362
f 6388 6362 6378
f 6389 6385 6375
f 6389 6375 6379
f 6390 6376 6364
f 6390 6364 6380
f 6391 6378 6369
f 6391 6369 6383
f 6392 6379 6370
f 6392 6370 6384
f 6393 6371 6385
f 6393 6380 6371
f 6394 6395 6382
f 6394 6396 6395
f 6394 6381 6386
f 6394 6382 6381
f 6397 6387 4980
f 6397 6383 6373
f 6397 6373 6387
f 6398 6374 6388
f 6398 6384 6374
f 6399 6393 6385
f 6399 6385 6389
f 6400 6386 6376
f 6400 6376 6390
f 6401 6378 6391
f 6401 6388 6378
f 6402 6379 6392
f 6402 6389 6379
f 6403 6390 6380
f 6403 6380 6393
f 6404 6397 4980
f 6404 6391 6383
f 6404 6383 6397
f 6404 4980 4981
f 6405 6384 6398
f 6405 6392 6384
f 6406 6393 6399
f 6407 6408 6396
f 6407 6386 6400
f 6407 6394 6386
f 6407 6396 6394
f 6409 6388 6401
f 6409 6398 6388
f 6409 6405 6398
f 6410 6389 6402
f 6410 6399 6389
f 6411 6400 6390
f 6411 6390 6403
f 6411 6407 6400
f 6412 6401 6391
f 6412 6391 6404
f 6412 6409 6401
f 6412 6404 4981
f 6412 4981 4982
f 6413 6402 6392
f 6413 6392 6405
f 6413 6410 6402
f 6414 6403 6393
f 6414 6393 6406
f 6415 6405 6409
f 6415 6413 6405
f 6416 6406 6399
f 6416 6399 6410
f 6417 6418 6408
f 6417 6408 6407
f 6417 6407 6411
f 6419 6409 6412
f 6419 6412 4982
f 6419 4982 4983
f 6419 4983 4984
f 6420 6410 6413
f 6421 6411 6403
f 6421 6403 6414
f 6421 6417 6411
f 6422 6413 6415
f 6423 6406 6416
f 6423 6414 6406
f 6424 6415 6409
f 6424 6409 6419
f 6424 6419 4984
f 6425 6416 6410
f 6425 6410 6420
f 6426 6417 6421
f 6426 6427 6418
f 6426 6428 6427
f 6426 6418 6417
f 6429 6420 6413
f 6429 6413 6422
f 6430 6414 6423
f 6430 6421 6414
f 6431 6424 4984
f 6431 4984 4985
f 6431 6422 6415
f 6431 6415 6424
f 6432 6416 6425
f 6432 6423 6416
f 6433 6420 6429
f 6433 6425 6420
f 6433 6432 6425
f 6434 6435 6428
f 6434 6428 6426
f 6434 6421 6430
f 6434 6426 6421
f 6436 6431 4985
f 6436 6422 6431
f 6436 4985 4986
f 6436 4986 4987
f 6436 6429 6422
f 6437 6423 6432
f 6437 6430 6423
f 6438 6432 6433
f 6438 6437 6432
f 6439 6433 6429
f 6439 6429 6436
f 6439 6436 4987
f 6440 6435 6434
f 6440 6441 6435
f 6440 6442 6441
f 6440 6434 6430
f 6440 6430 6437
f 6443 6437 6438
f 6443 6440 6437
f 6444 6439 4987
f 6444 6433 6439
f 6444 6438 6433
f 6444 4987 4988
f 6444 4988 4989
f 6445 6446 6442
f 6445 6442 6440
f 6445 6440 6443
f 6447 6443 6438
f 6447 6438 6444
f 6447 6444 4989
f 6448 5737 6446
f 6448 6446 6445
f 6448 6445 6443
f 6448 6443 6447
f 6448 6447 4989
f 6448 4990 5737
f 6448 4989 4990
f 5735 4243 4242
f 5736 4243 5735
f 6069 4576 4243
f 6069 4608 4576
f 6069 4243 5736
f 6101 4608 6069
f 6132 4639 4608
f 6132 4608 6101
f 6133 4640 4639
f 6133 4670 4640
f 6133 4639 6132
f 6163 4670 6133
f 6191 4698 4670
f 6191 4670 6163
f 6192 4699 4698
f 6192 4726 4699
f 6192 4698 6191
f 6219 4726 6192
f 6244 4751 4726
f 6244 4726 6219
f 6268 4775 4751
f 6268 4751 6244
f 6269 4776 4775
f 6269 4775 6268
f 6291 4798 4776
f 6291 4819 4798
f 6291 4776 6269
f 6312 4819 6291
f 6313 4820 4819
f 6313 4839 4820
f 6313 4819 6312
f 6332 4839 6313
f 6350 4857 4839
f 6350 4873 4857
f 6350 4839 6332
f 6366 4873 6350
f 6367 4874 4873
f 6367 4873 6366
f 6382 4889 4874
f 6382 4874 6367
f 6395 4902 4889
f 6395 4889 6382
f 6396 4903 4902
f 6396 4902 6395
f 6408 4915 4903
f 6408 4925 4915
f 6408 4903 6396
f 6418 4925 6408
f 6427 4934 4925
f 6427 4925 6418
f 6428 4935 4934
f 6428 4934 6427
f 6435 4942 4935
f 6435 4948 4942
f 6435 4935 6428
f 6441 4949 4948
f 6441 4948 6435
f 6442 4949 6441
f 6446 4953 4949
f 6446 4949 6442
f 5737 4244 4953
f 5737 3340 4244
f 5737 4953 6446
f 3339 3340 5737
f 4242 3405 3404
f 4242 3404 5735
f 4956 4959 4958
f 4956 4957 4959
usemtl mat_1
f 4957 4959 6449
f 6450 4957 6449
f 4956 6451 4958
f 6452 6451 4956
f 6452 6449 6451
f 6452 6450 6449
f 4956 4958 4959
f 4956 4959 4957
f 4958 6449 4959
f 4958 6451 6449
f 4956 4957 6450
f 4956 6450 6452
usemtl mat_2
f 6453 6454 6455
f 6453 6456 6454
f 6457 6458 6459
f 6457 6459 6460
f 6458 6453 6455
f 6457 6453 6458
f 6459 6454 6456
f 6460 6459 6456
f 6459 6455 6454
f 6459 6458 6455
f 6460 6456 6453
f 6460 6453 6457
usemtl mat_3
f 6461 6456 6462
f 6461 6463 6456
f 6464 6465 6460
f 6464 6460 6466
f 6465 6461 6462
f 6464 6461 6465
f 6460 6456 6463
f 6466 6460 6463
f 6460 6462 6456
f 6460 6465 6462
f 6466 6463 6461
f 6466 6461 6464
usemtl mat_4
f 6467 6468 6469
f 6467 6470 6468
f 6471 6472 6473
f 6474 6475 6476
f 6477 6474 6476
f 6478 6479 6477
f 6480 6481 6482
f 6483 6473 6484
f 6483 6484 6485
f 6483 6485 6486
f 6483 6486 6487
f 6483 6487 6488
f 6483 6488 6489
f 6483 6489 6490
f 6483 6490 6491
f 6483 6491 6492
f 6483 6492 6493
f 6483 6493 6494
f 6483 6494 6495
f 6483 6495 6496
f 6483 6496 6497
f 6483 6497 6498
f 6483 6498 6499
f 6483 6471 6473
f 6469 6500 6501
f 6469 6501 6480
f 6469 6482 6478
f 6469 6476 6502
f 6469 6502 6471
f 6469 6478 6477
f 6469 6477 6476
f 6469 6480 6482
f 6469 6471 6483
f 6503 6504 6505
f 6503 6506 6504
f 6507 6503 6505
f 6508 6507 6505
f 6509 6510 6508
f 6511 6512 6509
f 6513 6508 6505
f 6513 6509 6508
f 6513 6511 6509
f 6513 6505 6467
f 6514 6513 6467
f 6515 6514 6467
f 6516 6515 6467
f 6517 6516 6467
f 6518 6519 6517
f 6518 6520 6519
f 6521 6517 6467
f 6521 6518 6517
f 6522 6521 6467
f 6523 6522 6467
f 6523 6524 6522
f 6525 6523 6467
f 6526 6525 6467
f 6526 6527 6525
f 6528 6529 6526
f 6530 6531 6528
f 6532 6530 6528
f 6533 6469 6483
f 6533 6467 6469
f 6533 6526 6467
f 6533 6528 6526
f 6533 6532 6528
f 6533 6534 6532
f 6535 6536 6537
f 6538 6539 6536
f 6538 6536 6535
f 6540 6538 6541
f 6540 6539 6538
f 6542 6543 6544
f 6545 6542 6546
f 6545 6540 6543
f 6545 6543 6542
f 6547 6545 6548
f 6547 6540 6545
f 6549 6540 6547
f 6550 6549 6551
f 6550 6540 6549
f 6552 6550 6553
f 6552 6540 6550
f 6554 6540 6552
f 6555 6540 6554
f 6556 6540 6555
f 6556 6539 6540
f 6557 6539 6556
f 6558 6539 6557
f 6559 6539 6558
f 6560 6561 6562
f 6560 6559 6561
f 6563 6539 6559
f 6563 6559 6560
f 6564 6563 6565
f 6564 6539 6563
f 6566 6564 6567
f 6566 6539 6564
f 6568 6483 6539
f 6568 6533 6483
f 6569 6539 6566
f 6569 6568 6539
f 6570 6568 6569
f 6571 6570 6569
f 6571 6569 6572
f 6571 6572 6573
f 6571 6573 6574
f 6571 6575 6570
f 6576 6571 6574
f 6576 6574 6577
f 6578 6579 6571
f 6580 6576 6581
f 6582 6576 6580
f 6583 6584 6585
f 6586 6583 6585
f 6586 6585 6578
f 6587 6576 6582
f 6587 6582 6588
f 6589 6571 6576
f 6589 6586 6578
f 6589 6578 6571
f 6589 6576 6587
f 6590 6587 6591
f 6590 6591 6592
f 6593 6589 6587
f 6593 6587 6590
f 6593 6594 6595
f 6593 6595 6589
f 6596 6590 6597
f 6596 6597 6598
f 6596 6599 6600
f 6596 6600 6593
f 6596 6593 6590
f 6601 6500 6469
f 6601 6469 6468
f 6602 6501 6500
f 6602 6500 6601
f 6603 6480 6501
f 6603 6501 6602
f 6604 6481 6480
f 6604 6480 6603
f 6605 6482 6481
f 6605 6481 6604
f 6606 6478 6482
f 6606 6482 6605
f 6607 6479 6478
f 6607 6478 6606
f 6608 6477 6479
f 6608 6474 6477
f 6608 6479 6607
f 6609 6474 6608
f 6610 6475 6474
f 6610 6474 6609
f 6611 6476 6475
f 6611 6475 6610
f 6612 6502 6476
f 6612 6476 6611
f 6613 6471 6502
f 6613 6502 6612
f 6614 6472 6471
f 6614 6471 6613
f 6615 6473 6472
f 6615 6472 6614
f 6616 6484 6473
f 6616 6473 6615
f 6617 6485 6484
f 6617 6484 6616
f 6618 6486 6485
f 6618 6485 6617
f 6619 6487 6486
f 6619 6486 6618
f 6620 6488 6487
f 6620 6487 6619
f 6621 6489 6488
f 6621 6488 6620
f 6622 6490 6489
f 6622 6491 6490
f 6622 6489 6621
f 6623 6491 6622
f 6624 6492 6491
f 6624 6491 6623
f 6625 6493 6492
f 6625 6492 6624
f 6626 6494 6493
f 6626 6495 6494
f 6626 6493 6625
f 6627 6495 6626
f 6628 6496 6495
f 6628 6497 6496
f 6628 6495 6627
f 6629 6497 6628
f 6630 6498 6497
f 6630 6499 6498
f 6630 6497 6629
f 6631 6499 6630
f 6632 6483 6499
f 6632 6499 6631
f 6633 6467 6505
f 6633 6470 6467
f 6634 6505 6504
f 6634 6633 6505
f 6635 6504 6506
f 6635 6634 6504
f 6636 6506 6503
f 6636 6635 6506
f 6637 6503 6507
f 6637 6636 6503
f 6638 6507 6508
f 6638 6637 6507
f 6639 6508 6510
f 6639 6638 6508
f 6640 6510 6509
f 6640 6639 6510
f 6641 6640 6509
f 6641 6509 6512
f 6642 6512 6511
f 6642 6641 6512
f 6643 6511 6513
f 6643 6642 6511
f 6644 6513 6514
f 6644 6643 6513
f 6645 6514 6515
f 6645 6515 6516
f 6645 6644 6514
f 6646 6516 6517
f 6646 6645 6516
f 6647 6646 6517
f 6648 6517 6519
f 6648 6519 6520
f 6648 6647 6517
f 6649 6648 6520
f 6650 6520 6518
f 6650 6649 6520
f 6651 6518 6521
f 6651 6521 6522
f 6651 6650 6518
f 6652 6522 6524
f 6652 6651 6522
f 6653 6524 6523
f 6653 6652 6524
f 6654 6653 6523
f 6655 6523 6525
f 6655 6654 6523
f 6656 6525 6527
f 6656 6655 6525
f 6657 6527 6526
f 6657 6526 6529
f 6657 6656 6527
f 6658 6657 6529
f 6659 6529 6528
f 6659 6528 6531
f 6659 6658 6529
f 6660 6659 6531
f 6661 6531 6530
f 6661 6530 6532
f 6661 6660 6531
f 6662 6661 6532
f 6663 6532 6534
f 6663 6662 6532
f 6664 6534 6533
f 6664 6663 6534
f 6613 6615 6614
f 6609 6611 6610
f 6608 6611 6609
f 6606 6608 6607
f 6603 6605 6604
f 6632 6616 6615
f 6632 6617 6616
f 6632 6618 6617
f 6632 6619 6618
f 6632 6620 6619
f 6632 6621 6620
f 6632 6622 6621
f 6632 6623 6622
f 6632 6624 6623
f 6632 6625 6624
f 6632 6626 6625
f 6632 6627 6626
f 6632 6628 6627
f 6632 6629 6628
f 6632 6630 6629
f 6632 6631 6630
f 6632 6615 6613
f 6468 6602 6601
f 6468 6603 6602
f 6468 6606 6605
f 6468 6612 6611
f 6468 6613 6612
f 6468 6608 6606
f 6468 6611 6608
f 6468 6605 6603
f 6468 6632 6613
f 6636 6633 6634
f 6636 6634 6635
f 6637 6633 6636
f 6638 6633 6637
f 6640 6638 6639
f 6642 6640 6641
f 6643 6633 6638
f 6643 6638 6640
f 6643 6640 6642
f 6643 6470 6633
f 6644 6470 6643
f 6645 6470 6644
f 6646 6470 6645
f 6647 6470 6646
f 6650 6647 6648
f 6650 6648 6649
f 6651 6470 6647
f 6651 6647 6650
f 6652 6470 6651
f 6654 6470 6652
f 6654 6652 6653
f 6655 6470 6654
f 6657 6470 6655
f 6657 6655 6656
f 6659 6657 6658
f 6661 6659 6660
f 6662 6659 6661
f 6664 6632 6468
f 6664 6468 6470
f 6664 6470 6657
f 6664 6657 6659
f 6664 6659 6662
f 6664 6662 6663
f 6665 6666 6667
f 6668 6667 6669
f 6668 6665 6667
f 6670 6671 6668
f 6670 6668 6669
f 6672 6673 6674
f 6675 6676 6672
f 6675 6674 6670
f 6675 6672 6674
f 6677 6678 6675
f 6677 6675 6670
f 6679 6677 6670
f 6680 6681 6679
f 6680 6679 6670
f 6682 6683 6680
f 6682 6680 6670
f 6684 6682 6670
f 6685 6684 6670
f 6686 6685 6670
f 6686 6670 6669
f 6687 6686 6669
f 6688 6687 6669
f 6689 6688 6669
f 6690 6691 6692
f 6690 6692 6689
f 6693 6689 6669
f 6693 6690 6689
f 6694 6695 6693
f 6694 6693 6669
f 6696 6697 6694
f 6696 6694 6669
f 6698 6669 6632
f 6698 6632 6664
f 6699 6696 6669
f 6699 6669 6698
f 6700 6699 6698
f 6701 6699 6700
f 6701 6702 6699
f 6701 6703 6702
f 6701 6704 6703
f 6701 6700 6705
f 6706 6704 6701
f 6706 6707 6704
f 6708 6701 6709
f 6710 6711 6706
f 6712 6710 6706
f 6713 6714 6715
f 6716 6714 6713
f 6716 6708 6714
f 6717 6712 6706
f 6717 6718 6712
f 6719 6706 6701
f 6719 6708 6716
f 6719 6701 6708
f 6719 6717 6706
f 6720 6721 6717
f 6720 6722 6721
f 6723 6717 6719
f 6723 6720 6717
f 6723 6724 6725
f 6723 6719 6724
f 6726 6727 6720
f 6726 6728 6727
f 6726 6729 6730
f 6726 6723 6729
f 6726 6720 6723
f 6669 6483 6632
f 6669 6539 6483
f 6697 6566 6567
f 6697 6696 6566
f 6694 6567 6564
f 6694 6697 6567
f 6695 6564 6565
f 6695 6694 6564
f 6693 6565 6563
f 6693 6695 6565
f 6690 6563 6560
f 6690 6693 6563
f 6691 6560 6562
f 6691 6690 6560
f 6692 6562 6561
f 6692 6691 6562
f 6689 6561 6559
f 6689 6559 6558
f 6689 6692 6561
f 6688 6689 6558
f 6687 6558 6557
f 6687 6688 6558
f 6686 6557 6556
f 6686 6687 6557
f 6685 6556 6555
f 6685 6686 6556
f 6684 6555 6554
f 6684 6685 6555
f 6682 6554 6552
f 6682 6684 6554
f 6683 6552 6553
f 6683 6682 6552
f 6680 6553 6550
f 6680 6683 6553
f 6681 6550 6551
f 6681 6680 6550
f 6679 6551 6549
f 6679 6681 6551
f 6677 6549 6547
f 6677 6679 6549
f 6678 6547 6548
f 6678 6677 6547
f 6675 6548 6545
f 6675 6678 6548
f 6676 6545 6546
f 6676 6546 6542
f 6676 6675 6545
f 6672 6676 6542
f 6673 6542 6544
f 6673 6672 6542
f 6674 6544 6543
f 6674 6673 6544
f 6670 6543 6540
f 6670 6540 6541
f 6670 6674 6543
f 6671 6670 6541
f 6668 6541 6538
f 6668 6538 6535
f 6668 6671 6541
f 6665 6668 6535
f 6666 6535 6537
f 6666 6537 6536
f 6666 6665 6535
f 6667 6666 6536
f 6669 6536 6539
f 6669 6667 6536
f 6569 6566 6696
f 6569 6696 6699
f 6702 6572 6569
f 6702 6569 6699
f 6703 6573 6572
f 6703 6572 6702
f 6704 6574 6573
f 6704 6573 6703
f 6707 6577 6574
f 6707 6574 6704
f 6706 6576 6577
f 6706 6577 6707
f 6711 6581 6576
f 6711 6576 6706
f 6710 6580 6581
f 6710 6581 6711
f 6712 6582 6580
f 6712 6580 6710
f 6718 6582 6712
f 6718 6588 6582
f 6717 6587 6588
f 6717 6588 6718
f 6721 6591 6587
f 6721 6587 6717
f 6722 6592 6591
f 6722 6591 6721
f 6720 6590 6592
f 6720 6597 6590
f 6720 6592 6722
f 6727 6598 6597
f 6727 6597 6720
f 6728 6598 6727
f 6726 6596 6598
f 6726 6599 6596
f 6726 6598 6728
f 6730 6599 6726
f 6729 6600 6599
f 6729 6599 6730
f 6723 6593 6600
f 6723 6594 6593
f 6723 6600 6729
f 6725 6595 6594
f 6725 6594 6723
f 6724 6589 6595
f 6724 6595 6725
f 6719 6589 6724
f 6716 6586 6589
f 6716 6589 6719
f 6713 6583 6586
f 6713 6586 6716
f 6715 6584 6583
f 6715 6585 6584
f 6715 6583 6713
f 6714 6585 6715
f 6708 6578 6585
f 6708 6579 6578
f 6708 6585 6714
f 6709 6579 6708
f 6701 6571 6579
f 6701 6575 6571
f 6701 6579 6709
f 6705 6575 6701
f 6700 6570 6575
f 6700 6575 6705
f 6698 6568 6570
f 6698 6570 6700
f 6698 6664 6533
f 6698 6533 6568
usemtl mat_5
f 6731 6732 6733
f 6731 6734 6732
f 6735 6736 6737
f 6735 6737 6738
f 6735 6733 6736
f 6735 6731 6733
f 6738 6737 6732
f 6738 6732 6734
f 6736 6733 6732
f 6737 6736 6732
f 6735 6734 6731
f 6738 6734 6735
usemtl mat_6
f 6739 6740 6741
f 6739 6741 6742
f 6743 6742 6744
f 6743 6739 6742
f 6745 6744 6746
f 6745 6743 6744
f 6747 6746 6748
f 6747 6745 6746
f 6749 6748 6750
f 6749 6747 6748
f 6751 6750 6752
f 6751 6752 6753
f 6751 6749 6750
f 6754 6751 6753
f 6755 6753 6756
f 6755 6754 6753
f 6757 6756 6758
f 6757 6755 6756
f 6759 6758 6760
f 6759 6760 6761
f 6759 6757 6758
f 6762 6759 6761
f 6763 6762 6761
f 6763 6761 6764
f 6765 6763 6764
f 6765 6764 6766
f 6767 6765 6766
f 6767 6766 6768
f 6769 6767 6768
f 6769 6768 6770
f 6771 6769 6770
f 6771 6770 6772
f 6773 6771 6772
f 6773 6772 6774
f 6773 6774 6775
f 6776 6773 6775
f 6777 6776 6775
f 6777 6775 6778
f 6779 6777 6778
f 6779 6778 6780
f 6779 6780 6781
f 6782 6779 6781
f 6782 6781 6783
f 6784 6782 6783
f 6785 6783 6786
f 6785 6784 6783
f 6787 6786 6788
f 6787 6785 6786
f 6789 6788 6790
f 6789 6787 6788
f 6791 6790 6792
f 6791 6789 6790
f 6793 6792 6794
f 6793 6791 6792
f 6795 6794 6796
f 6795 6793 6794
f 6797 6796 6798
f 6797 6795 6796
f 6799 6798 6800
f 6799 6797 6798
f 6801 6800 6802
f 6801 6799 6800
f 6803 6802 6804
f 6803 6804 6805
f 6803 6801 6802
f 6806 6803 6805
f 6807 6805 6808
f 6807 6806 6805
f 6809 6808 6810
f 6809 6807 6808
f 6811 6810 6812
f 6811 6809 6810
f 6813 6811 6812
f 6813 6812 6814
f 6815 6813 6814
f 6815 6814 6816
f 6817 6815 6816
f 6817 6816 6818
f 6819 6817 6818
f 6819 6818 6820
f 6821 6819 6820
f 6821 6820 6822
f 6823 6821 6822
f 6823 6822 6824
f 6825 6823 6824
f 6825 6824 6826
f 6827 6825 6826
f 6827 6826 6828
f 6829 6827 6828
f 6829 6828 6830
f 6831 6829 6830
f 6831 6830 6832
f 6833 6831 6832
f 6833 6832 6834
f 6835 6833 6834
f 6835 6834 6836
f 6837 6835 6836
f 6837 6836 6838
f 6839 6837 6838
f 6839 6838 6840
f 6841 6839 6840
f 6841 6840 6842
f 6843 6841 6842
f 6843 6842 6844
f 6843 6844 6845
f 6846 6843 6845
f 6847 6846 6845
f 6847 6845 6848
f 6849 6847 6848
f 6849 6848 6850
f 6851 6849 6850
f 6851 6850 6852
f 6853 6851 6852
f 6853 6852 6854
f 6855 6854 6856
f 6855 6853 6854
f 6857 6856 6858
f 6857 6855 6856
f 6859 6858 6860
f 6859 6857 6858
f 6861 6860 6862
f 6861 6859 6860
f 6863 6861 6862
f 6863 6862 6864
f 6865 6863 6864
f 6865 6864 6866
f 6867 6865 6866
f 6867 6866 6868
f 6869 6867 6868
f 6869 6868 6870
f 6871 6869 6870
f 6871 6870 6872
f 6873 6871 6872
f 6873 6872 6874
f 6875 6873 6874
f 6875 6874 6876
f 6877 6875 6876
f 6877 6876 6878
f 6879 6877 6878
f 6879 6878 6880
f 6881 6879 6880
f 6881 6880 6882
f 6883 6881 6882
f 6883 6882 6884
f 6885 6883 6884
f 6885 6884 6886
f 6887 6885 6886
f 6887 6886 6888
f 6889 6888 6890
f 6889 6887 6888
f 6891 6890 6892
f 6891 6889 6890
f 6893 6892 6894
f 6893 6891 6892
f 6895 6894 6896
f 6895 6893 6894
f 6897 6896 6898
f 6897 6895 6896
f 6899 6898 6900
f 6899 6897 6898
f 6901 6900 6902
f 6901 6899 6900
f 6903 6902 6904
f 6903 6901 6902
f 6905 6904 6906
f 6905 6903 6904
f 6907 6906 6908
f 6907 6905 6906
f 6909 6908 6910
f 6909 6907 6908
f 6911 6910 6912
f 6911 6909 6910
f 6913 6912 6914
f 6913 6911 6912
f 6915 6913 6914
f 6915 6914 6916
f 6917 6915 6916
f 6917 6916 6918
f 6919 6917 6918
f 6919 6918 6920
f 6921 6919 6920
f 6921 6920 6922
f 6923 6922 6924
f 6923 6921 6922
f 6925 6924 6926
f 6925 6923 6924
f 6927 6926 6928
f 6927 6925 6926
f 6929 6928 6930
f 6929 6927 6928
f 6931 6930 6932
f 6931 6929 6930
f 6933 6932 6934
f 6933 6931 6932
f 6935 6934 6936
f 6935 6933 6934
f 6937 6936 6938
f 6937 6935 6936
f 6939 6938 6940
f 6939 6937 6938
f 6941 6940 6942
f 6941 6939 6940
f 6943 6942 6944
f 6943 6941 6942
f 6945 6944 6946
f 6945 6943 6944
f 6947 6946 6948
f 6947 6945 6946
f 6949 6948 6950
f 6949 6947 6948
f 6951 6950 6952
f 6951 6949 6950
f 6953 6952 6954
f 6953 6951 6952
f 6955 6954 6956
f 6955 6953 6954
f 6957 6956 6958
f 6957 6955 6956
f 6959 6958 6960
f 6959 6957 6958
f 6961 6960 6962
f 6961 6959 6960
f 6963 6961 6962
f 6963 6962 6964
f 6965 6963 6964
f 6965 6964 6966
f 6967 6965 6966
f 6967 6966 6968
f 6969 6967 6968
f 6969 6968 6970
f 6971 6969 6970
f 6971 6970 6972
f 6973 6971 6972
f 6973 6972 6974
f 6975 6973 6974
f 6975 6974 6976
f 6977 6975 6976
f 6977 6976 6978
f 6979 6977 6978
f 6979 6978 6980
f 6981 6979 6980
f 6981 6980 6982
f 6983 6981 6982
f 6983 6982 6984
f 6985 6983 6984
f 6985 6984 6986
f 6987 6985 6986
f 6987 6986 6988
f 6989 6988 6990
f 6989 6987 6988
f 6740 6990 6741
f 6740 6989 6990
f 6901 6897 6899
f 6907 6901 6903
f 6907 6903 6905
f 6881 6883 6885
f 6881 6885 6887
f 6881 6887 6889
f 6881 6889 6891
f 6881 6891 6893
f 6881 6893 6895
f 6881 6895 6897
f 6877 6879 6881
f 6917 6913 6915
f 6919 6913 6917
f 6919 6909 6911
f 6919 6911 6913
f 6923 6919 6921
f 6869 6871 6873
f 6925 6919 6923
f 6927 6919 6925
f 6865 6867 6869
f 6859 6861 6863
f 6859 6863 6865
f 6859 6873 6875
f 6859 6875 6877
f 6859 6869 6873
f 6859 6865 6869
f 6935 6927 6929
f 6935 6929 6931
f 6935 6931 6933
f 6853 6855 6857
f 6853 6857 6859
f 6941 6937 6939
f 6945 6941 6943
f 6945 6937 6941
f 6945 6935 6937
f 6947 6935 6945
f 6846 6847 6849
f 6841 6846 6849
f 6841 6843 6846
f 6841 6849 6851
f 6841 6851 6853
f 6953 6927 6935
f 6953 6947 6949
f 6953 6949 6951
f 6953 6935 6947
f 6953 6909 6919
f 6953 6907 6909
f 6953 6919 6927
f 6839 6841 6853
f 6957 6953 6955
f 6959 6953 6957
f 6961 6907 6953
f 6961 6953 6959
f 6831 6833 6835
f 6831 6835 6837
f 6831 6837 6839
f 6963 6907 6961
f 6829 6831 6839
f 6965 6907 6963
f 6825 6827 6829
f 6825 6829 6839
f 6823 6839 6853
f 6823 6825 6839
f 6971 6965 6967
f 6971 6967 6969
f 6819 6821 6823
f 6975 6971 6973
f 6977 6907 6965
f 6977 6965 6971
f 6977 6971 6975
f 6815 6817 6819
f 6981 6977 6979
f 6985 6981 6983
f 6985 6901 6907
f 6985 6907 6977
f 6985 6977 6981
f 6807 6809 6811
f 6807 6811 6813
f 6807 6813 6815
f 6803 6806 6807
f 6803 6807 6815
f 6740 6985 6987
f 6740 6987 6989
f 6801 6803 6815
f 6801 6819 6823
f 6801 6815 6819
f 6739 6985 6740
f 6739 6897 6901
f 6739 6881 6897
f 6739 6901 6985
f 6743 6881 6739
f 6797 6799 6801
f 6745 6881 6743
f 6795 6797 6801
f 6793 6795 6801
f 6751 6745 6747
f 6751 6747 6749
f 6751 6881 6745
f 6751 6877 6881
f 6789 6791 6793
f 6787 6793 6801
f 6787 6789 6793
f 6755 6859 6877
f 6755 6751 6754
f 6755 6853 6859
f 6755 6877 6751
f 6785 6787 6801
f 6759 6755 6757
f 6782 6784 6785
f 6782 6785 6801
f 6777 6779 6782
f 6767 6759 6762
f 6767 6762 6763
f 6767 6763 6765
f 6767 6755 6759
f 6773 6776 6777
f 6769 6853 6755
f 6769 6755 6767
f 6771 6801 6823
f 6771 6782 6801
f 6771 6777 6782
f 6771 6853 6769
f 6771 6823 6853
f 6771 6773 6777
f 6902 6900 6898
f 6908 6904 6902
f 6908 6906 6904
f 6882 6886 6884
f 6882 6888 6886
f 6882 6890 6888
f 6882 6892 6890
f 6882 6894 6892
f 6882 6896 6894
f 6882 6898 6896
f 6878 6882 6880
f 6918 6916 6914
f 6920 6918 6914
f 6920 6912 6910
f 6920 6914 6912
f 6924 6922 6920
f 6870 6874 6872
f 6926 6924 6920
f 6928 6926 6920
f 6866 6870 6868
f 6860 6864 6862
f 6860 6866 6864
f 6860 6876 6874
f 6860 6878 6876
f 6860 6874 6870
f 6860 6870 6866
f 6936 6930 6928
f 6936 6932 6930
f 6936 6934 6932
f 6854 6858 6856
f 6854 6860 6858
f 6942 6940 6938
f 6946 6944 6942
f 6946 6942 6938
f 6946 6938 6936
f 6948 6946 6936
f 6845 6850 6848
f 6842 6850 6845
f 6842 6845 6844
f 6842 6852 6850
f 6842 6854 6852
f 6954 6936 6928
f 6954 6950 6948
f 6954 6952 6950
f 6954 6948 6936
f 6954 6920 6910
f 6954 6910 6908
f 6954 6928 6920
f 6840 6854 6842
f 6958 6956 6954
f 6960 6958 6954
f 6962 6954 6908
f 6962 6960 6954
f 6832 6836 6834
f 6832 6838 6836
f 6832 6840 6838
f 6964 6962 6908
f 6830 6840 6832
f 6966 6964 6908
f 6826 6830 6828
f 6826 6840 6830
f 6824 6854 6840
f 6824 6840 6826
f 6972 6968 6966
f 6972 6970 6968
f 6820 6824 6822
f 6976 6974 6972
f 6978 6966 6908
f 6978 6972 6966
f 6978 6976 6972
f 6816 6820 6818
f 6982 6980 6978
f 6986 6984 6982
f 6986 6908 6902
f 6986 6978 6908
f 6986 6982 6978
f 6808 6812 6810
f 6808 6814 6812
f 6808 6816 6814
f 6804 6808 6805
f 6804 6816 6808
f 6741 6988 6986
f 6741 6990 6988
f 6802 6816 6804
f 6802 6824 6820
f 6802 6820 6816
f 6742 6741 6986
f 6742 6902 6898
f 6742 6898 6882
f 6742 6986 6902
f 6744 6742 6882
f 6798 6802 6800
f 6746 6744 6882
f 6796 6802 6798
f 6794 6802 6796
f 6752 6748 6746
f 6752 6750 6748
f 6752 6746 6882
f 6752 6882 6878
f 6790 6794 6792
f 6788 6802 6794
f 6788 6794 6790
f 6756 6878 6860
f 6756 6753 6752
f 6756 6860 6854
f 6756 6752 6878
f 6786 6802 6788
f 6760 6758 6756
f 6781 6786 6783
f 6781 6802 6786
f 6778 6781 6780
f 6768 6761 6760
f 6768 6764 6761
f 6768 6766 6764
f 6768 6760 6756
f 6774 6778 6775
f 6770 6756 6854
f 6770 6768 6756
f 6772 6824 6802
f 6772 6802 6781
f 6772 6781 6778
f 6772 6770 6854
f 6772 6854 6824
f 6772 6778 6774
usemtl mat_7
f 6991 6992 6993
f 6994 6992 6991
f 6995 6996 6997
f 6998 6995 6997
f 6998 6991 6995
f 6998 6994 6991
f 6997 6996 6993
f 6997 6993 6992
f 6996 6991 6993
f 6996 6995 6991
f 6997 6992 6994
f 6997 6994 6998
usemtl mat_8
f 6999 7000 7001
f 7002 7000 6999
f 7003 7004 7005
f 7006 7003 7005
f 7003 7002 6999
f 7006 7002 7003
f 7004 7001 7000
f 7005 7004 7000
f 7001 7003 6999
f 7004 7003 7001
f 7000 7002 7006
f 7005 7000 7006
usemtl mat_9
f 7007 7008 7009
f 7007 7010 7008
f 7011 7012 7013
f 7011 7013 7014
f 7011 7009 7012
f 7011 7007 7009
f 7014 7013 7008
f 7014 7008 7010
f 7013 7009 7008
f 7013 7012 7009
f 7014 7010 7007
f 7014 7007 7011
usemtl mat_10
f 7015 7016 7017
f 7015 7018 7016
f 7019 7020 7021
f 7019 7021 7022
f 7019 7017 7020
f 7019 7015 7017
f 7022 7021 7016
f 7022 7016 7018
f 7021 7017 7016
f 7021 7020 7017
f 7022 7018 7015
f 7022 7015 7019
usemtl mat_11
f 7023 7024 7025
f 7023 7026 7024
f 7027 7028 7029
f 7027 7029 7030
f 7027 7025 7028
f 7027 7023 7025
f 7030 7029 7024
f 7030 7024 7026
f 7029 7025 7024
f 7029 7028 7025
f 7030 7026 7023
f 7030 7023 7027
usemtl mat_12
f 7031 7032 7033
f 7031 7034 7032
f 7035 7036 7037
f 7035 7037 7038
f 7035 7033 7036
f 7035 7031 7033
f 7038 7037 7032
f 7038 7032 7034
f 7037 7033 7032
f 7037 7036 7033
f 7038 7034 7031
f 7038 7031 7035
usemtl mat_13
f 7039 7040 7041
f 7039 7042 7040
f 7043 7044 7045
f 7043 7045 7046
f 7043 7041 7044
f 7043 7039 7041
f 7046 7045 7040
f 7046 7040 7042
f 7045 7041 7040
f 7045 7044 7041
f 7046 7042 7039
f 7046 7039 7043
usemtl mat_14
f 7047 7048 7049
f 7047 7050 7048
f 7051 7052 7053
f 7051 7053 7054
f 7051 7049 7052
f 7051 7047 7049
f 7054 7053 7048
f 7054 7048 7050
f 7053 7049 7048
f 7053 7052 7049
f 7054 7050 7047
f 7054 7047 7051
usemtl mat_15
f 7055 7056 7057
f 7055 7058 7056
f 7059 7060 7061
f 7059 7061 7062
f 7059 7057 7060
f 7059 7055 7057
f 7062 7061 7056
f 7062 7056 7058
f 7061 7057 7056
f 7061 7060 7057
f 7062 7058 7055
f 7062 7055 7059
usemtl mat_16
f 7063 7064 7065
f 7063 7066 7064
f 7067 7068 7069
f 7067 7069 7070
f 7067 7065 7068
f 7067 7063 7065
f 7070 7069 7064
f 7070 7064 7066
f 7069 7065 7064
f 7069 7068 7065
f 7070 7066 7063
f 7070 7063 7067
usemtl mat_17
f 7071 7072 7073
f 7071 7074 7072
f 7075 7076 7077
f 7075 7077 7078
f 7075 7073 7076
f 7075 7071 7073
f 7078 7077 7072
f 7078 7072 7074
f 7077 7073 7072
f 7077 7076 7073
f 7078 7074 7071
f 7078 7071 7075
usemtl mat_18
f 7079 7080 7081
f 7079 7082 7080
f 7083 7084 7085
f 7083 7085 7086
f 7083 7081 7084
f 7083 7079 7081
f 7086 7085 7080
f 7086 7080 7082
f 7085 7081 7080
f 7085 7084 7081
f 7086 7082 7079
f 7086 7079 7083
usemtl mat_19
f 7087 7088 7089
f 7087 7090 7088
f 7091 7092 7093
f 7091 7093 7094
f 7091 7089 7092
f 7091 7087 7089
f 7094 7093 7088
f 7094 7088 7090
f 7093 7089 7088
f 7093 7092 7089
f 7094 7090 7087
f 7094 7087 7091
usemtl mat_20
f 7095 7096 7097
f 7095 7098 7096
f 7099 7100 7101
f 7099 7101 7102
f 7099 7097 7100
f 7099 7095 7097
f 7102 7101 7096
f 7102 7096 7098
f 7101 7097 7096
f 7101 7100 7097
f 7102 7098 7095
f 7102 7095 7099
usemtl mat_21
f 7103 7104 7105
f 7103 7106 7104
f 7107 7108 7109
f 7107 7109 7110
f 7107 7105 7108
f 7107 7103 7105
f 7110 7109 7104
f 7110 7104 7106
f 7109 7105 7104
f 7109 7108 7105
f 7110 7106 7103
f 7110 7103 7107
usemtl mat_22
f 7111 7112 7113
f 7111 7114 7112
f 7115 7116 7117
f 7115 7117 7118
f 7115 7113 7116
f 7115 7111 7113
f 7118 7117 7112
f 7118 7112 7114
f 7117 7113 7112
f 7117 7116 7113
f 7118 7114 7111
f 7118 7111 7115
usemtl mat_23
f 7119 7120 7121
f 7119 7122 7120
f 7123 7124 7125
f 7123 7125 7126
f 7123 7121 7124
f 7123 7119 7121
f 7126 7125 7120
f 7126 7120 7122
f 7125 7121 7120
f 7125 7124 7121
f 7126 7122 7119
f 7126 7119 7123
usemtl mat_24
f 7127 7128 7129
f 7127 7130 7128
f 7131 7132 7133
f 7131 7133 7134
f 7131 7129 7132
f 7131 7127 7129
f 7134 7133 7128
f 7134 7128 7130
f 7133 7129 7128
f 7133 7132 7129
f 7134 7130 7127
f 7134 7127 7131
usemtl mat_25
f 7135 7136 7137
f 7135 7138 7136
f 7139 7140 7141
f 7139 7141 7142
f 7139 7137 7140
f 7139 7135 7137
f 7142 7141 7136
f 7142 7136 7138
f 7141 7137 7136
f 7141 7140 7137
f 7142 7138 7135
f 7142 7135 7139
usemtl mat_26
f 7143 7144 7145
f 7143 7146 7144
f 7147 7148 7149
f 7147 7149 7150
f 7147 7145 7148
f 7147 7143 7145
f 7150 7149 7144
f 7150 7144 7146
f 7149 7145 7144
f 7149 7148 7145
f 7150 7146 7143
f 7150 7143 7147
usemtl mat_27
f 7151 7152 7153
f 7151 7153 7154
f 7155 7154 7156
f 7155 7151 7154
f 7157 7156 7158
f 7157 7155 7156
f 7159 7158 7160
f 7159 7157 7158
f 7161 7160 7162
f 7161 7159 7160
f 7163 7162 7164
f 7163 7161 7162
f 7165 7164 7166
f 7165 7163 7164
f 7167 7166 7168
f 7167 7165 7166
f 7169 7168 7170
f 7169 7170 7171
f 7169 7167 7168
f 7172 7169 7171
f 7173 7172 7171
f 7173 7171 7174
f 7175 7173 7174
f 7175 7174 7176
f 7177 7175 7176
f 7177 7176 7178
f 7179 7177 7178
f 7179 7178 7180
f 7179 7180 7181
f 7182 7179 7181
f 7183 7182 7181
f 7183 7181 7184
f 7185 7183 7184
f 7185 7184 7186
f 7187 7185 7186
f 7187 7186 7188
f 7187 7188 7189
f 7190 7187 7189
f 7190 7189 7191
f 7192 7190 7191
f 7193 7192 7191
f 7193 7191 7194
f 7193 7194 7195
f 7196 7193 7195
f 7197 7195 7198
f 7197 7196 7195
f 7197 7198 7199
f 7200 7199 7201
f 7200 7197 7199
f 7202 7200 7201
f 7203 7201 7204
f 7203 7202 7201
f 7205 7204 7206
f 7205 7203 7204
f 7207 7206 7208
f 7207 7205 7206
f 7209 7208 7210
f 7209 7207 7208
f 7211 7210 7212
f 7211 7209 7210
f 7213 7212 7214
f 7213 7214 7215
f 7213 7211 7212
f 7216 7213 7215
f 7217 7215 7218
f 7217 7216 7215
f 7219 7218 7220
f 7219 7217 7218
f 7221 7220 7222
f 7221 7219 7220
f 7223 7222 7224
f 7223 7221 7222
f 7225 7223 7224
f 7225 7224 7226
f 7227 7225 7226
f 7227 7226 7228
f 7229 7227 7228
f 7229 7228 7230
f 7229 7230 7231
f 7232 7229 7231
f 7233 7232 7231
f 7233 7231 7234
f 7233 7234 7235
f 7236 7233 7235
f 7237 7236 7235
f 7237 7235 7238
f 7239 7237 7238
f 7239 7238 7240
f 7241 7239 7240
f 7241 7240 7242
f 7243 7241 7242
f 7243 7242 7244
f 7245 7243 7244
f 7245 7244 7246
f 7247 7245 7246
f 7247 7246 7248
f 7247 7248 7249
f 7250 7247 7249
f 7251 7250 7249
f 7251 7249 7252
f 7253 7251 7252
f 7253 7252 7254
f 7255 7253 7254
f 7255 7254 7256
f 7257 7255 7256
f 7257 7256 7258
f 7259 7257 7258
f 7259 7258 7260
f 7261 7259 7260
f 7261 7260 7262
f 7263 7261 7262
f 7263 7262 7264
f 7265 7263 7264
f 7265 7264 7266
f 7267 7266 7268
f 7267 7265 7266
f 7269 7268 7270
f 7269 7267 7268
f 7271 7270 7272
f 7271 7269 7270
f 7273 7272 7274
f 7273 7271 7272
f 7275 7273 7274
f 7275 7274 7276
f 7277 7275 7276
f 7277 7276 7278
f 7279 7277 7278
f 7279 7278 7280
f 7281 7279 7280
f 7281 7280 7282
f 7283 7281 7282
f 7283 7282 7284
f 7285 7283 7284
f 7285 7284 7286
f 7287 7285 7286
f 7287 7286 7288
f 7287 7288 7289
f 7290 7287 7289
f 7291 7290 7289
f 7291 7289 7292
f 7293 7291 7292
f 7293 7292 7294
f 7295 7293 7294
f 7295 7294 7296
f 7297 7295 7296
f 7297 7296 7298
f 7299 7300 7301
f 7299 7297 7298
f 7299 7298 7300
f 7302 7299 7301
f 7303 7301 7304
f 7303 7302 7301
f 7305 7304 7306
f 7305 7303 7304
f 7307 7306 7308
f 7307 7305 7306
f 7309 7308 7310
f 7309 7310 7311
f 7309 7307 7308
f 7312 7309 7311
f 7313 7311 7314
f 7313 7312 7311
f 7315 7314 7316
f 7315 7313 7314
f 7317 7316 7318
f 7317 7315 7316
f 7319 7318 7320
f 7319 7317 7318
f 7321 7320 7322
f 7321 7322 7323
f 7321 7319 7320
f 7324 7321 7323
f 7325 7323 7326
f 7325 7324 7323
f 7327 7325 7326
f 7327 7326 7328
f 7327 7328 7329
f 7330 7327 7329
f 7331 7330 7329
f 7331 7329 7332
f 7333 7331 7332
f 7333 7332 7334
f 7333 7334 7335
f 7336 7333 7335
f 7337 7335 7338
f 7337 7336 7335
f 7339 7338 7340
f 7339 7340 7341
f 7339 7337 7338
f 7342 7339 7341
f 7343 7341 7344
f 7343 7344 7345
f 7343 7342 7341
f 7346 7343 7345
f 7347 7345 7348
f 7347 7348 7349
f 7347 7346 7345
f 7350 7347 7349
f 7351 7349 7352
f 7351 7352 7353
f 7351 7350 7349
f 7354 7351 7353
f 7355 7353 7356
f 7355 7356 7357
f 7355 7354 7353
f 7358 7355 7357
f 7359 7357 7360
f 7359 7360 7361
f 7359 7358 7357
f 7362 7359 7361
f 7363 7361 7364
f 7363 7364 7365
f 7363 7362 7361
f 7366 7363 7365
f 7367 7365 7368
f 7367 7366 7365
f 7369 7368 7370
f 7369 7367 7368
f 7371 7370 7372
f 7371 7369 7370
f 7373 7372 7374
f 7373 7371 7372
f 7375 7373 7374
f 7375 7374 7376
f 7375 7376 7377
f 7378 7375 7377
f 7379 7377 7380
f 7379 7380 7381
f 7379 7378 7377
f 7382 7379 7381
f 7383 7381 7384
f 7383 7382 7381
f 7385 7383 7384
f 7385 7384 7386
f 7385 7386 7387
f 7388 7385 7387
f 7388 7387 7389
f 7390 7388 7389
f 7391 7390 7389
f 7391 7389 7392
f 7393 7391 7392
f 7393 7392 7394
f 7395 7393 7394
f 7395 7394 7396
f 7395 7396 7397
f 7398 7395 7397
f 7398 7397 7399
f 7400 7398 7399
f 7401 7399 7402
f 7401 7400 7399
f 7401 7402 7153
f 7152 7401 7153
f 7315 7312 7313
f 7319 7315 7317
f 7321 7312 7315
f 7321 7315 7319
f 7321 7307 7309
f 7321 7309 7312
f 7293 7295 7297
f 7293 7297 7299
f 7293 7299 7302
f 7293 7302 7303
f 7293 7303 7305
f 7293 7305 7307
f 7327 7321 7324
f 7327 7324 7325
f 7331 7327 7330
f 7333 7327 7331
f 7283 7285 7287
f 7337 7327 7333
f 7337 7333 7336
f 7342 7337 7339
f 7275 7277 7279
f 7275 7279 7281
f 7275 7281 7283
f 7275 7287 7290
f 7275 7290 7291
f 7275 7291 7293
f 7275 7283 7287
f 7347 7343 7346
f 7350 7343 7347
f 7350 7342 7343
f 7267 7269 7271
f 7267 7271 7273
f 7351 7342 7350
f 7358 7354 7355
f 7259 7261 7263
f 7257 7267 7273
f 7257 7259 7263
f 7257 7293 7307
f 7257 7263 7265
f 7257 7265 7267
f 7257 7273 7275
f 7257 7275 7293
f 7362 7358 7359
f 7362 7354 7358
f 7366 7351 7354
f 7366 7342 7351
f 7366 7362 7363
f 7366 7354 7362
f 7366 7337 7342
f 7251 7253 7255
f 7369 7366 7367
f 7247 7251 7255
f 7247 7250 7251
f 7245 7247 7255
f 7245 7255 7257
f 7239 7241 7243
f 7237 7245 7257
f 7237 7243 7245
f 7237 7239 7243
f 7382 7378 7379
f 7385 7369 7371
f 7385 7371 7373
f 7385 7373 7375
f 7385 7375 7378
f 7385 7382 7383
f 7385 7378 7382
f 7390 7385 7388
f 7227 7229 7232
f 7391 7366 7369
f 7391 7337 7366
f 7391 7236 7237
f 7391 7237 7257
f 7391 7307 7321
f 7391 7321 7327
f 7391 7369 7385
f 7391 7385 7390
f 7391 7327 7337
f 7391 7257 7307
f 7223 7225 7227
f 7223 7232 7233
f 7223 7233 7236
f 7223 7227 7232
f 7217 7219 7221
f 7217 7221 7223
f 7216 7217 7223
f 7155 7152 7151
f 7155 7401 7152
f 7205 7207 7209
f 7205 7209 7211
f 7205 7211 7213
f 7205 7213 7216
f 7161 7155 7157
f 7161 7157 7159
f 7161 7401 7155
f 7161 7395 7398
f 7161 7398 7400
f 7161 7400 7401
f 7163 7391 7393
f 7163 7393 7395
f 7163 7395 7161
f 7200 7202 7203
f 7200 7203 7205
f 7200 7205 7216
f 7169 7163 7165
f 7169 7165 7167
f 7173 7169 7172
f 7173 7163 7169
f 7192 7193 7196
f 7192 7196 7197
f 7175 7163 7173
f 7190 7216 7223
f 7190 7197 7200
f 7190 7200 7216
f 7190 7192 7197
f 7177 7163 7175
f 7185 7187 7190
f 7182 7177 7179
f 7182 7391 7163
f 7182 7190 7223
f 7182 7163 7177
f 7182 7236 7391
f 7182 7223 7236
f 7183 7190 7182
f 7183 7185 7190
f 7316 7314 7311
f 7320 7318 7316
f 7322 7316 7311
f 7322 7320 7316
f 7322 7310 7308
f 7322 7311 7310
f 7294 7298 7296
f 7294 7300 7298
f 7294 7301 7300
f 7294 7304 7301
f 7294 7306 7304
f 7294 7308 7306
f 7328 7323 7322
f 7328 7326 7323
f 7332 7329 7328
f 7334 7332 7328
f 7284 7288 7286
f 7338 7334 7328
f 7338 7335 7334
f 7341 7340 7338
f 7276 7280 7278
f 7276 7282 7280
f 7276 7284 7282
f 7276 7289 7288
f 7276 7292 7289
f 7276 7294 7292
f 7276 7288 7284
f 7348 7345 7344
f 7349 7348 7344
f 7349 7344 7341
f 7268 7272 7270
f 7268 7274 7272
f 7352 7349 7341
f 7357 7356 7353
f 7260 7264 7262
f 7258 7274 7268
f 7258 7264 7260
f 7258 7308 7294
f 7258 7266 7264
f 7258 7268 7266
f 7258 7276 7274
f 7258 7294 7276
f 7361 7360 7357
f 7361 7357 7353
f 7365 7353 7352
f 7365 7352 7341
f 7365 7364 7361
f 7365 7361 7353
f 7365 7341 7338
f 7252 7256 7254
f 7370 7368 7365
f 7248 7256 7252
f 7248 7252 7249
f 7246 7256 7248
f 7246 7258 7256
f 7240 7244 7242
f 7238 7258 7246
f 7238 7246 7244
f 7238 7244 7240
f 7381 7380 7377
f 7386 7372 7370
f 7386 7374 7372
f 7386 7376 7374
f 7386 7377 7376
f 7386 7384 7381
f 7386 7381 7377
f 7389 7387 7386
f 7228 7231 7230
f 7392 7370 7365
f 7392 7365 7338
f 7392 7238 7235
f 7392 7258 7238
f 7392 7322 7308
f 7392 7328 7322
f 7392 7386 7370
f 7392 7389 7386
f 7392 7338 7328
f 7392 7308 7258
f 7224 7228 7226
f 7224 7234 7231
f 7224 7235 7234
f 7224 7231 7228
f 7218 7222 7220
f 7218 7224 7222
f 7215 7224 7218
f 7156 7154 7153
f 7156 7153 7402
f 7206 7210 7208
f 7206 7212 7210
f 7206 7214 7212
f 7206 7215 7214
f 7162 7158 7156
f 7162 7160 7158
f 7162 7156 7402
f 7162 7397 7396
f 7162 7399 7397
f 7162 7402 7399
f 7164 7394 7392
f 7164 7396 7394
f 7164 7162 7396
f 7199 7204 7201
f 7199 7206 7204
f 7199 7215 7206
f 7170 7166 7164
f 7170 7168 7166
f 7174 7171 7170
f 7174 7170 7164
f 7191 7195 7194
f 7191 7198 7195
f 7176 7174 7164
f 7189 7224 7215
f 7189 7199 7198
f 7189 7215 7199
f 7189 7198 7191
f 7178 7176 7164
f 7186 7189 7188
f 7181 7180 7178
f 7181 7164 7392
f 7181 7224 7189
f 7181 7178 7164
f 7181 7392 7235
f 7181 7235 7224
f 7184 7181 7189
f 7184 7189 7186
usemtl mat_28
f 7403 7404 7405
f 7403 7405 7406
f 7407 7406 7408
f 7407 7403 7406
f 7409 7408 7410
f 7409 7407 7408
f 7411 7410 7412
f 7411 7409 7410
f 7413 7412 7414
f 7413 7411 7412
f 7415 7414 7416
f 7415 7413 7414
f 7417 7416 7418
f 7417 7415 7416
f 7419 7418 7420
f 7419 7417 7418
f 7421 7420 7422
f 7421 7422 7423
f 7421 7419 7420
f 7424 7421 7423
f 7425 7424 7423
f 7425 7423 7426
f 7427 7425 7426
f 7427 7426 7428
f 7429 7427 7428
f 7429 7428 7430
f 7431 7429 7430
f 7431 7430 7432
f 7431 7432 7433
f 7434 7431 7433
f 7435 7434 7433
f 7435 7433 7436
f 7437 7435 7436
f 7437 7436 7438
f 7439 7437 7438
f 7439 7438 7440
f 7439 7440 7441
f 7442 7439 7441
f 7442 7441 7443
f 7444 7442 7443
f 7445 7444 7443
f 7445 7443 7446
f 7445 7446 7447
f 7448 7445 7447
f 7449 7447 7450
f 7449 7448 7447
f 7449 7450 7451
f 7452 7451 7453
f 7452 7449 7451
f 7454 7452 7453
f 7455 7453 7456
f 7455 7454 7453
f 7457 7456 7458
f 7457 7455 7456
f 7459 7458 7460
f 7459 7457 7458
f 7461 7460 7462
f 7461 7459 7460
f 7463 7462 7464
f 7463 7461 7462
f 7465 7464 7466
f 7465 7466 7467
f 7465 7463 7464
f 7468 7465 7467
f 7469 7467 7470
f 7469 7468 7467
f 7471 7470 7472
f 7471 7469 7470
f 7473 7472 7474
f 7473 7471 7472
f 7475 7474 7476
f 7475 7473 7474
f 7477 7475 7476
f 7477 7476 7478
f 7479 7477 7478
f 7479 7478 7480
f 7481 7479 7480
f 7481 7480 7482
f 7481 7482 7483
f 7484 7481 7483
f 7485 7484 7483
f 7485 7483 7486
f 7485 7486 7487
f 7488 7485 7487
f 7489 7488 7487
f 7489 7487 7490
f 7491 7489 7490
f 7491 7490 7492
f 7493 7491 7492
f 7493 7492 7494
f 7495 7493 7494
f 7495 7494 7496
f 7497 7495 7496
f 7497 7496 7498
f 7499 7497 7498
f 7499 7498 7500
f 7499 7500 7501
f 7502 7499 7501
f 7503 7502 7501
f 7503 7501 7504
f 7505 7503 7504
f 7505 7504 7506
f 7507 7505 7506
f 7507 7506 7508
f 7509 7507 7508
f 7509 7508 7510
f 7511 7509 7510
f 7511 7510 7512
f 7513 7511 7512
f 7513 7512 7514
f 7515 7513 7514
f 7515 7514 7516
f 7517 7515 7516
f 7517 7516 7518
f 7519 7518 7520
f 7519 7517 7518
f 7521 7520 7522
f 7521 7519 7520
f 7523 7522 7524
f 7523 7521 7522
f 7525 7524 7526
f 7525 7523 7524
f 7527 7525 7526
f 7527 7526 7528
f 7529 7527 7528
f 7529 7528 7530
f 7531 7529 7530
f 7531 7530 7532
f 7533 7531 7532
f 7533 7532 7534
f 7535 7533 7534
f 7535 7534 7536
f 7537 7535 7536
f 7537 7536 7538
f 7539 7537 7538
f 7539 7538 7540
f 7539 7540 7541
f 7542 7539 7541
f 7543 7542 7541
f 7543 7541 7544
f 7545 7543 7544
f 7545 7544 7546
f 7547 7545 7546
f 7547 7546 7548
f 7549 7547 7548
f 7549 7548 7550
f 7551 7552 7553
f 7551 7549 7550
f 7551 7550 7552
f 7554 7551 7553
f 7555 7553 7556
f 7555 7554 7553
f 7557 7556 7558
f 7557 7555 7556
f 7559 7558 7560
f 7559 7557 7558
f 7561 7560 7562
f 7561 7562 7563
f 7561 7559 7560
f 7564 7561 7563
f 7565 7563 7566
f 7565 7564 7563
f 7567 7566 7568
f 7567 7565 7566
f 7569 7568 7570
f 7569 7567 7568
f 7571 7570 7572
f 7571 7569 7570
f 7573 7572 7574
f 7573 7574 7575
f 7573 7571 7572
f 7576 7573 7575
f 7577 7575 7578
f 7577 7576 7575
f 7579 7577 7578
f 7579 7578 7580
f 7579 7580 7581
f 7582 7579 7581
f 7583 7582 7581
f 7583 7581 7584
f 7585 7583 7584
f 7585 7584 7586
f 7585 7586 7587
f 7588 7585 7587
f 7589 7587 7590
f 7589 7588 7587
f 7591 7590 7592
f 7591 7592 7593
f 7591 7589 7590
f 7594 7591 7593
f 7595 7593 7596
f 7595 7596 7597
f 7595 7594 7593
f 7598 7595 7597
f 7599 7597 7600
f 7599 7600 7601
f 7599 7598 7597
f 7602 7599 7601
f 7603 7601 7604
f 7603 7604 7605
f 7603 7602 7601
f 7606 7603 7605
f 7607 7605 7608
f 7607 7608 7609
f 7607 7606 7605
f 7610 7607 7609
f 7611 7609 7612
f 7611 7612 7613
f 7611 7610 7609
f 7614 7611 7613
f 7615 7613 7616
f 7615 7616 7617
f 7615 7614 7613
f 7618 7615 7617
f 7619 7617 7620
f 7619 7618 7617
f 7621 7620 7622
f 7621 7619 7620
f 7623 7622 7624
f 7623 7621 7622
f 7625 7624 7626
f 7625 7623 7624
f 7627 7625 7626
f 7627 7626 7628
f 7627 7628 7629
f 7630 7627 7629
f 7631 7629 7632
f 7631 7632 7633
f 7631 7630 7629
f 7634 7631 7633
f 7635 7633 7636
f 7635 7634 7633
f 7637 7635 7636
f 7637 7636 7638
f 7637 7638 7639
f 7640 7637 7639
f 7640 7639 7641
f 7642 7640 7641
f 7643 7642 7641
f 7643 7641 7644
f 7645 7643 7644
f 7645 7644 7646
f 7647 7645 7646
f 7647 7646 7648
f 7647 7648 7649
f 7650 7647 7649
f 7650 7649 7651
f 7652 7650 7651
f 7653 7651 7654
f 7653 7652 7651
f 7653 7654 7405
f 7404 7653 7405
f 7554 7555 7557
f 7554 7557 7559
f 7569 7564 7565
f 7569 7565 7567
f 7573 7564 7569
f 7573 7561 7564
f 7573 7569 7571
f 7545 7547 7549
f 7545 7549 7551
f 7545 7551 7554
f 7579 7561 7573
f 7579 7573 7576
f 7579 7576 7577
f 7539 7542 7543
f 7539 7543 7545
f 7583 7579 7582
f 7585 7561 7579
f 7585 7579 7583
f 7585 7559 7561
f 7589 7559 7585
f 7589 7585 7588
f 7594 7589 7591
f 7525 7539 7545
f 7525 7527 7529
f 7525 7529 7531
f 7525 7531 7533
f 7525 7533 7535
f 7525 7535 7537
f 7525 7537 7539
f 7602 7594 7595
f 7602 7595 7598
f 7602 7598 7599
f 7519 7521 7523
f 7519 7523 7525
f 7606 7594 7602
f 7606 7589 7594
f 7606 7602 7603
f 7610 7606 7607
f 7511 7513 7515
f 7511 7515 7517
f 7509 7519 7525
f 7509 7511 7517
f 7509 7517 7519
f 7614 7610 7611
f 7614 7606 7610
f 7615 7606 7614
f 7505 7507 7509
f 7503 7505 7509
f 7502 7503 7509
f 7623 7615 7618
f 7623 7618 7619
f 7623 7619 7621
f 7495 7497 7499
f 7495 7499 7502
f 7627 7623 7625
f 7631 7627 7630
f 7631 7623 7627
f 7489 7491 7493
f 7489 7493 7495
f 7489 7495 7502
f 7635 7631 7634
f 7485 7488 7489
f 7637 7589 7606
f 7637 7606 7615
f 7637 7623 7631
f 7637 7615 7623
f 7637 7631 7635
f 7484 7489 7502
f 7484 7485 7489
f 7642 7637 7640
f 7643 7589 7637
f 7643 7559 7589
f 7643 7637 7642
f 7477 7479 7481
f 7477 7481 7484
f 7473 7475 7477
f 7473 7477 7484
f 7650 7645 7647
f 7653 7643 7645
f 7653 7650 7652
f 7653 7554 7559
f 7653 7559 7643
f 7653 7645 7650
f 7465 7473 7484
f 7465 7468 7469
f 7465 7469 7471
f 7465 7471 7473
f 7463 7465 7484
f 7463 7484 7502
f 7407 7404 7403
f 7407 7653 7404
f 7459 7461 7463
f 7413 7407 7409
f 7413 7409 7411
f 7454 7455 7457
f 7454 7457 7459
f 7454 7459 7463
f 7417 7413 7415
f 7417 7653 7407
f 7417 7407 7413
f 7452 7454 7463
f 7419 7653 7417
f 7421 7653 7419
f 7424 7653 7421
f 7424 7545 7554
f 7424 7554 7653
f 7424 7525 7545
f 7445 7448 7449
f 7445 7449 7452
f 7445 7452 7463
f 7427 7424 7425
f 7442 7444 7445
f 7442 7463 7502
f 7442 7502 7509
f 7442 7445 7463
f 7429 7424 7427
f 7431 7424 7429
f 7437 7439 7442
f 7435 7509 7525
f 7435 7431 7434
f 7435 7525 7424
f 7435 7442 7509
f 7435 7437 7442
f 7435 7424 7431
f 7553 7558 7556
f 7553 7560 7558
f 7570 7566 7563
f 7570 7568 7566
f 7574 7570 7563
f 7574 7563 7562
f 7574 7572 7570
f 7546 7550 7548
f 7546 7552 7550
f 7546 7553 7552
f 7580 7574 7562
f 7580 7575 7574
f 7580 7578 7575
f 7540 7544 7541
f 7540 7546 7544
f 7584 7581 7580
f 7586 7580 7562
f 7586 7584 7580
f 7586 7562 7560
f 7590 7586 7560
f 7590 7587 7586
f 7593 7592 7590
f 7526 7546 7540
f 7526 7530 7528
f 7526 7532 7530
f 7526 7534 7532
f 7526 7536 7534
f 7526 7538 7536
f 7526 7540 7538
f 7601 7596 7593
f 7601 7597 7596
f 7601 7600 7597
f 7520 7524 7522
f 7520 7526 7524
f 7605 7601 7593
f 7605 7593 7590
f 7605 7604 7601
f 7609 7608 7605
f 7512 7516 7514
f 7512 7518 7516
f 7510 7526 7520
f 7510 7518 7512
f 7510 7520 7518
f 7613 7612 7609
f 7613 7609 7605
f 7616 7613 7605
f 7506 7510 7508
f 7504 7510 7506
f 7501 7510 7504
f 7624 7617 7616
f 7624 7620 7617
f 7624 7622 7620
f 7496 7500 7498
f 7496 7501 7500
f 7628 7626 7624
f 7632 7629 7628
f 7632 7628 7624
f 7490 7494 7492
f 7490 7496 7494
f 7490 7501 7496
f 7636 7633 7632
f 7486 7490 7487
f 7638 7605 7590
f 7638 7616 7605
f 7638 7632 7624
f 7638 7624 7616
f 7638 7636 7632
f 7483 7501 7490
f 7483 7490 7486
f 7641 7639 7638
f 7644 7638 7590
f 7644 7590 7560
f 7644 7641 7638
f 7478 7482 7480
f 7478 7483 7482
f 7474 7478 7476
f 7474 7483 7478
f 7649 7648 7646
f 7654 7646 7644
f 7654 7651 7649
f 7654 7560 7553
f 7654 7644 7560
f 7654 7649 7646
f 7466 7483 7474
f 7466 7470 7467
f 7466 7472 7470
f 7466 7474 7472
f 7464 7483 7466
f 7464 7501 7483
f 7408 7406 7405
f 7408 7405 7654
f 7460 7464 7462
f 7414 7410 7408
f 7414 7412 7410
f 7453 7458 7456
f 7453 7460 7458
f 7453 7464 7460
f 7418 7416 7414
f 7418 7408 7654
f 7418 7414 7408
f 7451 7464 7453
f 7420 7418 7654
f 7422 7420 7654
f 7423 7422 7654
f 7423 7553 7546
f 7423 7654 7553
f 7423 7546 7526
f 7446 7450 7447
f 7446 7451 7450
f 7446 7464 7451
f 7428 7426 7423
f 7441 7446 7443
f 7441 7501 7464
f 7441 7510 7501
f 7441 7464 7446
f 7430 7428 7423
f 7432 7430 7423
f 7438 7441 7440
f 7436 7526 7510
f 7436 7433 7432
f 7436 7423 7526
f 7436 7510 7441
f 7436 7441 7438
f 7436 7432 7423
usemtl mat_29
f 7655 7656 7657
f 7655 7657 7658
f 7659 7658 7660
f 7659 7655 7658
f 7661 7660 7662
f 7661 7659 7660
f 7663 7662 7664
f 7663 7661 7662
f 7665 7664 7666
f 7665 7663 7664
f 7667 7666 7668
f 7667 7665 7666
f 7669 7668 7670
f 7669 7667 7668
f 7671 7670 7672
f 7671 7669 7670
f 7673 7672 7674
f 7673 7674 7675
f 7673 7671 7672
f 7676 7673 7675
f 7677 7676 7675
f 7677 7675 7678
f 7679 7677 7678
f 7679 7678 7680
f 7681 7679 7680
f 7681 7680 7682
f 7683 7681 7682
f 7683 7682 7684
f 7683 7684 7685
f 7686 7683 7685
f 7687 7686 7685
f 7687 7685 7688
f 7689 7687 7688
f 7689 7688 7690
f 7691 7689 7690
f 7691 7690 7692
f 7691 7692 7693
f 7694 7691 7693
f 7694 7693 7695
f 7696 7694 7695
f 7697 7696 7695
f 7697 7695 7698
f 7697 7698 7699
f 7700 7697 7699
f 7701 7699 7702
f 7701 7700 7699
f 7701 7702 7703
f 7704 7703 7705
f 7704 7701 7703
f 7706 7704 7705
f 7707 7705 7708
f 7707 7706 7705
f 7709 7708 7710
f 7709 7707 7708
f 7711 7710 7712
f 7711 7709 7710
f 7713 7712 7714
f 7713 7711 7712
f 7715 7714 7716
f 7715 7713 7714
f 7717 7716 7718
f 7717 7718 7719
f 7717 7715 7716
f 7720 7717 7719
f 7721 7719 7722
f 7721 7720 7719
f 7723 7722 7724
f 7723 7721 7722
f 7725 7724 7726
f 7725 7723 7724
f 7727 7726 7728
f 7727 7725 7726
f 7729 7727 7728
f 7729 7728 7730
f 7731 7729 7730
f 7731 7730 7732
f 7733 7731 7732
f 7733 7732 7734
f 7733 7734 7735
f 7736 7733 7735
f 7737 7736 7735
f 7737 7735 7738
f 7737 7738 7739
f 7740 7737 7739
f 7741 7740 7739
f 7741 7739 7742
f 7743 7741 7742
f 7743 7742 7744
f 7745 7743 7744
f 7745 7744 7746
f 7747 7745 7746
f 7747 7746 7748
f 7749 7747 7748
f 7749 7748 7750
f 7751 7749 7750
f 7751 7750 7752
f 7751 7752 7753
f 7754 7751 7753
f 7755 7754 7753
f 7755 7753 7756
f 7757 7755 7756
f 7757 7756 7758
f 7759 7757 7758
f 7759 7758 7760
f 7761 7759 7760
f 7761 7760 7762
f 7763 7761 7762
f 7763 7762 7764
f 7765 7763 7764
f 7765 7764 7766
f 7767 7765 7766
f 7767 7766 7768
f 7769 7767 7768
f 7769 7768 7770
f 7771 7770 7772
f 7771 7769 7770
f 7773 7772 7774
f 7773 7771 7772
f 7775 7774 7776
f 7775 7773 7774
f 7777 7776 7778
f 7777 7775 7776
f 7779 7777 7778
f 7779 7778 7780
f 7781 7779 7780
f 7781 7780 7782
f 7783 7781 7782
f 7783 7782 7784
f 7785 7783 7784
f 7785 7784 7786
f 7787 7785 7786
f 7787 7786 7788
f 7789 7787 7788
f 7789 7788 7790
f 7791 7789 7790
f 7791 7790 7792
f 7791 7792 7793
f 7794 7791 7793
f 7795 7794 7793
f 7795 7793 7796
f 7797 7795 7796
f 7797 7796 7798
f 7799 7797 7798
f 7799 7798 7800
f 7801 7799 7800
f 7801 7800 7802
f 7803 7804 7805
f 7803 7801 7802
f 7803 7802 7804
f 7806 7803 7805
f 7807 7805 7808
f 7807 7806 7805
f 7809 7808 7810
f 7809 7807 7808
f 7811 7810 7812
f 7811 7809 7810
f 7813 7812 7814
f 7813 7814 7815
f 7813 7811 7812
f 7816 7813 7815
f 7817 7815 7818
f 7817 7816 7815
f 7819 7818 7820
f 7819 7817 7818
f 7821 7820 7822
f 7821 7819 7820
f 7823 7822 7824
f 7823 7821 7822
f 7825 7824 7826
f 7825 7826 7827
f 7825 7823 7824
f 7828 7825 7827
f 7829 7827 7830
f 7829 7828 7827
f 7831 7829 7830
f 7831 7830 7832
f 7831 7832 7833
f 7834 7831 7833
f 7835 7834 7833
f 7835 7833 7836
f 7837 7835 7836
f 7837 7836 7838
f 7837 7838 7839
f 7840 7837 7839
f 7841 7839 7842
f 7841 7840 7839
f 7843 7842 7844
f 7843 7844 7845
f 7843 7841 7842
f 7846 7843 7845
f 7847 7845 7848
f 7847 7848 7849
f 7847 7846 7845
f 7850 7847 7849
f 7851 7849 7852
f 7851 7852 7853
f 7851 7850 7849
f 7854 7851 7853
f 7855 7853 7856
f 7855 7856 7857
f 7855 7854 7853
f 7858 7855 7857
f 7859 7857 7860
f 7859 7860 7861
f 7859 7858 7857
f 7862 7859 7861
f 7863 7861 7864
f 7863 7864 7865
f 7863 7862 7861
f 7866 7863 7865
f 7867 7865 7868
f 7867 7868 7869
f 7867 7866 7865
f 7870 7867 7869
f 7871 7869 7872
f 7871 7870 7869
f 7873 7872 7874
f 7873 7871 7872
f 7875 7874 7876
f 7875 7873 7874
f 7877 7876 7878
f 7877 7875 7876
f 7879 7877 7878
f 7879 7878 7880
f 7879 7880 7881
f 7882 7879 7881
f 7883 7881 7884
f 7883 7884 7885
f 7883 7882 7881
f 7886 7883 7885
f 7887 7885 7888
f 7887 7886 7885
f 7889 7887 7888
f 7889 7888 7890
f 7889 7890 7891
f 7892 7889 7891
f 7892 7891 7893
f 7894 7892 7893
f 7895 7894 7893
f 7895 7893 7896
f 7897 7895 7896
f 7897 7896 7898
f 7899 7897 7898
f 7899 7898 7900
f 7899 7900 7901
f 7902 7899 7901
f 7902 7901 7903
f 7904 7902 7903
f 7905 7903 7906
f 7905 7904 7903
f 7905 7906 7657
f 7656 7905 7657
f 7819 7813 7816
f 7819 7816 7817
f 7825 7813 7819
f 7825 7811 7813
f 7825 7819 7821
f 7825 7821 7823
f 7797 7799 7801
f 7797 7801 7803
f 7797 7803 7806
f 7797 7806 7807
f 7797 7807 7809
f 7797 7809 7811
f 7829 7825 7828
f 7831 7825 7829
f 7835 7831 7834
f 7787 7789 7791
f 7787 7791 7794
f 7787 7794 7795
f 7787 7795 7797
f 7846 7837 7840
f 7846 7840 7841
f 7846 7841 7843
f 7777 7779 7781
f 7850 7846 7847
f 7851 7846 7850
f 7771 7773 7775
f 7855 7846 7851
f 7855 7851 7854
f 7769 7775 7777
f 7769 7781 7783
f 7769 7783 7785
f 7769 7785 7787
f 7769 7787 7797
f 7769 7777 7781
f 7769 7771 7775
f 7862 7855 7858
f 7862 7858 7859
f 7761 7769 7797
f 7761 7797 7811
f 7761 7763 7765
f 7761 7765 7767
f 7761 7767 7769
f 7866 7862 7863
f 7757 7759 7761
f 7870 7862 7866
f 7870 7866 7867
f 7871 7855 7862
f 7871 7862 7870
f 7871 7831 7835
f 7871 7837 7846
f 7871 7835 7837
f 7871 7846 7855
f 7875 7871 7873
f 7749 7751 7754
f 7749 7754 7755
f 7749 7755 7757
f 7747 7757 7761
f 7747 7749 7757
f 7743 7745 7747
f 7743 7747 7761
f 7741 7743 7761
f 7886 7875 7877
f 7886 7877 7879
f 7886 7879 7882
f 7886 7882 7883
f 7889 7886 7887
f 7889 7875 7886
f 7736 7761 7811
f 7736 7741 7761
f 7736 7831 7871
f 7736 7737 7740
f 7736 7740 7741
f 7736 7871 7875
f 7736 7811 7825
f 7736 7825 7831
f 7894 7889 7892
f 7731 7733 7736
f 7895 7889 7894
f 7727 7729 7731
f 7725 7731 7736
f 7725 7727 7731
f 7905 7895 7897
f 7905 7897 7899
f 7905 7899 7902
f 7905 7902 7904
f 7905 7889 7895
f 7717 7720 7721
f 7717 7721 7723
f 7717 7723 7725
f 7659 7656 7655
f 7659 7905 7656
f 7713 7715 7717
f 7711 7713 7717
f 7663 7659 7661
f 7707 7711 7717
f 7707 7709 7711
f 7667 7663 7665
f 7667 7889 7905
f 7667 7905 7659
f 7667 7659 7663
f 7667 7875 7889
f 7704 7706 7707
f 7673 7669 7671
f 7700 7701 7704
f 7700 7707 7717
f 7700 7704 7707
f 7676 7669 7673
f 7679 7676 7677
f 7694 7717 7725
f 7694 7696 7697
f 7694 7697 7700
f 7694 7700 7717
f 7694 7725 7736
f 7681 7676 7679
f 7691 7694 7736
f 7683 7676 7681
f 7686 7676 7683
f 7687 7667 7669
f 7687 7689 7691
f 7687 7875 7667
f 7687 7676 7686
f 7687 7669 7676
f 7687 7691 7736
f 7687 7736 7875
f 7820 7815 7814
f 7820 7818 7815
f 7826 7820 7814
f 7826 7814 7812
f 7826 7822 7820
f 7826 7824 7822
f 7798 7802 7800
f 7798 7804 7802
f 7798 7805 7804
f 7798 7808 7805
f 7798 7810 7808
f 7798 7812 7810
f 7830 7827 7826
f 7832 7830 7826
f 7836 7833 7832
f 7788 7792 7790
f 7788 7793 7792
f 7788 7796 7793
f 7788 7798 7796
f 7845 7839 7838
f 7845 7842 7839
f 7845 7844 7842
f 7778 7782 7780
f 7849 7848 7845
f 7852 7849 7845
f 7772 7776 7774
f 7856 7852 7845
f 7856 7853 7852
f 7770 7778 7776
f 7770 7784 7782
f 7770 7786 7784
f 7770 7788 7786
f 7770 7798 7788
f 7770 7782 7778
f 7770 7776 7772
f 7861 7857 7856
f 7861 7860 7857
f 7762 7798 7770
f 7762 7812 7798
f 7762 7766 7764
f 7762 7768 7766
f 7762 7770 7768
f 7865 7864 7861
f 7758 7762 7760
f 7869 7865 7861
f 7869 7868 7865
f 7872 7861 7856
f 7872 7869 7861
f 7872 7836 7832
f 7872 7845 7838
f 7872 7838 7836
f 7872 7856 7845
f 7876 7874 7872
f 7750 7753 7752
f 7750 7756 7753
f 7750 7758 7756
f 7748 7762 7758
f 7748 7758 7750
f 7744 7748 7746
f 7744 7762 7748
f 7742 7762 7744
f 7885 7878 7876
f 7885 7880 7878
f 7885 7881 7880
f 7885 7884 7881
f 7890 7888 7885
f 7890 7885 7876
f 7735 7812 7762
f 7735 7762 7742
f 7735 7872 7832
f 7735 7739 7738
f 7735 7742 7739
f 7735 7876 7872
f 7735 7826 7812
f 7735 7832 7826
f 7893 7891 7890
f 7732 7735 7734
f 7896 7893 7890
f 7728 7732 7730
f 7726 7735 7732
f 7726 7732 7728
f 7906 7898 7896
f 7906 7900 7898
f 7906 7901 7900
f 7906 7903 7901
f 7906 7896 7890
f 7718 7722 7719
f 7718 7724 7722
f 7718 7726 7724
f 7660 7658 7657
f 7660 7657 7906
f 7714 7718 7716
f 7712 7718 7714
f 7664 7662 7660
f 7708 7718 7712
f 7708 7712 7710
f 7668 7666 7664
f 7668 7906 7890
f 7668 7660 7906
f 7668 7664 7660
f 7668 7890 7876
f 7703 7708 7705
f 7674 7672 7670
f 7699 7703 7702
f 7699 7718 7708
f 7699 7708 7703
f 7675 7674 7670
f 7680 7678 7675
f 7693 7726 7718
f 7693 7698 7695
f 7693 7699 7698
f 7693 7718 7699
f 7693 7735 7726
f 7682 7680 7675
f 7692 7735 7693
f 7684 7682 7675
f 7685 7684 7675
f 7688 7670 7668
f 7688 7692 7690
f 7688 7668 7876
f 7688 7685 7675
f 7688 7675 7670
f 7688 7735 7692
f 7688 7876 7735
usemtl mat_30
f 7907 7908 7909
f 7907 7909 7910
f 7911 7910 7912
f 7911 7907 7910
f 7913 7912 7914
f 7913 7911 7912
f 7915 7914 7916
f 7915 7913 7914
f 7917 7916 7918
f 7917 7915 7916
f 7919 7918 7920
f 7919 7917 7918
f 7921 7920 7922
f 7921 7919 7920
f 7923 7922 7924
f 7923 7921 7922
f 7925 7924 7926
f 7925 7926 7927
f 7925 7923 7924
f 7928 7925 7927
f 7929 7928 7927
f 7929 7927 7930
f 7931 7929 7930
f 7931 7930 7932
f 7933 7931 7932
f 7933 7932 7934
f 7935 7933 7934
f 7935 7934 7936
f 7935 7936 7937
f 7938 7935 7937
f 7939 7938 7937
f 7939 7937 7940
f 7941 7939 7940
f 7941 7940 7942
f 7943 7941 7942
f 7943 7942 7944
f 7943 7944 7945
f 7946 7943 7945
f 7946 7945 7947
f 7948 7946 7947
f 7949 7948 7947
f 7949 7947 7950
f 7949 7950 7951
f 7952 7949 7951
f 7953 7951 7954
f 7953 7952 7951
f 7953 7954 7955
f 7956 7955 7957
f 7956 7953 7955
f 7958 7956 7957
f 7959 7957 7960
f 7959 7958 7957
f 7961 7960 7962
f 7961 7959 7960
f 7963 7962 7964
f 7963 7961 7962
f 7965 7964 7966
f 7965 7963 7964
f 7967 7966 7968
f 7967 7965 7966
f 7969 7968 7970
f 7969 7970 7971
f 7969 7967 7968
f 7972 7969 7971
f 7973 7971 7974
f 7973 7972 7971
f 7975 7974 7976
f 7975 7973 7974
f 7977 7976 7978
f 7977 7975 7976
f 7979 7978 7980
f 7979 7977 7978
f 7981 7979 7980
f 7981 7980 7982
f 7983 7981 7982
f 7983 7982 7984
f 7985 7983 7984
f 7985 7984 7986
f 7985 7986 7987
f 7988 7985 7987
f 7989 7988 7987
f 7989 7987 7990
f 7989 7990 7991
f 7992 7989 7991
f 7993 7992 7991
f 7993 7991 7994
f 7995 7993 7994
f 7995 7994 7996
f 7997 7995 7996
f 7997 7996 7998
f 7999 7997 7998
f 7999 7998 8000
f 8001 7999 8000
f 8001 8000 8002
f 8003 8001 8002
f 8003 8002 8004
f 8003 8004 8005
f 8006 8003 8005
f 8007 8006 8005
f 8007 8005 8008
f 8009 8007 8008
f 8009 8008 8010
f 8011 8009 8010
f 8011 8010 8012
f 8013 8011 8012
f 8013 8012 8014
f 8015 8013 8014
f 8015 8014 8016
f 8017 8015 8016
f 8017 8016 8018
f 8019 8017 8018
f 8019 8018 8020
f 8021 8019 8020
f 8021 8020 8022
f 8023 8022 8024
f 8023 8021 8022
f 8025 8024 8026
f 8025 8023 8024
f 8027 8026 8028
f 8027 8025 8026
f 8029 8028 8030
f 8029 8027 8028
f 8031 8029 8030
f 8031 8030 8032
f 8033 8031 8032
f 8033 8032 8034
f 8035 8033 8034
f 8035 8034 8036
f 8037 8035 8036
f 8037 8036 8038
f 8039 8037 8038
f 8039 8038 8040
f 8041 8039 8040
f 8041 8040 8042
f 8043 8041 8042
f 8043 8042 8044
f 8043 8044 8045
f 8046 8043 8045
f 8047 8046 8045
f 8047 8045 8048
f 8049 8047 8048
f 8049 8048 8050
f 8051 8049 8050
f 8051 8050 8052
f 8053 8051 8052
f 8053 8052 8054
f 8055 8056 8057
f 8055 8053 8054
f 8055 8054 8056
f 8058 8055 8057
f 8059 8057 8060
f 8059 8058 8057
f 8061 8060 8062
f 8061 8059 8060
f 8063 8062 8064
f 8063 8061 8062
f 8065 8064 8066
f 8065 8066 8067
f 8065 8063 8064
f 8068 8065 8067
f 8069 8067 8070
f 8069 8068 8067
f 8071 8070 8072
f 8071 8069 8070
f 8073 8072 8074
f 8073 8071 8072
f 8075 8074 8076
f 8075 8073 8074
f 8077 8076 8078
f 8077 8078 8079
f 8077 8075 8076
f 8080 8077 8079
f 8081 8079 8082
f 8081 8080 8079
f 8083 8081 8082
f 8083 8082 8084
f 8083 8084 8085
f 8086 8083 8085
f 8087 8086 8085
f 8087 8085 8088
f 8089 8087 8088
f 8089 8088 8090
f 8089 8090 8091
f 8092 8089 8091
f 8093 8091 8094
f 8093 8092 8091
f 8095 8094 8096
f 8095 8096 8097
f 8095 8093 8094
f 8098 8095 8097
f 8099 8097 8100
f 8099 8100 8101
f 8099 8098 8097
f 8102 8099 8101
f 8103 8101 8104
f 8103 8104 8105
f 8103 8102 8101
f 8106 8103 8105
f 8107 8105 8108
f 8107 8108 8109
f 8107 8106 8105
f 8110 8107 8109
f 8111 8109 8112
f 8111 8112 8113
f 8111 8110 8109
f 8114 8111 8113
f 8115 8113 8116
f 8115 8116 8117
f 8115 8114 8113
f 8118 8115 8117
f 8119 8117 8120
f 8119 8120 8121
f 8119 8118 8117
f 8122 8119 8121
f 8123 8121 8124
f 8123 8122 8121
f 8125 8124 8126
f 8125 8123 8124
f 8127 8126 8128
f 8127 8125 8126
f 8129 8128 8130
f 8129 8127 8128
f 8131 8129 8130
f 8131 8130 8132
f 8131 8132 8133
f 8134 8131 8133
f 8135 8133 8136
f 8135 8136 8137
f 8135 8134 8133
f 8138 8135 8137
f 8139 8137 8140
f 8139 8138 8137
f 8141 8139 8140
f 8141 8140 8142
f 8141 8142 8143
f 8144 8141 8143
f 8144 8143 8145
f 8146 8144 8145
f 8147 8146 8145
f 8147 8145 8148
f 8149 8147 8148
f 8149 8148 8150
f 8151 8149 8150
f 8151 8150 8152
f 8151 8152 8153
f 8154 8151 8153
f 8154 8153 8155
f 8156 8154 8155
f 8157 8155 8158
f 8157 8156 8155
f 8157 8158 7909
f 7908 8157 7909
f 8058 8059 8061
f 8073 8069 8071
f 8077 8069 8073
f 8077 8063 8065
f 8077 8065 8068
f 8077 8068 8069
f 8077 8073 8075
f 8049 8058 8061
f 8049 8051 8053
f 8049 8053 8055
f 8049 8055 8058
f 8049 8061 8063
f 8083 8080 8081
f 8043 8046 8047
f 8043 8047 8049
f 8087 8080 8083
f 8087 8077 8080
f 8087 8083 8086
f 8039 8041 8043
f 8098 8093 8095
f 8029 8031 8033
f 8029 8033 8035
f 8102 8098 8099
f 8103 8098 8102
f 8107 8098 8103
f 8107 8103 8106
f 8021 8023 8025
f 8021 8025 8027
f 8021 8027 8029
f 8021 8035 8037
f 8021 8037 8039
f 8021 8043 8049
f 8021 8039 8043
f 8021 8029 8035
f 8110 8098 8107
f 8110 8092 8093
f 8110 8093 8098
f 8114 8110 8111
f 8013 8015 8017
f 8013 8017 8019
f 8013 8019 8021
f 8009 8011 8013
f 8122 8114 8115
f 8122 8115 8118
f 8122 8118 8119
f 8122 8110 8114
f 8123 8092 8110
f 8123 8110 8122
f 8123 8089 8092
f 8003 8006 8007
f 8003 8007 8009
f 8127 8123 8125
f 7999 8001 8003
f 7999 8003 8009
f 8135 8129 8131
f 8135 8131 8134
f 7993 7995 7997
f 7993 7997 7999
f 8141 8127 8129
f 8141 8135 8138
f 8141 8138 8139
f 8141 8123 8127
f 8141 8063 8077
f 8141 8089 8123
f 8141 8129 8135
f 8141 8077 8087
f 8141 8087 8089
f 7988 7999 8009
f 7988 7989 7992
f 7988 7992 7993
f 7988 7993 7999
f 8146 8141 8144
f 8147 8049 8063
f 8147 8063 8141
f 8147 8141 8146
f 8147 8021 8049
f 7981 7983 7985
f 7981 8009 8013
f 7981 7985 7988
f 7981 7988 8009
f 7979 7981 8013
f 7977 7979 8013
f 8156 8147 8149
f 8156 8149 8151
f 8156 8151 8154
f 8157 8147 8156
f 7972 7977 8013
f 7972 7973 7975
f 7972 7975 7977
f 7908 8147 8157
f 7967 7969 7972
f 7963 7965 7967
f 7915 7911 7913
f 7961 7967 7972
f 7961 7963 7967
f 7917 7907 7911
f 7917 7911 7915
f 7919 7908 7907
f 7919 7907 7917
f 7921 7908 7919
f 7956 7958 7959
f 7956 7959 7961
f 7925 7921 7923
f 7928 7908 7921
f 7928 8013 8021
f 7928 7921 7925
f 7928 8021 8147
f 7928 8147 7908
f 7949 7952 7953
f 7949 7953 7956
f 7949 7956 7961
f 7929 8013 7928
f 7946 7972 8013
f 7946 7948 7949
f 7946 7961 7972
f 7946 7949 7961
f 7933 7929 7931
f 7943 7946 8013
f 7938 7933 7935
f 7938 7929 7933
f 7939 7941 7943
f 7939 8013 7929
f 7939 7943 8013
f 7939 7929 7938
f 8057 8062 8060
f 8074 8072 8070
f 8078 8074 8070
f 8078 8066 8064
f 8078 8067 8066
f 8078 8070 8067
f 8078 8076 8074
f 8050 8062 8057
f 8050 8054 8052
f 8050 8056 8054
f 8050 8057 8056
f 8050 8064 8062
f 8084 8082 8079
f 8044 8048 8045
f 8044 8050 8048
f 8088 8084 8079
f 8088 8079 8078
f 8088 8085 8084
f 8040 8044 8042
f 8097 8096 8094
f 8030 8034 8032
f 8030 8036 8034
f 8101 8100 8097
f 8104 8101 8097
f 8108 8104 8097
f 8108 8105 8104
f 8022 8026 8024
f 8022 8028 8026
f 8022 8030 8028
f 8022 8038 8036
f 8022 8040 8038
f 8022 8050 8044
f 8022 8044 8040
f 8022 8036 8030
f 8109 8108 8097
f 8109 8094 8091
f 8109 8097 8094
f 8113 8112 8109
f 8014 8018 8016
f 8014 8020 8018
f 8014 8022 8020
f 8010 8014 8012
f 8121 8116 8113
f 8121 8117 8116
f 8121 8120 8117
f 8121 8113 8109
f 8124 8109 8091
f 8124 8121 8109
f 8124 8091 8090
f 8004 8008 8005
f 8004 8010 8008
f 8128 8126 8124
f 8000 8004 8002
f 8000 8010 8004
f 8136 8132 8130
f 8136 8133 8132
f 7994 7998 7996
f 7994 8000 7998
f 8142 8130 8128
f 8142 8137 8136
f 8142 8140 8137
f 8142 8128 8124
f 8142 8078 8064
f 8142 8124 8090
f 8142 8136 8130
f 8142 8088 8078
f 8142 8090 8088
f 7987 8010 8000
f 7987 7991 7990
f 7987 7994 7991
f 7987 8000 7994
f 8145 8143 8142
f 8148 8064 8050
f 8148 8142 8064
f 8148 8145 8142
f 8148 8050 8022
f 7982 7986 7984
f 7982 8014 8010
f 7982 7987 7986
f 7982 8010 7987
f 7980 8014 7982
f 7978 8014 7980
f 8155 8150 8148
f 8155 8152 8150
f 8155 8153 8152
f 8158 8155 8148
f 7971 8014 7978
f 7971 7976 7974
f 7971 7978 7976
f 7909 8158 8148
f 7968 7971 7970
f 7964 7968 7966
f 7916 7914 7912
f 7962 7971 7968
f 7962 7968 7964
f 7918 7912 7910
f 7918 7916 7912
f 7920 7910 7909
f 7920 7918 7910
f 7922 7920 7909
f 7955 7960 7957
f 7955 7962 7960
f 7926 7924 7922
f 7927 7922 7909
f 7927 8022 8014
f 7927 7926 7922
f 7927 8148 8022
f 7927 7909 8148
f 7950 7954 7951
f 7950 7955 7954
f 7950 7962 7955
f 7930 7927 8014
f 7945 8014 7971
f 7945 7950 7947
f 7945 7971 7962
f 7945 7962 7950
f 7934 7932 7930
f 7944 8014 7945
f 7937 7936 7934
f 7937 7934 7930
f 7940 7944 7942
f 7940 7930 8014
f 7940 8014 7944
f 7940 7937 7930
