mtllib Disk2c.mtl
v -0 4.25 41.2375
v -0 209.25 28.4
v -0 4.25 28.4
v -0 209.25 41.2375
v 0.0687 3.2894 28.4
v 0.0687 3.2894 41.2375
v 0.2734 2.3483 28.4
v 0.2734 2.3483 41.2375
v 0.61 1.4459 41.2375
v 0.61 1.4459 28.4
v 1.0715 0.6007 28.4
v 1.0715 0.6007 41.2375
v 1.6487 -0.1703 41.2375
v 1.6487 -0.1703 28.4
v 2.3297 -0.8513 41.2375
v 2.3297 -0.8513 28.4
v 3.1007 -1.4285 41.2375
v 3.1007 -1.4285 28.4
v 3.9459 -1.89 28.4
v 3.9459 -1.89 41.2375
v 4.8483 -2.2266 41.2375
v 4.8483 -2.2266 28.4
v 5.7894 -2.4313 28.4
v 5.7894 -2.4313 41.2375
v 6.75 -2.5 41.2375
v 6.75 -2.5 28.4
v 0.0485 209.25 41.9153
v 0.0485 4.25 41.9153
v 0.1929 209.25 42.5793
v 0.1929 4.25 42.5793
v 0.4304 4.25 43.2159
v 0.4304 209.25 43.2159
v 0.756 209.25 43.8123
v 0.756 4.25 43.8123
v 1.1632 4.25 44.3563
v 1.1632 209.25 44.3563
v 1.6437 209.25 44.8368
v 1.6437 4.25 44.8368
v 2.1877 209.25 45.244
v 2.1877 4.25 45.244
v 2.7841 209.25 45.5696
v 2.7841 4.25 45.5696
v 3.4207 4.25 45.8071
v 3.4207 209.25 45.8071
v 4.0847 209.25 45.9515
v 4.0847 4.25 45.9515
v 4.7625 209.25 46
v 4.7625 4.25 46
v 0.0687 210.211 41.2375
v 0.0687 210.211 28.4
v 0.2734 211.152 41.2375
v 0.2734 211.152 28.4
v 0.61 212.054 41.2375
v 0.61 212.054 28.4
v 1.0715 212.899 41.2375
v 1.0715 212.899 28.4
v 1.6487 213.67 41.2375
v 1.6487 213.67 28.4
v 2.3297 214.351 41.2375
v 2.3297 214.351 28.4
v 3.1007 214.929 41.2375
v 3.1007 214.929 28.4
v 3.9459 215.39 41.2375
v 4.8483 215.727 28.4
v 3.9459 215.39 28.4
v 4.8483 215.727 41.2375
v 5.7894 215.931 41.2375
v 5.7894 215.931 28.4
v 6.75 216 41.2375
v 6.75 216 28.4
v 2.2533 0.3536 28.4
v 2.8536 -0.2467 28.4
v 3.5332 -0.7555 28.4
v 1.7445 1.0332 28.4
v 4.2783 -1.1623 28.4
v 1.3377 1.7783 28.4
v 5.0737 -1.459 28.4
v 1.041 2.5737 28.4
v 5.9032 -1.6394 28.4
v 0.8606 3.4032 28.4
v 6.75 -1.7 28.4
v 0.8 4.25 28.4
v 14 -2.5 28.4
v 14.8 -1.7 28.4
v 0.8 209.25 28.4
v 0.8606 210.097 28.4
v 1.041 210.926 28.4
v 1.3377 211.722 28.4
v 1.7445 212.467 28.4
v 2.2533 213.146 28.4
v 2.8536 213.747 28.4
v 3.5332 214.256 28.4
v 4.2783 214.662 28.4
v 5.0737 214.959 28.4
v 5.9032 215.139 28.4
v 6.75 215.2 28.4
v 14 216 28.4
v 14 215.2 28.4
v 6.75 -2.4515 41.9153
v 6.4671 2.2827 46
v 6.75 1.5847 45.9515
v 6.75 2.2625 46
v 4.7827 3.9671 46
v 5.4426 -2.3228 41.9153
v 5.4708 -2.1811 42.5793
v 6.75 -2.3071 42.5793
v 4.1854 -1.9414 41.9153
v 5.5171 -1.9482 43.2159
v 6.75 -2.0696 43.2159
v 4.2407 -1.808 42.5793
v 3.0268 -1.3221 41.9153
v 5.5806 -1.6288 43.8123
v 6.75 -1.744 43.8123
v 4.3316 -1.5886 43.2159
v 3.1071 -1.202 42.5793
v 5.6601 -1.2294 44.3563
v 6.75 -1.3368 44.3563
v 2.0113 -0.4887 41.9153
v 4.4562 -1.2877 43.8123
v 3.239 -1.0046 43.2159
v 5.7538 -0.7582 44.8368
v 6.75 -0.8563 44.8368
v 2.1134 -0.3866 42.5793
v 4.612 -0.9115 44.3563
v 1.1779 0.5268 41.9153
v 3.4199 -0.7338 43.8123
v 5.8599 -0.2246 45.244
v 6.75 -0.3123 45.244
v 2.2814 -0.2186 43.2159
v 4.7959 -0.4676 44.8368
v 1.298 0.6071 42.5793
v 3.6462 -0.3952 44.3563
v 0.5586 1.6854 41.9153
v 5.9763 0.3603 45.5696
v 6.75 0.2841 45.5696
v 6.75 0.9207 45.8071
v 2.5116 0.0116 43.8123
v 5.0041 0.035 45.244
v 1.4954 0.739 43.2159
v 3.9131 0.0043 44.8368
v 0.692 1.7407 42.5793
v 6.1005 0.9847 45.8071
v 2.7996 0.2996 44.3563
v 0.1772 2.9426 41.9153
v 5.2323 0.586 45.5696
v 1.7662 0.9199 43.8123
v 4.2153 0.4566 45.244
v 0.9114 1.8316 43.2159
v 6.23 1.6359 45.9515
v 6.1901 2.343 46
v 3.1393 0.6393 44.8368
v 0.3189 2.9708 42.5793
v 5.476 1.1742 45.8071
v 2.1048 1.1462 44.3563
v 4.5467 0.9525 45.5696
v 1.2123 1.9562 43.8123
v 3.524 1.024 45.244
v 0.5518 3.0171 43.2159
v 5.73 1.7876 45.9515
v 5.9244 2.4421 46
v 2.5043 1.4131 44.8368
v 4.9004 1.4818 45.8071
v 1.5885 2.112 44.3563
v 3.9457 1.4457 45.5696
v 0.8712 3.0806 43.8123
v 2.9566 1.7153 45.244
v 5.2693 2.0339 45.9515
v 5.6755 2.578 46
v 5.4485 2.7479 46
v 2.0324 2.2959 44.8368
v 4.3959 1.8959 45.8071
v 1.2706 3.1601 44.3563
v 3.4525 2.0467 45.5696
v 2.535 2.5041 45.244
v 4.8654 2.3654 45.9515
v 5.2479 2.9485 46
v 1.7418 3.2538 44.8368
v 3.9818 2.4004 45.8071
v 3.086 2.7323 45.5696
v 2.2754 3.3599 45.244
v 4.5339 2.7693 45.9515
v 5.078 3.1755 46
v 4.9421 3.4244 46
v 3.6742 2.976 45.8071
v 2.8603 3.4763 45.5696
v 4.2876 3.23 45.9515
v 4.843 3.6901 46
v 3.4847 3.6005 45.8071
v 4.1359 3.73 45.9515
v 14 -2.5 32.4
v 54 -2.5 41.2375
v 54 -2.5 32.4
v 22.2638 40.3728 46
v 22.3728 40.2638 46
v 22.4961 40.1714 46
v 22.1714 40.4961 46
v 22.6314 40.0976 46
v 22.0976 40.6314 46
v 22.0437 40.7757 46
v 22.7757 40.0437 46
v 22.011 40.9263 46
v 22.9263 40.011 46
v 23.08 40 46
v 22 41.08 46
v 23.32 40 46
v 23.4737 40.011 46
v 54 13.5 46
v 54 2.2625 46
v 28.6839 40.2638 46
v 24.0272 40.2638 46
v 23.9039 40.1714 46
v 28.5749 40.3728 46
v 24.1362 40.3728 46
v 28.4826 40.4961 46
v 24.2286 40.4961 46
v 28.8072 40.1714 46
v 28.9425 40.0976 46
v 23.7686 40.0976 46
v 28.4087 40.6314 46
v 24.3024 40.6314 46
v 24.3563 40.7757 46
v 29.0868 40.0437 46
v 23.6243 40.0437 46
v 28.3549 40.7757 46
v 28.3221 40.9263 46
v 24.389 40.9263 46
v 29.2374 40.011 46
v 29.3911 40 46
v 28.3111 41.08 46
v 24.4 41.08 46
v 29.6311 40 46
v 29.7848 40.011 46
v 34.886 40.3728 46
v 30.4473 40.3728 46
v 30.3384 40.2638 46
v 34.995 40.2638 46
v 34.7937 40.4961 46
v 30.5397 40.4961 46
v 30.6135 40.6314 46
v 35.1183 40.1714 46
v 30.215 40.1714 46
v 35.2536 40.0976 46
v 30.0798 40.0976 46
v 34.7198 40.6314 46
v 30.6674 40.7757 46
v 35.398 40.0437 46
v 29.9354 40.0437 46
v 34.666 40.7757 46
v 34.6332 40.9263 46
v 30.7001 40.9263 46
v 35.5485 40.011 46
v 35.7022 40 46
v 34.6222 41.08 46
v 30.7111 41.08 46
v 35.9422 40 46
v 36.0959 40.011 46
v 41.1971 40.3728 46
v 36.6495 40.2638 46
v 41.3061 40.2638 46
v 36.7584 40.3728 46
v 41.1048 40.4961 46
v 36.8508 40.4961 46
v 41.4294 40.1714 46
v 36.5261 40.1714 46
v 41.0309 40.6314 46
v 36.9246 40.6314 46
v 41.5647 40.0976 46
v 36.3909 40.0976 46
v 36.2465 40.0437 46
v 40.9771 40.7757 46
v 36.9785 40.7757 46
v 37.0112 40.9263 46
v 41.7091 40.0437 46
v 41.8596 40.011 46
v 40.9443 40.9263 46
v 37.0222 41.08 46
v 40.9333 41.08 46
v 42.0133 40 46
v 42.2533 40 46
v 42.407 40.011 46
v 47.6172 40.2638 46
v 43.0695 40.3728 46
v 42.9606 40.2638 46
v 47.5082 40.3728 46
v 47.7406 40.1714 46
v 42.8372 40.1714 46
v 47.4159 40.4961 46
v 43.1619 40.4961 46
v 47.342 40.6314 46
v 43.2357 40.6314 46
v 43.2896 40.7757 46
v 47.8758 40.0976 46
v 42.702 40.0976 46
v 48.0202 40.0437 46
v 42.5576 40.0437 46
v 47.2882 40.7757 46
v 48.1707 40.011 46
v 47.2554 40.9263 46
v 43.3223 40.9263 46
v 43.3333 41.08 46
v 48.3244 40 46
v 47.2444 41.08 46
v 48.5644 40 46
v 48.7181 40.011 46
v 53.9283 40.2638 46
v 49.2717 40.2638 46
v 49.1483 40.1714 46
v 53.8193 40.3728 46
v 49.3807 40.3728 46
v 54.0517 40.1714 46
v 49.0131 40.0976 46
v 53.727 40.4961 46
v 49.473 40.4961 46
v 54.1869 40.0976 46
v 53.6532 40.6314 46
v 49.5468 40.6314 46
v 54.3313 40.0437 46
v 48.8687 40.0437 46
v 53.5993 40.7757 46
v 49.6007 40.7757 46
v 53.5665 40.9263 46
v 49.6335 40.9263 46
v 54.4819 40.011 46
v 54.6356 40 46
v 53.5556 41.08 46
v 49.6444 41.08 46
v 54.8756 40 46
v 55.0293 40.011 46
v 60.1305 40.3728 46
v 55.6918 40.3728 46
v 55.5828 40.2638 46
v 55.7841 40.4961 46
v 60.2394 40.2638 46
v 60.0381 40.4961 46
v 55.858 40.6314 46
v 60.3628 40.1714 46
v 55.4594 40.1714 46
v 59.9643 40.6314 46
v 55.9118 40.7757 46
v 60.498 40.0976 46
v 55.3242 40.0976 46
v 59.9104 40.7757 46
v 60.6424 40.0437 46
v 55.1798 40.0437 46
v 60.793 40.011 46
v 59.8777 40.9263 46
v 55.9446 40.9263 46
v 60.9467 40 46
v 59.8667 41.08 46
v 55.9556 41.08 46
v 61.1867 40 46
v 61.3404 40.011 46
v 66.4416 40.3728 46
v 61.8939 40.2638 46
v 66.5505 40.2638 46
v 62.0029 40.3728 46
v 66.3492 40.4961 46
v 62.0952 40.4961 46
v 66.6739 40.1714 46
v 61.7706 40.1714 46
v 66.2754 40.6314 46
v 62.1691 40.6314 46
v 66.8091 40.0976 46
v 61.6353 40.0976 46
v 66.9535 40.0437 46
v 61.4909 40.0437 46
v 66.2215 40.7757 46
v 62.2229 40.7757 46
v 66.1888 40.9263 46
v 62.2557 40.9263 46
v 67.1041 40.011 46
v 66.1778 41.08 46
v 62.2667 41.08 46
v 67.2578 40 46
v 67.4978 40 46
v 67.6515 40.011 46
v 72.7527 40.3728 46
v 68.314 40.3728 46
v 68.205 40.2638 46
v 72.8616 40.2638 46
v 72.6603 40.4961 46
v 68.4063 40.4961 46
v 68.4802 40.6314 46
v 72.985 40.1714 46
v 68.0817 40.1714 46
v 72.5865 40.6314 46
v 73.1202 40.0976 46
v 67.9464 40.0976 46
v 72.5326 40.7757 46
v 68.534 40.7757 46
v 68.5668 40.9263 46
v 73.2646 40.0437 46
v 67.802 40.0437 46
v 72.4999 40.9263 46
v 68.5778 41.08 46
v 73.4152 40.011 46
v 73.5689 40 46
v 72.4889 41.08 46
v 73.8089 40 46
v 73.9626 40.011 46
v 98 13.5 46
v 79.1728 40.2638 46
v 74.5161 40.2638 46
v 74.3928 40.1714 46
v 79.0638 40.3728 46
v 74.6251 40.3728 46
v 74.7174 40.4961 46
v 79.2961 40.1714 46
v 78.9714 40.4961 46
v 78.8976 40.6314 46
v 74.7913 40.6314 46
v 79.4314 40.0976 46
v 74.2575 40.0976 46
v 79.5757 40.0437 46
v 74.1132 40.0437 46
v 78.8437 40.7757 46
v 74.8451 40.7757 46
v 78.811 40.9263 46
v 74.8779 40.9263 46
v 74.8889 41.08 46
v 79.7263 40.011 46
v 79.88 40 46
v 78.8 41.08 46
v 80.12 40 46
v 80.2737 40.011 46
v 85.3749 40.3728 46
v 80.9362 40.3728 46
v 80.8272 40.2638 46
v 81.0286 40.4961 46
v 85.4839 40.2638 46
v 85.2826 40.4961 46
v 85.6072 40.1714 46
v 80.7039 40.1714 46
v 85.2087 40.6314 46
v 81.1024 40.6314 46
v 85.7425 40.0976 46
v 80.5686 40.0976 46
v 85.1549 40.7757 46
v 81.1563 40.7757 46
v 85.8868 40.0437 46
v 80.4243 40.0437 46
v 85.1221 40.9263 46
v 81.189 40.9263 46
v 86.0374 40.011 46
v 85.1111 41.08 46
v 81.2 41.08 46
v 86.1911 40 46
v 86.4311 40 46
v 86.5848 40.011 46
v 91.795 40.2638 46
v 87.1384 40.2638 46
v 87.015 40.1714 46
v 87.2473 40.3728 46
v 91.686 40.3728 46
v 91.5937 40.4961 46
v 87.3397 40.4961 46
v 91.9183 40.1714 46
v 86.8798 40.0976 46
v 91.5198 40.6314 46
v 87.4135 40.6314 46
v 92.0536 40.0976 46
v 91.466 40.7757 46
v 87.4674 40.7757 46
v 87.5001 40.9263 46
v 92.198 40.0437 46
v 86.7354 40.0437 46
v 91.4332 40.9263 46
v 92.3485 40.011 46
v 91.4222 41.08 46
v 87.5111 41.08 46
v 92.5022 40 46
v 92.7422 40 46
v 92.8959 40.011 46
v 98.1061 40.2638 46
v 93.5584 40.3728 46
v 93.4495 40.2638 46
v 97.9971 40.3728 46
v 98.2294 40.1714 46
v 93.3261 40.1714 46
v 97.9048 40.4961 46
v 93.6508 40.4961 46
v 97.8309 40.6314 46
v 93.7246 40.6314 46
v 98.3647 40.0976 46
v 93.1909 40.0976 46
v 97.7771 40.7757 46
v 93.7785 40.7757 46
v 93.8112 40.9263 46
v 98.5091 40.0437 46
v 93.0465 40.0437 46
v 97.7443 40.9263 46
v 98.6596 40.011 46
v 97.7333 41.08 46
v 93.8222 41.08 46
v 98.8133 40 46
v 99.0533 40 46
v 99.207 40.011 46
v 104.308 40.3728 46
v 99.7606 40.2638 46
v 104.417 40.2638 46
v 99.8695 40.3728 46
v 99.9619 40.4961 46
v 104.216 40.4961 46
v 104.541 40.1714 46
v 99.6372 40.1714 46
v 104.142 40.6314 46
v 100.036 40.6314 46
v 104.676 40.0976 46
v 99.502 40.0976 46
v 104.088 40.7757 46
v 100.09 40.7757 46
v 100.122 40.9263 46
v 104.82 40.0437 46
v 99.3576 40.0437 46
v 104.055 40.9263 46
v 104.971 40.011 46
v 104.044 41.08 46
v 100.133 41.08 46
v 105.124 40 46
v 105.364 40 46
v 105.518 40.011 46
v 145.25 2.2625 46
v 98 2.2625 46
v 145.81 2.343 46
v 145.533 2.2827 46
v 146.752 2.9485 46
v 146.325 2.578 46
v 146.552 2.7479 46
v 146.076 2.4421 46
v 146.922 3.1755 46
v 110.619 40.3728 46
v 106.181 40.3728 46
v 106.072 40.2638 46
v 110.728 40.2638 46
v 110.852 40.1714 46
v 105.948 40.1714 46
v 110.527 40.4961 46
v 106.273 40.4961 46
v 110.987 40.0976 46
v 105.813 40.0976 46
v 110.453 40.6314 46
v 106.347 40.6314 46
v 106.401 40.7757 46
v 111.131 40.0437 46
v 105.669 40.0437 46
v 110.399 40.7757 46
v 147.217 3.9671 46
v 147.058 3.4244 46
v 147.157 3.6901 46
v 111.282 40.011 46
v 110.367 40.9263 46
v 106.433 40.9263 46
v 111.436 40 46
v 110.356 41.08 46
v 106.444 41.08 46
v 147.238 4.25 46
v 111.676 40 46
v 111.829 40.011 46
v 116.93 40.3728 46
v 112.584 40.4961 46
v 112.492 40.3728 46
v 117.039 40.2638 46
v 112.383 40.2638 46
v 117.163 40.1714 46
v 112.259 40.1714 46
v 116.838 40.4961 46
v 116.764 40.6314 46
v 112.658 40.6314 46
v 117.298 40.0976 46
v 112.124 40.0976 46
v 116.71 40.7757 46
v 112.712 40.7757 46
v 112.745 40.9263 46
v 117.442 40.0437 46
v 111.98 40.0437 46
v 116.678 40.9263 46
v 117.593 40.011 46
v 116.667 41.08 46
v 112.756 41.08 46
v 117.747 40 46
v 117.987 40 46
v 118.14 40.011 46
v 123.242 40.3728 46
v 118.803 40.3728 46
v 118.694 40.2638 46
v 118.895 40.4961 46
v 123.35 40.2638 46
v 118.571 40.1714 46
v 123.149 40.4961 46
v 123.474 40.1714 46
v 123.609 40.0976 46
v 118.435 40.0976 46
v 118.291 40.0437 46
v 123.075 40.6314 46
v 118.969 40.6314 46
v 123.022 40.7757 46
v 119.023 40.7757 46
v 123.754 40.0437 46
v 122.989 40.9263 46
v 119.056 40.9263 46
v 119.067 41.08 46
v 123.904 40.011 46
v 122.978 41.08 46
v 124.058 40 46
v 124.298 40 46
v 124.451 40.011 46
v 129.662 40.2638 46
v 129.553 40.3728 46
v 125.114 40.3728 46
v 125.005 40.2638 46
v 129.785 40.1714 46
v 124.882 40.1714 46
v 129.46 40.4961 46
v 125.206 40.4961 46
v 129.387 40.6314 46
v 125.28 40.6314 46
v 129.92 40.0976 46
v 124.746 40.0976 46
v 130.065 40.0437 46
v 124.602 40.0437 46
v 129.333 40.7757 46
v 125.334 40.7757 46
v 130.215 40.011 46
v 129.3 40.9263 46
v 125.367 40.9263 46
v 129.289 41.08 46
v 125.378 41.08 46
v 130.369 40 46
v 130.609 40 46
v 130.763 40.011 46
v 135.973 40.2638 46
v 131.316 40.2638 46
v 131.193 40.1714 46
v 131.425 40.3728 46
v 135.864 40.3728 46
v 136.096 40.1714 46
v 135.771 40.4961 46
v 131.517 40.4961 46
v 136.231 40.0976 46
v 131.058 40.0976 46
v 135.698 40.6314 46
v 131.591 40.6314 46
v 136.376 40.0437 46
v 130.913 40.0437 46
v 135.644 40.7757 46
v 131.645 40.7757 46
v 136.526 40.011 46
v 135.611 40.9263 46
v 131.678 40.9263 46
v 135.6 41.08 46
v 131.689 41.08 46
v 136.68 40 46
v 136.92 40 46
v 137.074 40.011 46
v 137.224 40.0437 46
v 137.369 40.0976 46
v 137.504 40.1714 46
v 137.627 40.2638 46
v 137.736 40.3728 46
v 137.829 40.4961 46
v 137.902 40.6314 46
v 137.956 40.7757 46
v 137.989 40.9263 46
v 138 41.08 46
v 4.9421 210.076 46
v 4.7827 209.533 46
v 4.843 209.81 46
v 5.2479 210.552 46
v 5.078 210.325 46
v 22 194.92 46
v 5.9244 211.058 46
v 5.4485 210.752 46
v 5.6755 210.922 46
v 22.011 195.074 46
v 22.0437 195.224 46
v 22.0976 195.369 46
v 22.1714 195.504 46
v 6.4671 211.217 46
v 6.1901 211.157 46
v 22.2638 195.627 46
v 6.75 211.238 46
v 22.3728 195.736 46
v 22.4961 195.829 46
v 22.6314 195.902 46
v 22.7757 195.956 46
v 22.9263 195.989 46
v 23.08 196 46
v 23.32 196 46
v 23.4737 195.989 46
v 28.3111 194.92 46
v 24.389 195.074 46
v 24.4 194.92 46
v 28.3221 195.074 46
v 28.3549 195.224 46
v 24.3563 195.224 46
v 28.4087 195.369 46
v 24.3024 195.369 46
v 24.2286 195.504 46
v 28.4826 195.504 46
v 28.5749 195.627 46
v 24.1362 195.627 46
v 28.6839 195.736 46
v 24.0272 195.736 46
v 23.9039 195.829 46
v 28.8072 195.829 46
v 23.7686 195.902 46
v 28.9425 195.902 46
v 29.0868 195.956 46
v 23.6243 195.956 46
v 29.2374 195.989 46
v 29.3911 196 46
v 29.6311 196 46
v 29.7848 195.989 46
v 34.6222 194.92 46
v 30.7111 194.92 46
v 34.6332 195.074 46
v 30.7001 195.074 46
v 34.666 195.224 46
v 30.6674 195.224 46
v 30.6135 195.369 46
v 34.7198 195.369 46
v 34.7937 195.504 46
v 30.5397 195.504 46
v 30.4473 195.627 46
v 34.886 195.627 46
v 30.3384 195.736 46
v 34.995 195.736 46
v 35.1183 195.829 46
v 30.215 195.829 46
v 35.2536 195.902 46
v 30.0798 195.902 46
v 29.9354 195.956 46
v 35.398 195.956 46
v 35.5485 195.989 46
v 35.7022 196 46
v 35.9422 196 46
v 40.9333 194.92 46
v 37.0112 195.074 46
v 37.0222 194.92 46
v 40.9443 195.074 46
v 40.9771 195.224 46
v 36.9785 195.224 46
v 41.0309 195.369 46
v 36.9246 195.369 46
v 41.1048 195.504 46
v 36.8508 195.504 46
v 36.7584 195.627 46
v 41.1971 195.627 46
v 41.3061 195.736 46
v 36.6495 195.736 46
v 41.4294 195.829 46
v 36.5261 195.829 46
v 36.3909 195.902 46
v 41.5647 195.902 46
v 41.7091 195.956 46
v 36.2465 195.956 46
v 36.0959 195.989 46
v 41.8596 195.989 46
v 42.0133 196 46
v 42.2533 196 46
v 47.2444 194.92 46
v 43.3333 194.92 46
v 47.2554 195.074 46
v 43.3223 195.074 46
v 47.2882 195.224 46
v 43.2896 195.224 46
v 47.342 195.369 46
v 43.2357 195.369 46
v 47.4159 195.504 46
v 43.1619 195.504 46
v 47.5082 195.627 46
v 43.0695 195.627 46
v 42.9606 195.736 46
v 47.6172 195.736 46
v 47.7406 195.829 46
v 42.8372 195.829 46
v 47.8758 195.902 46
v 42.702 195.902 46
v 48.0202 195.956 46
v 42.5576 195.956 46
v 42.407 195.989 46
v 48.1707 195.989 46
v 48.3244 196 46
v 48.5644 196 46
v 53.5556 194.92 46
v 49.6444 194.92 46
v 53.5665 195.074 46
v 49.6335 195.074 46
v 53.5993 195.224 46
v 49.6007 195.224 46
v 53.6532 195.369 46
v 49.5468 195.369 46
v 53.727 195.504 46
v 49.473 195.504 46
v 53.8193 195.627 46
v 49.3807 195.627 46
v 53.9283 195.736 46
v 49.2717 195.736 46
v 49.1483 195.829 46
v 54.0517 195.829 46
v 54.1869 195.902 46
v 49.0131 195.902 46
v 48.8687 195.956 46
v 54.3313 195.956 46
v 48.7181 195.989 46
v 54.4819 195.989 46
v 54.6356 196 46
v 54.8756 196 46
v 55.9556 194.92 46
v 59.8667 194.92 46
v 59.8777 195.074 46
v 55.9446 195.074 46
v 59.9104 195.224 46
v 55.9118 195.224 46
v 59.9643 195.369 46
v 55.858 195.369 46
v 55.7841 195.504 46
v 60.0381 195.504 46
v 60.1305 195.627 46
v 55.6918 195.627 46
v 55.5828 195.736 46
v 60.2394 195.736 46
v 60.3628 195.829 46
v 55.4594 195.829 46
v 60.498 195.902 46
v 55.3242 195.902 46
v 55.1798 195.956 46
v 60.6424 195.956 46
v 60.793 195.989 46
v 55.0293 195.989 46
v 60.9467 196 46
v 61.1867 196 46
v 66.1778 194.92 46
v 62.2667 194.92 46
v 66.1888 195.074 46
v 62.2557 195.074 46
v 66.2215 195.224 46
v 62.2229 195.224 46
v 62.1691 195.369 46
v 66.2754 195.369 46
v 66.3492 195.504 46
v 62.0952 195.504 46
v 62.0029 195.627 46
v 66.4416 195.627 46
v 66.5505 195.736 46
v 61.8939 195.736 46
v 66.6739 195.829 46
v 61.7706 195.829 46
v 66.8091 195.902 46
v 61.6353 195.902 46
v 61.4909 195.956 46
v 66.9535 195.956 46
v 61.3404 195.989 46
v 67.1041 195.989 46
v 67.2578 196 46
v 72.4889 194.92 46
v 68.5778 194.92 46
v 72.4999 195.074 46
v 68.5668 195.074 46
v 68.534 195.224 46
v 72.5326 195.224 46
v 72.5865 195.369 46
v 68.4802 195.369 46
v 72.6603 195.504 46
v 68.4063 195.504 46
v 72.7527 195.627 46
v 68.314 195.627 46
v 68.205 195.736 46
v 72.8616 195.736 46
v 72.985 195.829 46
v 68.0817 195.829 46
v 67.9464 195.902 46
v 73.1202 195.902 46
v 73.2646 195.956 46
v 67.802 195.956 46
v 67.6515 195.989 46
v 73.4152 195.989 46
v 73.5689 196 46
v 67.4978 196 46
v 78.8 194.92 46
v 74.8889 194.92 46
v 78.811 195.074 46
v 74.8779 195.074 46
v 78.8437 195.224 46
v 74.8451 195.224 46
v 78.8976 195.369 46
v 74.7913 195.369 46
v 74.7174 195.504 46
v 78.9714 195.504 46
v 79.0638 195.627 46
v 74.6251 195.627 46
v 74.5161 195.736 46
v 79.1728 195.736 46
v 79.2961 195.829 46
v 74.3928 195.829 46
v 74.2575 195.902 46
v 79.4314 195.902 46
v 79.5757 195.956 46
v 74.1132 195.956 46
v 73.9626 195.989 46
v 79.7263 195.989 46
v 79.88 196 46
v 73.8089 196 46
v 85.1111 194.92 46
v 81.2 194.92 46
v 85.1221 195.074 46
v 81.189 195.074 46
v 85.1549 195.224 46
v 81.1563 195.224 46
v 81.1024 195.369 46
v 85.2087 195.369 46
v 85.2826 195.504 46
v 81.0286 195.504 46
v 85.3749 195.627 46
v 80.9362 195.627 46
v 85.4839 195.736 46
v 80.8272 195.736 46
v 85.6072 195.829 46
v 80.7039 195.829 46
v 85.7425 195.902 46
v 80.5686 195.902 46
v 80.4243 195.956 46
v 85.8868 195.956 46
v 86.0374 195.989 46
v 80.2737 195.989 46
v 86.1911 196 46
v 80.12 196 46
v 91.4222 194.92 46
v 87.5001 195.074 46
v 87.5111 194.92 46
v 91.4332 195.074 46
v 91.466 195.224 46
v 87.4674 195.224 46
v 87.4135 195.369 46
v 91.5198 195.369 46
v 91.5937 195.504 46
v 87.3397 195.504 46
v 91.686 195.627 46
v 87.2473 195.627 46
v 91.795 195.736 46
v 87.1384 195.736 46
v 91.9183 195.829 46
v 87.015 195.829 46
v 92.0536 195.902 46
v 86.8798 195.902 46
v 92.198 195.956 46
v 86.7354 195.956 46
v 86.5848 195.989 46
v 92.3485 195.989 46
v 92.5022 196 46
v 86.4311 196 46
v 97.7333 194.92 46
v 93.8222 194.92 46
v 97.7443 195.074 46
v 93.7785 195.224 46
v 93.8112 195.074 46
v 97.7771 195.224 46
v 93.7246 195.369 46
v 97.8309 195.369 46
v 97.9048 195.504 46
v 93.6508 195.504 46
v 93.5584 195.627 46
v 97.9971 195.627 46
v 98.1061 195.736 46
v 93.4495 195.736 46
v 93.3261 195.829 46
v 98.2294 195.829 46
v 98.3647 195.902 46
v 93.1909 195.902 46
v 93.0465 195.956 46
v 98.5091 195.956 46
v 92.8959 195.989 46
v 98.6596 195.989 46
v 98.8133 196 46
v 92.7422 196 46
v 104.044 194.92 46
v 100.133 194.92 46
v 104.055 195.074 46
v 100.122 195.074 46
v 104.088 195.224 46
v 100.09 195.224 46
v 100.036 195.369 46
v 104.142 195.369 46
v 104.216 195.504 46
v 99.9619 195.504 46
v 104.308 195.627 46
v 99.8695 195.627 46
v 104.417 195.736 46
v 99.7606 195.736 46
v 104.541 195.829 46
v 99.6372 195.829 46
v 104.676 195.902 46
v 99.502 195.902 46
v 104.82 195.956 46
v 99.3576 195.956 46
v 99.207 195.989 46
v 104.971 195.989 46
v 105.124 196 46
v 99.0533 196 46
v 110.356 194.92 46
v 106.444 194.92 46
v 106.433 195.074 46
v 110.367 195.074 46
v 110.399 195.224 46
v 106.401 195.224 46
v 110.453 195.369 46
v 106.347 195.369 46
v 110.527 195.504 46
v 106.273 195.504 46
v 110.619 195.627 46
v 106.181 195.627 46
v 106.072 195.736 46
v 110.728 195.736 46
v 110.852 195.829 46
v 105.948 195.829 46
v 110.987 195.902 46
v 105.813 195.902 46
v 111.131 195.956 46
v 105.669 195.956 46
v 105.518 195.989 46
v 111.282 195.989 46
v 111.436 196 46
v 105.364 196 46
v 116.667 194.92 46
v 112.745 195.074 46
v 112.756 194.92 46
v 116.678 195.074 46
v 116.71 195.224 46
v 112.712 195.224 46
v 112.658 195.369 46
v 116.764 195.369 46
v 116.838 195.504 46
v 112.584 195.504 46
v 116.93 195.627 46
v 112.492 195.627 46
v 117.039 195.736 46
v 112.383 195.736 46
v 117.163 195.829 46
v 112.259 195.829 46
v 117.298 195.902 46
v 112.124 195.902 46
v 117.442 195.956 46
v 111.98 195.956 46
v 117.593 195.989 46
v 111.829 195.989 46
v 122.978 194.92 46
v 119.067 194.92 46
v 122.989 195.074 46
v 119.056 195.074 46
v 123.022 195.224 46
v 119.023 195.224 46
v 123.075 195.369 46
v 118.969 195.369 46
v 123.149 195.504 46
v 118.895 195.504 46
v 123.242 195.627 46
v 118.803 195.627 46
v 118.694 195.736 46
v 123.35 195.736 46
v 123.474 195.829 46
v 118.571 195.829 46
v 118.435 195.902 46
v 123.609 195.902 46
v 123.754 195.956 46
v 118.291 195.956 46
v 123.904 195.989 46
v 118.14 195.989 46
v 129.289 194.92 46
v 125.367 195.074 46
v 125.378 194.92 46
v 129.3 195.074 46
v 129.333 195.224 46
v 125.334 195.224 46
v 129.387 195.369 46
v 125.28 195.369 46
v 129.46 195.504 46
v 125.206 195.504 46
v 125.114 195.627 46
v 129.553 195.627 46
v 129.662 195.736 46
v 125.005 195.736 46
v 124.882 195.829 46
v 129.785 195.829 46
v 129.92 195.902 46
v 124.746 195.902 46
v 130.065 195.956 46
v 124.602 195.956 46
v 130.215 195.989 46
v 124.451 195.989 46
v 131.689 194.92 46
v 135.6 194.92 46
v 135.611 195.074 46
v 131.678 195.074 46
v 135.644 195.224 46
v 131.645 195.224 46
v 135.698 195.369 46
v 131.591 195.369 46
v 131.517 195.504 46
v 135.771 195.504 46
v 135.864 195.627 46
v 131.425 195.627 46
v 135.973 195.736 46
v 131.316 195.736 46
v 136.096 195.829 46
v 131.193 195.829 46
v 136.231 195.902 46
v 131.058 195.902 46
v 136.376 195.956 46
v 130.913 195.956 46
v 147.238 209.25 46
v 137.989 195.074 46
v 138 194.92 46
v 137.956 195.224 46
v 137.902 195.369 46
v 137.829 195.504 46
v 137.736 195.627 46
v 137.627 195.736 46
v 137.504 195.829 46
v 137.369 195.902 46
v 137.224 195.956 46
v 145.25 211.238 46
v 136.526 195.989 46
v 136.68 196 46
v 124.058 196 46
v 136.92 196 46
v 124.298 196 46
v 137.074 195.989 46
v 111.676 196 46
v 130.369 196 46
v 117.747 196 46
v 130.609 196 46
v 117.987 196 46
v 130.763 195.989 46
v 146.076 211.058 46
v 145.533 211.217 46
v 145.81 211.157 46
v 147.058 210.076 46
v 147.217 209.533 46
v 147.157 209.81 46
v 146.752 210.552 46
v 146.325 210.922 46
v 146.552 210.752 46
v 146.922 210.325 46
v 6.75 215.952 41.9153
v 6.75 211.915 45.9515
v 0.1772 210.557 41.9153
v 0.3189 210.529 42.5793
v 0.5586 211.815 41.9153
v 0.5518 210.483 43.2159
v 0.692 211.759 42.5793
v 1.1779 212.973 41.9153
v 0.8712 210.419 43.8123
v 0.9114 211.668 43.2159
v 1.298 212.893 42.5793
v 1.2706 210.34 44.3563
v 2.0113 213.989 41.9153
v 1.2123 211.544 43.8123
v 1.4954 212.761 43.2159
v 1.7418 210.246 44.8368
v 2.1134 213.887 42.5793
v 1.5885 211.388 44.3563
v 3.0268 214.822 41.9153
v 1.7662 212.58 43.8123
v 2.2754 210.14 45.244
v 2.2814 213.719 43.2159
v 2.0324 211.204 44.8368
v 3.1071 214.702 42.5793
v 2.1048 212.354 44.3563
v 4.1854 215.441 41.9153
v 2.8603 210.024 45.5696
v 2.5116 213.488 43.8123
v 2.535 210.996 45.244
v 3.239 214.505 43.2159
v 2.5043 212.087 44.8368
v 4.2407 215.308 42.5793
v 3.4847 209.899 45.8071
v 2.7996 213.2 44.3563
v 5.4426 215.823 41.9153
v 3.086 210.768 45.5696
v 3.4199 214.234 43.8123
v 2.9566 211.785 45.244
v 4.3316 215.089 43.2159
v 4.1359 209.77 45.9515
v 3.1393 212.861 44.8368
v 5.4708 215.681 42.5793
v 6.75 215.807 42.5793
v 3.6742 210.524 45.8071
v 3.6462 213.895 44.3563
v 3.4525 211.453 45.5696
v 4.4562 214.788 43.8123
v 3.524 212.476 45.244
v 5.5171 215.448 43.2159
v 6.75 215.57 43.2159
v 6.75 215.244 43.8123
v 4.2876 210.27 45.9515
v 3.9131 213.496 44.8368
v 3.9818 211.1 45.8071
v 4.612 214.411 44.3563
v 3.9457 212.054 45.5696
v 5.5806 215.129 43.8123
v 4.2153 213.043 45.244
v 4.5339 210.731 45.9515
v 4.7959 213.968 44.8368
v 4.3959 211.604 45.8071
v 5.6601 214.729 44.3563
v 6.75 214.837 44.3563
v 4.5467 212.548 45.5696
v 5.0041 213.465 45.244
v 4.8654 211.135 45.9515
v 5.7538 214.258 44.8368
v 6.75 214.356 44.8368
v 4.9004 212.018 45.8071
v 5.2323 212.914 45.5696
v 5.8599 213.725 45.244
v 6.75 213.812 45.244
v 5.2693 211.466 45.9515
v 5.476 212.326 45.8071
v 5.9763 213.14 45.5696
v 6.75 213.216 45.5696
v 6.75 212.579 45.8071
v 5.73 211.712 45.9515
v 6.1005 212.515 45.8071
v 6.23 211.864 45.9515
v 14 216 40.48
v 16 216 40.48
v 20.4211 216 28.4
v 16 216 28.4
v 20.4211 216 40.48
v 22.4211 216 40.48
v 26.8421 216 28.4
v 22.4211 216 28.4
v 26.8421 216 40.48
v 28.8421 216 40.48
v 33.2632 216 28.4
v 28.8421 216 28.4
v 33.2632 216 40.48
v 35.2632 216 40.48
v 39.6842 216 28.4
v 35.2632 216 28.4
v 39.6842 216 40.48
v 46.1053 216 40.48
v 46.1053 216 28.4
v 41.6842 216 28.4
v 41.6842 216 40.48
v 48.1053 216 40.48
v 52.5263 216 28.4
v 48.1053 216 28.4
v 52.5263 216 40.48
v 58.9474 216 40.48
v 58.9474 216 28.4
v 54.5263 216 28.4
v 54.5263 216 40.48
v 60.9474 216 40.48
v 65.3684 216 28.4
v 60.9474 216 28.4
v 65.3684 216 40.48
v 67.3684 216 40.48
v 71.7895 216 28.4
v 67.3684 216 28.4
v 71.7895 216 40.48
v 78.2105 216 40.48
v 78.2105 216 28.4
v 73.7895 216 28.4
v 73.7895 216 40.48
v 80.2105 216 40.48
v 84.6316 216 28.4
v 80.2105 216 28.4
v 84.6316 216 40.48
v 86.6316 216 40.48
v 91.0526 216 28.4
v 86.6316 216 28.4
v 91.0526 216 40.48
v 93.0526 216 40.48
v 97.4737 216 28.4
v 93.0526 216 28.4
v 97.4737 216 40.48
v 99.4737 216 40.48
v 103.895 216 28.4
v 99.4737 216 28.4
v 103.895 216 40.48
v 110.316 216 40.48
v 110.316 216 28.4
v 105.895 216 28.4
v 105.895 216 40.48
v 116.737 216 40.48
v 116.737 216 28.4
v 112.316 216 28.4
v 112.316 216 40.48
v 123.158 216 40.48
v 123.158 216 28.4
v 118.737 216 28.4
v 118.737 216 40.48
v 129.579 216 40.48
v 129.579 216 28.4
v 125.158 216 28.4
v 125.158 216 40.48
v 136 216 40.48
v 136 216 28.4
v 131.579 216 28.4
v 131.579 216 40.48
v 138 216 40.48
v 145.25 216 28.4
v 138 216 28.4
v 145.25 216 41.2375
v 0.8 4.25 27.9
v 0.8606 3.4032 27.9
v 1.041 2.5737 27.9
v 1.3377 1.7783 27.9
v 1.7445 1.0332 27.9
v 2.2533 0.3536 27.9
v 2.8536 -0.2467 27.9
v 3.5332 -0.7555 27.9
v 4.2783 -1.1623 27.9
v 5.0737 -1.459 27.9
v 5.9032 -1.6394 27.9
v 6.75 -1.7 27.9
v 14.8 -1.7 27.9
v 16 -0.5 30.4
v 14 -2.5 23.9
v 14 -2.5 27.9
v 16 -0.5 25.9
v 14 215.2 27.9
v 14 216 26.68
v 14 216 27.9
v 14 213 26.68
v 14 213 40.48
v 6.75 215.2 27.9
v 0.8 209.25 27.9
v 0.8606 210.097 27.9
v 1.041 210.926 27.9
v 1.3377 211.722 27.9
v 1.7445 212.467 27.9
v 2.2533 213.146 27.9
v 2.8536 213.747 27.9
v 3.5332 214.256 27.9
v 4.2783 214.662 27.9
v 5.0737 214.959 27.9
v 5.9032 215.139 27.9
v 54 -2.4515 41.9153
v 54 -2.3071 42.5793
v 54 -2.0696 43.2159
v 54 -1.744 43.8123
v 54 -1.3368 44.3563
v 54 -0.8563 44.8368
v 54 -0.3123 45.244
v 54 0.2841 45.5696
v 54 0.9207 45.8071
v 54 1.5847 45.9515
v 54 -0.5 30.4
v 54 6 30.4
v 54 6 42
v 54 13.5 42
v 98 13.5 42
v 98 -2.5 32.4
v 98 6 30.4
v 98 -0.5 30.4
v 98 6 42
v 98 -2.5 41.2375
v 98 -2.4515 41.9153
v 98 1.5847 45.9515
v 98 -2.3071 42.5793
v 98 0.9207 45.8071
v 98 -2.0696 43.2159
v 98 0.2841 45.5696
v 98 -1.744 43.8123
v 98 -0.3123 45.244
v 98 -1.3368 44.3563
v 98 -0.8563 44.8368
v 145.25 -2.5 41.2375
v 145.25 -2.4515 41.9153
v 145.25 -2.3071 42.5793
v 145.25 -2.0696 43.2159
v 145.25 -1.744 43.8123
v 145.25 -1.3368 44.3563
v 145.25 -0.8563 44.8368
v 145.25 -0.3123 45.244
v 145.25 0.2841 45.5696
v 145.25 0.9207 45.8071
v 145.25 1.5847 45.9515
v 151.952 4.25 41.9153
v 151.931 3.2894 41.2375
v 152 4.25 41.2375
v 146.211 -2.4313 41.2375
v 147.915 4.25 45.9515
v 151.823 2.9426 41.9153
v 151.727 2.3483 41.2375
v 151.681 2.9708 42.5793
v 151.807 4.25 42.5793
v 151.441 1.6854 41.9153
v 151.39 1.4459 41.2375
v 151.448 3.0171 43.2159
v 151.57 4.25 43.2159
v 151.308 1.7407 42.5793
v 150.822 0.5268 41.9153
v 150.929 0.6007 41.2375
v 150.351 -0.1703 41.2375
v 151.129 3.0806 43.8123
v 151.244 4.25 43.8123
v 151.089 1.8316 43.2159
v 150.702 0.6071 42.5793
v 150.729 3.1601 44.3563
v 150.837 4.25 44.3563
v 149.989 -0.4887 41.9153
v 149.67 -0.8513 41.2375
v 150.788 1.9562 43.8123
v 150.505 0.739 43.2159
v 150.258 3.2538 44.8368
v 150.356 4.25 44.8368
v 149.812 4.25 45.244
v 149.887 -0.3866 42.5793
v 150.411 2.112 44.3563
v 148.973 -1.3221 41.9153
v 148.899 -1.4285 41.2375
v 148.054 -1.89 41.2375
v 150.234 0.9199 43.8123
v 149.725 3.3599 45.244
v 149.719 -0.2186 43.2159
v 149.968 2.2959 44.8368
v 148.893 -1.202 42.5793
v 149.895 1.1462 44.3563
v 147.815 -1.9414 41.9153
v 147.152 -2.2266 41.2375
v 149.14 3.4763 45.5696
v 149.216 4.25 45.5696
v 149.488 0.0116 43.8123
v 149.465 2.5041 45.244
v 148.761 -1.0046 43.2159
v 149.496 1.4131 44.8368
v 147.759 -1.808 42.5793
v 148.515 3.6005 45.8071
v 148.579 4.25 45.8071
v 149.2 0.2996 44.3563
v 146.557 -2.3228 41.9153
v 148.914 2.7323 45.5696
v 148.58 -0.7338 43.8123
v 149.043 1.7153 45.244
v 147.668 -1.5886 43.2159
v 147.864 3.73 45.9515
v 148.861 0.6393 44.8368
v 146.529 -2.1811 42.5793
v 148.326 2.976 45.8071
v 148.354 -0.3952 44.3563
v 148.548 2.0467 45.5696
v 147.544 -1.2877 43.8123
v 148.476 1.024 45.244
v 146.483 -1.9482 43.2159
v 147.712 3.23 45.9515
v 148.087 0.0043 44.8368
v 148.018 2.4004 45.8071
v 147.388 -0.9115 44.3563
v 148.054 1.4457 45.5696
v 146.419 -1.6288 43.8123
v 147.785 0.4566 45.244
v 147.466 2.7693 45.9515
v 147.204 -0.4676 44.8368
v 147.604 1.8959 45.8071
v 146.34 -1.2294 44.3563
v 147.453 0.9525 45.5696
v 146.996 0.035 45.244
v 147.135 2.3654 45.9515
v 146.246 -0.7582 44.8368
v 147.1 1.4818 45.8071
v 146.768 0.586 45.5696
v 146.14 -0.2246 45.244
v 146.731 2.0339 45.9515
v 146.524 1.1742 45.8071
v 146.024 0.3603 45.5696
v 146.27 1.7876 45.9515
v 145.899 0.9847 45.8071
v 145.77 1.6359 45.9515
v 152 209.25 41.2375
v 151.952 209.25 41.9153
v 151.807 209.25 42.5793
v 151.57 209.25 43.2159
v 151.244 209.25 43.8123
v 150.837 209.25 44.3563
v 150.356 209.25 44.8368
v 149.812 209.25 45.244
v 149.216 209.25 45.5696
v 148.579 209.25 45.8071
v 147.915 209.25 45.9515
v 145.25 215.952 41.9153
v 146.211 215.931 41.2375
v 151.931 210.211 41.2375
v 145.25 211.915 45.9515
v 146.557 215.823 41.9153
v 147.152 215.727 41.2375
v 146.529 215.681 42.5793
v 145.25 215.807 42.5793
v 147.815 215.441 41.9153
v 148.054 215.39 41.2375
v 146.483 215.448 43.2159
v 145.25 215.57 43.2159
v 145.25 215.244 43.8123
v 147.759 215.308 42.5793
v 148.973 214.822 41.9153
v 148.899 214.929 41.2375
v 149.67 214.351 41.2375
v 146.419 215.129 43.8123
v 147.668 215.089 43.2159
v 148.893 214.702 42.5793
v 146.34 214.729 44.3563
v 145.25 214.837 44.3563
v 149.989 213.989 41.9153
v 150.351 213.67 41.2375
v 147.544 214.788 43.8123
v 148.761 214.505 43.2159
v 146.246 214.258 44.8368
v 145.25 214.356 44.8368
v 149.887 213.887 42.5793
v 147.388 214.411 44.3563
v 150.822 212.973 41.9153
v 150.929 212.899 41.2375
v 151.39 212.054 41.2375
v 148.58 214.234 43.8123
v 146.14 213.725 45.244
v 145.25 213.812 45.244
v 149.719 213.719 43.2159
v 147.204 213.968 44.8368
v 150.702 212.893 42.5793
v 148.354 213.895 44.3563
v 151.441 211.815 41.9153
v 151.727 211.152 41.2375
v 146.024 213.14 45.5696
v 145.25 213.216 45.5696
v 149.488 213.488 43.8123
v 146.996 213.465 45.244
v 150.505 212.761 43.2159
v 148.087 213.496 44.8368
v 151.308 211.759 42.5793
v 145.899 212.515 45.8071
v 145.25 212.579 45.8071
v 149.2 213.2 44.3563
v 151.823 210.557 41.9153
v 146.768 212.914 45.5696
v 150.234 212.58 43.8123
v 147.785 213.043 45.244
v 151.089 211.668 43.2159
v 145.77 211.864 45.9515
v 148.861 212.861 44.8368
v 151.681 210.529 42.5793
v 146.524 212.326 45.8071
v 149.895 212.354 44.3563
v 147.453 212.548 45.5696
v 150.788 211.544 43.8123
v 148.476 212.476 45.244
v 151.448 210.483 43.2159
v 146.27 211.712 45.9515
v 149.496 212.087 44.8368
v 147.1 212.018 45.8071
v 150.411 211.388 44.3563
v 148.054 212.054 45.5696
v 151.129 210.419 43.8123
v 149.043 211.785 45.244
v 146.731 211.466 45.9515
v 149.968 211.204 44.8368
v 147.604 211.604 45.8071
v 150.729 210.34 44.3563
v 148.548 211.453 45.5696
v 149.465 210.996 45.244
v 147.135 211.135 45.9515
v 150.258 210.246 44.8368
v 148.018 211.1 45.8071
v 148.914 210.768 45.5696
v 149.725 210.14 45.244
v 147.466 210.731 45.9515
v 148.326 210.524 45.8071
v 149.14 210.024 45.5696
v 147.712 210.27 45.9515
v 148.515 209.899 45.8071
v 147.864 209.77 45.9515
v 22 41.08 44.9
v 22.011 40.9263 44.9
v 22.0437 40.7757 44.9
v 22.0976 40.6314 44.9
v 22.1714 40.4961 44.9
v 22.2638 40.3728 44.9
v 22.3728 40.2638 44.9
v 22.4961 40.1714 44.9
v 22.6314 40.0976 44.9
v 22.7757 40.0437 44.9
v 22.9263 40.011 44.9
v 23.08 40 44.9
v 22 194.92 44.9
v 22.011 195.074 44.9
v 22.0437 195.224 44.9
v 22.0976 195.369 44.9
v 22.1714 195.504 44.9
v 22.2638 195.627 44.9
v 22.3728 195.736 44.9
v 22.4961 195.829 44.9
v 22.6314 195.902 44.9
v 22.7757 195.956 44.9
v 22.9263 195.989 44.9
v 23.08 196 44.9
v 23.32 196 44.9
v 24.4 194.92 44.9
v 24.389 195.074 44.9
v 24.3563 195.224 44.9
v 24.3024 195.369 44.9
v 24.2286 195.504 44.9
v 24.1362 195.627 44.9
v 24.0272 195.736 44.9
v 23.9039 195.829 44.9
v 23.7686 195.902 44.9
v 23.6243 195.956 44.9
v 23.4737 195.989 44.9
v 24.4 41.08 44.9
v 24.389 40.9263 44.9
v 24.3563 40.7757 44.9
v 24.3024 40.6314 44.9
v 24.2286 40.4961 44.9
v 24.1362 40.3728 44.9
v 24.0272 40.2638 44.9
v 23.9039 40.1714 44.9
v 23.7686 40.0976 44.9
v 23.6243 40.0437 44.9
v 23.4737 40.011 44.9
v 23.32 40 44.9
v 28.3111 41.08 44.9
v 28.3221 40.9263 44.9
v 28.3549 40.7757 44.9
v 28.4087 40.6314 44.9
v 28.4826 40.4961 44.9
v 28.5749 40.3728 44.9
v 28.6839 40.2638 44.9
v 28.8072 40.1714 44.9
v 28.9425 40.0976 44.9
v 29.0868 40.0437 44.9
v 29.2374 40.011 44.9
v 29.3911 40 44.9
v 28.3111 194.92 44.9
v 28.3221 195.074 44.9
v 28.3549 195.224 44.9
v 28.4087 195.369 44.9
v 28.4826 195.504 44.9
v 28.5749 195.627 44.9
v 28.6839 195.736 44.9
v 28.8072 195.829 44.9
v 28.9425 195.902 44.9
v 29.0868 195.956 44.9
v 29.2374 195.989 44.9
v 29.3911 196 44.9
v 29.6311 196 44.9
v 30.7111 194.92 44.9
v 30.7001 195.074 44.9
v 30.6674 195.224 44.9
v 30.6135 195.369 44.9
v 30.5397 195.504 44.9
v 30.4473 195.627 44.9
v 30.3384 195.736 44.9
v 30.215 195.829 44.9
v 30.0798 195.902 44.9
v 29.9354 195.956 44.9
v 29.7848 195.989 44.9
v 30.7111 41.08 44.9
v 30.7001 40.9263 44.9
v 30.6674 40.7757 44.9
v 30.6135 40.6314 44.9
v 30.5397 40.4961 44.9
v 30.4473 40.3728 44.9
v 30.3384 40.2638 44.9
v 30.215 40.1714 44.9
v 30.0798 40.0976 44.9
v 29.9354 40.0437 44.9
v 29.7848 40.011 44.9
v 29.6311 40 44.9
v 34.6222 41.08 44.9
v 34.6332 40.9263 44.9
v 34.666 40.7757 44.9
v 34.7198 40.6314 44.9
v 34.7937 40.4961 44.9
v 34.886 40.3728 44.9
v 34.995 40.2638 44.9
v 35.1183 40.1714 44.9
v 35.2536 40.0976 44.9
v 35.398 40.0437 44.9
v 35.5485 40.011 44.9
v 35.7022 40 44.9
v 34.6222 194.92 44.9
v 34.6332 195.074 44.9
v 34.666 195.224 44.9
v 34.7198 195.369 44.9
v 34.7937 195.504 44.9
v 34.886 195.627 44.9
v 34.995 195.736 44.9
v 35.1183 195.829 44.9
v 35.2536 195.902 44.9
v 35.398 195.956 44.9
v 35.5485 195.989 44.9
v 35.7022 196 44.9
v 35.9422 196 44.9
v 37.0222 194.92 44.9
v 37.0112 195.074 44.9
v 36.9785 195.224 44.9
v 36.9246 195.369 44.9
v 36.8508 195.504 44.9
v 36.7584 195.627 44.9
v 36.6495 195.736 44.9
v 36.5261 195.829 44.9
v 36.3909 195.902 44.9
v 36.2465 195.956 44.9
v 36.0959 195.989 44.9
v 37.0222 41.08 44.9
v 37.0112 40.9263 44.9
v 36.9785 40.7757 44.9
v 36.9246 40.6314 44.9
v 36.8508 40.4961 44.9
v 36.7584 40.3728 44.9
v 36.6495 40.2638 44.9
v 36.5261 40.1714 44.9
v 36.3909 40.0976 44.9
v 36.2465 40.0437 44.9
v 36.0959 40.011 44.9
v 35.9422 40 44.9
v 40.9333 41.08 44.9
v 40.9443 40.9263 44.9
v 40.9771 40.7757 44.9
v 41.0309 40.6314 44.9
v 41.1048 40.4961 44.9
v 41.1971 40.3728 44.9
v 41.3061 40.2638 44.9
v 41.4294 40.1714 44.9
v 41.5647 40.0976 44.9
v 41.7091 40.0437 44.9
v 41.8596 40.011 44.9
v 42.0133 40 44.9
v 40.9333 194.92 44.9
v 40.9443 195.074 44.9
v 40.9771 195.224 44.9
v 41.0309 195.369 44.9
v 41.1048 195.504 44.9
v 41.1971 195.627 44.9
v 41.3061 195.736 44.9
v 41.4294 195.829 44.9
v 41.5647 195.902 44.9
v 41.7091 195.956 44.9
v 41.8596 195.989 44.9
v 42.0133 196 44.9
v 42.2533 196 44.9
v 43.3333 194.92 44.9
v 43.3223 195.074 44.9
v 43.2896 195.224 44.9
v 43.2357 195.369 44.9
v 43.1619 195.504 44.9
v 43.0695 195.627 44.9
v 42.9606 195.736 44.9
v 42.8372 195.829 44.9
v 42.702 195.902 44.9
v 42.5576 195.956 44.9
v 42.407 195.989 44.9
v 43.3333 41.08 44.9
v 43.3223 40.9263 44.9
v 43.2896 40.7757 44.9
v 43.2357 40.6314 44.9
v 43.1619 40.4961 44.9
v 43.0695 40.3728 44.9
v 42.9606 40.2638 44.9
v 42.8372 40.1714 44.9
v 42.702 40.0976 44.9
v 42.5576 40.0437 44.9
v 42.407 40.011 44.9
v 42.2533 40 44.9
v 47.2444 41.08 44.9
v 47.2554 40.9263 44.9
v 47.2882 40.7757 44.9
v 47.342 40.6314 44.9
v 47.4159 40.4961 44.9
v 47.5082 40.3728 44.9
v 47.6172 40.2638 44.9
v 47.7406 40.1714 44.9
v 47.8758 40.0976 44.9
v 48.0202 40.0437 44.9
v 48.1707 40.011 44.9
v 48.3244 40 44.9
v 47.2444 194.92 44.9
v 47.2554 195.074 44.9
v 47.2882 195.224 44.9
v 47.342 195.369 44.9
v 47.4159 195.504 44.9
v 47.5082 195.627 44.9
v 47.6172 195.736 44.9
v 47.7406 195.829 44.9
v 47.8758 195.902 44.9
v 48.0202 195.956 44.9
v 48.1707 195.989 44.9
v 48.3244 196 44.9
v 48.5644 196 44.9
v 49.6444 194.92 44.9
v 49.6335 195.074 44.9
v 49.6007 195.224 44.9
v 49.5468 195.369 44.9
v 49.473 195.504 44.9
v 49.3807 195.627 44.9
v 49.2717 195.736 44.9
v 49.1483 195.829 44.9
v 49.0131 195.902 44.9
v 48.8687 195.956 44.9
v 48.7181 195.989 44.9
v 49.6444 41.08 44.9
v 49.6335 40.9263 44.9
v 49.6007 40.7757 44.9
v 49.5468 40.6314 44.9
v 49.473 40.4961 44.9
v 49.3807 40.3728 44.9
v 49.2717 40.2638 44.9
v 49.1483 40.1714 44.9
v 49.0131 40.0976 44.9
v 48.8687 40.0437 44.9
v 48.7181 40.011 44.9
v 48.5644 40 44.9
v 53.5556 41.08 44.9
v 53.5665 40.9263 44.9
v 53.5993 40.7757 44.9
v 53.6532 40.6314 44.9
v 53.727 40.4961 44.9
v 53.8193 40.3728 44.9
v 53.9283 40.2638 44.9
v 54.0517 40.1714 44.9
v 54.1869 40.0976 44.9
v 54.3313 40.0437 44.9
v 54.4819 40.011 44.9
v 54.6356 40 44.9
v 53.5556 194.92 44.9
v 53.5665 195.074 44.9
v 53.5993 195.224 44.9
v 53.6532 195.369 44.9
v 53.727 195.504 44.9
v 53.8193 195.627 44.9
v 53.9283 195.736 44.9
v 54.0517 195.829 44.9
v 54.1869 195.902 44.9
v 54.3313 195.956 44.9
v 54.4819 195.989 44.9
v 54.6356 196 44.9
v 54.8756 196 44.9
v 55.9556 194.92 44.9
v 55.9446 195.074 44.9
v 55.9118 195.224 44.9
v 55.858 195.369 44.9
v 55.7841 195.504 44.9
v 55.6918 195.627 44.9
v 55.5828 195.736 44.9
v 55.4594 195.829 44.9
v 55.3242 195.902 44.9
v 55.1798 195.956 44.9
v 55.0293 195.989 44.9
v 55.9556 41.08 44.9
v 55.9446 40.9263 44.9
v 55.9118 40.7757 44.9
v 55.858 40.6314 44.9
v 55.7841 40.4961 44.9
v 55.6918 40.3728 44.9
v 55.5828 40.2638 44.9
v 55.4594 40.1714 44.9
v 55.3242 40.0976 44.9
v 55.1798 40.0437 44.9
v 55.0293 40.011 44.9
v 54.8756 40 44.9
v 59.8667 41.08 44.9
v 59.8777 40.9263 44.9
v 59.9104 40.7757 44.9
v 59.9643 40.6314 44.9
v 60.0381 40.4961 44.9
v 60.1305 40.3728 44.9
v 60.2394 40.2638 44.9
v 60.3628 40.1714 44.9
v 60.498 40.0976 44.9
v 60.6424 40.0437 44.9
v 60.793 40.011 44.9
v 60.9467 40 44.9
v 59.8667 194.92 44.9
v 59.8777 195.074 44.9
v 59.9104 195.224 44.9
v 59.9643 195.369 44.9
v 60.0381 195.504 44.9
v 60.1305 195.627 44.9
v 60.2394 195.736 44.9
v 60.3628 195.829 44.9
v 60.498 195.902 44.9
v 60.6424 195.956 44.9
v 60.793 195.989 44.9
v 60.9467 196 44.9
v 61.1867 196 44.9
v 62.2667 194.92 44.9
v 62.2557 195.074 44.9
v 62.2229 195.224 44.9
v 62.1691 195.369 44.9
v 62.0952 195.504 44.9
v 62.0029 195.627 44.9
v 61.8939 195.736 44.9
v 61.7706 195.829 44.9
v 61.6353 195.902 44.9
v 61.4909 195.956 44.9
v 61.3404 195.989 44.9
v 62.2667 41.08 44.9
v 62.2557 40.9263 44.9
v 62.2229 40.7757 44.9
v 62.1691 40.6314 44.9
v 62.0952 40.4961 44.9
v 62.0029 40.3728 44.9
v 61.8939 40.2638 44.9
v 61.7706 40.1714 44.9
v 61.6353 40.0976 44.9
v 61.4909 40.0437 44.9
v 61.3404 40.011 44.9
v 61.1867 40 44.9
v 66.1778 41.08 44.9
v 66.1888 40.9263 44.9
v 66.2215 40.7757 44.9
v 66.2754 40.6314 44.9
v 66.3492 40.4961 44.9
v 66.4416 40.3728 44.9
v 66.5505 40.2638 44.9
v 66.6739 40.1714 44.9
v 66.8091 40.0976 44.9
v 66.9535 40.0437 44.9
v 67.1041 40.011 44.9
v 67.2578 40 44.9
v 66.1778 194.92 44.9
v 66.1888 195.074 44.9
v 66.2215 195.224 44.9
v 66.2754 195.369 44.9
v 66.3492 195.504 44.9
v 66.4416 195.627 44.9
v 66.5505 195.736 44.9
v 66.6739 195.829 44.9
v 66.8091 195.902 44.9
v 66.9535 195.956 44.9
v 67.1041 195.989 44.9
v 67.2578 196 44.9
v 67.4978 196 44.9
v 68.5778 194.92 44.9
v 68.5668 195.074 44.9
v 68.534 195.224 44.9
v 68.4802 195.369 44.9
v 68.4063 195.504 44.9
v 68.314 195.627 44.9
v 68.205 195.736 44.9
v 68.0817 195.829 44.9
v 67.9464 195.902 44.9
v 67.802 195.956 44.9
v 67.6515 195.989 44.9
v 68.5778 41.08 44.9
v 68.5668 40.9263 44.9
v 68.534 40.7757 44.9
v 68.4802 40.6314 44.9
v 68.4063 40.4961 44.9
v 68.314 40.3728 44.9
v 68.205 40.2638 44.9
v 68.0817 40.1714 44.9
v 67.9464 40.0976 44.9
v 67.802 40.0437 44.9
v 67.6515 40.011 44.9
v 67.4978 40 44.9
v 72.4889 41.08 44.9
v 72.4999 40.9263 44.9
v 72.5326 40.7757 44.9
v 72.5865 40.6314 44.9
v 72.6603 40.4961 44.9
v 72.7527 40.3728 44.9
v 72.8616 40.2638 44.9
v 72.985 40.1714 44.9
v 73.1202 40.0976 44.9
v 73.2646 40.0437 44.9
v 73.4152 40.011 44.9
v 73.5689 40 44.9
v 72.4889 194.92 44.9
v 72.4999 195.074 44.9
v 72.5326 195.224 44.9
v 72.5865 195.369 44.9
v 72.6603 195.504 44.9
v 72.7527 195.627 44.9
v 72.8616 195.736 44.9
v 72.985 195.829 44.9
v 73.1202 195.902 44.9
v 73.2646 195.956 44.9
v 73.4152 195.989 44.9
v 73.5689 196 44.9
v 73.8089 196 44.9
v 74.8889 194.92 44.9
v 74.8779 195.074 44.9
v 74.8451 195.224 44.9
v 74.7913 195.369 44.9
v 74.7174 195.504 44.9
v 74.6251 195.627 44.9
v 74.5161 195.736 44.9
v 74.3928 195.829 44.9
v 74.2575 195.902 44.9
v 74.1132 195.956 44.9
v 73.9626 195.989 44.9
v 74.8889 41.08 44.9
v 74.8779 40.9263 44.9
v 74.8451 40.7757 44.9
v 74.7913 40.6314 44.9
v 74.7174 40.4961 44.9
v 74.6251 40.3728 44.9
v 74.5161 40.2638 44.9
v 74.3928 40.1714 44.9
v 74.2575 40.0976 44.9
v 74.1132 40.0437 44.9
v 73.9626 40.011 44.9
v 73.8089 40 44.9
v 78.8 41.08 44.9
v 78.811 40.9263 44.9
v 78.8437 40.7757 44.9
v 78.8976 40.6314 44.9
v 78.9714 40.4961 44.9
v 79.0638 40.3728 44.9
v 79.1728 40.2638 44.9
v 79.2961 40.1714 44.9
v 79.4314 40.0976 44.9
v 79.5757 40.0437 44.9
v 79.7263 40.011 44.9
v 79.88 40 44.9
v 78.8 194.92 44.9
v 78.811 195.074 44.9
v 78.8437 195.224 44.9
v 78.8976 195.369 44.9
v 78.9714 195.504 44.9
v 79.0638 195.627 44.9
v 79.1728 195.736 44.9
v 79.2961 195.829 44.9
v 79.4314 195.902 44.9
v 79.5757 195.956 44.9
v 79.7263 195.989 44.9
v 79.88 196 44.9
v 80.12 196 44.9
v 81.2 194.92 44.9
v 81.189 195.074 44.9
v 81.1563 195.224 44.9
v 81.1024 195.369 44.9
v 81.0286 195.504 44.9
v 80.9362 195.627 44.9
v 80.8272 195.736 44.9
v 80.7039 195.829 44.9
v 80.5686 195.902 44.9
v 80.4243 195.956 44.9
v 80.2737 195.989 44.9
v 81.2 41.08 44.9
v 81.189 40.9263 44.9
v 81.1563 40.7757 44.9
v 81.1024 40.6314 44.9
v 81.0286 40.4961 44.9
v 80.9362 40.3728 44.9
v 80.8272 40.2638 44.9
v 80.7039 40.1714 44.9
v 80.5686 40.0976 44.9
v 80.4243 40.0437 44.9
v 80.2737 40.011 44.9
v 80.12 40 44.9
v 85.1111 41.08 44.9
v 85.1221 40.9263 44.9
v 85.1549 40.7757 44.9
v 85.2087 40.6314 44.9
v 85.2826 40.4961 44.9
v 85.3749 40.3728 44.9
v 85.4839 40.2638 44.9
v 85.6072 40.1714 44.9
v 85.7425 40.0976 44.9
v 85.8868 40.0437 44.9
v 86.0374 40.011 44.9
v 86.1911 40 44.9
v 85.1111 194.92 44.9
v 85.1221 195.074 44.9
v 85.1549 195.224 44.9
v 85.2087 195.369 44.9
v 85.2826 195.504 44.9
v 85.3749 195.627 44.9
v 85.4839 195.736 44.9
v 85.6072 195.829 44.9
v 85.7425 195.902 44.9
v 85.8868 195.956 44.9
v 86.0374 195.989 44.9
v 86.1911 196 44.9
v 86.4311 196 44.9
v 87.5111 194.92 44.9
v 87.5001 195.074 44.9
v 87.4674 195.224 44.9
v 87.4135 195.369 44.9
v 87.3397 195.504 44.9
v 87.2473 195.627 44.9
v 87.1384 195.736 44.9
v 87.015 195.829 44.9
v 86.8798 195.902 44.9
v 86.7354 195.956 44.9
v 86.5848 195.989 44.9
v 87.5111 41.08 44.9
v 87.5001 40.9263 44.9
v 87.4674 40.7757 44.9
v 87.4135 40.6314 44.9
v 87.3397 40.4961 44.9
v 87.2473 40.3728 44.9
v 87.1384 40.2638 44.9
v 87.015 40.1714 44.9
v 86.8798 40.0976 44.9
v 86.7354 40.0437 44.9
v 86.5848 40.011 44.9
v 86.4311 40 44.9
v 91.4222 41.08 44.9
v 91.4332 40.9263 44.9
v 91.466 40.7757 44.9
v 91.5198 40.6314 44.9
v 91.5937 40.4961 44.9
v 91.686 40.3728 44.9
v 91.795 40.2638 44.9
v 91.9183 40.1714 44.9
v 92.0536 40.0976 44.9
v 92.198 40.0437 44.9
v 92.3485 40.011 44.9
v 92.5022 40 44.9
v 91.4222 194.92 44.9
v 91.4332 195.074 44.9
v 91.466 195.224 44.9
v 91.5198 195.369 44.9
v 91.5937 195.504 44.9
v 91.686 195.627 44.9
v 91.795 195.736 44.9
v 91.9183 195.829 44.9
v 92.0536 195.902 44.9
v 92.198 195.956 44.9
v 92.3485 195.989 44.9
v 92.5022 196 44.9
v 92.7422 196 44.9
v 93.8222 194.92 44.9
v 93.8112 195.074 44.9
v 93.7785 195.224 44.9
v 93.7246 195.369 44.9
v 93.6508 195.504 44.9
v 93.5584 195.627 44.9
v 93.4495 195.736 44.9
v 93.3261 195.829 44.9
v 93.1909 195.902 44.9
v 93.0465 195.956 44.9
v 92.8959 195.989 44.9
v 93.8222 41.08 44.9
v 93.8112 40.9263 44.9
v 93.7785 40.7757 44.9
v 93.7246 40.6314 44.9
v 93.6508 40.4961 44.9
v 93.5584 40.3728 44.9
v 93.4495 40.2638 44.9
v 93.3261 40.1714 44.9
v 93.1909 40.0976 44.9
v 93.0465 40.0437 44.9
v 92.8959 40.011 44.9
v 92.7422 40 44.9
v 97.7333 41.08 44.9
v 97.7443 40.9263 44.9
v 97.7771 40.7757 44.9
v 97.8309 40.6314 44.9
v 97.9048 40.4961 44.9
v 97.9971 40.3728 44.9
v 98.1061 40.2638 44.9
v 98.2294 40.1714 44.9
v 98.3647 40.0976 44.9
v 98.5091 40.0437 44.9
v 98.6596 40.011 44.9
v 98.8133 40 44.9
v 97.7333 194.92 44.9
v 97.7443 195.074 44.9
v 97.7771 195.224 44.9
v 97.8309 195.369 44.9
v 97.9048 195.504 44.9
v 97.9971 195.627 44.9
v 98.1061 195.736 44.9
v 98.2294 195.829 44.9
v 98.3647 195.902 44.9
v 98.5091 195.956 44.9
v 98.6596 195.989 44.9
v 98.8133 196 44.9
v 99.0533 196 44.9
v 100.133 194.92 44.9
v 100.122 195.074 44.9
v 100.09 195.224 44.9
v 100.036 195.369 44.9
v 99.9619 195.504 44.9
v 99.8695 195.627 44.9
v 99.7606 195.736 44.9
v 99.6372 195.829 44.9
v 99.502 195.902 44.9
v 99.3576 195.956 44.9
v 99.207 195.989 44.9
v 100.133 41.08 44.9
v 100.122 40.9263 44.9
v 100.09 40.7757 44.9
v 100.036 40.6314 44.9
v 99.9619 40.4961 44.9
v 99.8695 40.3728 44.9
v 99.7606 40.2638 44.9
v 99.6372 40.1714 44.9
v 99.502 40.0976 44.9
v 99.3576 40.0437 44.9
v 99.207 40.011 44.9
v 99.0533 40 44.9
v 104.044 41.08 44.9
v 104.055 40.9263 44.9
v 104.088 40.7757 44.9
v 104.142 40.6314 44.9
v 104.216 40.4961 44.9
v 104.308 40.3728 44.9
v 104.417 40.2638 44.9
v 104.541 40.1714 44.9
v 104.676 40.0976 44.9
v 104.82 40.0437 44.9
v 104.971 40.011 44.9
v 105.124 40 44.9
v 104.044 194.92 44.9
v 104.055 195.074 44.9
v 104.088 195.224 44.9
v 104.142 195.369 44.9
v 104.216 195.504 44.9
v 104.308 195.627 44.9
v 104.417 195.736 44.9
v 104.541 195.829 44.9
v 104.676 195.902 44.9
v 104.82 195.956 44.9
v 104.971 195.989 44.9
v 105.124 196 44.9
v 105.364 196 44.9
v 106.444 194.92 44.9
v 106.433 195.074 44.9
v 106.401 195.224 44.9
v 106.347 195.369 44.9
v 106.273 195.504 44.9
v 106.181 195.627 44.9
v 106.072 195.736 44.9
v 105.948 195.829 44.9
v 105.813 195.902 44.9
v 105.669 195.956 44.9
v 105.518 195.989 44.9
v 106.444 41.08 44.9
v 106.433 40.9263 44.9
v 106.401 40.7757 44.9
v 106.347 40.6314 44.9
v 106.273 40.4961 44.9
v 106.181 40.3728 44.9
v 106.072 40.2638 44.9
v 105.948 40.1714 44.9
v 105.813 40.0976 44.9
v 105.669 40.0437 44.9
v 105.518 40.011 44.9
v 105.364 40 44.9
v 110.356 41.08 44.9
v 110.367 40.9263 44.9
v 110.399 40.7757 44.9
v 110.453 40.6314 44.9
v 110.527 40.4961 44.9
v 110.619 40.3728 44.9
v 110.728 40.2638 44.9
v 110.852 40.1714 44.9
v 110.987 40.0976 44.9
v 111.131 40.0437 44.9
v 111.282 40.011 44.9
v 111.436 40 44.9
v 110.356 194.92 44.9
v 110.367 195.074 44.9
v 110.399 195.224 44.9
v 110.453 195.369 44.9
v 110.527 195.504 44.9
v 110.619 195.627 44.9
v 110.728 195.736 44.9
v 110.852 195.829 44.9
v 110.987 195.902 44.9
v 111.131 195.956 44.9
v 111.282 195.989 44.9
v 111.436 196 44.9
v 111.676 196 44.9
v 112.756 194.92 44.9
v 112.745 195.074 44.9
v 112.712 195.224 44.9
v 112.658 195.369 44.9
v 112.584 195.504 44.9
v 112.492 195.627 44.9
v 112.383 195.736 44.9
v 112.259 195.829 44.9
v 112.124 195.902 44.9
v 111.98 195.956 44.9
v 111.829 195.989 44.9
v 112.756 41.08 44.9
v 112.745 40.9263 44.9
v 112.712 40.7757 44.9
v 112.658 40.6314 44.9
v 112.584 40.4961 44.9
v 112.492 40.3728 44.9
v 112.383 40.2638 44.9
v 112.259 40.1714 44.9
v 112.124 40.0976 44.9
v 111.98 40.0437 44.9
v 111.829 40.011 44.9
v 111.676 40 44.9
v 116.667 41.08 44.9
v 116.678 40.9263 44.9
v 116.71 40.7757 44.9
v 116.764 40.6314 44.9
v 116.838 40.4961 44.9
v 116.93 40.3728 44.9
v 117.039 40.2638 44.9
v 117.163 40.1714 44.9
v 117.298 40.0976 44.9
v 117.442 40.0437 44.9
v 117.593 40.011 44.9
v 117.747 40 44.9
v 116.667 194.92 44.9
v 116.678 195.074 44.9
v 116.71 195.224 44.9
v 116.764 195.369 44.9
v 116.838 195.504 44.9
v 116.93 195.627 44.9
v 117.039 195.736 44.9
v 117.163 195.829 44.9
v 117.298 195.902 44.9
v 117.442 195.956 44.9
v 117.593 195.989 44.9
v 117.747 196 44.9
v 117.987 196 44.9
v 119.067 194.92 44.9
v 119.056 195.074 44.9
v 119.023 195.224 44.9
v 118.969 195.369 44.9
v 118.895 195.504 44.9
v 118.803 195.627 44.9
v 118.694 195.736 44.9
v 118.571 195.829 44.9
v 118.435 195.902 44.9
v 118.291 195.956 44.9
v 118.14 195.989 44.9
v 119.067 41.08 44.9
v 119.056 40.9263 44.9
v 119.023 40.7757 44.9
v 118.969 40.6314 44.9
v 118.895 40.4961 44.9
v 118.803 40.3728 44.9
v 118.694 40.2638 44.9
v 118.571 40.1714 44.9
v 118.435 40.0976 44.9
v 118.291 40.0437 44.9
v 118.14 40.011 44.9
v 117.987 40 44.9
v 122.978 41.08 44.9
v 122.989 40.9263 44.9
v 123.022 40.7757 44.9
v 123.075 40.6314 44.9
v 123.149 40.4961 44.9
v 123.242 40.3728 44.9
v 123.35 40.2638 44.9
v 123.474 40.1714 44.9
v 123.609 40.0976 44.9
v 123.754 40.0437 44.9
v 123.904 40.011 44.9
v 124.058 40 44.9
v 122.978 194.92 44.9
v 122.989 195.074 44.9
v 123.022 195.224 44.9
v 123.075 195.369 44.9
v 123.149 195.504 44.9
v 123.242 195.627 44.9
v 123.35 195.736 44.9
v 123.474 195.829 44.9
v 123.609 195.902 44.9
v 123.754 195.956 44.9
v 123.904 195.989 44.9
v 124.058 196 44.9
v 124.298 196 44.9
v 125.378 194.92 44.9
v 125.367 195.074 44.9
v 125.334 195.224 44.9
v 125.28 195.369 44.9
v 125.206 195.504 44.9
v 125.114 195.627 44.9
v 125.005 195.736 44.9
v 124.882 195.829 44.9
v 124.746 195.902 44.9
v 124.602 195.956 44.9
v 124.451 195.989 44.9
v 125.378 41.08 44.9
v 125.367 40.9263 44.9
v 125.334 40.7757 44.9
v 125.28 40.6314 44.9
v 125.206 40.4961 44.9
v 125.114 40.3728 44.9
v 125.005 40.2638 44.9
v 124.882 40.1714 44.9
v 124.746 40.0976 44.9
v 124.602 40.0437 44.9
v 124.451 40.011 44.9
v 124.298 40 44.9
v 129.289 41.08 44.9
v 129.3 40.9263 44.9
v 129.333 40.7757 44.9
v 129.387 40.6314 44.9
v 129.46 40.4961 44.9
v 129.553 40.3728 44.9
v 129.662 40.2638 44.9
v 129.785 40.1714 44.9
v 129.92 40.0976 44.9
v 130.065 40.0437 44.9
v 130.215 40.011 44.9
v 130.369 40 44.9
v 129.289 194.92 44.9
v 129.3 195.074 44.9
v 129.333 195.224 44.9
v 129.387 195.369 44.9
v 129.46 195.504 44.9
v 129.553 195.627 44.9
v 129.662 195.736 44.9
v 129.785 195.829 44.9
v 129.92 195.902 44.9
v 130.065 195.956 44.9
v 130.215 195.989 44.9
v 130.369 196 44.9
v 130.609 196 44.9
v 131.689 194.92 44.9
v 131.678 195.074 44.9
v 131.645 195.224 44.9
v 131.591 195.369 44.9
v 131.517 195.504 44.9
v 131.425 195.627 44.9
v 131.316 195.736 44.9
v 131.193 195.829 44.9
v 131.058 195.902 44.9
v 130.913 195.956 44.9
v 130.763 195.989 44.9
v 131.689 41.08 44.9
v 131.678 40.9263 44.9
v 131.645 40.7757 44.9
v 131.591 40.6314 44.9
v 131.517 40.4961 44.9
v 131.425 40.3728 44.9
v 131.316 40.2638 44.9
v 131.193 40.1714 44.9
v 131.058 40.0976 44.9
v 130.913 40.0437 44.9
v 130.763 40.011 44.9
v 130.609 40 44.9
v 135.6 41.08 44.9
v 135.611 40.9263 44.9
v 135.644 40.7757 44.9
v 135.698 40.6314 44.9
v 135.771 40.4961 44.9
v 135.864 40.3728 44.9
v 135.973 40.2638 44.9
v 136.096 40.1714 44.9
v 136.231 40.0976 44.9
v 136.376 40.0437 44.9
v 136.526 40.011 44.9
v 136.68 40 44.9
v 135.6 194.92 44.9
v 135.611 195.074 44.9
v 135.644 195.224 44.9
v 135.698 195.369 44.9
v 135.771 195.504 44.9
v 135.864 195.627 44.9
v 135.973 195.736 44.9
v 136.096 195.829 44.9
v 136.231 195.902 44.9
v 136.376 195.956 44.9
v 136.526 195.989 44.9
v 136.68 196 44.9
v 136.92 196 44.9
v 138 194.92 44.9
v 137.989 195.074 44.9
v 137.956 195.224 44.9
v 137.902 195.369 44.9
v 137.829 195.504 44.9
v 137.736 195.627 44.9
v 137.627 195.736 44.9
v 137.504 195.829 44.9
v 137.369 195.902 44.9
v 137.224 195.956 44.9
v 137.074 195.989 44.9
v 138 41.08 44.9
v 137.989 40.9263 44.9
v 137.956 40.7757 44.9
v 137.902 40.6314 44.9
v 137.829 40.4961 44.9
v 137.736 40.3728 44.9
v 137.627 40.2638 44.9
v 137.504 40.1714 44.9
v 137.369 40.0976 44.9
v 137.224 40.0437 44.9
v 137.074 40.011 44.9
v 136.92 40 44.9
v 16 213 40.48
v 16 215.2 27.9
v 16 216 27.9
v 16 216 26.68
v 16 213 26.68
v 16 215.2 28.4
v 20.4211 215.2 28.4
v 20.4211 215.2 27.9
v 20.4211 216 26.68
v 20.4211 216 27.9
v 20.4211 213 26.68
v 20.4211 213 40.48
v 22.4211 213 40.48
v 22.4211 215.2 27.9
v 22.4211 216 27.9
v 22.4211 216 26.68
v 22.4211 213 26.68
v 22.4211 215.2 28.4
v 26.8421 215.2 28.4
v 26.8421 215.2 27.9
v 26.8421 216 26.68
v 26.8421 216 27.9
v 26.8421 213 26.68
v 26.8421 213 40.48
v 28.8421 213 40.48
v 28.8421 215.2 27.9
v 28.8421 216 27.9
v 28.8421 216 26.68
v 28.8421 213 26.68
v 28.8421 215.2 28.4
v 33.2632 215.2 28.4
v 33.2632 215.2 27.9
v 33.2632 216 26.68
v 33.2632 216 27.9
v 33.2632 213 26.68
v 33.2632 213 40.48
v 35.2632 213 40.48
v 35.2632 215.2 27.9
v 35.2632 216 27.9
v 35.2632 216 26.68
v 35.2632 213 26.68
v 35.2632 215.2 28.4
v 39.6842 215.2 28.4
v 39.6842 215.2 27.9
v 39.6842 216 26.68
v 39.6842 216 27.9
v 39.6842 213 26.68
v 39.6842 213 40.48
v 41.6842 213 40.48
v 41.6842 215.2 27.9
v 41.6842 216 27.9
v 41.6842 216 26.68
v 41.6842 213 26.68
v 41.6842 215.2 28.4
v 46.1053 215.2 28.4
v 46.1053 215.2 27.9
v 46.1053 216 26.68
v 46.1053 216 27.9
v 46.1053 213 26.68
v 46.1053 213 40.48
v 48.1053 213 40.48
v 48.1053 215.2 27.9
v 48.1053 216 27.9
v 48.1053 216 26.68
v 48.1053 213 26.68
v 48.1053 215.2 28.4
v 52.5263 215.2 28.4
v 52.5263 215.2 27.9
v 52.5263 216 26.68
v 52.5263 216 27.9
v 52.5263 213 26.68
v 52.5263 213 40.48
v 54.5263 213 40.48
v 54.5263 215.2 27.9
v 54.5263 216 27.9
v 54.5263 216 26.68
v 54.5263 213 26.68
v 54.5263 215.2 28.4
v 58.9474 215.2 28.4
v 58.9474 215.2 27.9
v 58.9474 216 26.68
v 58.9474 216 27.9
v 58.9474 213 26.68
v 58.9474 213 40.48
v 60.9474 213 40.48
v 60.9474 215.2 27.9
v 60.9474 216 27.9
v 60.9474 216 26.68
v 60.9474 213 26.68
v 60.9474 215.2 28.4
v 65.3684 215.2 28.4
v 65.3684 215.2 27.9
v 65.3684 216 26.68
v 65.3684 216 27.9
v 65.3684 213 26.68
v 65.3684 213 40.48
v 67.3684 213 40.48
v 67.3684 215.2 27.9
v 67.3684 216 27.9
v 67.3684 216 26.68
v 67.3684 213 26.68
v 67.3684 215.2 28.4
v 71.7895 215.2 28.4
v 71.7895 215.2 27.9
v 71.7895 216 26.68
v 71.7895 216 27.9
v 71.7895 213 26.68
v 71.7895 213 40.48
v 73.7895 213 40.48
v 73.7895 215.2 27.9
v 73.7895 216 27.9
v 73.7895 216 26.68
v 73.7895 213 26.68
v 73.7895 215.2 28.4
v 78.2105 215.2 28.4
v 78.2105 215.2 27.9
v 78.2105 216 26.68
v 78.2105 216 27.9
v 78.2105 213 26.68
v 78.2105 213 40.48
v 80.2105 213 40.48
v 80.2105 215.2 27.9
v 80.2105 216 27.9
v 80.2105 216 26.68
v 80.2105 213 26.68
v 80.2105 215.2 28.4
v 84.6316 215.2 28.4
v 84.6316 215.2 27.9
v 84.6316 216 26.68
v 84.6316 216 27.9
v 84.6316 213 26.68
v 84.6316 213 40.48
v 86.6316 213 40.48
v 86.6316 215.2 27.9
v 86.6316 216 27.9
v 86.6316 216 26.68
v 86.6316 213 26.68
v 86.6316 215.2 28.4
v 91.0526 215.2 28.4
v 91.0526 215.2 27.9
v 91.0526 216 26.68
v 91.0526 216 27.9
v 91.0526 213 26.68
v 91.0526 213 40.48
v 93.0526 213 40.48
v 93.0526 215.2 27.9
v 93.0526 216 27.9
v 93.0526 216 26.68
v 93.0526 213 26.68
v 93.0526 215.2 28.4
v 97.4737 215.2 28.4
v 97.4737 215.2 27.9
v 97.4737 216 26.68
v 97.4737 216 27.9
v 97.4737 213 26.68
v 97.4737 213 40.48
v 99.4737 213 40.48
v 99.4737 215.2 27.9
v 99.4737 216 27.9
v 99.4737 216 26.68
v 99.4737 213 26.68
v 99.4737 215.2 28.4
v 103.895 215.2 28.4
v 103.895 215.2 27.9
v 103.895 216 26.68
v 103.895 216 27.9
v 103.895 213 26.68
v 103.895 213 40.48
v 105.895 213 40.48
v 105.895 215.2 27.9
v 105.895 216 27.9
v 105.895 216 26.68
v 105.895 213 26.68
v 105.895 215.2 28.4
v 110.316 215.2 28.4
v 110.316 215.2 27.9
v 110.316 216 26.68
v 110.316 216 27.9
v 110.316 213 26.68
v 110.316 213 40.48
v 112.316 213 40.48
v 112.316 215.2 27.9
v 112.316 216 27.9
v 112.316 216 26.68
v 112.316 213 26.68
v 112.316 215.2 28.4
v 116.737 215.2 28.4
v 116.737 215.2 27.9
v 116.737 216 26.68
v 116.737 216 27.9
v 116.737 213 26.68
v 116.737 213 40.48
v 118.737 213 40.48
v 118.737 215.2 27.9
v 118.737 216 27.9
v 118.737 216 26.68
v 118.737 213 26.68
v 118.737 215.2 28.4
v 123.158 215.2 28.4
v 123.158 215.2 27.9
v 123.158 216 26.68
v 123.158 216 27.9
v 123.158 213 26.68
v 123.158 213 40.48
v 125.158 213 40.48
v 125.158 215.2 27.9
v 125.158 216 27.9
v 125.158 216 26.68
v 125.158 213 26.68
v 125.158 215.2 28.4
v 129.579 215.2 28.4
v 129.579 215.2 27.9
v 129.579 216 26.68
v 129.579 216 27.9
v 129.579 213 26.68
v 129.579 213 40.48
v 131.579 213 40.48
v 131.579 215.2 27.9
v 131.579 216 27.9
v 131.579 216 26.68
v 131.579 213 26.68
v 131.579 215.2 28.4
v 136 215.2 28.4
v 136 215.2 27.9
v 136 216 26.68
v 136 216 27.9
v 136 213 26.68
v 136 213 40.48
v 138 213 40.48
v 138 215.2 27.9
v 138 216 27.9
v 138 216 26.68
v 138 213 26.68
v 138 215.2 28.4
v 145.25 -1.7 28.4
v 138 -2.5 28.4
v 137.2 -1.7 28.4
v 145.25 -2.5 28.4
v 146.211 -2.4313 28.4
v 146.097 -1.6394 28.4
v 147.152 -2.2266 28.4
v 146.926 -1.459 28.4
v 148.054 -1.89 28.4
v 147.722 -1.1623 28.4
v 148.899 -1.4285 28.4
v 148.467 -0.7555 28.4
v 149.67 -0.8513 28.4
v 149.146 -0.2467 28.4
v 150.351 -0.1703 28.4
v 149.747 0.3536 28.4
v 150.929 0.6007 28.4
v 150.256 1.0332 28.4
v 151.39 1.4459 28.4
v 150.662 1.7783 28.4
v 150.959 2.5737 28.4
v 151.727 2.3483 28.4
v 151.139 3.4032 28.4
v 151.931 3.2894 28.4
v 151.2 4.25 28.4
v 152 4.25 28.4
v 145.25 215.2 28.4
v 152 209.25 28.4
v 151.2 209.25 28.4
v 146.211 215.931 28.4
v 146.097 215.139 28.4
v 151.931 210.211 28.4
v 151.139 210.097 28.4
v 150.959 210.926 28.4
v 147.152 215.727 28.4
v 146.926 214.959 28.4
v 151.727 211.152 28.4
v 148.054 215.39 28.4
v 147.722 214.662 28.4
v 151.39 212.054 28.4
v 150.662 211.722 28.4
v 148.899 214.929 28.4
v 148.467 214.256 28.4
v 150.929 212.899 28.4
v 150.256 212.467 28.4
v 149.747 213.146 28.4
v 150.351 213.67 28.4
v 149.67 214.351 28.4
v 149.146 213.747 28.4
v 1.2059 0.3997 27.9
v 1.7868 -0.3248 27.9
v 2.4616 -0.9627 27.9
v 0.7299 1.197 27.9
v 3.2177 -1.502 27.9
v 0.3678 2.0522 27.9
v 4.0405 -1.9323 27.9
v 0.1266 2.9489 27.9
v 4.9147 -2.2457 27.9
v 0.0107 3.8703 27.9
v 5.8236 -2.4361 27.9
v 6.75 -2.5 27.9
v 0.0107 209.63 27.9
v 0.1266 210.551 27.9
v 0.3678 211.448 27.9
v 0.7299 212.303 27.9
v 1.2059 213.1 27.9
v 1.7868 213.825 27.9
v 2.4616 214.463 27.9
v 3.2177 215.002 27.9
v 4.0405 215.432 27.9
v 4.9147 215.746 27.9
v 5.8236 215.936 27.9
v 6.75 216 27.9
v 16 15.5 25.9
v 16 15.5 30.4
v 54 -0.5 25.9
v 54 -2.5 23.9
v 6.75 -2.5 4.7625
v 54 -2.5 13.9
v 138 -2.5 23.9
v 98 -2.5 23.9
v 98 -2.5 13.9
v 145.25 -2.5 4.7625
v 145.25 -2.5 27.9
v 138 -2.5 27.9
v 6.75 216 4.7625
v 145.25 216 4.7625
v 145.25 216 27.9
v 136 -0.5 30.4
v 136 15.5 30.4
v 138 -2.5 32.4
v 145.25 215.2 27.9
v 145.25 -1.7 27.9
v 137.2 -1.7 27.9
v 146.176 -2.4361 27.9
v 146.097 -1.6394 27.9
v 147.085 -2.2457 27.9
v 146.926 -1.459 27.9
v 147.959 -1.9323 27.9
v 147.722 -1.1623 27.9
v 148.782 -1.502 27.9
v 148.467 -0.7555 27.9
v 149.538 -0.9627 27.9
v 149.146 -0.2467 27.9
v 150.213 -0.3248 27.9
v 149.747 0.3536 27.9
v 150.794 0.3997 27.9
v 150.256 1.0332 27.9
v 151.27 1.197 27.9
v 150.662 1.7783 27.9
v 151.632 2.0522 27.9
v 150.959 2.5737 27.9
v 151.873 2.9489 27.9
v 151.139 3.4032 27.9
v 151.989 3.8703 27.9
v 151.2 4.25 27.9
v 151.989 209.63 27.9
v 151.139 210.097 27.9
v 151.2 209.25 27.9
v 146.176 215.936 27.9
v 146.097 215.139 27.9
v 151.873 210.551 27.9
v 150.959 210.926 27.9
v 147.085 215.746 27.9
v 146.926 214.959 27.9
v 151.632 211.448 27.9
v 150.662 211.722 27.9
v 147.959 215.432 27.9
v 147.722 214.662 27.9
v 151.27 212.303 27.9
v 150.256 212.467 27.9
v 148.782 215.002 27.9
v 148.467 214.256 27.9
v 150.794 213.1 27.9
v 149.747 213.146 27.9
v 149.538 214.463 27.9
v 149.146 213.747 27.9
v 150.213 213.825 27.9
v 136 -0.5 25.9
v 0.02 3.7314 27.6833
v 0.0321 3.5927 27.3997
v 0.0801 3.2129 26.2756
v 0.1497 2.8365 24.6497
v 0.3521 2.0984 19.9155
v 1 0.7145 4.7625
v 1.574 -0.0826 4.7625
v 2.2576 -0.7879 4.7625
v 3.0363 -1.3866 4.7625
v 3.8937 -1.8659 4.7625
v 4.8115 -2.2157 4.7625
v 5.7704 -2.4285 4.7625
v 0.0219 209.793 27.639
v 0.0158 209.711 27.781
v 0.037 209.955 27.2858
v 0.0789 210.279 26.3038
v 0.4143 211.578 18.4604
v 1 212.786 4.7625
v 1.574 213.583 4.7625
v 2.2576 214.288 4.7625
v 3.0363 214.887 4.7625
v 3.8937 215.366 4.7625
v 4.8115 215.716 4.7625
v 5.7704 215.929 4.7625
v 136 15.5 25.9
v 54 6 25.9
v 98 6 25.9
v 98 -0.5 25.9
v 54 6 13.9
v 151.98 3.7314 27.6833
v 151.968 3.5927 27.3997
v 151.92 3.2129 26.2756
v 151.85 2.8365 24.6497
v 151.648 2.0984 19.9155
v 151 0.7145 4.7625
v 150.426 -0.0826 4.7625
v 149.742 -0.7879 4.7625
v 148.964 -1.3866 4.7625
v 148.106 -1.8659 4.7625
v 147.189 -2.2157 4.7625
v 146.23 -2.4285 4.7625
v 98 6 13.9
v 6.75 -2.4515 4.0847
v 145.25 -2.4515 4.0847
v 6.75 -2.3071 3.4207
v 145.25 -2.3071 3.4207
v 6.75 -2.0696 2.7841
v 145.25 -2.0696 2.7841
v 6.75 -1.744 2.1877
v 145.25 -1.744 2.1877
v 6.75 -1.3368 1.6437
v 145.25 -1.3368 1.6437
v 145.25 -0.8563 1.1632
v 6.75 -0.8563 1.1632
v 6.75 -0.3123 0.756
v 145.25 -0.3123 0.756
v 145.25 0.2841 0.4304
v 6.75 0.2841 0.4304
v 6.75 0.9207 0.1929
v 145.25 0.9207 0.1929
v 6.75 1.5847 0.0485
v 145.25 1.5847 0.0485
v 145.25 2.2625 0
v 6.75 2.2625 -0
v 145.25 215.952 4.0847
v 6.75 215.952 4.0847
v 145.25 215.807 3.4207
v 6.75 215.807 3.4207
v 145.25 215.57 2.7841
v 6.75 215.57 2.7841
v 145.25 215.244 2.1877
v 6.75 215.244 2.1877
v 145.25 214.837 1.6437
v 6.75 214.837 1.6437
v 6.75 214.356 1.1632
v 145.25 214.356 1.1632
v 145.25 213.812 0.756
v 6.75 213.812 0.756
v 6.75 213.216 0.4304
v 145.25 213.216 0.4304
v 145.25 212.579 0.1929
v 6.75 212.579 0.1929
v 145.25 211.915 0.0485
v 6.75 211.915 0.0485
v 6.75 211.238 0
v 145.25 211.238 -0
v 151.963 209.955 27.2858
v 151.921 210.279 26.3038
v 151.978 209.793 27.639
v 151.984 209.711 27.781
v 151.586 211.578 18.4604
v 151 212.786 4.7625
v 150.426 213.583 4.7625
v 149.742 214.288 4.7625
v 148.964 214.887 4.7625
v 148.106 215.366 4.7625
v 147.189 215.716 4.7625
v 146.23 215.929 4.7625
v 1 0.7379 4.421
v 6.4671 2.2827 0
v 1.4107 4.25 1.3792
v 1 3.7338 1.8728
v 1 3.9915 1.8502
v 1 4.25 1.8427
v 4.7625 4.25 -0
v 4.7827 3.9671 0
v 4.1445 4.25 0.0403
v 5.4426 -2.3229 4.0858
v 5.4687 -2.1914 3.457
v 4.1854 -1.9416 4.0858
v 5.506 -2.0039 2.9136
v 4.2367 -1.8177 3.457
v 3.0267 -1.3222 4.0858
v 5.5632 -1.7166 2.3326
v 4.3098 -1.6411 2.9136
v 5.6237 -1.4122 1.8728
v 3.1012 -1.2107 3.457
v 2.0112 -0.4888 4.0858
v 4.4219 -1.3704 2.3326
v 3.2074 -1.0518 2.9136
v 5.7083 -0.9867 1.3792
v 4.5407 -1.0837 1.8728
v 2.106 -0.394 3.457
v 1.1778 0.5267 4.0858
v 1 0.8076 4.0858
v 1 0.9215 3.7628
v 5.7995 -0.5284 0.9729
v 3.3702 -0.8082 2.3326
v 2.2412 -0.2588 2.9136
v 4.7067 -0.6829 1.3792
v 3.5426 -0.5502 1.8728
v 5.9002 -0.0222 0.6307
v 1.2893 0.6012 3.457
v 1 1.0766 3.457
v 1 1.2688 3.1729
v 4.8856 -0.2511 0.9729
v 2.4483 -0.0517 2.3326
v 1.4482 0.7074 2.9136
v 1 1.4938 2.9136
v 3.7836 -0.1895 1.3792
v 6.0087 0.5233 0.3583
v 2.6678 0.1678 1.8728
v 5.0831 0.2257 0.6307
v 6.1005 0.9847 0.1929
v 4.0433 0.1991 0.9729
v 1.6918 0.8702 2.3326
v 1 1.747 2.6813
v 2.9745 0.4745 1.3792
v 5.2959 0.7395 0.3583
v 1.9498 1.0426 1.8728
v 6.23 1.6359 0.0485
v 6.1901 2.343 0
v 4.33 0.6282 0.6307
v 5.476 1.1742 0.1929
v 3.305 0.805 0.9729
v 1.1296 1.9219 2.3326
v 1 1.9706 2.5131
v 1 2.2635 2.3326
v 2.3105 1.2836 1.3792
v 4.639 1.0906 0.3583
v 1.4163 2.0407 1.8728
v 1 2.6121 2.1641
v 1 2.9762 2.0318
v 5.73 1.7876 0.0485
v 5.9244 2.4421 0
v 3.6699 1.1699 0.6307
v 4.9004 1.4818 0.1929
v 2.6991 1.5433 0.9729
v 1.8171 2.2067 1.3792
v 4.0632 1.5632 0.3583
v 1.0878 3.1237 1.8728
v 1 3.3513 1.935
v 5.2693 2.0339 0.0485
v 5.6755 2.578 0
v 5.4485 2.7479 0
v 3.1282 1.83 0.6307
v 4.3959 1.8959 0.1929
v 2.2489 2.3856 0.9729
v 1.5133 3.2083 1.3792
v 3.5906 2.139 0.3583
v 4.8654 2.3654 0.0485
v 5.2479 2.9485 0
v 2.7257 2.5831 0.6307
v 3.9818 2.4004 0.1929
v 1.9716 3.2995 0.9729
v 1.878 4.25 0.9729
v 2.3941 4.25 0.6307
v 3.2395 2.7959 0.3583
v 4.5339 2.7693 0.0485
v 5.078 3.1755 0
v 4.9421 3.4244 0
v 2.4778 3.4002 0.6307
v 2.9502 4.25 0.3583
v 3.6742 2.976 0.1929
v 3.0233 3.5087 0.3583
v 4.2876 3.23 0.0485
v 4.843 3.6901 0
v 3.4847 3.6005 0.1929
v 3.537 4.25 0.1604
v 4.1359 3.73 0.0485
v 1 209.766 1.8728
v 1 209.508 1.8502
v 1 209.25 1.8427
v 1 210.149 1.935
v 1 210.524 2.0318
v 1 212.692 4.0858
v 1 212.762 4.421
v 1 210.888 2.1641
v 1 212.578 3.7628
v 1 211.237 2.3326
v 1 212.423 3.457
v 1 211.529 2.5131
v 1 212.231 3.1729
v 1 211.753 2.6813
v 1 212.006 2.9136
v 1.4107 209.25 1.3792
v 4.7827 209.533 0
v 4.7625 209.25 -0
v 4.1445 209.25 0.0403
v 6.4671 211.217 0
v 1.1778 212.973 4.0858
v 1.0878 210.376 1.8728
v 1.2893 212.899 3.457
v 2.0112 213.989 4.0858
v 1.1296 211.578 2.3326
v 1.4482 212.793 2.9136
v 1.5133 210.292 1.3792
v 1.4163 211.459 1.8728
v 2.106 213.894 3.457
v 3.0267 214.822 4.0858
v 1.9716 210.201 0.9729
v 1.878 209.25 0.9729
v 1.6918 212.63 2.3326
v 2.2412 213.759 2.9136
v 1.8171 211.293 1.3792
v 1.9498 212.457 1.8728
v 2.4778 210.1 0.6307
v 2.3941 209.25 0.6307
v 3.1012 214.711 3.457
v 4.1854 215.442 4.0858
v 2.2489 211.114 0.9729
v 2.4483 213.552 2.3326
v 3.2074 214.552 2.9136
v 2.3105 212.216 1.3792
v 3.0233 209.991 0.3583
v 2.9502 209.25 0.3583
v 2.6678 213.332 1.8728
v 2.7257 210.917 0.6307
v 4.2367 215.318 3.457
v 3.4847 209.899 0.1929
v 3.537 209.25 0.1604
v 5.4426 215.823 4.0858
v 2.6991 211.957 0.9729
v 3.3702 214.308 2.3326
v 4.3098 215.141 2.9136
v 2.9745 213.025 1.3792
v 3.2395 210.704 0.3583
v 3.5426 214.05 1.8728
v 4.1359 209.77 0.0485
v 4.843 209.81 0
v 3.1282 211.67 0.6307
v 5.4687 215.691 3.457
v 3.6742 210.524 0.1929
v 3.305 212.695 0.9729
v 4.4219 214.87 2.3326
v 5.506 215.504 2.9136
v 3.7836 213.69 1.3792
v 3.5906 211.361 0.3583
v 4.5407 214.584 1.8728
v 4.2876 210.27 0.0485
v 4.9421 210.076 0
v 3.6699 212.33 0.6307
v 3.9818 211.1 0.1929
v 4.0433 213.301 0.9729
v 5.5632 215.217 2.3326
v 4.7067 214.183 1.3792
v 4.0632 211.937 0.3583
v 5.6237 214.912 1.8728
v 4.5339 210.731 0.0485
v 5.078 210.325 0
v 5.2479 210.552 0
v 4.33 212.872 0.6307
v 4.3959 211.604 0.1929
v 4.8856 213.751 0.9729
v 5.7083 214.487 1.3792
v 4.639 212.409 0.3583
v 4.8654 211.135 0.0485
v 5.4485 210.752 0
v 5.0831 213.274 0.6307
v 4.9004 212.018 0.1929
v 5.7995 214.028 0.9729
v 5.2959 212.761 0.3583
v 5.2693 211.466 0.0485
v 5.6755 210.922 0
v 5.9244 211.058 0
v 5.9002 213.522 0.6307
v 5.476 212.326 0.1929
v 6.0087 212.977 0.3583
v 5.73 211.712 0.0485
v 6.1901 211.157 0
v 6.1005 212.515 0.1929
v 6.23 211.864 0.0485
v 151 0.7379 4.421
v 150.589 4.25 1.3792
v 151 3.9915 1.8502
v 151 3.7338 1.8728
v 151 4.25 1.8427
v 147.217 3.9671 0
v 147.238 4.25 -0
v 147.856 4.25 0.0403
v 145.533 2.2827 0
v 150.822 0.5267 4.0858
v 151 0.8076 4.0858
v 151 0.9215 3.7628
v 150.912 3.1237 1.8728
v 151 3.3513 1.935
v 151 2.9762 2.0318
v 150.711 0.6012 3.457
v 151 1.0766 3.457
v 151 1.2688 3.1729
v 149.989 -0.4888 4.0858
v 150.87 1.9219 2.3326
v 151 1.9706 2.5131
v 151 1.747 2.6813
v 151 2.2635 2.3326
v 150.552 0.7074 2.9136
v 151 1.4938 2.9136
v 150.487 3.2083 1.3792
v 150.584 2.0407 1.8728
v 151 2.6121 2.1641
v 149.894 -0.394 3.457
v 148.973 -1.3222 4.0858
v 150.028 3.2995 0.9729
v 150.122 4.25 0.9729
v 149.606 4.25 0.6307
v 150.308 0.8702 2.3326
v 149.759 -0.2588 2.9136
v 150.183 2.2067 1.3792
v 150.05 1.0426 1.8728
v 149.522 3.4002 0.6307
v 148.899 -1.2107 3.457
v 147.815 -1.9416 4.0858
v 149.751 2.3856 0.9729
v 149.552 -0.0517 2.3326
v 148.793 -1.0518 2.9136
v 149.69 1.2836 1.3792
v 148.977 3.5087 0.3583
v 149.05 4.25 0.3583
v 149.332 0.1678 1.8728
v 149.274 2.5831 0.6307
v 147.763 -1.8177 3.457
v 148.515 3.6005 0.1929
v 148.463 4.25 0.1604
v 146.557 -2.3229 4.0858
v 149.301 1.5433 0.9729
v 148.63 -0.8082 2.3326
v 147.69 -1.6411 2.9136
v 149.025 0.4745 1.3792
v 148.761 2.7959 0.3583
v 148.457 -0.5502 1.8728
v 147.864 3.73 0.0485
v 147.157 3.6901 0
v 148.872 1.83 0.6307
v 146.531 -2.1914 3.457
v 148.326 2.976 0.1929
v 148.695 0.805 0.9729
v 147.578 -1.3704 2.3326
v 146.494 -2.0039 2.9136
v 148.216 -0.1895 1.3792
v 148.409 2.139 0.3583
v 147.459 -1.0837 1.8728
v 147.712 3.23 0.0485
v 147.058 3.4244 0
v 148.33 1.1699 0.6307
v 148.018 2.4004 0.1929
v 147.957 0.1991 0.9729
v 146.437 -1.7166 2.3326
v 147.293 -0.6829 1.3792
v 147.937 1.5632 0.3583
v 146.376 -1.4122 1.8728
v 147.466 2.7693 0.0485
v 146.922 3.1755 0
v 146.752 2.9485 0
v 147.67 0.6282 0.6307
v 147.604 1.8959 0.1929
v 147.114 -0.2511 0.9729
v 146.292 -0.9867 1.3792
v 147.361 1.0906 0.3583
v 147.135 2.3654 0.0485
v 146.552 2.7479 0
v 146.917 0.2257 0.6307
v 147.1 1.4818 0.1929
v 146.201 -0.5284 0.9729
v 146.704 0.7395 0.3583
v 146.731 2.0339 0.0485
v 146.325 2.578 0
v 146.076 2.4421 0
v 146.1 -0.0222 0.6307
v 146.524 1.1742 0.1929
v 145.991 0.5233 0.3583
v 146.27 1.7876 0.0485
v 145.81 2.343 0
v 145.899 0.9847 0.1929
v 145.77 1.6359 0.0485
v 147.238 209.25 0
v 147.058 210.076 0
v 145.533 211.217 0
v 147.157 209.81 0
v 147.217 209.533 0
v 146.076 211.058 0
v 145.81 211.157 0
v 146.752 210.552 0
v 146.325 210.922 0
v 146.552 210.752 0
v 146.922 210.325 0
v 151 212.762 4.421
v 150.589 209.25 1.3792
v 151 209.766 1.8728
v 151 209.508 1.8502
v 151 209.25 1.8427
v 147.856 209.25 0.0403
v 146.557 215.823 4.0858
v 146.531 215.691 3.457
v 147.815 215.442 4.0858
v 146.494 215.504 2.9136
v 147.763 215.318 3.457
v 148.973 214.822 4.0858
v 146.437 215.217 2.3326
v 147.69 215.141 2.9136
v 146.376 214.912 1.8728
v 148.899 214.711 3.457
v 149.989 213.989 4.0858
v 147.578 214.87 2.3326
v 148.793 214.552 2.9136
v 146.292 214.487 1.3792
v 147.459 214.584 1.8728
v 149.894 213.894 3.457
v 150.822 212.973 4.0858
v 151 212.692 4.0858
v 151 212.578 3.7628
v 146.201 214.028 0.9729
v 148.63 214.308 2.3326
v 149.759 213.759 2.9136
v 147.293 214.183 1.3792
v 148.457 214.05 1.8728
v 146.1 213.522 0.6307
v 150.711 212.899 3.457
v 151 212.423 3.457
v 151 212.231 3.1729
v 147.114 213.751 0.9729
v 149.552 213.552 2.3326
v 150.552 212.793 2.9136
v 151 212.006 2.9136
v 148.216 213.69 1.3792
v 145.991 212.977 0.3583
v 149.332 213.332 1.8728
v 146.917 213.274 0.6307
v 145.899 212.515 0.1929
v 147.957 213.301 0.9729
v 150.308 212.63 2.3326
v 151 211.753 2.6813
v 149.025 213.025 1.3792
v 146.704 212.761 0.3583
v 150.05 212.457 1.8728
v 145.77 211.864 0.0485
v 147.67 212.872 0.6307
v 146.524 212.326 0.1929
v 148.695 212.695 0.9729
v 150.87 211.578 2.3326
v 151 211.529 2.5131
v 151 211.237 2.3326
v 149.69 212.216 1.3792
v 147.361 212.409 0.3583
v 150.584 211.459 1.8728
v 151 210.888 2.1641
v 151 210.524 2.0318
v 146.27 211.712 0.0485
v 148.33 212.33 0.6307
v 147.1 212.018 0.1929
v 149.301 211.957 0.9729
v 150.183 211.293 1.3792
v 147.937 211.937 0.3583
v 150.912 210.376 1.8728
v 151 210.149 1.935
v 146.731 211.466 0.0485
v 148.872 211.67 0.6307
v 147.604 211.604 0.1929
v 149.751 211.114 0.9729
v 150.487 210.292 1.3792
v 148.409 211.361 0.3583
v 147.135 211.135 0.0485
v 149.274 210.917 0.6307
v 148.018 211.1 0.1929
v 150.028 210.201 0.9729
v 150.122 209.25 0.9729
v 148.761 210.704 0.3583
v 147.466 210.731 0.0485
v 149.522 210.1 0.6307
v 149.606 209.25 0.6307
v 148.326 210.524 0.1929
v 148.977 209.991 0.3583
v 149.05 209.25 0.3583
v 147.712 210.27 0.0485
v 148.515 209.899 0.1929
v 148.463 209.25 0.1604
v 147.864 209.77 0.0485
v 54 -2.5 46
v 54 6 46
v 54.5 -2.5 14.4
v 54.5 -2.5 46
v 97.5 -2.5 14.4
v 98 -2.5 46
v 97.5 -2.5 46
v 54.5 5.5 46
v 97.5 5.5 46
v 98 6 46
v 97.5 5.5 14.4
v 54.5 5.5 14.4
v 16 0.1 30.4
v 16 14.1 25.9
v 16 0.1 25.9
v 16 14.1 30.4
v 136 0.1 30.4
v 136 0.1 25.9
v 136 14.1 25.9
v 136 14.1 30.4
v 56 -2.8 25.9
v 96 0.5 25.9
v 96 -2.8 25.9
v 56 0.5 25.9
v 56 0.5 42
v 96 0.5 42
v 56 11.5 42
v 96 11.5 42
v 56 11.5 46.6
v 96 11.5 46.6
v 56 -4 46.6
v 96 -4 46.6
v 56 -4 33.6
v 96 -4 33.6
v 56 -2.8 32.4
v 96 -2.8 32.4
v 60 -5.2 43
v 60 -4 35.6
v 60 -5.2 35.6
v 60 -4 43
v 61 -5.2 34.6
v 60.2443 -5.2 34.9451
v 60.3451 -5.2 34.8443
v 60.4594 -5.2 34.7587
v 60.5846 -5.2 34.6904
v 60.7183 -5.2 34.6405
v 60.8577 -5.2 34.6102
v 60.0102 -5.2 35.4577
v 60.0405 -5.2 35.3183
v 60.0904 -5.2 35.1846
v 60.1587 -5.2 35.0594
v 60.0405 -5.2 43.2817
v 60.0102 -5.2 43.1423
v 60.0904 -5.2 43.4154
v 60.1587 -5.2 43.5406
v 60.4594 -5.2 43.8413
v 60.3451 -5.2 43.7557
v 60.2443 -5.2 43.6549
v 60.5846 -5.2 43.9096
v 61 -5.2 44
v 60.7183 -5.2 43.9595
v 60.8577 -5.2 43.9898
v 91 -5.2 34.6
v 91.2817 -5.2 34.6405
v 91.1423 -5.2 34.6102
v 91.4154 -5.2 34.6904
v 91.5406 -5.2 34.7587
v 91.6549 -5.2 34.8443
v 91.7557 -5.2 34.9451
v 91.8413 -5.2 35.0594
v 91.9595 -5.2 35.3183
v 91.9096 -5.2 35.1846
v 92 -5.2 35.6
v 91.9898 -5.2 35.4577
v 91 -5.2 44
v 92 -5.2 43
v 91.2817 -5.2 43.9595
v 91.1423 -5.2 43.9898
v 91.4154 -5.2 43.9096
v 91.5406 -5.2 43.8413
v 91.9898 -5.2 43.1423
v 91.8413 -5.2 43.5406
v 91.9595 -5.2 43.2817
v 91.9096 -5.2 43.4154
v 91.6549 -5.2 43.7557
v 91.7557 -5.2 43.6549
v 60.0102 -4 35.4577
v 60.0405 -4 35.3183
v 60.0904 -4 35.1846
v 60.1587 -4 35.0594
v 60.2443 -4 34.9451
v 60.3451 -4 34.8443
v 60.4594 -4 34.7587
v 60.5846 -4 34.6904
v 60.7183 -4 34.6405
v 60.8577 -4 34.6102
v 61 -4 34.6
v 60.0102 -4 43.1423
v 60.0405 -4 43.2817
v 60.0904 -4 43.4154
v 60.1587 -4 43.5406
v 60.2443 -4 43.6549
v 60.3451 -4 43.7557
v 60.4594 -4 43.8413
v 60.5846 -4 43.9096
v 60.7183 -4 43.9595
v 60.8577 -4 43.9898
v 61 -4 44
v 91 -4 34.6
v 91.2817 -4 34.6405
v 91.1423 -4 34.6102
v 91.4154 -4 34.6904
v 91.5406 -4 34.7587
v 91.6549 -4 34.8443
v 91.7557 -4 34.9451
v 91.8413 -4 35.0594
v 91.9595 -4 35.3183
v 91.9096 -4 35.1846
v 92 -4 35.6
v 91.9898 -4 35.4577
v 91 -4 44
v 92 -4 43
v 91.2817 -4 43.9595
v 91.1423 -4 43.9898
v 91.4154 -4 43.9096
v 91.5406 -4 43.8413
v 91.9898 -4 43.1423
v 91.8413 -4 43.5406
v 91.9595 -4 43.2817
v 91.9096 -4 43.4154
v 91.6549 -4 43.7557
v 91.7557 -4 43.6549
v 130 -1.5 11
v 128 -2.85 11
v 128 -1.5 11
v 130 -2.85 11
v 132.4 -1.5 19
v 132.4 -2.85 19
v 130.4 -1.5 19
v 130.4 -2.85 19
v 10 186 46.3
v 10 188.2 45.8
v 10 186 45.8
v 10 188.2 46.3
v 23 186 46.3
v 23 186 45.8
v 23 188.2 45.8
v 23 188.2 46.3
v 10 190.4 45.8
v 10 190.4 46.3
v 23 190.4 45.8
v 23 190.4 46.3
v 10 192.6 45.8
v 10 192.6 46.3
v 23 192.6 45.8
v 23 192.6 46.3
v 10 194.8 45.8
v 10 194.8 46.3
v 23 194.8 45.8
v 23 194.8 46.3
v 10 197 45.8
v 10 197 46.3
v 23 197 45.8
v 23 197 46.3
v 10 199.2 45.8
v 10 199.2 46.3
v 23 199.2 45.8
v 23 199.2 46.3
v 23.9942 17.2952 -6.35
v 24.05 16.55 -6.35
v 24.05 16.55 -7.55
v 23.9942 17.2952 -7.55
v 23.8279 18.0238 -6.35
v 23.8279 18.0238 -7.55
v 23.5548 18.7194 -6.35
v 23.5548 18.7194 -7.55
v 23.1812 19.3666 -6.35
v 23.1812 19.3666 -7.55
v 22.7153 19.9509 -6.35
v 22.7153 19.9509 -7.55
v 22.1674 20.4592 -7.55
v 22.1674 20.4592 -6.35
v 21.55 20.8801 -6.35
v 21.55 20.8801 -7.55
v 20.8767 21.2044 -6.35
v 20.8767 21.2044 -7.55
v 20.1626 21.4246 -6.35
v 20.1626 21.4246 -7.55
v 19.4237 21.536 -6.35
v 19.4237 21.536 -7.55
v 18.6763 21.536 -6.35
v 18.6763 21.536 -7.55
v 17.9374 21.4246 -6.35
v 17.9374 21.4246 -7.55
v 17.2233 21.2044 -6.35
v 17.2233 21.2044 -7.55
v 16.55 20.8801 -7.55
v 16.55 20.8801 -6.35
v 15.9326 20.4592 -7.55
v 15.9326 20.4592 -6.35
v 15.3847 19.9509 -6.35
v 15.3847 19.9509 -7.55
v 14.9188 19.3666 -7.55
v 14.9188 19.3666 -6.35
v 14.5452 18.7194 -6.35
v 14.5452 18.7194 -7.55
v 14.2721 18.0238 -7.55
v 14.2721 18.0238 -6.35
v 14.1058 17.2952 -6.35
v 14.1058 17.2952 -7.55
v 14.05 16.55 -6.35
v 14.05 16.55 -7.55
v 14.1058 15.8048 -7.55
v 14.1058 15.8048 -6.35
v 14.2721 15.0762 -7.55
v 14.2721 15.0762 -6.35
v 14.5452 14.3806 -6.35
v 14.5452 14.3806 -7.55
v 14.9188 13.7334 -6.35
v 14.9188 13.7334 -7.55
v 15.3847 13.1491 -6.35
v 15.3847 13.1491 -7.55
v 15.9326 12.6408 -7.55
v 15.9326 12.6408 -6.35
v 16.55 12.2199 -7.55
v 16.55 12.2199 -6.35
v 17.2233 11.8956 -6.35
v 17.2233 11.8956 -7.55
v 17.9374 11.6754 -6.35
v 17.9374 11.6754 -7.55
v 18.6763 11.564 -6.35
v 18.6763 11.564 -7.55
v 19.4237 11.564 -6.35
v 19.4237 11.564 -7.55
v 20.1626 11.6754 -7.55
v 20.1626 11.6754 -6.35
v 20.8767 11.8956 -7.55
v 20.8767 11.8956 -6.35
v 21.55 12.2199 -6.35
v 21.55 12.2199 -7.55
v 22.1674 12.6408 -6.35
v 22.1674 12.6408 -7.55
v 22.7153 13.1491 -6.35
v 22.7153 13.1491 -7.55
v 23.1812 13.7334 -6.35
v 23.1812 13.7334 -7.55
v 23.5548 14.3806 -6.35
v 23.5548 14.3806 -7.55
v 23.8279 15.0762 -6.35
v 23.8279 15.0762 -7.55
v 23.9942 15.8048 -6.35
v 23.9942 15.8048 -7.55
v 137.894 17.2952 -6.35
v 137.95 16.55 -6.35
v 137.95 16.55 -7.55
v 137.894 17.2952 -7.55
v 137.728 18.0238 -6.35
v 137.728 18.0238 -7.55
v 137.455 18.7194 -6.35
v 137.455 18.7194 -7.55
v 137.081 19.3666 -6.35
v 137.081 19.3666 -7.55
v 136.615 19.9509 -6.35
v 136.615 19.9509 -7.55
v 136.067 20.4592 -7.55
v 136.067 20.4592 -6.35
v 135.45 20.8801 -6.35
v 135.45 20.8801 -7.55
v 134.777 21.2044 -6.35
v 134.777 21.2044 -7.55
v 134.063 21.4246 -6.35
v 134.063 21.4246 -7.55
v 133.324 21.536 -6.35
v 133.324 21.536 -7.55
v 132.576 21.536 -6.35
v 132.576 21.536 -7.55
v 131.837 21.4246 -6.35
v 131.837 21.4246 -7.55
v 131.123 21.2044 -6.35
v 131.123 21.2044 -7.55
v 130.45 20.8801 -7.55
v 130.45 20.8801 -6.35
v 129.833 20.4592 -7.55
v 129.833 20.4592 -6.35
v 129.285 19.9509 -6.35
v 129.285 19.9509 -7.55
v 128.819 19.3666 -7.55
v 128.819 19.3666 -6.35
v 128.445 18.7194 -6.35
v 128.445 18.7194 -7.55
v 128.172 18.0238 -7.55
v 128.172 18.0238 -6.35
v 128.006 17.2952 -6.35
v 128.006 17.2952 -7.55
v 127.95 16.55 -6.35
v 127.95 16.55 -7.55
v 128.006 15.8048 -7.55
v 128.006 15.8048 -6.35
v 128.172 15.0762 -7.55
v 128.172 15.0762 -6.35
v 128.445 14.3806 -6.35
v 128.445 14.3806 -7.55
v 128.819 13.7334 -6.35
v 128.819 13.7334 -7.55
v 129.285 13.1491 -6.35
v 129.285 13.1491 -7.55
v 129.833 12.6408 -7.55
v 129.833 12.6408 -6.35
v 130.45 12.2199 -7.55
v 130.45 12.2199 -6.35
v 131.123 11.8956 -6.35
v 131.123 11.8956 -7.55
v 131.837 11.6754 -6.35
v 131.837 11.6754 -7.55
v 132.576 11.564 -6.35
v 132.576 11.564 -7.55
v 133.324 11.564 -6.35
v 133.324 11.564 -7.55
v 134.063 11.6754 -7.55
v 134.063 11.6754 -6.35
v 134.777 11.8956 -7.55
v 134.777 11.8956 -6.35
v 135.45 12.2199 -6.35
v 135.45 12.2199 -7.55
v 136.067 12.6408 -6.35
v 136.067 12.6408 -7.55
v 136.615 13.1491 -6.35
v 136.615 13.1491 -7.55
v 137.081 13.7334 -6.35
v 137.081 13.7334 -7.55
v 137.455 14.3806 -6.35
v 137.455 14.3806 -7.55
v 137.728 15.0762 -6.35
v 137.728 15.0762 -7.55
v 137.894 15.8048 -6.35
v 137.894 15.8048 -7.55
v 15.4729 11.3034 0
v 14.0854 12.5908 0
v 14.7309 11.8951 0
v 12.8592 15.137 0
v 13.139 14.2301 0
v 13.5507 13.375 0
v 18.1036 10.2709 0
v 16.2948 10.8288 0
v 17.1783 10.4821 0
v 12.8592 17.963 0
v 12.7178 17.0245 0
v 12.7178 16.0755 0
v 13.139 18.8699 0
v 19.05 10.2 0
v 14.7309 21.2049 0
v 14.0854 20.5092 0
v 13.5507 19.725 0
v 16.2948 22.2712 0
v 15.4729 21.7966 0
v 17.1783 22.6179 0
v 19.05 22.9 0
v 18.1036 22.8291 0
v 134.822 10.4821 0
v 132.95 10.2 0
v 133.896 10.2709 0
v 136.527 11.3034 0
v 135.705 10.8288 0
v 137.915 12.5908 0
v 137.269 11.8951 0
v 138.449 13.375 0
v 132.95 22.9 0
v 139.282 17.0245 0
v 138.861 14.2301 0
v 139.141 15.137 0
v 139.282 16.0755 0
v 134.822 22.6179 0
v 133.896 22.8291 0
v 138.861 18.8699 0
v 139.141 17.963 0
v 135.705 22.2712 0
v 138.449 19.725 0
v 136.527 21.7966 0
v 137.915 20.5092 0
v 137.269 21.2049 0
v 19.05 22.9 -6.35
v 18.1036 22.8291 -6.35
v 17.1783 22.6179 -6.35
v 16.2948 22.2712 -6.35
v 15.4729 21.7966 -6.35
v 14.7309 21.2049 -6.35
v 14.0854 20.5092 -6.35
v 13.5507 19.725 -6.35
v 13.139 18.8699 -6.35
v 12.8592 17.963 -6.35
v 12.7178 17.0245 -6.35
v 12.7178 16.0755 -6.35
v 12.8592 15.137 -6.35
v 13.139 14.2301 -6.35
v 13.5507 13.375 -6.35
v 14.0854 12.5908 -6.35
v 14.7309 11.8951 -6.35
v 15.4729 11.3034 -6.35
v 16.2948 10.8288 -6.35
v 17.1783 10.4821 -6.35
v 18.1036 10.2709 -6.35
v 19.05 10.2 -6.35
v 135.705 10.8288 -6.35
v 134.822 10.4821 -6.35
v 133.896 10.2709 -6.35
v 132.95 10.2 -6.35
v 137.269 11.8951 -6.35
v 136.527 11.3034 -6.35
v 138.449 13.375 -6.35
v 137.915 12.5908 -6.35
v 138.861 14.2301 -6.35
v 132.95 22.9 -6.35
v 139.282 17.0245 -6.35
v 139.282 16.0755 -6.35
v 139.141 15.137 -6.35
v 134.822 22.6179 -6.35
v 133.896 22.8291 -6.35
v 138.861 18.8699 -6.35
v 139.141 17.963 -6.35
v 138.449 19.725 -6.35
v 136.527 21.7966 -6.35
v 135.705 22.2712 -6.35
v 137.269 21.2049 -6.35
v 137.915 20.5092 -6.35
v 23.9942 197.695 -6.35
v 24.05 196.95 -6.35
v 24.05 196.95 -7.55
v 23.9942 197.695 -7.55
v 23.8279 198.424 -6.35
v 23.8279 198.424 -7.55
v 23.5548 199.119 -6.35
v 23.5548 199.119 -7.55
v 23.1812 199.767 -6.35
v 23.1812 199.767 -7.55
v 22.7153 200.351 -6.35
v 22.7153 200.351 -7.55
v 22.1674 200.859 -7.55
v 22.1674 200.859 -6.35
v 21.55 201.28 -6.35
v 21.55 201.28 -7.55
v 20.8767 201.604 -6.35
v 20.8767 201.604 -7.55
v 20.1626 201.825 -6.35
v 20.1626 201.825 -7.55
v 19.4237 201.936 -6.35
v 19.4237 201.936 -7.55
v 18.6763 201.936 -6.35
v 18.6763 201.936 -7.55
v 17.9374 201.825 -6.35
v 17.9374 201.825 -7.55
v 17.2233 201.604 -6.35
v 17.2233 201.604 -7.55
v 16.55 201.28 -7.55
v 16.55 201.28 -6.35
v 15.9326 200.859 -7.55
v 15.9326 200.859 -6.35
v 15.3847 200.351 -6.35
v 15.3847 200.351 -7.55
v 14.9188 199.767 -7.55
v 14.9188 199.767 -6.35
v 14.5452 199.119 -6.35
v 14.5452 199.119 -7.55
v 14.2721 198.424 -7.55
v 14.2721 198.424 -6.35
v 14.1058 197.695 -6.35
v 14.1058 197.695 -7.55
v 14.05 196.95 -6.35
v 14.05 196.95 -7.55
v 14.1058 196.205 -7.55
v 14.1058 196.205 -6.35
v 14.2721 195.476 -7.55
v 14.2721 195.476 -6.35
v 14.5452 194.781 -6.35
v 14.5452 194.781 -7.55
v 14.9188 194.133 -6.35
v 14.9188 194.133 -7.55
v 15.3847 193.549 -6.35
v 15.3847 193.549 -7.55
v 15.9326 193.041 -7.55
v 15.9326 193.041 -6.35
v 16.55 192.62 -7.55
v 16.55 192.62 -6.35
v 17.2233 192.296 -6.35
v 17.2233 192.296 -7.55
v 17.9374 192.075 -6.35
v 17.9374 192.075 -7.55
v 18.6763 191.964 -6.35
v 18.6763 191.964 -7.55
v 19.4237 191.964 -6.35
v 19.4237 191.964 -7.55
v 20.1626 192.075 -7.55
v 20.1626 192.075 -6.35
v 20.8767 192.296 -7.55
v 20.8767 192.296 -6.35
v 21.55 192.62 -6.35
v 21.55 192.62 -7.55
v 22.1674 193.041 -6.35
v 22.1674 193.041 -7.55
v 22.7153 193.549 -6.35
v 22.7153 193.549 -7.55
v 23.1812 194.133 -6.35
v 23.1812 194.133 -7.55
v 23.5548 194.781 -6.35
v 23.5548 194.781 -7.55
v 23.8279 195.476 -6.35
v 23.8279 195.476 -7.55
v 23.9942 196.205 -6.35
v 23.9942 196.205 -7.55
v 137.894 197.695 -6.35
v 137.95 196.95 -6.35
v 137.95 196.95 -7.55
v 137.894 197.695 -7.55
v 137.728 198.424 -6.35
v 137.728 198.424 -7.55
v 137.455 199.119 -6.35
v 137.455 199.119 -7.55
v 137.081 199.767 -6.35
v 137.081 199.767 -7.55
v 136.615 200.351 -6.35
v 136.615 200.351 -7.55
v 136.067 200.859 -7.55
v 136.067 200.859 -6.35
v 135.45 201.28 -6.35
v 135.45 201.28 -7.55
v 134.777 201.604 -6.35
v 134.777 201.604 -7.55
v 134.063 201.825 -6.35
v 134.063 201.825 -7.55
v 133.324 201.936 -6.35
v 133.324 201.936 -7.55
v 132.576 201.936 -6.35
v 132.576 201.936 -7.55
v 131.837 201.825 -6.35
v 131.837 201.825 -7.55
v 131.123 201.604 -6.35
v 131.123 201.604 -7.55
v 130.45 201.28 -7.55
v 130.45 201.28 -6.35
v 129.833 200.859 -7.55
v 129.833 200.859 -6.35
v 129.285 200.351 -6.35
v 129.285 200.351 -7.55
v 128.819 199.767 -7.55
v 128.819 199.767 -6.35
v 128.445 199.119 -6.35
v 128.445 199.119 -7.55
v 128.172 198.424 -7.55
v 128.172 198.424 -6.35
v 128.006 197.695 -6.35
v 128.006 197.695 -7.55
v 127.95 196.95 -6.35
v 127.95 196.95 -7.55
v 128.006 196.205 -7.55
v 128.006 196.205 -6.35
v 128.172 195.476 -7.55
v 128.172 195.476 -6.35
v 128.445 194.781 -6.35
v 128.445 194.781 -7.55
v 128.819 194.133 -6.35
v 128.819 194.133 -7.55
v 129.285 193.549 -6.35
v 129.285 193.549 -7.55
v 129.833 193.041 -7.55
v 129.833 193.041 -6.35
v 130.45 192.62 -7.55
v 130.45 192.62 -6.35
v 131.123 192.296 -6.35
v 131.123 192.296 -7.55
v 131.837 192.075 -6.35
v 131.837 192.075 -7.55
v 132.576 191.964 -6.35
v 132.576 191.964 -7.55
v 133.324 191.964 -6.35
v 133.324 191.964 -7.55
v 134.063 192.075 -7.55
v 134.063 192.075 -6.35
v 134.777 192.296 -7.55
v 134.777 192.296 -6.35
v 135.45 192.62 -6.35
v 135.45 192.62 -7.55
v 136.067 193.041 -6.35
v 136.067 193.041 -7.55
v 136.615 193.549 -6.35
v 136.615 193.549 -7.55
v 137.081 194.133 -6.35
v 137.081 194.133 -7.55
v 137.455 194.781 -6.35
v 137.455 194.781 -7.55
v 137.728 195.476 -6.35
v 137.728 195.476 -7.55
v 137.894 196.205 -6.35
v 137.894 196.205 -7.55
v 15.4729 191.703 0
v 14.0854 192.991 0
v 14.7309 192.295 0
v 12.8592 195.537 0
v 13.139 194.63 0
v 13.5507 193.775 0
v 12.7178 196.476 0
v 19.05 190.6 0
v 16.2948 191.229 0
v 17.1783 190.882 0
v 18.1036 190.671 0
v 12.8592 198.363 0
v 12.7178 197.424 0
v 13.5507 200.125 0
v 13.139 199.27 0
v 16.2948 202.671 0
v 15.4729 202.197 0
v 14.7309 201.605 0
v 14.0854 200.909 0
v 17.1783 203.018 0
v 19.05 203.3 0
v 18.1036 203.229 0
v 134.822 190.882 0
v 132.95 190.6 0
v 133.896 190.671 0
v 135.705 191.229 0
v 137.269 192.295 0
v 136.527 191.703 0
v 138.861 194.63 0
v 137.915 192.991 0
v 138.449 193.775 0
v 139.141 195.537 0
v 132.95 203.3 0
v 139.282 197.424 0
v 139.282 196.476 0
v 133.896 203.229 0
v 135.705 202.671 0
v 134.822 203.018 0
v 136.527 202.197 0
v 139.141 198.363 0
v 138.861 199.27 0
v 137.269 201.605 0
v 138.449 200.125 0
v 137.915 200.909 0
v 19.05 203.3 -6.35
v 18.1036 203.229 -6.35
v 17.1783 203.018 -6.35
v 16.2948 202.671 -6.35
v 15.4729 202.197 -6.35
v 14.7309 201.605 -6.35
v 14.0854 200.909 -6.35
v 13.5507 200.125 -6.35
v 13.139 199.27 -6.35
v 12.8592 198.363 -6.35
v 12.7178 197.424 -6.35
v 12.7178 196.476 -6.35
v 12.8592 195.537 -6.35
v 13.139 194.63 -6.35
v 13.5507 193.775 -6.35
v 14.0854 192.991 -6.35
v 14.7309 192.295 -6.35
v 15.4729 191.703 -6.35
v 16.2948 191.229 -6.35
v 17.1783 190.882 -6.35
v 18.1036 190.671 -6.35
v 19.05 190.6 -6.35
v 134.822 190.882 -6.35
v 133.896 190.671 -6.35
v 132.95 190.6 -6.35
v 135.705 191.229 -6.35
v 137.915 192.991 -6.35
v 137.269 192.295 -6.35
v 136.527 191.703 -6.35
v 138.861 194.63 -6.35
v 138.449 193.775 -6.35
v 139.141 195.537 -6.35
v 132.95 203.3 -6.35
v 139.141 198.363 -6.35
v 139.282 197.424 -6.35
v 139.282 196.476 -6.35
v 134.822 203.018 -6.35
v 133.896 203.229 -6.35
v 135.705 202.671 -6.35
v 136.527 202.197 -6.35
v 138.861 199.27 -6.35
v 137.269 201.605 -6.35
v 137.915 200.909 -6.35
v 138.449 200.125 -6.35
usemtl case
f 1 2 3
f 1 4 2
f 1 3 5
f 6 5 7
f 6 1 5
f 8 6 7
f 9 7 10
f 9 10 11
f 9 8 7
f 12 9 11
f 13 11 14
f 13 12 11
f 15 14 16
f 15 13 14
f 17 16 18
f 17 18 19
f 17 15 16
f 20 17 19
f 21 19 22
f 21 22 23
f 21 20 19
f 24 21 23
f 25 23 26
f 25 24 23
f 27 1 28
f 27 4 1
f 29 28 30
f 29 30 31
f 29 27 28
f 32 29 31
f 33 31 34
f 33 34 35
f 33 32 31
f 36 33 35
f 37 35 38
f 37 36 35
f 39 38 40
f 39 37 38
f 41 40 42
f 41 42 43
f 41 39 40
f 44 41 43
f 45 43 46
f 45 44 43
f 47 46 48
f 47 45 46
f 49 2 4
f 49 50 2
f 51 52 50
f 51 50 49
f 53 54 52
f 53 52 51
f 55 56 54
f 55 54 53
f 57 58 56
f 57 56 55
f 59 60 58
f 59 58 57
f 61 62 60
f 61 60 59
f 63 64 65
f 63 65 62
f 63 62 61
f 66 64 63
f 67 68 64
f 67 64 66
f 69 70 68
f 69 68 67
f 71 14 11
f 72 16 14
f 72 14 71
f 73 18 16
f 73 16 72
f 74 11 10
f 74 71 11
f 75 19 18
f 75 18 73
f 76 74 10
f 77 22 19
f 77 19 75
f 78 10 7
f 78 76 10
f 79 23 22
f 79 22 77
f 80 5 3
f 80 7 5
f 80 78 7
f 81 26 23
f 81 23 79
f 82 80 3
f 83 26 81
f 84 83 81
f 85 82 3
f 85 3 2
f 86 85 2
f 86 2 50
f 52 86 50
f 87 86 52
f 54 87 52
f 88 87 54
f 89 88 54
f 89 54 56
f 90 89 56
f 90 56 58
f 60 91 90
f 60 90 58
f 92 91 60
f 62 92 60
f 65 93 92
f 65 92 62
f 94 93 65
f 64 94 65
f 68 95 94
f 68 94 64
f 70 96 95
f 70 95 68
f 97 98 96
f 97 96 70
f 99 24 25
f 28 1 6
f 100 101 102
f 48 46 103
f 104 21 24
f 104 24 99
f 105 99 106
f 105 104 99
f 107 20 21
f 107 21 104
f 108 106 109
f 108 105 106
f 110 107 104
f 110 104 105
f 111 17 20
f 111 15 17
f 111 20 107
f 112 109 113
f 112 108 109
f 114 105 108
f 114 110 105
f 115 107 110
f 115 111 107
f 116 113 117
f 116 112 113
f 118 13 15
f 118 15 111
f 119 112 116
f 119 114 108
f 119 108 112
f 120 114 119
f 120 110 114
f 120 115 110
f 121 117 122
f 121 116 117
f 123 118 111
f 123 115 120
f 123 111 115
f 124 119 116
f 125 12 13
f 125 9 12
f 125 13 118
f 126 120 119
f 127 122 128
f 127 121 122
f 129 123 120
f 130 116 121
f 130 121 127
f 130 124 116
f 131 125 118
f 131 118 123
f 132 126 119
f 132 119 124
f 133 9 125
f 133 8 9
f 134 128 135
f 134 135 136
f 134 127 128
f 137 129 120
f 137 126 132
f 137 120 126
f 138 130 127
f 139 123 129
f 139 129 137
f 139 131 123
f 140 124 130
f 140 132 124
f 141 133 125
f 141 125 131
f 142 134 136
f 143 137 132
f 144 6 8
f 144 30 28
f 144 8 133
f 144 28 6
f 145 138 127
f 145 127 134
f 146 139 137
f 147 140 130
f 147 130 138
f 148 131 139
f 148 141 131
f 148 139 146
f 149 136 101
f 149 100 150
f 149 101 100
f 149 142 136
f 151 140 147
f 151 132 140
f 151 143 132
f 152 133 141
f 152 30 144
f 152 144 133
f 152 141 148
f 153 145 134
f 153 134 142
f 153 142 149
f 154 143 151
f 154 137 143
f 154 146 137
f 155 145 153
f 155 138 145
f 155 147 138
f 156 148 146
f 157 151 147
f 158 152 148
f 158 31 30
f 158 30 152
f 159 150 160
f 159 153 149
f 159 149 150
f 161 154 151
f 161 151 157
f 162 155 153
f 163 156 146
f 163 154 161
f 163 146 154
f 164 147 155
f 164 155 162
f 164 157 147
f 165 148 156
f 165 31 158
f 165 156 163
f 165 34 31
f 165 35 34
f 165 158 148
f 166 157 164
f 166 161 157
f 167 153 159
f 167 160 168
f 167 168 169
f 167 162 153
f 167 159 160
f 170 163 161
f 171 162 167
f 171 164 162
f 172 165 163
f 172 35 165
f 173 166 164
f 174 161 166
f 174 170 161
f 174 166 173
f 175 169 176
f 175 167 169
f 175 171 167
f 177 38 35
f 177 40 38
f 177 35 172
f 177 163 170
f 177 172 163
f 177 170 174
f 178 173 164
f 178 164 171
f 179 174 173
f 180 40 177
f 180 177 174
f 181 176 182
f 181 182 183
f 181 175 176
f 181 171 175
f 181 178 171
f 184 179 173
f 184 173 178
f 184 178 181
f 185 42 40
f 185 174 179
f 185 40 180
f 185 180 174
f 185 179 184
f 186 181 183
f 186 183 187
f 186 184 181
f 188 43 42
f 188 42 185
f 188 185 184
f 189 46 43
f 189 103 46
f 189 187 103
f 189 43 188
f 189 186 187
f 189 184 186
f 189 188 184
f 190 26 83
f 25 26 190
f 191 190 192
f 191 25 190
f 183 182 176
f 160 169 168
f 160 176 169
f 100 160 150
f 48 187 183
f 48 103 187
f 48 183 176
f 48 176 160
f 102 160 100
f 102 48 160
f 193 48 194
f 195 194 48
f 196 48 193
f 197 195 48
f 198 48 196
f 199 48 198
f 200 197 48
f 201 48 199
f 202 200 48
f 202 48 102
f 203 202 102
f 204 48 201
f 205 203 102
f 206 205 102
f 207 102 208
f 209 210 211
f 212 210 209
f 212 213 210
f 214 213 212
f 214 215 213
f 216 209 211
f 217 216 211
f 217 211 218
f 219 215 214
f 219 220 215
f 219 221 220
f 222 217 218
f 222 218 223
f 224 221 219
f 225 221 224
f 225 226 221
f 227 206 102
f 227 222 223
f 227 223 206
f 228 227 102
f 228 102 207
f 229 226 225
f 229 230 226
f 231 228 207
f 232 231 207
f 233 234 235
f 233 235 236
f 237 238 234
f 237 239 238
f 237 234 233
f 240 235 241
f 240 236 235
f 242 241 243
f 242 240 241
f 244 245 239
f 244 239 237
f 246 247 232
f 246 243 247
f 246 242 243
f 248 245 244
f 249 250 245
f 249 245 248
f 251 232 207
f 251 246 232
f 252 251 207
f 253 250 249
f 253 254 250
f 255 252 207
f 256 255 207
f 257 258 259
f 257 260 258
f 261 260 257
f 261 262 260
f 263 259 258
f 263 258 264
f 265 262 261
f 265 266 262
f 267 263 264
f 267 268 269
f 267 264 268
f 270 266 265
f 270 271 266
f 270 272 271
f 273 267 269
f 274 256 207
f 274 273 269
f 274 269 256
f 275 272 270
f 275 276 272
f 277 276 275
f 278 274 207
f 279 278 207
f 280 279 207
f 281 282 283
f 281 284 282
f 285 283 286
f 285 281 283
f 287 288 282
f 287 282 284
f 289 290 288
f 289 291 290
f 289 288 287
f 292 286 293
f 292 285 286
f 294 295 280
f 294 293 295
f 294 292 293
f 296 291 289
f 297 280 207
f 297 294 280
f 298 299 291
f 298 300 299
f 298 291 296
f 301 297 207
f 302 300 298
f 303 301 207
f 304 303 207
f 305 306 307
f 308 306 305
f 308 309 306
f 310 305 307
f 310 307 311
f 312 309 308
f 312 313 309
f 314 310 311
f 315 313 312
f 315 316 313
f 317 314 311
f 317 311 318
f 319 316 315
f 319 320 316
f 321 320 319
f 321 322 320
f 323 304 207
f 323 317 318
f 323 318 304
f 324 323 207
f 325 322 321
f 325 326 322
f 327 324 207
f 328 327 207
f 329 330 331
f 329 332 330
f 333 329 331
f 334 335 332
f 334 332 329
f 336 331 337
f 336 333 331
f 338 339 335
f 338 335 334
f 340 337 341
f 340 336 337
f 342 339 338
f 343 341 344
f 343 340 341
f 345 344 328
f 345 328 207
f 345 343 344
f 346 347 339
f 346 339 342
f 348 345 207
f 349 350 347
f 349 347 346
f 351 348 207
f 352 351 207
f 353 354 355
f 353 356 354
f 357 356 353
f 357 358 356
f 359 355 354
f 359 354 360
f 361 358 357
f 361 362 358
f 363 359 360
f 363 360 364
f 365 363 364
f 365 364 366
f 367 362 361
f 367 368 362
f 369 368 367
f 369 370 368
f 371 352 207
f 371 365 366
f 371 366 352
f 372 370 369
f 372 373 370
f 374 371 207
f 375 374 207
f 376 375 207
f 377 378 379
f 377 379 380
f 381 382 378
f 381 383 382
f 381 378 377
f 384 379 385
f 384 380 379
f 386 383 381
f 387 385 388
f 387 384 385
f 389 390 383
f 389 391 390
f 389 383 386
f 392 388 393
f 392 387 388
f 394 395 391
f 394 391 389
f 396 393 376
f 396 376 207
f 396 392 393
f 397 396 207
f 398 395 394
f 399 397 207
f 400 399 207
f 400 207 401
f 402 403 404
f 405 403 402
f 405 406 403
f 405 407 406
f 408 402 404
f 409 407 405
f 410 407 409
f 410 411 407
f 412 408 404
f 412 404 413
f 414 412 413
f 414 415 400
f 414 413 415
f 416 411 410
f 416 417 411
f 418 417 416
f 418 419 417
f 418 420 419
f 421 400 401
f 421 414 400
f 422 421 401
f 423 420 418
f 424 422 401
f 425 424 401
f 426 427 428
f 426 429 427
f 426 428 430
f 431 429 426
f 432 428 433
f 432 430 428
f 434 435 429
f 434 429 431
f 436 433 437
f 436 432 433
f 438 439 435
f 438 435 434
f 440 441 425
f 440 437 441
f 440 436 437
f 442 443 439
f 442 439 438
f 444 425 401
f 444 440 425
f 445 446 443
f 445 443 442
f 447 444 401
f 448 447 401
f 449 448 401
f 450 451 452
f 450 453 451
f 454 453 450
f 455 453 454
f 455 456 453
f 457 450 452
f 457 452 458
f 459 456 455
f 459 460 456
f 461 457 458
f 462 460 459
f 462 463 460
f 462 464 463
f 465 461 458
f 465 458 466
f 467 464 462
f 468 449 401
f 468 465 466
f 468 466 449
f 469 464 467
f 469 470 464
f 471 468 401
f 472 471 401
f 473 472 401
f 474 475 476
f 474 477 475
f 478 476 479
f 478 474 476
f 480 481 475
f 480 475 477
f 482 483 481
f 482 481 480
f 484 479 485
f 484 478 479
f 486 487 483
f 486 488 487
f 486 483 482
f 489 490 473
f 489 485 490
f 489 484 485
f 491 488 486
f 492 473 401
f 492 489 473
f 493 494 488
f 493 488 491
f 495 492 401
f 496 495 401
f 497 496 401
f 498 499 500
f 498 501 499
f 498 502 501
f 503 502 498
f 504 500 499
f 504 499 505
f 506 502 503
f 506 507 502
f 508 504 505
f 508 505 509
f 510 507 506
f 510 511 507
f 510 512 511
f 513 508 509
f 513 514 497
f 513 509 514
f 515 512 510
f 516 497 401
f 516 513 497
f 517 512 515
f 517 518 512
f 519 516 401
f 520 519 401
f 521 520 401
f 522 401 523
f 524 522 525
f 526 527 528
f 526 529 527
f 530 529 526
f 531 532 533
f 531 533 534
f 535 533 536
f 535 534 533
f 537 538 532
f 537 532 531
f 539 536 540
f 539 535 536
f 541 542 538
f 541 543 542
f 541 538 537
f 544 545 521
f 544 540 545
f 544 539 540
f 546 543 541
f 547 548 549
f 547 530 548
f 547 524 529
f 547 529 530
f 550 521 401
f 550 544 521
f 551 552 543
f 551 543 546
f 553 550 401
f 554 555 552
f 554 552 551
f 556 522 524
f 556 524 547
f 557 553 401
f 558 557 401
f 559 560 561
f 562 559 561
f 562 561 563
f 564 562 563
f 564 563 565
f 566 560 559
f 567 560 566
f 567 568 560
f 569 564 565
f 569 565 570
f 571 568 567
f 571 572 568
f 571 573 572
f 574 569 570
f 574 575 558
f 574 570 575
f 576 573 571
f 577 558 401
f 577 574 558
f 578 573 576
f 578 579 573
f 580 577 401
f 581 580 401
f 582 581 401
f 583 584 585
f 583 586 584
f 587 585 588
f 587 583 585
f 589 586 583
f 590 587 588
f 591 592 593
f 591 588 592
f 591 590 588
f 594 586 589
f 594 595 586
f 596 597 595
f 596 595 594
f 598 591 593
f 599 600 597
f 599 601 600
f 599 597 596
f 602 598 593
f 602 593 582
f 602 582 401
f 603 601 599
f 604 602 401
f 604 401 522
f 605 604 522
f 606 605 522
f 607 608 609
f 607 609 610
f 611 607 610
f 611 610 612
f 613 609 608
f 613 614 609
f 615 614 613
f 615 616 614
f 617 611 612
f 617 612 618
f 619 620 606
f 619 618 620
f 619 617 618
f 621 616 615
f 621 622 616
f 623 606 522
f 623 619 606
f 624 622 621
f 624 625 622
f 626 627 625
f 626 625 624
f 628 623 522
f 629 522 556
f 629 628 522
f 630 629 556
f 631 632 633
f 631 634 632
f 635 634 631
f 636 631 633
f 637 638 634
f 637 634 635
f 639 636 633
f 639 633 640
f 641 642 638
f 641 638 637
f 643 640 644
f 643 639 640
f 645 646 642
f 645 642 641
f 647 643 644
f 647 630 556
f 647 644 630
f 648 646 645
f 648 649 646
f 650 651 649
f 650 649 648
f 652 647 556
f 653 652 556
f 654 653 556
f 655 654 556
f 656 655 556
f 657 656 556
f 658 657 556
f 659 658 556
f 660 659 556
f 661 660 556
f 662 661 556
f 663 662 556
f 664 663 556
f 47 48 204
f 665 666 47
f 665 667 666
f 668 665 47
f 668 669 665
f 670 47 204
f 671 672 668
f 671 673 672
f 674 47 670
f 675 47 674
f 676 47 675
f 677 47 676
f 678 679 671
f 680 47 677
f 681 668 47
f 681 671 668
f 681 678 671
f 681 47 680
f 682 681 680
f 683 681 682
f 684 681 683
f 685 681 684
f 686 681 685
f 687 681 686
f 688 681 687
f 689 681 688
f 690 230 229
f 690 691 692
f 690 692 230
f 693 691 690
f 694 691 693
f 694 695 691
f 696 695 694
f 696 697 695
f 696 698 697
f 699 698 696
f 700 698 699
f 700 701 698
f 702 701 700
f 702 703 701
f 702 704 703
f 705 706 704
f 705 704 702
f 707 706 705
f 708 706 707
f 708 709 706
f 710 709 708
f 710 689 709
f 710 681 689
f 711 681 710
f 712 681 711
f 713 681 712
f 714 254 253
f 714 715 254
f 716 717 715
f 716 715 714
f 718 719 717
f 718 720 719
f 718 717 716
f 721 720 718
f 722 723 720
f 722 724 723
f 722 720 721
f 725 726 724
f 725 724 722
f 727 726 725
f 728 729 726
f 728 726 727
f 730 731 729
f 730 732 731
f 730 729 728
f 733 732 730
f 734 713 732
f 734 681 713
f 734 732 733
f 735 681 734
f 736 681 735
f 737 276 277
f 737 738 739
f 737 739 276
f 740 738 737
f 741 738 740
f 741 742 738
f 743 742 741
f 743 744 742
f 745 744 743
f 745 746 744
f 745 747 746
f 748 747 745
f 749 747 748
f 749 750 747
f 751 750 749
f 751 752 750
f 751 753 752
f 754 753 751
f 755 753 754
f 755 756 753
f 755 757 756
f 758 757 755
f 759 757 758
f 759 681 736
f 759 736 757
f 760 681 759
f 761 300 302
f 761 762 300
f 763 764 762
f 763 762 761
f 765 766 764
f 765 764 763
f 767 768 766
f 767 766 765
f 769 770 768
f 769 768 767
f 771 772 770
f 771 773 772
f 771 770 769
f 774 773 771
f 775 776 773
f 775 773 774
f 777 778 776
f 777 776 775
f 779 780 778
f 779 781 780
f 779 778 777
f 782 781 779
f 783 781 782
f 783 760 781
f 783 681 760
f 784 681 783
f 785 326 325
f 785 786 326
f 787 786 785
f 787 788 786
f 789 788 787
f 789 790 788
f 791 792 790
f 791 790 789
f 793 792 791
f 793 794 792
f 795 796 794
f 795 794 793
f 797 798 796
f 797 799 798
f 797 796 795
f 800 799 797
f 801 799 800
f 801 802 799
f 801 803 802
f 804 803 801
f 804 805 803
f 806 805 804
f 807 681 784
f 807 784 805
f 807 805 806
f 808 681 807
f 809 350 349
f 810 809 349
f 811 812 809
f 811 809 810
f 813 814 812
f 813 812 811
f 815 816 814
f 815 817 816
f 815 814 813
f 818 817 815
f 819 820 817
f 819 817 818
f 819 821 820
f 822 821 819
f 823 824 821
f 823 821 822
f 825 826 824
f 825 827 826
f 825 824 823
f 828 827 825
f 829 830 827
f 829 827 828
f 831 681 808
f 831 808 830
f 831 830 829
f 832 681 831
f 833 373 372
f 833 834 373
f 835 836 834
f 835 834 833
f 837 838 836
f 837 839 838
f 837 836 835
f 840 839 837
f 841 839 840
f 841 842 839
f 841 843 842
f 844 843 841
f 845 843 844
f 845 846 843
f 847 848 846
f 847 846 845
f 849 850 848
f 849 851 850
f 849 848 847
f 852 851 849
f 852 853 851
f 854 853 852
f 855 853 854
f 855 832 853
f 856 395 398
f 856 857 395
f 858 859 857
f 858 860 859
f 858 857 856
f 861 860 858
f 862 863 860
f 862 860 861
f 864 865 863
f 864 863 862
f 866 867 865
f 866 868 867
f 866 865 864
f 869 868 866
f 870 868 869
f 870 871 868
f 870 872 871
f 873 872 870
f 874 875 872
f 874 876 875
f 874 872 873
f 877 876 874
f 878 879 876
f 878 876 877
f 880 420 423
f 880 881 420
f 882 881 880
f 882 883 881
f 884 883 882
f 884 885 883
f 886 887 885
f 886 888 887
f 886 885 884
f 889 888 886
f 890 888 889
f 890 891 888
f 890 892 891
f 893 892 890
f 894 895 892
f 894 896 895
f 894 892 893
f 897 896 894
f 898 899 896
f 898 900 899
f 898 896 897
f 901 900 898
f 902 903 900
f 902 900 901
f 904 905 446
f 904 446 445
f 906 907 905
f 906 905 904
f 908 909 907
f 908 910 909
f 908 907 906
f 911 910 908
f 912 910 911
f 912 913 910
f 914 915 913
f 914 913 912
f 916 917 915
f 916 915 914
f 918 919 917
f 918 917 916
f 920 921 919
f 920 922 921
f 920 919 918
f 923 922 920
f 924 925 922
f 924 922 923
f 926 927 925
f 926 925 924
f 928 470 469
f 928 929 930
f 928 930 470
f 931 929 928
f 932 933 929
f 932 934 933
f 932 929 931
f 935 934 932
f 936 934 935
f 936 937 934
f 938 939 937
f 938 937 936
f 940 941 939
f 940 939 938
f 942 941 940
f 942 943 941
f 944 943 942
f 944 945 943
f 946 947 945
f 946 948 947
f 946 945 944
f 949 948 946
f 950 951 948
f 950 948 949
f 952 953 494
f 952 494 493
f 954 955 956
f 954 953 952
f 954 956 953
f 957 958 955
f 957 955 954
f 959 958 957
f 960 961 958
f 960 962 961
f 960 958 959
f 963 962 960
f 964 965 962
f 964 966 965
f 964 962 963
f 967 966 964
f 968 969 966
f 968 970 969
f 968 966 967
f 971 972 970
f 971 970 968
f 973 972 971
f 974 975 972
f 974 972 973
f 976 518 517
f 976 977 518
f 978 977 976
f 978 979 977
f 980 981 979
f 980 982 981
f 980 979 978
f 983 982 980
f 984 982 983
f 984 985 982
f 986 987 985
f 986 985 984
f 988 987 986
f 988 989 987
f 990 991 989
f 990 989 988
f 992 991 990
f 992 993 991
f 994 993 992
f 994 995 993
f 994 996 995
f 997 996 994
f 998 999 996
f 998 996 997
f 1000 1001 555
f 1000 555 554
f 1000 1002 1001
f 1003 1002 1000
f 1004 1002 1003
f 1004 1005 1002
f 1006 1005 1004
f 1006 1007 1005
f 1008 1007 1006
f 1008 1009 1007
f 1010 1009 1008
f 1010 1011 1009
f 1010 1012 1011
f 1013 1012 1010
f 1014 1015 1012
f 1014 1012 1013
f 1016 1017 1015
f 1016 1015 1014
f 1018 1019 1017
f 1018 1020 1019
f 1018 1017 1016
f 1021 1020 1018
f 1022 1023 1020
f 1022 1020 1021
f 1024 1025 1026
f 1024 579 578
f 1024 1026 579
f 1027 1025 1024
f 1028 1025 1027
f 1028 1029 1025
f 1028 1030 1029
f 1031 1030 1028
f 1032 1033 1030
f 1032 1030 1031
f 1034 1035 1033
f 1034 1033 1032
f 1036 1035 1034
f 1036 1037 1035
f 1038 1039 1037
f 1038 1037 1036
f 1040 1039 1038
f 1040 1041 1039
f 1042 1041 1040
f 1042 1043 1041
f 1044 1045 1043
f 1044 1043 1042
f 1046 1047 601
f 1046 601 603
f 1048 1049 1047
f 1048 1047 1046
f 1050 1049 1048
f 1050 1051 1049
f 1052 1051 1050
f 1052 1053 1051
f 1054 1053 1052
f 1054 1055 1053
f 1056 1055 1054
f 1056 1057 1055
f 1056 1058 1057
f 1059 1058 1056
f 1060 1058 1059
f 1060 1061 1058
f 1060 1062 1061
f 1063 1062 1060
f 1064 1062 1063
f 1064 1065 1062
f 1066 1065 1064
f 1066 1067 1065
f 1068 1069 1070
f 1068 1070 627
f 1068 627 626
f 1071 1069 1068
f 1072 1069 1071
f 1072 1073 1069
f 1074 1075 1073
f 1074 1073 1072
f 1076 1077 1075
f 1076 1078 1077
f 1076 1075 1074
f 1079 1078 1076
f 1080 1081 1078
f 1080 1082 1081
f 1080 1078 1079
f 1083 1082 1080
f 1084 1085 1082
f 1084 1082 1083
f 1086 1087 1085
f 1086 1085 1084
f 1088 1089 1087
f 1088 1087 1086
f 1090 651 650
f 1091 1090 650
f 1092 1093 1090
f 1092 1090 1091
f 1094 1095 1093
f 1094 1093 1092
f 1096 1095 1094
f 1096 1097 1095
f 1096 1098 1097
f 1099 1098 1096
f 1100 1101 1098
f 1100 1098 1099
f 1102 1103 1101
f 1102 1101 1100
f 1104 1103 1102
f 1104 1105 1103
f 1106 1105 1104
f 1106 1107 1105
f 1108 1107 1106
f 1108 1109 1107
f 1110 1111 1112
f 1110 1113 1111
f 1110 1114 1113
f 1110 1115 1114
f 1110 1116 1115
f 1110 1117 1116
f 1110 1118 1117
f 1110 1119 1118
f 1110 1120 1119
f 1110 1112 664
f 1121 1109 1108
f 1121 1120 1110
f 1121 1122 1123
f 1121 1108 1122
f 1121 1066 1124
f 1121 1067 1066
f 1121 1123 1125
f 1121 1023 1022
f 1121 1124 1126
f 1121 975 974
f 1121 1127 1120
f 1121 1022 1128
f 1121 1125 1127
f 1121 974 999
f 1121 1126 1089
f 1121 1128 1045
f 1121 1089 1088
f 1121 1045 1044
f 1121 999 998
f 1121 1088 1129
f 1121 1044 1130
f 1121 951 950
f 1121 1129 1131
f 1121 1130 1132
f 1121 1133 1109
f 1121 998 1023
f 1121 1131 1133
f 1121 950 975
f 1121 1132 1067
f 1134 1135 1121
f 1134 1136 1135
f 1137 1138 1139
f 1137 1110 1138
f 1140 1141 1134
f 1140 1142 1141
f 1140 1137 1143
f 1140 1121 1110
f 1140 1134 1121
f 1140 1110 1137
f 556 1110 664
f 1121 681 832
f 1121 832 855
f 1121 855 879
f 1121 879 878
f 1121 878 903
f 1121 903 902
f 1121 902 927
f 1121 927 926
f 1121 926 951
f 27 49 4
f 1144 69 67
f 666 45 47
f 681 1145 678
f 1146 51 49
f 1146 49 27
f 1147 27 29
f 1147 1146 27
f 1148 53 51
f 1148 51 1146
f 1149 29 32
f 1149 1147 29
f 1150 1148 1146
f 1150 1146 1147
f 1151 55 53
f 1151 57 55
f 1151 53 1148
f 1152 32 33
f 1152 1149 32
f 1153 1147 1149
f 1153 1150 1147
f 1154 1148 1150
f 1154 1151 1148
f 1155 33 36
f 1155 1152 33
f 1156 59 57
f 1156 57 1151
f 1157 1153 1149
f 1157 1149 1152
f 1158 1150 1153
f 1158 1154 1150
f 1159 36 37
f 1159 37 39
f 1159 1155 36
f 1160 1156 1151
f 1160 1151 1154
f 1161 1152 1155
f 1161 1157 1152
f 1162 61 59
f 1162 63 61
f 1162 1156 1160
f 1162 59 1156
f 1163 1158 1153
f 1163 1153 1157
f 1164 1159 39
f 1165 1160 1154
f 1165 1154 1158
f 1166 1155 1159
f 1166 1161 1155
f 1167 1162 1160
f 1168 1157 1161
f 1168 1163 1157
f 1169 63 1162
f 1169 66 63
f 1170 39 41
f 1170 1164 39
f 1171 1165 1158
f 1171 1158 1163
f 1172 1159 1164
f 1172 1166 1159
f 1173 1167 1160
f 1173 1160 1165
f 1174 1161 1166
f 1174 1168 1161
f 1175 1162 1167
f 1175 1169 1162
f 1176 1170 41
f 1176 41 44
f 1176 44 45
f 1177 1163 1168
f 1177 1171 1163
f 1178 67 66
f 1178 1144 67
f 1178 66 1169
f 1179 1164 1170
f 1179 1172 1164
f 1180 1165 1171
f 1180 1173 1165
f 1181 1174 1166
f 1181 1166 1172
f 1182 1175 1167
f 1182 1167 1173
f 1183 666 667
f 1183 1176 45
f 1183 45 666
f 1184 1174 1181
f 1184 1168 1174
f 1184 1177 1168
f 1185 1186 1144
f 1185 1169 1175
f 1185 1144 1178
f 1185 1178 1169
f 1187 1170 1176
f 1187 1179 1170
f 1188 1171 1177
f 1188 1180 1171
f 1189 1172 1179
f 1189 1181 1172
f 1190 1180 1188
f 1190 1173 1180
f 1190 1182 1173
f 1191 1181 1189
f 1191 1184 1181
f 1192 1185 1175
f 1192 1193 1186
f 1192 1194 1193
f 1192 1186 1185
f 1192 1175 1182
f 1195 667 665
f 1195 1183 667
f 1195 1176 1183
f 1195 1187 1176
f 1196 1177 1184
f 1196 1188 1177
f 1197 1189 1179
f 1197 1179 1187
f 1198 1190 1188
f 1199 1191 1189
f 1200 1182 1190
f 1200 1192 1182
f 1200 1194 1192
f 1201 1196 1184
f 1201 1184 1191
f 1202 1197 1187
f 1202 1187 1195
f 1202 665 669
f 1202 669 668
f 1202 1195 665
f 1203 1188 1196
f 1203 1198 1188
f 1204 1189 1197
f 1204 1199 1189
f 1205 1200 1190
f 1205 1206 1194
f 1205 1190 1198
f 1205 1194 1200
f 1207 1201 1191
f 1207 1191 1199
f 1208 1203 1196
f 1208 1196 1201
f 1209 1197 1202
f 1209 668 672
f 1209 1202 668
f 1209 1204 1197
f 1210 1211 1206
f 1210 1206 1205
f 1210 1198 1203
f 1210 1205 1198
f 1210 1203 1208
f 1212 1207 1199
f 1212 1199 1204
f 1213 1201 1207
f 1213 1208 1201
f 1214 1215 1211
f 1214 1210 1208
f 1214 1211 1210
f 1216 1212 1204
f 1216 672 673
f 1216 673 671
f 1216 1204 1209
f 1216 1209 672
f 1217 1213 1207
f 1217 1207 1212
f 1218 1214 1208
f 1218 1208 1213
f 1218 1219 1215
f 1218 1220 1219
f 1218 1215 1214
f 1221 671 679
f 1221 1212 1216
f 1221 1216 671
f 1221 1217 1212
f 1222 1218 1213
f 1222 1213 1217
f 1222 1220 1218
f 1223 1220 1222
f 1223 1145 1220
f 1223 678 1145
f 1223 679 678
f 1223 1221 679
f 1223 1217 1221
f 1223 1222 1217
f 1224 97 70
f 1224 70 69
f 1225 1226 1227
f 1225 1224 69
f 1228 1226 1225
f 1229 1230 1231
f 1232 1230 1229
f 1233 1234 1235
f 1236 1234 1233
f 1237 1238 1239
f 1240 1238 1237
f 1241 1242 1243
f 1241 1243 1244
f 1245 1246 1247
f 1248 1246 1245
f 1249 1250 1251
f 1249 1251 1252
f 1253 1254 1255
f 1256 1254 1253
f 1257 1258 1259
f 1260 1258 1257
f 1261 1262 1263
f 1261 1263 1264
f 1265 1266 1267
f 1268 1266 1265
f 1269 1270 1271
f 1272 1270 1269
f 1273 1274 1275
f 1276 1274 1273
f 1277 1278 1279
f 1280 1278 1277
f 1281 1282 1283
f 1281 1283 1284
f 1285 1286 1287
f 1285 1287 1288
f 1289 1290 1291
f 1289 1291 1292
f 1293 1294 1295
f 1293 1295 1296
f 1297 1298 1299
f 1297 1299 1300
f 1301 1302 1303
f 1304 1301 1297
f 1304 1297 1300
f 1304 1302 1301
f 69 1304 1293
f 1293 1304 1300
f 69 1293 1296
f 69 1296 1289
f 69 1289 1292
f 69 1292 1285
f 69 1285 1288
f 69 1288 1281
f 69 1281 1284
f 69 1284 1280
f 69 1280 1277
f 69 1277 1276
f 69 1276 1273
f 69 1273 1272
f 69 1272 1269
f 69 1269 1268
f 69 1268 1265
f 69 1265 1261
f 69 1261 1264
f 69 1264 1260
f 69 1260 1257
f 69 1257 1256
f 69 1256 1253
f 69 1253 1249
f 69 1249 1252
f 69 1252 1248
f 69 1248 1245
f 69 1245 1241
f 69 1241 1244
f 69 1244 1240
f 69 1240 1237
f 69 1237 1236
f 69 1236 1233
f 69 1233 1232
f 69 1232 1229
f 69 1229 1228
f 69 1228 1225
f 80 82 1305
f 80 1305 1306
f 78 1306 1307
f 78 80 1306
f 76 1307 1308
f 76 78 1307
f 74 1308 1309
f 74 76 1308
f 71 1309 1310
f 71 74 1309
f 72 1310 1311
f 72 71 1310
f 73 1311 1312
f 73 72 1311
f 75 1312 1313
f 75 73 1312
f 77 1313 1314
f 77 75 1313
f 79 1314 1315
f 79 77 1314
f 81 1315 1316
f 81 79 1315
f 84 1316 1317
f 84 81 1316
f 84 1318 190
f 84 190 83
f 1317 1318 84
f 1319 1317 1320
f 1321 1317 1319
f 1321 1318 1317
f 1322 1323 1324
f 1325 1322 98
f 1325 1323 1322
f 1224 98 97
f 1326 98 1224
f 1326 1325 98
f 98 1322 1327
f 98 1327 96
f 86 1328 85
f 86 1329 1328
f 87 1330 1329
f 87 1329 86
f 88 1331 1330
f 88 1330 87
f 89 1332 1331
f 89 1331 88
f 90 1333 1332
f 90 1332 89
f 91 1334 1333
f 91 1333 90
f 92 1335 1334
f 92 1334 91
f 93 1336 1335
f 93 1335 92
f 94 1337 1336
f 94 1336 93
f 95 1338 1337
f 95 1337 94
f 96 1327 1338
f 96 1338 95
f 1305 85 1328
f 82 85 1305
f 99 25 191
f 99 191 1339
f 106 1339 1340
f 106 99 1339
f 109 1340 1341
f 109 1341 1342
f 109 106 1340
f 113 109 1342
f 117 1342 1343
f 117 113 1342
f 122 1343 1344
f 122 117 1343
f 128 1344 1345
f 128 122 1344
f 135 1345 1346
f 135 128 1345
f 136 1346 1347
f 136 135 1346
f 101 1347 1348
f 101 1348 208
f 101 136 1347
f 102 101 208
f 190 1349 192
f 1318 1349 190
f 192 1349 1350
f 1351 1352 207
f 1351 192 1350
f 191 192 1351
f 208 1351 207
f 1339 191 1351
f 1348 1351 208
f 1340 1339 1351
f 1347 1351 1348
f 1341 1340 1351
f 1346 1351 1347
f 1342 1341 1351
f 1345 1351 1346
f 1343 1342 1351
f 1344 1351 1345
f 1344 1343 1351
f 401 1352 1353
f 401 207 1352
f 1354 1355 1356
f 1357 401 1353
f 1357 1355 1354
f 1358 1357 1354
f 523 401 1357
f 1359 1357 1358
f 1360 523 1357
f 1361 1357 1359
f 1362 1360 1357
f 1363 1357 1361
f 1364 1362 1357
f 1365 1357 1363
f 1366 1364 1357
f 1367 1357 1365
f 1368 1366 1357
f 1368 1357 1367
f 1358 1369 1370
f 1359 1370 1371
f 1359 1358 1370
f 1361 1359 1371
f 1363 1371 1372
f 1363 1361 1371
f 1365 1372 1373
f 1365 1363 1372
f 1367 1373 1374
f 1367 1365 1373
f 1368 1374 1375
f 1368 1367 1374
f 1366 1375 1376
f 1366 1368 1375
f 1364 1376 1377
f 1364 1366 1376
f 1362 1377 1378
f 1362 1364 1377
f 1360 1378 1379
f 1360 1362 1378
f 523 1379 522
f 523 1360 1379
f 1380 1381 1382
f 1370 1369 1383
f 547 1384 556
f 522 1379 525
f 1385 1386 1381
f 1385 1381 1380
f 1387 1380 1388
f 1387 1385 1380
f 1389 1390 1386
f 1389 1386 1385
f 1391 1388 1392
f 1391 1387 1388
f 1393 1389 1385
f 1393 1385 1387
f 1394 1395 1390
f 1394 1396 1395
f 1394 1390 1389
f 1397 1392 1398
f 1397 1391 1392
f 1399 1387 1391
f 1399 1393 1387
f 1400 1389 1393
f 1400 1394 1389
f 1401 1398 1402
f 1401 1397 1398
f 1403 1404 1396
f 1403 1396 1394
f 1405 1399 1391
f 1405 1391 1397
f 1406 1393 1399
f 1406 1400 1393
f 1407 1402 1408
f 1407 1408 1409
f 1407 1401 1402
f 1410 1403 1394
f 1410 1394 1400
f 1411 1397 1401
f 1411 1405 1397
f 1412 1413 1404
f 1412 1414 1413
f 1412 1403 1410
f 1412 1404 1403
f 1415 1406 1399
f 1415 1399 1405
f 1416 1407 1409
f 1417 1410 1400
f 1417 1400 1406
f 1418 1401 1407
f 1418 1411 1401
f 1419 1412 1410
f 1420 1405 1411
f 1420 1415 1405
f 1421 1414 1412
f 1421 1422 1414
f 1423 1409 1424
f 1423 1416 1409
f 1425 1417 1406
f 1425 1406 1415
f 1426 1407 1416
f 1426 1418 1407
f 1427 1419 1410
f 1427 1410 1417
f 1428 1411 1418
f 1428 1420 1411
f 1429 1412 1419
f 1429 1421 1412
f 1430 1423 1424
f 1430 1424 1431
f 1430 1431 1384
f 1432 1415 1420
f 1432 1425 1415
f 1433 1383 1422
f 1433 1370 1383
f 1433 1422 1421
f 1434 1416 1423
f 1434 1426 1416
f 1435 1417 1425
f 1435 1427 1417
f 1436 1428 1418
f 1436 1418 1426
f 1437 1429 1419
f 1437 1419 1427
f 1438 547 549
f 1438 1430 1384
f 1438 1384 547
f 1439 1428 1436
f 1439 1420 1428
f 1439 1432 1420
f 1440 1371 1370
f 1440 1421 1429
f 1440 1370 1433
f 1440 1433 1421
f 1441 1423 1430
f 1441 1434 1423
f 1442 1425 1432
f 1442 1435 1425
f 1443 1426 1434
f 1443 1436 1426
f 1444 1435 1442
f 1444 1427 1435
f 1444 1437 1427
f 1445 1436 1443
f 1445 1439 1436
f 1446 1440 1429
f 1446 1372 1371
f 1446 1373 1372
f 1446 1371 1440
f 1446 1429 1437
f 1447 549 548
f 1447 1438 549
f 1447 1430 1438
f 1447 1441 1430
f 1448 1432 1439
f 1448 1442 1432
f 1449 1443 1434
f 1449 1434 1441
f 1450 1444 1442
f 1451 1445 1443
f 1452 1437 1444
f 1452 1446 1437
f 1452 1373 1446
f 1453 1448 1439
f 1453 1439 1445
f 1454 1449 1441
f 1454 1441 1447
f 1454 548 530
f 1454 530 526
f 1454 1447 548
f 1455 1442 1448
f 1455 1450 1442
f 1456 1443 1449
f 1456 1451 1443
f 1457 1452 1444
f 1457 1374 1373
f 1457 1444 1450
f 1457 1373 1452
f 1458 1453 1445
f 1458 1445 1451
f 1459 1455 1448
f 1459 1448 1453
f 1460 1449 1454
f 1460 526 528
f 1460 1454 526
f 1460 1456 1449
f 1461 1375 1374
f 1461 1374 1457
f 1461 1450 1455
f 1461 1457 1450
f 1461 1455 1459
f 1462 1458 1451
f 1462 1451 1456
f 1463 1453 1458
f 1463 1459 1453
f 1464 1376 1375
f 1464 1461 1459
f 1464 1375 1461
f 1465 1462 1456
f 1465 528 527
f 1465 527 529
f 1465 1456 1460
f 1465 1460 528
f 1466 1463 1458
f 1466 1458 1462
f 1467 1464 1459
f 1467 1459 1463
f 1467 1377 1376
f 1467 1378 1377
f 1467 1376 1464
f 1468 529 524
f 1468 1462 1465
f 1468 1465 529
f 1468 1466 1462
f 1469 1467 1463
f 1469 1463 1466
f 1469 1378 1467
f 1470 1378 1469
f 1470 1379 1378
f 1470 525 1379
f 1470 524 525
f 1470 1468 524
f 1470 1466 1468
f 1470 1469 1466
f 1380 1471 1472
f 1380 1382 1471
f 1388 1472 1473
f 1388 1473 1474
f 1388 1380 1472
f 1392 1388 1474
f 1398 1474 1475
f 1398 1475 1476
f 1398 1392 1474
f 1402 1398 1476
f 1408 1476 1477
f 1408 1402 1476
f 1409 1477 1478
f 1409 1408 1477
f 1424 1478 1479
f 1424 1479 1480
f 1424 1409 1478
f 1431 1424 1480
f 1384 1480 1481
f 1384 1431 1480
f 556 1481 1110
f 556 1384 1481
f 1482 1483 1304
f 1472 1471 1484
f 1135 1485 1121
f 1110 1481 1138
f 1486 1487 1483
f 1486 1483 1482
f 1488 1482 1489
f 1488 1486 1482
f 1490 1491 1487
f 1490 1487 1486
f 1492 1489 1493
f 1492 1493 1494
f 1492 1488 1489
f 1495 1490 1486
f 1495 1486 1488
f 1496 1497 1491
f 1496 1498 1497
f 1496 1491 1490
f 1499 1492 1494
f 1500 1488 1492
f 1500 1495 1488
f 1501 1490 1495
f 1501 1496 1490
f 1502 1494 1503
f 1502 1499 1494
f 1504 1505 1498
f 1504 1498 1496
f 1506 1500 1492
f 1506 1492 1499
f 1507 1495 1500
f 1507 1501 1495
f 1508 1503 1509
f 1508 1502 1503
f 1510 1504 1496
f 1510 1496 1501
f 1511 1499 1502
f 1511 1506 1499
f 1512 1513 1505
f 1512 1514 1513
f 1512 1505 1504
f 1515 1507 1500
f 1515 1500 1506
f 1516 1509 1517
f 1516 1508 1509
f 1518 1501 1507
f 1518 1510 1501
f 1518 1507 1515
f 1519 1511 1502
f 1519 1502 1508
f 1519 1508 1516
f 1520 1504 1510
f 1520 1512 1504
f 1521 1506 1511
f 1521 1515 1506
f 1522 1523 1514
f 1522 1514 1512
f 1524 1516 1517
f 1524 1517 1525
f 1526 1518 1515
f 1527 1516 1524
f 1527 1519 1516
f 1528 1510 1518
f 1528 1520 1510
f 1529 1521 1511
f 1529 1511 1519
f 1530 1512 1520
f 1530 1522 1512
f 1531 1525 1532
f 1531 1532 1485
f 1531 1524 1525
f 1533 1526 1515
f 1533 1521 1529
f 1533 1515 1521
f 1534 1484 1523
f 1534 1473 1472
f 1534 1523 1522
f 1534 1472 1484
f 1535 1527 1524
f 1536 1528 1518
f 1536 1518 1526
f 1537 1519 1527
f 1537 1529 1519
f 1538 1520 1528
f 1538 1530 1520
f 1539 1135 1136
f 1539 1531 1485
f 1539 1485 1135
f 1540 1533 1529
f 1540 1529 1537
f 1541 1530 1538
f 1541 1522 1530
f 1541 1473 1534
f 1541 1534 1522
f 1542 1524 1531
f 1542 1535 1524
f 1542 1531 1539
f 1543 1526 1533
f 1543 1536 1526
f 1544 1537 1527
f 1544 1527 1535
f 1545 1536 1543
f 1545 1528 1536
f 1545 1538 1528
f 1546 1540 1537
f 1547 1538 1545
f 1547 1474 1473
f 1547 1473 1541
f 1547 1541 1538
f 1548 1542 1539
f 1548 1136 1134
f 1548 1539 1136
f 1549 1533 1540
f 1549 1543 1533
f 1550 1535 1542
f 1550 1544 1535
f 1551 1545 1543
f 1552 1537 1544
f 1552 1546 1537
f 1553 1474 1547
f 1553 1475 1474
f 1553 1547 1545
f 1554 1540 1546
f 1554 1546 1552
f 1554 1549 1540
f 1555 1550 1542
f 1555 1548 1134
f 1555 1134 1141
f 1555 1141 1142
f 1555 1542 1548
f 1556 1543 1549
f 1556 1551 1543
f 1557 1552 1544
f 1557 1544 1550
f 1558 1475 1553
f 1558 1476 1475
f 1558 1553 1545
f 1558 1545 1551
f 1559 1554 1552
f 1560 1549 1554
f 1560 1556 1549
f 1561 1142 1140
f 1561 1555 1142
f 1561 1557 1550
f 1561 1550 1555
f 1562 1477 1476
f 1562 1551 1556
f 1562 1476 1558
f 1562 1558 1551
f 1563 1552 1557
f 1563 1559 1552
f 1563 1557 1561
f 1564 1554 1559
f 1564 1560 1554
f 1565 1478 1477
f 1565 1477 1562
f 1565 1556 1560
f 1565 1562 1556
f 1566 1561 1140
f 1566 1140 1143
f 1566 1143 1137
f 1566 1563 1561
f 1567 1559 1563
f 1567 1564 1559
f 1568 1479 1478
f 1568 1478 1565
f 1568 1560 1564
f 1568 1565 1560
f 1569 1137 1139
f 1569 1566 1137
f 1569 1563 1566
f 1569 1567 1563
f 1570 1479 1568
f 1570 1480 1479
f 1570 1481 1480
f 1570 1564 1567
f 1570 1568 1564
f 1570 1567 1569
f 1571 1569 1139
f 1571 1138 1481
f 1571 1139 1138
f 1571 1570 1569
f 1571 1481 1570
f 1482 69 1144
f 1482 1304 69
f 1489 1144 1186
f 1489 1482 1144
f 1493 1186 1193
f 1493 1489 1186
f 1494 1193 1194
f 1494 1493 1193
f 1503 1194 1206
f 1503 1206 1211
f 1503 1494 1194
f 1509 1503 1211
f 1517 1211 1215
f 1517 1215 1219
f 1517 1509 1211
f 1525 1517 1219
f 1532 1219 1220
f 1532 1525 1219
f 1485 1220 1145
f 1485 1145 681
f 1485 1532 1220
f 1121 1485 681
f 201 1572 204
f 201 1573 1572
f 201 1574 1573
f 199 1575 1574
f 199 1574 201
f 198 1575 199
f 196 1576 1575
f 196 1577 1576
f 196 1575 198
f 193 1578 1577
f 193 1577 196
f 194 1578 193
f 195 1579 1578
f 195 1580 1579
f 195 1578 194
f 197 1581 1580
f 197 1580 195
f 200 1581 197
f 202 1582 1581
f 202 1581 200
f 203 1583 1582
f 203 1582 202
f 1572 1584 670
f 204 1572 670
f 670 1584 1585
f 674 1585 1586
f 674 670 1585
f 675 1586 1587
f 675 674 1586
f 676 1587 1588
f 676 675 1587
f 677 1588 1589
f 677 676 1588
f 680 1589 1590
f 680 677 1589
f 682 680 1590
f 683 1590 1591
f 683 1591 1592
f 683 682 1590
f 684 1592 1593
f 684 683 1592
f 685 684 1593
f 686 1593 1594
f 686 685 1593
f 687 1594 1595
f 687 686 1594
f 688 1595 1596
f 688 687 1595
f 691 1597 692
f 691 1598 1597
f 691 1599 1598
f 695 1600 1599
f 695 1599 691
f 697 1600 695
f 698 1601 1600
f 698 1602 1601
f 698 1600 697
f 701 1603 1602
f 701 1602 698
f 703 1603 701
f 704 1604 1603
f 704 1605 1604
f 704 1603 703
f 706 1606 1605
f 706 1605 704
f 709 1606 706
f 689 1607 1606
f 689 1606 709
f 688 1596 1607
f 688 1607 689
f 1608 692 1597
f 230 692 1608
f 230 1608 1609
f 226 1609 1610
f 226 230 1609
f 221 1610 1611
f 221 226 1610
f 220 1611 1612
f 220 221 1611
f 215 1612 1613
f 215 220 1612
f 213 1613 1614
f 213 215 1613
f 210 213 1614
f 211 1614 1615
f 211 1615 1616
f 211 210 1614
f 218 1616 1617
f 218 211 1616
f 223 218 1617
f 206 1617 1618
f 206 223 1617
f 205 1618 1619
f 205 206 1618
f 205 1619 1583
f 205 1583 203
f 225 1620 229
f 225 1621 1620
f 225 1622 1621
f 224 1623 1622
f 224 1622 225
f 219 1623 224
f 214 1624 1623
f 214 1625 1624
f 214 1623 219
f 212 1626 1625
f 212 1625 214
f 209 1626 212
f 216 1627 1626
f 216 1628 1627
f 216 1626 209
f 217 1629 1628
f 217 1628 216
f 222 1629 217
f 227 1630 1629
f 227 1629 222
f 228 1631 1630
f 228 1630 227
f 1620 1632 690
f 229 1620 690
f 690 1632 1633
f 693 1633 1634
f 693 690 1633
f 694 1634 1635
f 694 693 1634
f 696 1635 1636
f 696 694 1635
f 699 1636 1637
f 699 696 1636
f 700 1637 1638
f 700 699 1637
f 702 700 1638
f 705 1638 1639
f 705 1639 1640
f 705 702 1638
f 707 1640 1641
f 707 705 1640
f 708 707 1641
f 710 1641 1642
f 710 708 1641
f 711 1642 1643
f 711 710 1642
f 712 1643 1644
f 712 711 1643
f 717 1645 715
f 717 1646 1645
f 717 1647 1646
f 719 1648 1647
f 719 1647 717
f 720 1648 719
f 723 1649 1648
f 723 1650 1649
f 723 1648 720
f 724 1651 1650
f 724 1650 723
f 726 1651 724
f 729 1652 1651
f 729 1653 1652
f 729 1651 726
f 731 1654 1653
f 731 1653 729
f 732 1654 731
f 713 1655 1654
f 713 1654 732
f 712 1644 1655
f 712 1655 713
f 1656 715 1645
f 254 715 1656
f 254 1656 1657
f 250 1657 1658
f 250 254 1657
f 245 1658 1659
f 245 250 1658
f 239 1659 1660
f 239 245 1659
f 238 1660 1661
f 238 239 1660
f 234 1661 1662
f 234 238 1661
f 235 234 1662
f 241 1662 1663
f 241 1663 1664
f 241 235 1662
f 243 1664 1665
f 243 241 1664
f 247 243 1665
f 232 1665 1666
f 232 247 1665
f 231 1666 1667
f 231 232 1666
f 231 1667 1631
f 231 1631 228
f 249 1668 253
f 249 1669 1668
f 249 1670 1669
f 248 1671 1670
f 248 1670 249
f 244 1671 248
f 237 1672 1671
f 237 1673 1672
f 237 1671 244
f 233 1674 1673
f 233 1673 237
f 236 1674 233
f 240 1675 1674
f 240 1676 1675
f 240 1674 236
f 242 1677 1676
f 242 1676 240
f 246 1677 242
f 251 1678 1677
f 251 1677 246
f 252 1679 1678
f 252 1678 251
f 1668 1680 714
f 253 1668 714
f 714 1680 1681
f 716 1681 1682
f 716 714 1681
f 718 1682 1683
f 718 716 1682
f 721 1683 1684
f 721 718 1683
f 722 1684 1685
f 722 721 1684
f 725 1685 1686
f 725 722 1685
f 727 725 1686
f 728 1686 1687
f 728 1687 1688
f 728 727 1686
f 730 1688 1689
f 730 728 1688
f 733 730 1689
f 734 1689 1690
f 734 733 1689
f 735 1690 1691
f 735 734 1690
f 736 1691 1692
f 736 735 1691
f 738 1693 739
f 738 1694 1693
f 738 1695 1694
f 742 1696 1695
f 742 1695 738
f 744 1696 742
f 746 1697 1696
f 746 1698 1697
f 746 1696 744
f 747 1699 1698
f 747 1698 746
f 750 1699 747
f 752 1700 1699
f 752 1701 1700
f 752 1699 750
f 753 1702 1701
f 753 1701 752
f 756 1702 753
f 757 1703 1702
f 757 1702 756
f 736 1692 1703
f 736 1703 757
f 1704 739 1693
f 276 739 1704
f 276 1704 1705
f 272 1705 1706
f 272 276 1705
f 271 1706 1707
f 271 272 1706
f 266 1707 1708
f 266 271 1707
f 262 1708 1709
f 262 266 1708
f 260 1709 1710
f 260 262 1709
f 258 260 1710
f 264 1710 1711
f 264 1711 1712
f 264 258 1710
f 268 1712 1713
f 268 264 1712
f 269 268 1713
f 256 1713 1714
f 256 269 1713
f 255 1714 1715
f 255 256 1714
f 255 1715 1679
f 255 1679 252
f 275 1716 277
f 275 1717 1716
f 275 1718 1717
f 270 1719 1718
f 270 1718 275
f 265 1719 270
f 261 1720 1719
f 261 1721 1720
f 261 1719 265
f 257 1722 1721
f 257 1721 261
f 259 1722 257
f 263 1723 1722
f 263 1724 1723
f 263 1722 259
f 267 1725 1724
f 267 1724 263
f 273 1725 267
f 274 1726 1725
f 274 1725 273
f 278 1727 1726
f 278 1726 274
f 1716 1728 737
f 277 1716 737
f 737 1728 1729
f 740 1729 1730
f 740 737 1729
f 741 1730 1731
f 741 740 1730
f 743 1731 1732
f 743 741 1731
f 745 1732 1733
f 745 743 1732
f 748 1733 1734
f 748 745 1733
f 749 748 1734
f 751 1734 1735
f 751 1735 1736
f 751 749 1734
f 754 1736 1737
f 754 751 1736
f 755 754 1737
f 758 1737 1738
f 758 755 1737
f 759 1738 1739
f 759 758 1738
f 760 1739 1740
f 760 759 1739
f 764 1741 762
f 764 1742 1741
f 764 1743 1742
f 766 1744 1743
f 766 1743 764
f 768 1744 766
f 770 1745 1744
f 770 1746 1745
f 770 1744 768
f 772 1747 1746
f 772 1746 770
f 773 1747 772
f 776 1748 1747
f 776 1749 1748
f 776 1747 773
f 778 1750 1749
f 778 1749 776
f 780 1750 778
f 781 1751 1750
f 781 1750 780
f 760 1740 1751
f 760 1751 781
f 1752 762 1741
f 300 762 1752
f 300 1752 1753
f 299 1753 1754
f 299 300 1753
f 291 1754 1755
f 291 299 1754
f 290 1755 1756
f 290 291 1755
f 288 1756 1757
f 288 290 1756
f 282 1757 1758
f 282 288 1757
f 283 282 1758
f 286 1758 1759
f 286 1759 1760
f 286 283 1758
f 293 1760 1761
f 293 286 1760
f 295 293 1761
f 280 1761 1762
f 280 295 1761
f 279 1762 1763
f 279 280 1762
f 279 1763 1727
f 279 1727 278
f 298 1764 302
f 298 1765 1764
f 298 1766 1765
f 296 1767 1766
f 296 1766 298
f 289 1767 296
f 287 1768 1767
f 287 1769 1768
f 287 1767 289
f 284 1770 1769
f 284 1769 287
f 281 1770 284
f 285 1771 1770
f 285 1772 1771
f 285 1770 281
f 292 1773 1772
f 292 1772 285
f 294 1773 292
f 297 1774 1773
f 297 1773 294
f 301 1775 1774
f 301 1774 297
f 1764 1776 761
f 302 1764 761
f 761 1776 1777
f 763 1777 1778
f 763 761 1777
f 765 1778 1779
f 765 763 1778
f 767 1779 1780
f 767 765 1779
f 769 1780 1781
f 769 767 1780
f 771 1781 1782
f 771 769 1781
f 774 771 1782
f 775 1782 1783
f 775 1783 1784
f 775 774 1782
f 777 1784 1785
f 777 775 1784
f 779 777 1785
f 782 1785 1786
f 782 779 1785
f 783 1786 1787
f 783 782 1786
f 784 1787 1788
f 784 783 1787
f 788 1789 786
f 788 1790 1789
f 788 1791 1790
f 790 1792 1791
f 790 1791 788
f 792 1792 790
f 794 1793 1792
f 794 1794 1793
f 794 1792 792
f 796 1795 1794
f 796 1794 794
f 798 1795 796
f 799 1796 1795
f 799 1797 1796
f 799 1795 798
f 802 1798 1797
f 802 1797 799
f 803 1798 802
f 805 1799 1798
f 805 1798 803
f 784 1788 1799
f 784 1799 805
f 1800 786 1789
f 326 786 1800
f 326 1800 1801
f 322 1801 1802
f 322 326 1801
f 320 1802 1803
f 320 322 1802
f 316 1803 1804
f 316 320 1803
f 313 1804 1805
f 313 316 1804
f 309 1805 1806
f 309 313 1805
f 306 309 1806
f 307 1806 1807
f 307 1807 1808
f 307 306 1806
f 311 1808 1809
f 311 307 1808
f 318 311 1809
f 304 1809 1810
f 304 318 1809
f 303 1810 1811
f 303 304 1810
f 303 1811 1775
f 303 1775 301
f 321 1812 325
f 321 1813 1812
f 321 1814 1813
f 319 1815 1814
f 319 1814 321
f 315 1815 319
f 312 1816 1815
f 312 1817 1816
f 312 1815 315
f 308 1818 1817
f 308 1817 312
f 305 1818 308
f 310 1819 1818
f 310 1820 1819
f 310 1818 305
f 314 1821 1820
f 314 1820 310
f 317 1821 314
f 323 1822 1821
f 323 1821 317
f 324 1823 1822
f 324 1822 323
f 1812 1824 785
f 325 1812 785
f 785 1824 1825
f 787 1825 1826
f 787 785 1825
f 789 1826 1827
f 789 787 1826
f 791 1827 1828
f 791 789 1827
f 793 1828 1829
f 793 791 1828
f 795 1829 1830
f 795 793 1829
f 797 795 1830
f 800 1830 1831
f 800 1831 1832
f 800 797 1830
f 801 1832 1833
f 801 800 1832
f 804 801 1833
f 806 1833 1834
f 806 804 1833
f 807 1834 1835
f 807 806 1834
f 808 1835 1836
f 808 807 1835
f 812 1837 809
f 812 1838 1837
f 812 1839 1838
f 814 1840 1839
f 814 1839 812
f 816 1840 814
f 817 1841 1840
f 817 1842 1841
f 817 1840 816
f 820 1843 1842
f 820 1842 817
f 821 1843 820
f 824 1844 1843
f 824 1845 1844
f 824 1843 821
f 826 1846 1845
f 826 1845 824
f 827 1846 826
f 830 1847 1846
f 830 1846 827
f 808 1836 1847
f 808 1847 830
f 1848 809 1837
f 350 809 1848
f 350 1848 1849
f 347 1849 1850
f 347 350 1849
f 339 1850 1851
f 339 347 1850
f 335 1851 1852
f 335 339 1851
f 332 1852 1853
f 332 335 1852
f 330 1853 1854
f 330 332 1853
f 331 330 1854
f 337 1854 1855
f 337 1855 1856
f 337 331 1854
f 341 1856 1857
f 341 337 1856
f 344 341 1857
f 328 1857 1858
f 328 344 1857
f 327 1858 1859
f 327 328 1858
f 327 1859 1823
f 327 1823 324
f 346 1860 349
f 346 1861 1860
f 346 1862 1861
f 342 1863 1862
f 342 1862 346
f 338 1863 342
f 334 1864 1863
f 334 1865 1864
f 334 1863 338
f 329 1866 1865
f 329 1865 334
f 333 1866 329
f 336 1867 1866
f 336 1868 1867
f 336 1866 333
f 340 1869 1868
f 340 1868 336
f 343 1869 340
f 345 1870 1869
f 345 1869 343
f 348 1871 1870
f 348 1870 345
f 1860 1872 810
f 349 1860 810
f 810 1872 1873
f 811 1873 1874
f 811 810 1873
f 813 1874 1875
f 813 811 1874
f 815 1875 1876
f 815 813 1875
f 818 1876 1877
f 818 815 1876
f 819 1877 1878
f 819 818 1877
f 822 819 1878
f 823 1878 1879
f 823 1879 1880
f 823 822 1878
f 825 1880 1881
f 825 823 1880
f 828 825 1881
f 829 1881 1882
f 829 828 1881
f 831 1882 1883
f 831 829 1882
f 832 1883 1884
f 832 831 1883
f 836 1885 834
f 836 1886 1885
f 836 1887 1886
f 838 1888 1887
f 838 1887 836
f 839 1888 838
f 842 1889 1888
f 842 1890 1889
f 842 1888 839
f 843 1891 1890
f 843 1890 842
f 846 1891 843
f 848 1892 1891
f 848 1893 1892
f 848 1891 846
f 850 1894 1893
f 850 1893 848
f 851 1894 850
f 853 1895 1894
f 853 1894 851
f 832 1884 1895
f 832 1895 853
f 1896 834 1885
f 373 834 1896
f 373 1896 1897
f 370 1897 1898
f 370 373 1897
f 368 1898 1899
f 368 370 1898
f 362 1899 1900
f 362 368 1899
f 358 1900 1901
f 358 362 1900
f 356 1901 1902
f 356 358 1901
f 354 356 1902
f 360 1902 1903
f 360 1903 1904
f 360 354 1902
f 364 1904 1905
f 364 360 1904
f 366 364 1905
f 352 1905 1906
f 352 366 1905
f 351 1906 1907
f 351 352 1906
f 351 1907 1871
f 351 1871 348
f 369 1908 372
f 369 1909 1908
f 369 1910 1909
f 367 1911 1910
f 367 1910 369
f 361 1911 367
f 357 1912 1911
f 357 1913 1912
f 357 1911 361
f 353 1914 1913
f 353 1913 357
f 355 1914 353
f 359 1915 1914
f 359 1916 1915
f 359 1914 355
f 363 1917 1916
f 363 1916 359
f 365 1917 363
f 371 1918 1917
f 371 1917 365
f 374 1919 1918
f 374 1918 371
f 1908 1920 833
f 372 1908 833
f 833 1920 1921
f 835 1921 1922
f 835 833 1921
f 837 1922 1923
f 837 835 1922
f 840 1923 1924
f 840 837 1923
f 841 1924 1925
f 841 840 1924
f 844 1925 1926
f 844 841 1925
f 845 844 1926
f 847 1926 1927
f 847 1927 1928
f 847 845 1926
f 849 1928 1929
f 849 847 1928
f 852 849 1929
f 854 1929 1930
f 854 852 1929
f 855 1930 1931
f 855 854 1930
f 879 1931 1932
f 879 855 1931
f 859 1933 857
f 859 1934 1933
f 859 1935 1934
f 860 1936 1935
f 860 1935 859
f 863 1936 860
f 865 1937 1936
f 865 1938 1937
f 865 1936 863
f 867 1939 1938
f 867 1938 865
f 868 1939 867
f 871 1940 1939
f 871 1941 1940
f 871 1939 868
f 872 1942 1941
f 872 1941 871
f 875 1942 872
f 876 1943 1942
f 876 1942 875
f 879 1932 1943
f 879 1943 876
f 1944 857 1933
f 395 857 1944
f 395 1944 1945
f 391 1945 1946
f 391 395 1945
f 390 1946 1947
f 390 391 1946
f 383 1947 1948
f 383 390 1947
f 382 1948 1949
f 382 383 1948
f 378 1949 1950
f 378 382 1949
f 379 378 1950
f 385 1950 1951
f 385 1951 1952
f 385 379 1950
f 388 1952 1953
f 388 385 1952
f 393 388 1953
f 376 1953 1954
f 376 393 1953
f 375 1954 1955
f 375 376 1954
f 375 1955 1919
f 375 1919 374
f 394 1956 398
f 394 1957 1956
f 394 1958 1957
f 389 1959 1958
f 389 1958 394
f 386 1959 389
f 381 1960 1959
f 381 1961 1960
f 381 1959 386
f 377 1962 1961
f 377 1961 381
f 380 1962 377
f 384 1963 1962
f 384 1964 1963
f 384 1962 380
f 387 1965 1964
f 387 1964 384
f 392 1965 387
f 396 1966 1965
f 396 1965 392
f 397 1967 1966
f 397 1966 396
f 1956 1968 856
f 398 1956 856
f 856 1968 1969
f 858 1969 1970
f 858 856 1969
f 861 1970 1971
f 861 858 1970
f 862 1971 1972
f 862 861 1971
f 864 1972 1973
f 864 862 1972
f 866 1973 1974
f 866 864 1973
f 869 866 1974
f 870 1974 1975
f 870 1975 1976
f 870 869 1974
f 873 1976 1977
f 873 870 1976
f 874 873 1977
f 877 1977 1978
f 877 874 1977
f 878 1978 1979
f 878 877 1978
f 903 1979 1980
f 903 878 1979
f 883 1981 881
f 883 1982 1981
f 883 1983 1982
f 885 1984 1983
f 885 1983 883
f 887 1984 885
f 888 1985 1984
f 888 1986 1985
f 888 1984 887
f 891 1987 1986
f 891 1986 888
f 892 1987 891
f 895 1988 1987
f 895 1989 1988
f 895 1987 892
f 896 1990 1989
f 896 1989 895
f 899 1990 896
f 900 1991 1990
f 900 1990 899
f 903 1980 1991
f 903 1991 900
f 1992 881 1981
f 420 881 1992
f 420 1992 1993
f 419 1993 1994
f 419 420 1993
f 417 1994 1995
f 417 419 1994
f 411 1995 1996
f 411 417 1995
f 407 1996 1997
f 407 411 1996
f 406 1997 1998
f 406 407 1997
f 403 406 1998
f 404 1998 1999
f 404 1999 2000
f 404 403 1998
f 413 2000 2001
f 413 404 2000
f 415 413 2001
f 400 2001 2002
f 400 415 2001
f 399 2002 2003
f 399 400 2002
f 399 2003 1967
f 399 1967 397
f 418 2004 423
f 418 2005 2004
f 418 2006 2005
f 416 2007 2006
f 416 2006 418
f 410 2007 416
f 409 2008 2007
f 409 2009 2008
f 409 2007 410
f 405 2010 2009
f 405 2009 409
f 402 2010 405
f 408 2011 2010
f 408 2012 2011
f 408 2010 402
f 412 2013 2012
f 412 2012 408
f 414 2013 412
f 421 2014 2013
f 421 2013 414
f 422 2015 2014
f 422 2014 421
f 2004 2016 880
f 423 2004 880
f 880 2016 2017
f 882 2017 2018
f 882 880 2017
f 884 2018 2019
f 884 882 2018
f 886 2019 2020
f 886 884 2019
f 889 2020 2021
f 889 886 2020
f 890 2021 2022
f 890 889 2021
f 893 890 2022
f 894 2022 2023
f 894 2023 2024
f 894 893 2022
f 897 2024 2025
f 897 894 2024
f 898 897 2025
f 901 2025 2026
f 901 898 2025
f 902 2026 2027
f 902 901 2026
f 927 2027 2028
f 927 902 2027
f 907 2029 905
f 907 2030 2029
f 907 2031 2030
f 909 2032 2031
f 909 2031 907
f 910 2032 909
f 913 2033 2032
f 913 2034 2033
f 913 2032 910
f 915 2035 2034
f 915 2034 913
f 917 2035 915
f 919 2036 2035
f 919 2037 2036
f 919 2035 917
f 921 2038 2037
f 921 2037 919
f 922 2038 921
f 925 2039 2038
f 925 2038 922
f 927 2028 2039
f 927 2039 925
f 2040 905 2029
f 446 905 2040
f 446 2040 2041
f 443 2041 2042
f 443 446 2041
f 439 2042 2043
f 439 443 2042
f 435 2043 2044
f 435 439 2043
f 429 2044 2045
f 429 435 2044
f 427 2045 2046
f 427 429 2045
f 428 427 2046
f 433 2046 2047
f 433 2047 2048
f 433 428 2046
f 437 2048 2049
f 437 433 2048
f 441 437 2049
f 425 2049 2050
f 425 441 2049
f 424 2050 2051
f 424 425 2050
f 424 2051 2015
f 424 2015 422
f 442 2052 445
f 442 2053 2052
f 442 2054 2053
f 438 2055 2054
f 438 2054 442
f 434 2055 438
f 431 2056 2055
f 431 2057 2056
f 431 2055 434
f 426 2058 2057
f 426 2057 431
f 430 2058 426
f 432 2059 2058
f 432 2060 2059
f 432 2058 430
f 436 2061 2060
f 436 2060 432
f 440 2061 436
f 444 2062 2061
f 444 2061 440
f 447 2063 2062
f 447 2062 444
f 2052 2064 904
f 445 2052 904
f 904 2064 2065
f 906 2065 2066
f 906 904 2065
f 908 2066 2067
f 908 906 2066
f 911 2067 2068
f 911 908 2067
f 912 2068 2069
f 912 911 2068
f 914 2069 2070
f 914 912 2069
f 916 914 2070
f 918 2070 2071
f 918 2071 2072
f 918 916 2070
f 920 2072 2073
f 920 918 2072
f 923 920 2073
f 924 2073 2074
f 924 923 2073
f 926 2074 2075
f 926 924 2074
f 951 2075 2076
f 951 926 2075
f 929 2077 930
f 929 2078 2077
f 929 2079 2078
f 933 2080 2079
f 933 2079 929
f 934 2080 933
f 937 2081 2080
f 937 2082 2081
f 937 2080 934
f 939 2083 2082
f 939 2082 937
f 941 2083 939
f 943 2084 2083
f 943 2085 2084
f 943 2083 941
f 945 2086 2085
f 945 2085 943
f 947 2086 945
f 948 2087 2086
f 948 2086 947
f 951 2076 2087
f 951 2087 948
f 2088 930 2077
f 470 930 2088
f 470 2088 2089
f 464 2089 2090
f 464 470 2089
f 463 2090 2091
f 463 464 2090
f 460 2091 2092
f 460 463 2091
f 456 2092 2093
f 456 460 2092
f 453 2093 2094
f 453 456 2093
f 451 453 2094
f 452 2094 2095
f 452 2095 2096
f 452 451 2094
f 458 2096 2097
f 458 452 2096
f 466 458 2097
f 449 2097 2098
f 449 466 2097
f 448 2098 2099
f 448 449 2098
f 448 2099 2063
f 448 2063 447
f 467 2100 469
f 467 2101 2100
f 467 2102 2101
f 462 2103 2102
f 462 2102 467
f 459 2103 462
f 455 2104 2103
f 455 2105 2104
f 455 2103 459
f 454 2106 2105
f 454 2105 455
f 450 2106 454
f 457 2107 2106
f 457 2108 2107
f 457 2106 450
f 461 2109 2108
f 461 2108 457
f 465 2109 461
f 468 2110 2109
f 468 2109 465
f 471 2111 2110
f 471 2110 468
f 2100 2112 928
f 469 2100 928
f 928 2112 2113
f 931 2113 2114
f 931 928 2113
f 932 2114 2115
f 932 931 2114
f 935 2115 2116
f 935 932 2115
f 936 2116 2117
f 936 935 2116
f 938 2117 2118
f 938 936 2117
f 940 938 2118
f 942 2118 2119
f 942 2119 2120
f 942 940 2118
f 944 2120 2121
f 944 942 2120
f 946 944 2121
f 949 2121 2122
f 949 946 2121
f 950 2122 2123
f 950 949 2122
f 975 2123 2124
f 975 950 2123
f 956 2125 953
f 956 2126 2125
f 956 2127 2126
f 955 2128 2127
f 955 2127 956
f 958 2128 955
f 961 2129 2128
f 961 2130 2129
f 961 2128 958
f 962 2131 2130
f 962 2130 961
f 965 2131 962
f 966 2132 2131
f 966 2133 2132
f 966 2131 965
f 969 2134 2133
f 969 2133 966
f 970 2134 969
f 972 2135 2134
f 972 2134 970
f 975 2124 2135
f 975 2135 972
f 2136 953 2125
f 494 953 2136
f 494 2136 2137
f 488 2137 2138
f 488 494 2137
f 487 2138 2139
f 487 488 2138
f 483 2139 2140
f 483 487 2139
f 481 2140 2141
f 481 483 2140
f 475 2141 2142
f 475 481 2141
f 476 475 2142
f 479 2142 2143
f 479 2143 2144
f 479 476 2142
f 485 2144 2145
f 485 479 2144
f 490 485 2145
f 473 2145 2146
f 473 490 2145
f 472 2146 2147
f 472 473 2146
f 472 2147 2111
f 472 2111 471
f 491 2148 493
f 491 2149 2148
f 491 2150 2149
f 486 2151 2150
f 486 2150 491
f 482 2151 486
f 480 2152 2151
f 480 2153 2152
f 480 2151 482
f 477 2154 2153
f 477 2153 480
f 474 2154 477
f 478 2155 2154
f 478 2156 2155
f 478 2154 474
f 484 2157 2156
f 484 2156 478
f 489 2157 484
f 492 2158 2157
f 492 2157 489
f 495 2159 2158
f 495 2158 492
f 2148 2160 952
f 493 2148 952
f 952 2160 2161
f 954 2161 2162
f 954 952 2161
f 957 2162 2163
f 957 954 2162
f 959 2163 2164
f 959 957 2163
f 960 2164 2165
f 960 959 2164
f 963 2165 2166
f 963 960 2165
f 964 963 2166
f 967 2166 2167
f 967 2167 2168
f 967 964 2166
f 968 2168 2169
f 968 967 2168
f 971 968 2169
f 973 2169 2170
f 973 971 2169
f 974 2170 2171
f 974 973 2170
f 999 2171 2172
f 999 974 2171
f 979 2173 977
f 979 2174 2173
f 979 2175 2174
f 981 2176 2175
f 981 2175 979
f 982 2176 981
f 985 2177 2176
f 985 2178 2177
f 985 2176 982
f 987 2179 2178
f 987 2178 985
f 989 2179 987
f 991 2180 2179
f 991 2181 2180
f 991 2179 989
f 993 2182 2181
f 993 2181 991
f 995 2182 993
f 996 2183 2182
f 996 2182 995
f 999 2172 2183
f 999 2183 996
f 2184 977 2173
f 518 977 2184
f 518 2184 2185
f 512 2185 2186
f 512 518 2185
f 511 2186 2187
f 511 512 2186
f 507 2187 2188
f 507 511 2187
f 502 2188 2189
f 502 507 2188
f 501 2189 2190
f 501 502 2189
f 499 501 2190
f 505 2190 2191
f 505 2191 2192
f 505 499 2190
f 509 2192 2193
f 509 505 2192
f 514 509 2193
f 497 2193 2194
f 497 514 2193
f 496 2194 2195
f 496 497 2194
f 496 2195 2159
f 496 2159 495
f 515 2196 517
f 515 2197 2196
f 515 2198 2197
f 510 2199 2198
f 510 2198 515
f 506 2199 510
f 503 2200 2199
f 503 2201 2200
f 503 2199 506
f 498 2202 2201
f 498 2201 503
f 500 2202 498
f 504 2203 2202
f 504 2204 2203
f 504 2202 500
f 508 2205 2204
f 508 2204 504
f 513 2205 508
f 516 2206 2205
f 516 2205 513
f 519 2207 2206
f 519 2206 516
f 2196 2208 976
f 517 2196 976
f 976 2208 2209
f 978 2209 2210
f 978 976 2209
f 980 2210 2211
f 980 978 2210
f 983 2211 2212
f 983 980 2211
f 984 2212 2213
f 984 983 2212
f 986 2213 2214
f 986 984 2213
f 988 986 2214
f 990 2214 2215
f 990 2215 2216
f 990 988 2214
f 992 2216 2217
f 992 990 2216
f 994 992 2217
f 997 2217 2218
f 997 994 2217
f 998 2218 2219
f 998 997 2218
f 1023 2219 2220
f 1023 998 2219
f 1002 2221 1001
f 1002 2222 2221
f 1002 2223 2222
f 1005 2224 2223
f 1005 2223 1002
f 1007 2224 1005
f 1009 2225 2224
f 1009 2226 2225
f 1009 2224 1007
f 1011 2227 2226
f 1011 2226 1009
f 1012 2227 1011
f 1015 2228 2227
f 1015 2229 2228
f 1015 2227 1012
f 1017 2230 2229
f 1017 2229 1015
f 1019 2230 1017
f 1020 2231 2230
f 1020 2230 1019
f 1023 2220 2231
f 1023 2231 1020
f 2232 1001 2221
f 555 1001 2232
f 555 2232 2233
f 552 2233 2234
f 552 555 2233
f 543 2234 2235
f 543 552 2234
f 542 2235 2236
f 542 543 2235
f 538 2236 2237
f 538 542 2236
f 532 2237 2238
f 532 538 2237
f 533 532 2238
f 536 2238 2239
f 536 2239 2240
f 536 533 2238
f 540 2240 2241
f 540 536 2240
f 545 540 2241
f 521 2241 2242
f 521 545 2241
f 520 2242 2243
f 520 521 2242
f 520 2243 2207
f 520 2207 519
f 551 2244 554
f 551 2245 2244
f 551 2246 2245
f 546 2247 2246
f 546 2246 551
f 541 2247 546
f 537 2248 2247
f 537 2249 2248
f 537 2247 541
f 531 2250 2249
f 531 2249 537
f 534 2250 531
f 535 2251 2250
f 535 2252 2251
f 535 2250 534
f 539 2253 2252
f 539 2252 535
f 544 2253 539
f 550 2254 2253
f 550 2253 544
f 553 2255 2254
f 553 2254 550
f 2244 2256 1000
f 554 2244 1000
f 1000 2256 2257
f 1003 2257 2258
f 1003 1000 2257
f 1004 2258 2259
f 1004 1003 2258
f 1006 2259 2260
f 1006 1004 2259
f 1008 2260 2261
f 1008 1006 2260
f 1010 2261 2262
f 1010 1008 2261
f 1013 1010 2262
f 1014 2262 2263
f 1014 2263 2264
f 1014 1013 2262
f 1016 2264 2265
f 1016 1014 2264
f 1018 1016 2265
f 1021 2265 2266
f 1021 1018 2265
f 1022 2266 2267
f 1022 1021 2266
f 1128 2267 2268
f 1128 1022 2267
f 1025 2269 1026
f 1025 2270 2269
f 1025 2271 2270
f 1029 2272 2271
f 1029 2271 1025
f 1030 2272 1029
f 1033 2273 2272
f 1033 2274 2273
f 1033 2272 1030
f 1035 2275 2274
f 1035 2274 1033
f 1037 2275 1035
f 1039 2276 2275
f 1039 2277 2276
f 1039 2275 1037
f 1041 2278 2277
f 1041 2277 1039
f 1043 2278 1041
f 1045 2279 2278
f 1045 2278 1043
f 1128 2268 2279
f 1128 2279 1045
f 2280 1026 2269
f 579 1026 2280
f 579 2280 2281
f 573 2281 2282
f 573 579 2281
f 572 2282 2283
f 572 573 2282
f 568 2283 2284
f 568 572 2283
f 560 2284 2285
f 560 568 2284
f 561 2285 2286
f 561 560 2285
f 563 561 2286
f 565 2286 2287
f 565 2287 2288
f 565 563 2286
f 570 2288 2289
f 570 565 2288
f 575 570 2289
f 558 2289 2290
f 558 575 2289
f 557 2290 2291
f 557 558 2290
f 557 2291 2255
f 557 2255 553
f 576 2292 578
f 576 2293 2292
f 576 2294 2293
f 571 2295 2294
f 571 2294 576
f 567 2295 571
f 566 2296 2295
f 566 2297 2296
f 566 2295 567
f 559 2298 2297
f 559 2297 566
f 562 2298 559
f 564 2299 2298
f 564 2300 2299
f 564 2298 562
f 569 2301 2300
f 569 2300 564
f 574 2301 569
f 577 2302 2301
f 577 2301 574
f 580 2303 2302
f 580 2302 577
f 2292 2304 1024
f 578 2292 1024
f 1024 2304 2305
f 1027 2305 2306
f 1027 1024 2305
f 1028 2306 2307
f 1028 1027 2306
f 1031 2307 2308
f 1031 1028 2307
f 1032 2308 2309
f 1032 1031 2308
f 1034 2309 2310
f 1034 1032 2309
f 1036 1034 2310
f 1038 2310 2311
f 1038 2311 2312
f 1038 1036 2310
f 1040 2312 2313
f 1040 1038 2312
f 1042 1040 2313
f 1044 2313 2314
f 1044 1042 2313
f 1130 2314 2315
f 1130 1044 2314
f 1132 2315 2316
f 1132 1130 2315
f 1049 2317 1047
f 1049 2318 2317
f 1049 2319 2318
f 1051 2320 2319
f 1051 2319 1049
f 1053 2320 1051
f 1055 2321 2320
f 1055 2322 2321
f 1055 2320 1053
f 1057 2323 2322
f 1057 2322 1055
f 1058 2323 1057
f 1061 2324 2323
f 1061 2325 2324
f 1061 2323 1058
f 1062 2326 2325
f 1062 2325 1061
f 1065 2326 1062
f 1067 2327 2326
f 1067 2326 1065
f 1132 2316 2327
f 1132 2327 1067
f 2328 1047 2317
f 601 1047 2328
f 601 2328 2329
f 600 2329 2330
f 600 601 2329
f 597 2330 2331
f 597 600 2330
f 595 2331 2332
f 595 597 2331
f 586 2332 2333
f 586 595 2332
f 584 2333 2334
f 584 586 2333
f 585 584 2334
f 588 2334 2335
f 588 2335 2336
f 588 585 2334
f 592 2336 2337
f 592 588 2336
f 593 592 2337
f 582 2337 2338
f 582 593 2337
f 581 2338 2339
f 581 582 2338
f 581 2339 2303
f 581 2303 580
f 599 2340 603
f 599 2341 2340
f 599 2342 2341
f 596 2343 2342
f 596 2342 599
f 594 2343 596
f 589 2344 2343
f 589 2345 2344
f 589 2343 594
f 583 2346 2345
f 583 2345 589
f 587 2346 583
f 590 2347 2346
f 590 2348 2347
f 590 2346 587
f 591 2349 2348
f 591 2348 590
f 598 2349 591
f 602 2350 2349
f 602 2349 598
f 604 2351 2350
f 604 2350 602
f 2340 2352 1046
f 603 2340 1046
f 1046 2352 2353
f 1048 2353 2354
f 1048 1046 2353
f 1050 2354 2355
f 1050 1048 2354
f 1052 2355 2356
f 1052 1050 2355
f 1054 2356 2357
f 1054 1052 2356
f 1056 2357 2358
f 1056 1054 2357
f 1059 1056 2358
f 1060 2358 2359
f 1060 2359 2360
f 1060 1059 2358
f 1063 2360 2361
f 1063 1060 2360
f 1064 1063 2361
f 1066 2361 2362
f 1066 1064 2361
f 1124 2362 2363
f 1124 1066 2362
f 1126 2363 2364
f 1126 1124 2363
f 1069 2365 1070
f 1069 2366 2365
f 1069 2367 2366
f 1073 2368 2367
f 1073 2367 1069
f 1075 2368 1073
f 1077 2369 2368
f 1077 2370 2369
f 1077 2368 1075
f 1078 2371 2370
f 1078 2370 1077
f 1081 2371 1078
f 1082 2372 2371
f 1082 2373 2372
f 1082 2371 1081
f 1085 2374 2373
f 1085 2373 1082
f 1087 2374 1085
f 1089 2375 2374
f 1089 2374 1087
f 1126 2364 2375
f 1126 2375 1089
f 2376 1070 2365
f 627 1070 2376
f 627 2376 2377
f 625 2377 2378
f 625 627 2377
f 622 2378 2379
f 622 625 2378
f 616 2379 2380
f 616 622 2379
f 614 2380 2381
f 614 616 2380
f 609 2381 2382
f 609 614 2381
f 610 609 2382
f 612 2382 2383
f 612 2383 2384
f 612 610 2382
f 618 2384 2385
f 618 612 2384
f 620 618 2385
f 606 2385 2386
f 606 620 2385
f 605 2386 2387
f 605 606 2386
f 605 2387 2351
f 605 2351 604
f 624 2388 626
f 624 2389 2388
f 624 2390 2389
f 621 2391 2390
f 621 2390 624
f 615 2391 621
f 613 2392 2391
f 613 2393 2392
f 613 2391 615
f 608 2394 2393
f 608 2393 613
f 607 2394 608
f 611 2395 2394
f 611 2396 2395
f 611 2394 607
f 617 2397 2396
f 617 2396 611
f 619 2397 617
f 623 2398 2397
f 623 2397 619
f 628 2399 2398
f 628 2398 623
f 2388 2400 1068
f 626 2388 1068
f 1068 2400 2401
f 1071 2401 2402
f 1071 1068 2401
f 1072 2402 2403
f 1072 1071 2402
f 1074 2403 2404
f 1074 1072 2403
f 1076 2404 2405
f 1076 1074 2404
f 1079 2405 2406
f 1079 1076 2405
f 1080 1079 2406
f 1083 2406 2407
f 1083 2407 2408
f 1083 1080 2406
f 1084 2408 2409
f 1084 1083 2408
f 1086 1084 2409
f 1088 2409 2410
f 1088 1086 2409
f 1129 2410 2411
f 1129 1088 2410
f 1131 2411 2412
f 1131 1129 2411
f 1093 2413 1090
f 1093 2414 2413
f 1093 2415 2414
f 1095 2416 2415
f 1095 2415 1093
f 1097 2416 1095
f 1098 2417 2416
f 1098 2418 2417
f 1098 2416 1097
f 1101 2419 2418
f 1101 2418 1098
f 1103 2419 1101
f 1105 2420 2419
f 1105 2421 2420
f 1105 2419 1103
f 1107 2422 2421
f 1107 2421 1105
f 1109 2422 1107
f 1133 2423 2422
f 1133 2422 1109
f 1131 2412 2423
f 1131 2423 1133
f 2424 1090 2413
f 651 1090 2424
f 651 2424 2425
f 649 2425 2426
f 649 651 2425
f 646 2426 2427
f 646 649 2426
f 642 2427 2428
f 642 646 2427
f 638 2428 2429
f 638 642 2428
f 634 2429 2430
f 634 638 2429
f 632 634 2430
f 633 2430 2431
f 633 2431 2432
f 633 632 2430
f 640 2432 2433
f 640 633 2432
f 644 640 2433
f 630 2433 2434
f 630 644 2433
f 629 2434 2435
f 629 630 2434
f 629 2435 2399
f 629 2399 628
f 648 2436 650
f 648 2437 2436
f 648 2438 2437
f 645 2439 2438
f 645 2438 648
f 641 2439 645
f 637 2440 2439
f 637 2441 2440
f 637 2439 641
f 635 2442 2441
f 635 2441 637
f 631 2442 635
f 636 2443 2442
f 636 2444 2443
f 636 2442 631
f 639 2445 2444
f 639 2444 636
f 643 2445 639
f 647 2446 2445
f 647 2445 643
f 652 2447 2446
f 652 2446 647
f 2436 2448 1091
f 650 2436 1091
f 1091 2448 2449
f 1092 2449 2450
f 1092 1091 2449
f 1094 2450 2451
f 1094 1092 2450
f 1096 2451 2452
f 1096 1094 2451
f 1099 2452 2453
f 1099 1096 2452
f 1100 2453 2454
f 1100 1099 2453
f 1102 1100 2454
f 1104 2454 2455
f 1104 2455 2456
f 1104 1102 2454
f 1106 2456 2457
f 1106 1104 2456
f 1108 1106 2457
f 1122 2457 2458
f 1122 1108 2457
f 1123 2458 2459
f 1123 1122 2458
f 1125 2459 2460
f 1125 1123 2459
f 1111 2461 1112
f 1111 2462 2461
f 1111 2463 2462
f 1113 2464 2463
f 1113 2463 1111
f 1114 2464 1113
f 1115 2465 2464
f 1115 2466 2465
f 1115 2464 1114
f 1116 2467 2466
f 1116 2466 1115
f 1117 2467 1116
f 1118 2468 2467
f 1118 2469 2468
f 1118 2467 1117
f 1119 2470 2469
f 1119 2469 1118
f 1120 2470 1119
f 1127 2471 2470
f 1127 2470 1120
f 1125 2460 2471
f 1125 2471 1127
f 2472 1112 2461
f 664 1112 2472
f 664 2472 2473
f 663 2473 2474
f 663 664 2473
f 662 2474 2475
f 662 663 2474
f 661 2475 2476
f 661 662 2475
f 660 2476 2477
f 660 661 2476
f 659 2477 2478
f 659 660 2477
f 658 659 2478
f 657 2478 2479
f 657 2479 2480
f 657 658 2478
f 656 2480 2481
f 656 657 2480
f 655 656 2481
f 654 2481 2482
f 654 655 2481
f 653 2482 2483
f 653 654 2482
f 653 2483 2447
f 653 2447 652
f 1225 1326 1224
f 1225 2484 1326
f 2485 2486 2487
f 2488 2489 2485
f 2488 2485 2487
f 1225 1227 2489
f 2484 1225 2489
f 2484 2489 2488
f 1226 2489 1227
f 1226 2490 2489
f 2491 2492 2493
f 2494 2491 2490
f 2494 2492 2491
f 1228 2490 1226
f 2495 2490 1228
f 2495 2494 2490
f 1229 2495 1228
f 1229 2496 2495
f 2497 2498 2499
f 2500 2501 2497
f 2500 2497 2499
f 1229 1231 2501
f 2496 1229 2501
f 2496 2501 2500
f 1230 2501 1231
f 1230 2502 2501
f 2503 2504 2505
f 2506 2503 2502
f 2506 2504 2503
f 1232 2502 1230
f 2507 2502 1232
f 2507 2506 2502
f 1233 2507 1232
f 1233 2508 2507
f 2509 2510 2511
f 2512 2513 2509
f 2512 2509 2511
f 1233 1235 2513
f 2508 1233 2513
f 2508 2513 2512
f 1234 2513 1235
f 1234 2514 2513
f 2515 2516 2517
f 2518 2515 2514
f 2518 2516 2515
f 1236 2514 1234
f 2519 2514 1236
f 2519 2518 2514
f 1237 2519 1236
f 1237 2520 2519
f 2521 2522 2523
f 2524 2525 2521
f 2524 2521 2523
f 1237 1239 2525
f 2520 1237 2525
f 2520 2525 2524
f 1238 2525 1239
f 1238 2526 2525
f 2527 2528 2529
f 2530 2527 2526
f 2530 2528 2527
f 1240 2526 1238
f 2531 2526 1240
f 2531 2530 2526
f 1244 2531 1240
f 1244 2532 2531
f 2533 2534 2535
f 2536 2537 2533
f 2536 2533 2535
f 1244 1243 2537
f 2532 1244 2537
f 2532 2537 2536
f 1242 2537 1243
f 1242 2538 2537
f 2539 2540 2541
f 2542 2539 2538
f 2542 2540 2539
f 1241 2538 1242
f 2543 2538 1241
f 2543 2542 2538
f 1245 2543 1241
f 1245 2544 2543
f 2545 2546 2547
f 2548 2549 2545
f 2548 2545 2547
f 1245 1247 2549
f 2544 1245 2549
f 2544 2549 2548
f 1246 2549 1247
f 1246 2550 2549
f 2551 2552 2553
f 2554 2551 2550
f 2554 2552 2551
f 1248 2550 1246
f 2555 2550 1248
f 2555 2554 2550
f 1252 2555 1248
f 1252 2556 2555
f 2557 2558 2559
f 2560 2561 2557
f 2560 2557 2559
f 1252 1251 2561
f 2556 1252 2561
f 2556 2561 2560
f 1250 2561 1251
f 1250 2562 2561
f 2563 2564 2565
f 2566 2563 2562
f 2566 2564 2563
f 1249 2562 1250
f 2567 2562 1249
f 2567 2566 2562
f 1253 2567 1249
f 1253 2568 2567
f 2569 2570 2571
f 2572 2573 2569
f 2572 2569 2571
f 1253 1255 2573
f 2568 1253 2573
f 2568 2573 2572
f 1254 2573 1255
f 1254 2574 2573
f 2575 2576 2577
f 2578 2575 2574
f 2578 2576 2575
f 1256 2574 1254
f 2579 2574 1256
f 2579 2578 2574
f 1257 2579 1256
f 1257 2580 2579
f 2581 2582 2583
f 2584 2585 2581
f 2584 2581 2583
f 1257 1259 2585
f 2580 1257 2585
f 2580 2585 2584
f 1258 2585 1259
f 1258 2586 2585
f 2587 2588 2589
f 2590 2587 2586
f 2590 2588 2587
f 1260 2586 1258
f 2591 2586 1260
f 2591 2590 2586
f 1264 2591 1260
f 1264 2592 2591
f 2593 2594 2595
f 2596 2597 2593
f 2596 2593 2595
f 1264 1263 2597
f 2592 1264 2597
f 2592 2597 2596
f 1262 2597 1263
f 1262 2598 2597
f 2599 2600 2601
f 2602 2599 2598
f 2602 2600 2599
f 1261 2598 1262
f 2603 2598 1261
f 2603 2602 2598
f 1265 2603 1261
f 1265 2604 2603
f 2605 2606 2607
f 2608 2609 2605
f 2608 2605 2607
f 1265 1267 2609
f 2604 1265 2609
f 2604 2609 2608
f 1266 2609 1267
f 1266 2610 2609
f 2611 2612 2613
f 2614 2611 2610
f 2614 2612 2611
f 1268 2610 1266
f 2615 2610 1268
f 2615 2614 2610
f 1269 2615 1268
f 1269 2616 2615
f 2617 2618 2619
f 2620 2621 2617
f 2620 2617 2619
f 1269 1271 2621
f 2616 1269 2621
f 2616 2621 2620
f 1270 2622 2621
f 1270 2621 1271
f 2623 2624 2625
f 2626 2623 2622
f 2626 2624 2623
f 1272 2622 1270
f 2627 2622 1272
f 2627 2626 2622
f 1273 2627 1272
f 1273 2628 2627
f 2629 2630 2631
f 2632 2633 2629
f 2632 2629 2631
f 1273 1275 2633
f 2628 1273 2633
f 2628 2633 2632
f 1274 2634 2633
f 1274 2633 1275
f 2635 2636 2637
f 2638 2635 2634
f 2638 2636 2635
f 1276 2634 1274
f 2639 2634 1276
f 2639 2638 2634
f 1277 2639 1276
f 1277 2640 2639
f 2641 2642 2643
f 2644 2645 2641
f 2644 2641 2643
f 1277 1279 2645
f 2640 1277 2645
f 2640 2645 2644
f 1278 2646 2645
f 1278 2645 1279
f 2647 2648 2649
f 2650 2647 2646
f 2650 2648 2647
f 1280 2646 1278
f 2651 2646 1280
f 2651 2650 2646
f 1284 2651 1280
f 1284 2652 2651
f 2653 2654 2655
f 2656 2657 2653
f 2656 2653 2655
f 1284 1283 2657
f 2652 1284 2657
f 2652 2657 2656
f 1282 2658 2657
f 1282 2657 1283
f 2659 2660 2661
f 2662 2659 2658
f 2662 2660 2659
f 1281 2658 1282
f 2663 2658 1281
f 2663 2662 2658
f 1288 2663 1281
f 1288 2664 2663
f 2665 2666 2667
f 2668 2669 2665
f 2668 2665 2667
f 1288 1287 2669
f 2664 1288 2669
f 2664 2669 2668
f 1286 2670 2669
f 1286 2669 1287
f 2671 2672 2673
f 2674 2671 2670
f 2674 2672 2671
f 1285 2670 1286
f 2675 2670 1285
f 2675 2674 2670
f 1292 2675 1285
f 1292 2676 2675
f 2677 2678 2679
f 2680 2681 2677
f 2680 2677 2679
f 1292 1291 2681
f 2676 1292 2681
f 2676 2681 2680
f 1290 2682 2681
f 1290 2681 1291
f 2683 2684 2685
f 2686 2683 2682
f 2686 2684 2683
f 1289 2682 1290
f 2687 2682 1289
f 2687 2686 2682
f 1296 2687 1289
f 1296 2688 2687
f 2689 2690 2691
f 2692 2693 2689
f 2692 2689 2691
f 1296 1295 2693
f 2688 1296 2693
f 2688 2693 2692
f 1294 2694 2693
f 1294 2693 1295
f 2695 2696 2697
f 2698 2695 2694
f 2698 2696 2695
f 1293 2694 1294
f 2699 2694 1293
f 2699 2698 2694
f 1300 2699 1293
f 1300 2700 2699
f 2701 2702 2703
f 2704 2705 2701
f 2704 2701 2703
f 1300 1299 2705
f 2700 1300 2705
f 2700 2705 2704
f 1298 2706 2705
f 1298 2705 1299
f 2707 2708 2709
f 2710 2707 2706
f 2710 2708 2707
f 1297 2706 1298
f 2711 2706 1297
f 2711 2710 2706
f 1301 2711 1297
f 1301 2712 2711
f 2713 2714 2715
f 2716 2717 2713
f 2716 2713 2715
f 1301 1303 2717
f 2712 1301 2717
f 2712 2717 2716
f 2718 2719 2720
f 2718 2721 2719
f 2722 2721 2718
f 2723 2722 2718
f 2724 2722 2723
f 2725 2724 2723
f 2726 2724 2725
f 2727 2726 2725
f 2728 2726 2727
f 2729 2728 2727
f 2730 2728 2729
f 2731 2730 2729
f 2732 2731 2733
f 2732 2730 2731
f 2734 2733 2735
f 2734 2732 2733
f 2736 2735 2737
f 2736 2734 2735
f 2738 2736 2737
f 2739 2736 2738
f 2740 2739 2738
f 2741 2739 2740
f 2742 2741 2740
f 2743 2741 2742
f 1302 2717 1303
f 1302 2744 2717
f 2745 2743 2742
f 2745 2742 2746
f 2747 2744 1302
f 2747 2748 2744
f 2749 2745 2746
f 2749 2746 2750
f 2749 2750 2751
f 2752 2748 2747
f 2752 2753 2748
f 2754 2749 2751
f 2755 2756 2753
f 2755 2753 2752
f 2757 2751 2758
f 2757 2754 2751
f 2759 2760 2756
f 2759 2756 2755
f 2761 2758 2762
f 2761 2762 2763
f 2761 2757 2758
f 2764 2761 2763
f 2765 2763 2766
f 2765 2766 2760
f 2765 2760 2759
f 2765 2764 2763
f 1471 2745 2749
f 1484 2749 2754
f 1484 1471 2749
f 1523 1484 2754
f 1514 2754 2757
f 1514 2757 2761
f 1514 1523 2754
f 1513 1514 2761
f 1505 2761 2764
f 1505 1513 2761
f 1498 2764 2765
f 1498 1505 2764
f 1497 2765 2759
f 1497 2759 2755
f 1497 1498 2765
f 1491 1497 2755
f 1487 2755 2752
f 1487 2752 2747
f 1487 1491 2755
f 1483 1487 2747
f 1304 2747 1302
f 1304 1483 2747
f 1310 2767 2768
f 1311 2768 2769
f 1311 1310 2768
f 1309 2770 2767
f 1309 2767 1310
f 1312 2769 2771
f 1312 1311 2769
f 1308 2772 2770
f 1308 2770 1309
f 1313 2771 2773
f 1313 1312 2771
f 1307 2774 2772
f 1307 2772 1308
f 1314 2773 2775
f 1314 1313 2773
f 1306 2776 2774
f 1306 2774 1307
f 1315 2775 2777
f 1315 1314 2775
f 1305 2776 1306
f 1316 2777 2778
f 1316 1315 2777
f 1320 1316 2778
f 1317 1316 1320
f 1328 2779 2776
f 1328 2776 1305
f 1329 2780 2779
f 1329 2779 1328
f 1330 2780 1329
f 1330 2781 2780
f 1331 2781 1330
f 1331 2782 2781
f 1332 2782 1331
f 2783 2782 1332
f 1333 2783 1332
f 2784 2783 1333
f 1334 2784 1333
f 2785 2784 1334
f 1335 2785 1334
f 2786 2785 1335
f 1336 2786 1335
f 2787 2786 1336
f 1337 2787 1336
f 2788 2787 1337
f 1338 2788 1337
f 2789 2788 1338
f 1327 2789 1338
f 2790 2789 1327
f 1324 1327 1322
f 1324 2790 1327
f 1318 1321 2791
f 1318 2791 2792
f 2793 1321 1319
f 2793 1319 2794
f 1319 2778 2795
f 1320 2778 1319
f 2796 1319 2795
f 2794 1319 2796
f 2797 2798 2799
f 2797 2799 2800
f 2801 2802 2797
f 2801 2797 2800
f 2800 2796 2795
f 2800 2799 2796
f 1323 2803 2790
f 1324 1323 2790
f 2487 2803 1323
f 2492 2803 2487
f 2493 2487 2486
f 2493 2492 2487
f 2499 2803 2492
f 2504 2803 2499
f 2505 2504 2499
f 2505 2499 2498
f 2511 2803 2504
f 2516 2803 2511
f 2517 2516 2511
f 2517 2511 2510
f 2523 2803 2516
f 2528 2803 2523
f 2529 2523 2522
f 2529 2528 2523
f 2535 2803 2528
f 2540 2803 2535
f 2541 2535 2534
f 2541 2540 2535
f 2547 2803 2540
f 2552 2803 2547
f 2553 2547 2546
f 2553 2552 2547
f 2559 2803 2552
f 2564 2803 2559
f 2565 2559 2558
f 2565 2564 2559
f 2571 2803 2564
f 2576 2571 2570
f 2576 2803 2571
f 2577 2576 2570
f 2583 2803 2576
f 2588 2583 2582
f 2588 2803 2583
f 2589 2588 2582
f 2595 2803 2588
f 2601 2595 2594
f 2601 2600 2595
f 2613 2607 2606
f 2613 2612 2607
f 2625 2619 2618
f 2625 2624 2619
f 2637 2631 2630
f 2637 2636 2631
f 2649 2643 2642
f 2649 2648 2643
f 2661 2660 2655
f 2661 2655 2654
f 2673 2672 2667
f 2673 2667 2666
f 2804 2655 2660
f 2804 2667 2672
f 2804 2679 2684
f 2804 2600 2607
f 2804 2612 2619
f 2804 2624 2631
f 2804 2636 2643
f 2804 2648 2655
f 2804 2660 2667
f 2804 2672 2679
f 2804 2607 2612
f 2804 2619 2624
f 2804 2631 2636
f 2804 2643 2648
f 2685 2684 2679
f 2685 2679 2678
f 2691 2804 2684
f 2696 2804 2691
f 2697 2696 2691
f 2697 2691 2690
f 2703 2804 2696
f 2708 2804 2703
f 2709 2708 2703
f 2709 2703 2702
f 2715 2804 2708
f 2805 2804 2715
f 2805 2715 2714
f 2804 2803 2595
f 2804 2595 2600
f 2487 1323 1325
f 2487 1325 2488
f 1326 2488 1325
f 2484 2488 1326
f 1350 1318 2792
f 1350 1349 1318
f 2806 1356 1355
f 2807 2806 1355
f 2807 1350 2792
f 2807 1355 1350
f 1353 1352 1351
f 1353 1351 1357
f 1357 1350 1355
f 1357 1351 1350
f 1356 2806 2808
f 1356 2808 1354
f 2808 1358 1354
f 2721 2808 2719
f 1369 2808 2721
f 1369 1358 2808
f 1381 2743 1382
f 1381 2741 2743
f 1386 2739 2741
f 1386 2741 1381
f 1390 2736 2739
f 1390 2739 1386
f 1395 2734 2736
f 1395 2736 1390
f 1396 2732 2734
f 1396 2734 1395
f 1404 2730 2732
f 1404 2732 1396
f 1413 2728 2730
f 1413 2730 1404
f 1414 2724 2726
f 1414 2726 2728
f 1414 2728 1413
f 1422 2724 1414
f 1383 2722 2724
f 1383 2724 1422
f 1369 2721 2722
f 1369 2722 1383
f 1382 2743 2745
f 1382 2745 1471
f 1583 1575 1576
f 1583 1576 1577
f 1583 1577 1578
f 1583 1578 1579
f 1583 1579 1580
f 1583 1580 1581
f 1583 1581 1582
f 1572 1573 1574
f 1572 1574 1575
f 1572 1575 1583
f 1617 1619 1618
f 1612 1614 1613
f 1610 1612 1611
f 1610 1614 1612
f 1608 1583 1619
f 1608 1610 1609
f 1608 1615 1614
f 1608 1616 1615
f 1608 1617 1616
f 1608 1572 1583
f 1608 1619 1617
f 1608 1614 1610
f 1587 1585 1584
f 1587 1586 1585
f 1588 1587 1584
f 1590 1589 1588
f 1592 1591 1590
f 1593 1592 1590
f 1594 1588 1584
f 1594 1590 1588
f 1594 1593 1590
f 1595 1594 1584
f 1597 1584 1572
f 1597 1595 1584
f 1597 1596 1595
f 1597 1572 1608
f 1605 1606 1607
f 1605 1607 1596
f 1600 1597 1598
f 1600 1598 1599
f 1601 1597 1600
f 1604 1596 1597
f 1604 1597 1601
f 1604 1605 1596
f 1602 1603 1604
f 1602 1604 1601
f 1631 1623 1624
f 1631 1624 1625
f 1631 1625 1626
f 1631 1626 1627
f 1631 1627 1628
f 1631 1628 1629
f 1631 1629 1630
f 1620 1621 1622
f 1620 1622 1623
f 1620 1623 1631
f 1665 1667 1666
f 1660 1662 1661
f 1658 1660 1659
f 1658 1662 1660
f 1656 1631 1667
f 1656 1658 1657
f 1656 1663 1662
f 1656 1664 1663
f 1656 1665 1664
f 1656 1620 1631
f 1656 1667 1665
f 1656 1662 1658
f 1635 1633 1632
f 1635 1634 1633
f 1636 1635 1632
f 1638 1637 1636
f 1640 1639 1638
f 1641 1640 1638
f 1642 1636 1632
f 1642 1638 1636
f 1642 1641 1638
f 1643 1642 1632
f 1645 1632 1620
f 1645 1643 1632
f 1645 1644 1643
f 1645 1620 1656
f 1653 1654 1655
f 1653 1655 1644
f 1648 1645 1646
f 1648 1646 1647
f 1649 1645 1648
f 1652 1644 1645
f 1652 1645 1649
f 1652 1653 1644
f 1650 1651 1652
f 1650 1652 1649
f 1679 1671 1672
f 1679 1672 1673
f 1679 1673 1674
f 1679 1674 1675
f 1679 1675 1676
f 1679 1676 1677
f 1679 1677 1678
f 1668 1669 1670
f 1668 1670 1671
f 1668 1671 1679
f 1713 1715 1714
f 1708 1710 1709
f 1706 1708 1707
f 1706 1710 1708
f 1704 1679 1715
f 1704 1706 1705
f 1704 1711 1710
f 1704 1712 1711
f 1704 1713 1712
f 1704 1668 1679
f 1704 1715 1713
f 1704 1710 1706
f 1683 1681 1680
f 1683 1682 1681
f 1684 1683 1680
f 1686 1685 1684
f 1688 1687 1686
f 1689 1688 1686
f 1690 1684 1680
f 1690 1686 1684
f 1690 1689 1686
f 1691 1690 1680
f 1693 1680 1668
f 1693 1691 1680
f 1693 1692 1691
f 1693 1668 1704
f 1701 1702 1703
f 1701 1703 1692
f 1696 1693 1694
f 1696 1694 1695
f 1697 1693 1696
f 1700 1692 1693
f 1700 1693 1697
f 1700 1701 1692
f 1698 1699 1700
f 1698 1700 1697
f 1727 1719 1720
f 1727 1720 1721
f 1727 1721 1722
f 1727 1722 1723
f 1727 1723 1724
f 1727 1724 1725
f 1727 1725 1726
f 1716 1717 1718
f 1716 1718 1719
f 1716 1719 1727
f 1761 1763 1762
f 1756 1758 1757
f 1754 1756 1755
f 1754 1758 1756
f 1752 1727 1763
f 1752 1754 1753
f 1752 1759 1758
f 1752 1760 1759
f 1752 1761 1760
f 1752 1716 1727
f 1752 1763 1761
f 1752 1758 1754
f 1731 1729 1728
f 1731 1730 1729
f 1732 1731 1728
f 1734 1733 1732
f 1736 1735 1734
f 1737 1736 1734
f 1738 1732 1728
f 1738 1734 1732
f 1738 1737 1734
f 1739 1738 1728
f 1741 1728 1716
f 1741 1739 1728
f 1741 1740 1739
f 1741 1716 1752
f 1749 1750 1751
f 1749 1751 1740
f 1744 1741 1742
f 1744 1742 1743
f 1745 1741 1744
f 1748 1740 1741
f 1748 1741 1745
f 1748 1749 1740
f 1746 1747 1748
f 1746 1748 1745
f 1775 1767 1768
f 1775 1768 1769
f 1775 1769 1770
f 1775 1770 1771
f 1775 1771 1772
f 1775 1772 1773
f 1775 1773 1774
f 1764 1765 1766
f 1764 1766 1767
f 1764 1767 1775
f 1809 1811 1810
f 1804 1806 1805
f 1802 1804 1803
f 1802 1806 1804
f 1800 1775 1811
f 1800 1802 1801
f 1800 1807 1806
f 1800 1808 1807
f 1800 1809 1808
f 1800 1764 1775
f 1800 1811 1809
f 1800 1806 1802
f 1779 1777 1776
f 1779 1778 1777
f 1780 1779 1776
f 1782 1781 1780
f 1784 1783 1782
f 1785 1784 1782
f 1786 1780 1776
f 1786 1782 1780
f 1786 1785 1782
f 1787 1786 1776
f 1789 1776 1764
f 1789 1787 1776
f 1789 1788 1787
f 1789 1764 1800
f 1797 1798 1799
f 1797 1799 1788
f 1792 1789 1790
f 1792 1790 1791
f 1793 1789 1792
f 1796 1788 1789
f 1796 1789 1793
f 1796 1797 1788
f 1794 1795 1796
f 1794 1796 1793
f 1823 1815 1816
f 1823 1816 1817
f 1823 1817 1818
f 1823 1818 1819
f 1823 1819 1820
f 1823 1820 1821
f 1823 1821 1822
f 1812 1813 1814
f 1812 1814 1815
f 1812 1815 1823
f 1857 1859 1858
f 1852 1854 1853
f 1850 1852 1851
f 1850 1854 1852
f 1848 1823 1859
f 1848 1850 1849
f 1848 1855 1854
f 1848 1856 1855
f 1848 1857 1856
f 1848 1812 1823
f 1848 1859 1857
f 1848 1854 1850
f 1827 1825 1824
f 1827 1826 1825
f 1828 1827 1824
f 1830 1829 1828
f 1832 1831 1830
f 1833 1832 1830
f 1834 1828 1824
f 1834 1830 1828
f 1834 1833 1830
f 1835 1834 1824
f 1837 1824 1812
f 1837 1835 1824
f 1837 1836 1835
f 1837 1812 1848
f 1845 1846 1847
f 1845 1847 1836
f 1840 1837 1838
f 1840 1838 1839
f 1841 1837 1840
f 1844 1836 1837
f 1844 1837 1841
f 1844 1845 1836
f 1842 1843 1844
f 1842 1844 1841
f 1871 1863 1864
f 1871 1864 1865
f 1871 1865 1866
f 1871 1866 1867
f 1871 1867 1868
f 1871 1868 1869
f 1871 1869 1870
f 1860 1861 1862
f 1860 1862 1863
f 1860 1863 1871
f 1905 1907 1906
f 1900 1902 1901
f 1898 1900 1899
f 1898 1902 1900
f 1896 1871 1907
f 1896 1898 1897
f 1896 1903 1902
f 1896 1904 1903
f 1896 1905 1904
f 1896 1860 1871
f 1896 1907 1905
f 1896 1902 1898
f 1875 1873 1872
f 1875 1874 1873
f 1876 1875 1872
f 1878 1877 1876
f 1880 1879 1878
f 1881 1880 1878
f 1882 1876 1872
f 1882 1878 1876
f 1882 1881 1878
f 1883 1882 1872
f 1885 1872 1860
f 1885 1883 1872
f 1885 1884 1883
f 1885 1860 1896
f 1893 1894 1895
f 1893 1895 1884
f 1888 1885 1886
f 1888 1886 1887
f 1889 1885 1888
f 1892 1884 1885
f 1892 1885 1889
f 1892 1893 1884
f 1890 1891 1892
f 1890 1892 1889
f 1919 1911 1912
f 1919 1912 1913
f 1919 1913 1914
f 1919 1914 1915
f 1919 1915 1916
f 1919 1916 1917
f 1919 1917 1918
f 1908 1909 1910
f 1908 1910 1911
f 1908 1911 1919
f 1952 1954 1953
f 1950 1952 1951
f 1950 1955 1954
f 1950 1954 1952
f 1947 1949 1948
f 1947 1950 1949
f 1944 1919 1955
f 1944 1946 1945
f 1944 1947 1946
f 1944 1908 1919
f 1944 1955 1950
f 1944 1950 1947
f 1923 1921 1920
f 1923 1922 1921
f 1924 1923 1920
f 1926 1925 1924
f 1928 1927 1926
f 1929 1928 1926
f 1930 1924 1920
f 1930 1926 1924
f 1930 1929 1926
f 1931 1930 1920
f 1933 1920 1908
f 1933 1931 1920
f 1933 1932 1931
f 1933 1908 1944
f 1935 1933 1934
f 1941 1942 1943
f 1941 1943 1932
f 1937 1935 1936
f 1938 1932 1933
f 1938 1939 1940
f 1938 1933 1935
f 1938 1940 1941
f 1938 1941 1932
f 1938 1935 1937
f 1967 1959 1960
f 1967 1960 1961
f 1967 1961 1962
f 1967 1962 1963
f 1967 1963 1964
f 1967 1964 1965
f 1967 1965 1966
f 1956 1957 1958
f 1956 1958 1959
f 1956 1959 1967
f 2000 2002 2001
f 1998 2000 1999
f 1998 2003 2002
f 1998 2002 2000
f 1995 1997 1996
f 1995 1998 1997
f 1992 1967 2003
f 1992 1994 1993
f 1992 1995 1994
f 1992 1956 1967
f 1992 2003 1998
f 1992 1998 1995
f 1971 1969 1968
f 1971 1970 1969
f 1972 1971 1968
f 1974 1973 1972
f 1976 1975 1974
f 1977 1976 1974
f 1978 1972 1968
f 1978 1974 1972
f 1978 1977 1974
f 1979 1978 1968
f 1981 1968 1956
f 1981 1979 1968
f 1981 1980 1979
f 1981 1956 1992
f 1983 1981 1982
f 1989 1990 1991
f 1989 1991 1980
f 1985 1983 1984
f 1986 1980 1981
f 1986 1987 1988
f 1986 1981 1983
f 1986 1988 1989
f 1986 1989 1980
f 1986 1983 1985
f 2015 2007 2008
f 2015 2008 2009
f 2015 2009 2010
f 2015 2010 2011
f 2015 2011 2012
f 2015 2012 2013
f 2015 2013 2014
f 2004 2005 2006
f 2004 2006 2007
f 2004 2007 2015
f 2048 2050 2049
f 2046 2048 2047
f 2046 2051 2050
f 2046 2050 2048
f 2043 2045 2044
f 2043 2046 2045
f 2040 2015 2051
f 2040 2042 2041
f 2040 2043 2042
f 2040 2004 2015
f 2040 2051 2046
f 2040 2046 2043
f 2019 2017 2016
f 2019 2018 2017
f 2020 2019 2016
f 2022 2021 2020
f 2024 2023 2022
f 2025 2024 2022
f 2026 2020 2016
f 2026 2022 2020
f 2026 2025 2022
f 2027 2026 2016
f 2029 2016 2004
f 2029 2027 2016
f 2029 2028 2027
f 2029 2004 2040
f 2031 2029 2030
f 2037 2038 2039
f 2037 2039 2028
f 2033 2031 2032
f 2034 2028 2029
f 2034 2035 2036
f 2034 2029 2031
f 2034 2036 2037
f 2034 2037 2028
f 2034 2031 2033
f 2063 2055 2056
f 2063 2056 2057
f 2063 2057 2058
f 2063 2058 2059
f 2063 2059 2060
f 2063 2060 2061
f 2063 2061 2062
f 2052 2053 2054
f 2052 2054 2055
f 2052 2055 2063
f 2096 2098 2097
f 2094 2096 2095
f 2094 2099 2098
f 2094 2098 2096
f 2091 2093 2092
f 2091 2094 2093
f 2088 2063 2099
f 2088 2090 2089
f 2088 2091 2090
f 2088 2052 2063
f 2088 2099 2094
f 2088 2094 2091
f 2067 2065 2064
f 2067 2066 2065
f 2068 2067 2064
f 2070 2069 2068
f 2072 2071 2070
f 2073 2072 2070
f 2074 2068 2064
f 2074 2070 2068
f 2074 2073 2070
f 2075 2074 2064
f 2077 2064 2052
f 2077 2075 2064
f 2077 2076 2075
f 2077 2052 2088
f 2079 2077 2078
f 2085 2086 2087
f 2085 2087 2076
f 2081 2079 2080
f 2082 2076 2077
f 2082 2083 2084
f 2082 2077 2079
f 2082 2084 2085
f 2082 2085 2076
f 2082 2079 2081
f 2111 2103 2104
f 2111 2104 2105
f 2111 2105 2106
f 2111 2106 2107
f 2111 2107 2108
f 2111 2108 2109
f 2111 2109 2110
f 2100 2101 2102
f 2100 2102 2103
f 2100 2103 2111
f 2144 2146 2145
f 2142 2144 2143
f 2142 2147 2146
f 2142 2146 2144
f 2139 2141 2140
f 2139 2142 2141
f 2136 2111 2147
f 2136 2138 2137
f 2136 2139 2138
f 2136 2100 2111
f 2136 2147 2142
f 2136 2142 2139
f 2115 2113 2112
f 2115 2114 2113
f 2116 2115 2112
f 2118 2117 2116
f 2120 2119 2118
f 2121 2120 2118
f 2122 2116 2112
f 2122 2118 2116
f 2122 2121 2118
f 2123 2122 2112
f 2125 2112 2100
f 2125 2123 2112
f 2125 2124 2123
f 2125 2100 2136
f 2127 2125 2126
f 2133 2134 2135
f 2133 2135 2124
f 2129 2127 2128
f 2130 2124 2125
f 2130 2131 2132
f 2130 2125 2127
f 2130 2132 2133
f 2130 2133 2124
f 2130 2127 2129
f 2159 2151 2152
f 2159 2152 2153
f 2159 2153 2154
f 2159 2154 2155
f 2159 2155 2156
f 2159 2156 2157
f 2159 2157 2158
f 2148 2149 2150
f 2148 2150 2151
f 2148 2151 2159
f 2192 2194 2193
f 2190 2192 2191
f 2190 2195 2194
f 2190 2194 2192
f 2187 2189 2188
f 2187 2190 2189
f 2184 2159 2195
f 2184 2186 2185
f 2184 2187 2186
f 2184 2148 2159
f 2184 2195 2190
f 2184 2190 2187
f 2163 2161 2160
f 2163 2162 2161
f 2164 2163 2160
f 2166 2165 2164
f 2168 2167 2166
f 2169 2168 2166
f 2170 2164 2160
f 2170 2166 2164
f 2170 2169 2166
f 2171 2170 2160
f 2173 2160 2148
f 2173 2171 2160
f 2173 2172 2171
f 2173 2148 2184
f 2175 2173 2174
f 2181 2182 2183
f 2181 2183 2172
f 2177 2175 2176
f 2178 2172 2173
f 2178 2179 2180
f 2178 2173 2175
f 2178 2180 2181
f 2178 2181 2172
f 2178 2175 2177
f 2207 2199 2200
f 2207 2200 2201
f 2207 2201 2202
f 2207 2202 2203
f 2207 2203 2204
f 2207 2204 2205
f 2207 2205 2206
f 2196 2197 2198
f 2196 2198 2199
f 2196 2199 2207
f 2240 2242 2241
f 2238 2240 2239
f 2238 2243 2242
f 2238 2242 2240
f 2235 2237 2236
f 2235 2238 2237
f 2232 2207 2243
f 2232 2234 2233
f 2232 2235 2234
f 2232 2196 2207
f 2232 2243 2238
f 2232 2238 2235
f 2211 2209 2208
f 2211 2210 2209
f 2212 2211 2208
f 2214 2213 2212
f 2216 2215 2214
f 2217 2216 2214
f 2218 2212 2208
f 2218 2214 2212
f 2218 2217 2214
f 2219 2218 2208
f 2221 2208 2196
f 2221 2219 2208
f 2221 2220 2219
f 2221 2196 2232
f 2223 2221 2222
f 2229 2230 2231
f 2229 2231 2220
f 2225 2223 2224
f 2226 2220 2221
f 2226 2227 2228
f 2226 2221 2223
f 2226 2228 2229
f 2226 2229 2220
f 2226 2223 2225
f 2255 2247 2248
f 2255 2248 2249
f 2255 2249 2250
f 2255 2250 2251
f 2255 2251 2252
f 2255 2252 2253
f 2255 2253 2254
f 2244 2245 2246
f 2244 2246 2247
f 2244 2247 2255
f 2288 2290 2289
f 2286 2288 2287
f 2286 2291 2290
f 2286 2290 2288
f 2283 2285 2284
f 2283 2286 2285
f 2280 2255 2291
f 2280 2282 2281
f 2280 2283 2282
f 2280 2244 2255
f 2280 2291 2286
f 2280 2286 2283
f 2259 2257 2256
f 2259 2258 2257
f 2260 2259 2256
f 2262 2261 2260
f 2264 2263 2262
f 2265 2264 2262
f 2266 2260 2256
f 2266 2262 2260
f 2266 2265 2262
f 2267 2266 2256
f 2269 2256 2244
f 2269 2267 2256
f 2269 2268 2267
f 2269 2244 2280
f 2271 2269 2270
f 2277 2278 2279
f 2277 2279 2268
f 2273 2271 2272
f 2274 2268 2269
f 2274 2275 2276
f 2274 2269 2271
f 2274 2276 2277
f 2274 2277 2268
f 2274 2271 2273
f 2303 2295 2296
f 2303 2296 2297
f 2303 2297 2298
f 2303 2298 2299
f 2303 2299 2300
f 2303 2300 2301
f 2303 2301 2302
f 2292 2293 2294
f 2292 2294 2295
f 2292 2295 2303
f 2336 2338 2337
f 2334 2336 2335
f 2334 2339 2338
f 2334 2338 2336
f 2331 2333 2332
f 2331 2334 2333
f 2328 2303 2339
f 2328 2330 2329
f 2328 2331 2330
f 2328 2292 2303
f 2328 2339 2334
f 2328 2334 2331
f 2307 2305 2304
f 2307 2306 2305
f 2308 2307 2304
f 2310 2309 2308
f 2312 2311 2310
f 2313 2312 2310
f 2314 2308 2304
f 2314 2310 2308
f 2314 2313 2310
f 2315 2314 2304
f 2317 2304 2292
f 2317 2315 2304
f 2317 2316 2315
f 2317 2292 2328
f 2319 2317 2318
f 2325 2326 2327
f 2325 2327 2316
f 2321 2319 2320
f 2322 2316 2317
f 2322 2323 2324
f 2322 2317 2319
f 2322 2324 2325
f 2322 2325 2316
f 2322 2319 2321
f 2351 2343 2344
f 2351 2344 2345
f 2351 2345 2346
f 2351 2346 2347
f 2351 2347 2348
f 2351 2348 2349
f 2351 2349 2350
f 2340 2341 2342
f 2340 2342 2343
f 2340 2343 2351
f 2384 2386 2385
f 2382 2384 2383
f 2382 2387 2386
f 2382 2386 2384
f 2379 2381 2380
f 2379 2382 2381
f 2376 2351 2387
f 2376 2378 2377
f 2376 2379 2378
f 2376 2340 2351
f 2376 2387 2382
f 2376 2382 2379
f 2355 2353 2352
f 2355 2354 2353
f 2356 2355 2352
f 2358 2357 2356
f 2360 2359 2358
f 2361 2360 2358
f 2362 2356 2352
f 2362 2358 2356
f 2362 2361 2358
f 2363 2362 2352
f 2365 2352 2340
f 2365 2363 2352
f 2365 2364 2363
f 2365 2340 2376
f 2367 2365 2366
f 2373 2374 2375
f 2373 2375 2364
f 2369 2367 2368
f 2370 2364 2365
f 2370 2371 2372
f 2370 2365 2367
f 2370 2372 2373
f 2370 2373 2364
f 2370 2367 2369
f 2388 2389 2390
f 2388 2390 2391
f 2388 2391 2392
f 2388 2392 2393
f 2399 2393 2394
f 2399 2394 2395
f 2399 2395 2396
f 2399 2396 2397
f 2399 2397 2398
f 2399 2388 2393
f 2429 2431 2430
f 2426 2428 2427
f 2426 2429 2428
f 2426 2432 2431
f 2426 2431 2429
f 2425 2433 2432
f 2425 2434 2433
f 2425 2435 2434
f 2425 2432 2426
f 2424 2399 2435
f 2424 2388 2399
f 2424 2435 2425
f 2402 2401 2400
f 2404 2402 2400
f 2404 2403 2402
f 2407 2405 2404
f 2407 2406 2405
f 2410 2404 2400
f 2410 2407 2404
f 2410 2408 2407
f 2410 2409 2408
f 2411 2410 2400
f 2413 2400 2388
f 2413 2412 2411
f 2413 2411 2400
f 2413 2388 2424
f 2415 2413 2414
f 2421 2422 2423
f 2420 2421 2423
f 2417 2415 2416
f 2419 2420 2423
f 2418 2412 2413
f 2418 2413 2415
f 2418 2415 2417
f 2418 2423 2412
f 2418 2419 2423
f 2436 2437 2438
f 2436 2438 2439
f 2436 2439 2440
f 2436 2440 2441
f 2447 2441 2442
f 2447 2442 2443
f 2447 2443 2444
f 2447 2444 2445
f 2447 2445 2446
f 2447 2436 2441
f 2477 2479 2478
f 2474 2476 2475
f 2474 2477 2476
f 2474 2480 2479
f 2474 2479 2477
f 2473 2481 2480
f 2473 2482 2481
f 2473 2483 2482
f 2473 2480 2474
f 2472 2447 2483
f 2472 2436 2447
f 2472 2483 2473
f 2450 2449 2448
f 2452 2450 2448
f 2452 2451 2450
f 2455 2453 2452
f 2455 2454 2453
f 2458 2452 2448
f 2458 2455 2452
f 2458 2456 2455
f 2458 2457 2456
f 2459 2458 2448
f 2461 2448 2436
f 2461 2460 2459
f 2461 2459 2448
f 2461 2436 2472
f 2463 2461 2462
f 2469 2470 2471
f 2468 2469 2471
f 2465 2463 2464
f 2467 2468 2471
f 2466 2460 2461
f 2466 2461 2463
f 2466 2463 2465
f 2466 2471 2460
f 2466 2467 2471
f 2491 2485 2489
f 2490 2491 2489
f 2493 2486 2485
f 2493 2485 2491
f 2499 2492 2494
f 2499 2494 2500
f 2495 2500 2494
f 2496 2500 2495
f 2503 2497 2501
f 2502 2503 2501
f 2505 2498 2497
f 2505 2497 2503
f 2511 2504 2506
f 2511 2506 2512
f 2507 2512 2506
f 2508 2512 2507
f 2515 2509 2513
f 2514 2515 2513
f 2517 2510 2509
f 2517 2509 2515
f 2523 2516 2518
f 2523 2518 2524
f 2519 2524 2518
f 2520 2524 2519
f 2526 2527 2521
f 2526 2521 2525
f 2529 2522 2521
f 2529 2521 2527
f 2535 2528 2530
f 2535 2530 2536
f 2531 2536 2530
f 2532 2536 2531
f 2538 2539 2533
f 2538 2533 2537
f 2541 2534 2533
f 2541 2533 2539
f 2547 2540 2542
f 2547 2542 2548
f 2543 2548 2542
f 2544 2548 2543
f 2550 2551 2545
f 2550 2545 2549
f 2553 2546 2545
f 2553 2545 2551
f 2559 2552 2554
f 2559 2554 2560
f 2555 2560 2554
f 2556 2560 2555
f 2562 2563 2557
f 2562 2557 2561
f 2565 2558 2557
f 2565 2557 2563
f 2571 2564 2566
f 2571 2566 2572
f 2567 2572 2566
f 2568 2572 2567
f 2574 2575 2569
f 2574 2569 2573
f 2577 2570 2569
f 2577 2569 2575
f 2583 2576 2578
f 2583 2578 2584
f 2579 2584 2578
f 2580 2584 2579
f 2586 2587 2581
f 2586 2581 2585
f 2589 2582 2581
f 2589 2581 2587
f 2595 2588 2590
f 2595 2590 2596
f 2591 2596 2590
f 2592 2596 2591
f 2598 2599 2593
f 2598 2593 2597
f 2601 2594 2593
f 2601 2593 2599
f 2607 2600 2602
f 2607 2602 2608
f 2603 2608 2602
f 2604 2608 2603
f 2610 2611 2605
f 2610 2605 2609
f 2613 2606 2605
f 2613 2605 2611
f 2619 2612 2614
f 2619 2614 2620
f 2615 2620 2614
f 2616 2620 2615
f 2622 2623 2617
f 2622 2617 2621
f 2625 2617 2623
f 2625 2618 2617
f 2631 2624 2626
f 2631 2626 2632
f 2627 2632 2626
f 2628 2632 2627
f 2634 2635 2629
f 2634 2629 2633
f 2637 2629 2635
f 2637 2630 2629
f 2643 2636 2638
f 2643 2638 2644
f 2639 2644 2638
f 2640 2644 2639
f 2646 2647 2641
f 2646 2641 2645
f 2649 2641 2647
f 2649 2642 2641
f 2655 2648 2650
f 2655 2650 2656
f 2651 2656 2650
f 2652 2656 2651
f 2658 2659 2653
f 2658 2653 2657
f 2661 2653 2659
f 2661 2654 2653
f 2667 2660 2662
f 2667 2662 2668
f 2663 2668 2662
f 2664 2668 2663
f 2670 2671 2665
f 2670 2665 2669
f 2673 2665 2671
f 2673 2666 2665
f 2679 2672 2674
f 2679 2674 2680
f 2675 2680 2674
f 2676 2680 2675
f 2682 2683 2677
f 2682 2677 2681
f 2685 2677 2683
f 2685 2678 2677
f 2691 2684 2686
f 2691 2686 2692
f 2687 2692 2686
f 2688 2692 2687
f 2694 2695 2689
f 2694 2689 2693
f 2697 2689 2695
f 2697 2690 2689
f 2703 2696 2698
f 2703 2698 2704
f 2699 2704 2698
f 2700 2704 2699
f 2706 2707 2701
f 2706 2701 2705
f 2709 2701 2707
f 2709 2702 2701
f 2715 2708 2710
f 2715 2710 2716
f 2711 2716 2710
f 2712 2716 2711
f 2744 2809 2713
f 2744 2713 2717
f 2810 2811 2802
f 2810 2802 2801
f 2812 2810 2801
f 2813 2810 2812
f 2814 2813 2812
f 2815 2813 2814
f 2816 2815 2814
f 2817 2815 2816
f 2818 2817 2816
f 2819 2817 2818
f 2820 2819 2818
f 2821 2819 2820
f 2822 2821 2820
f 2823 2821 2822
f 2824 2823 2822
f 2825 2823 2824
f 2826 2827 2825
f 2826 2825 2824
f 2828 2829 2827
f 2828 2827 2826
f 2830 2831 2829
f 2830 2829 2828
f 2832 2831 2830
f 2832 2833 2831
f 2805 2714 2713
f 2805 2713 2809
f 2834 2833 2832
f 2834 2835 2836
f 2834 2836 2833
f 2837 2805 2809
f 2837 2809 2838
f 2839 2835 2834
f 2839 2840 2835
f 2841 2837 2838
f 2841 2838 2842
f 2843 2840 2839
f 2843 2844 2840
f 2845 2842 2846
f 2845 2841 2842
f 2847 2848 2844
f 2847 2844 2843
f 2849 2845 2846
f 2849 2846 2850
f 2851 2852 2848
f 2851 2848 2847
f 2853 2849 2850
f 2853 2850 2854
f 2855 2854 2852
f 2855 2853 2854
f 2855 2852 2851
f 2810 2720 2811
f 2718 2720 2810
f 2740 2833 2742
f 2740 2831 2833
f 2738 2829 2831
f 2738 2831 2740
f 2737 2827 2829
f 2737 2829 2738
f 2735 2825 2827
f 2735 2827 2737
f 2733 2823 2825
f 2733 2825 2735
f 2731 2821 2823
f 2731 2823 2733
f 2729 2819 2821
f 2729 2821 2731
f 2727 2817 2819
f 2727 2819 2729
f 2725 2815 2817
f 2725 2817 2727
f 2723 2813 2815
f 2723 2815 2725
f 2718 2810 2813
f 2718 2813 2723
f 2833 2836 2746
f 2742 2833 2746
f 2750 2746 2836
f 2750 2836 2835
f 2751 2835 2840
f 2751 2750 2835
f 2758 2840 2844
f 2758 2751 2840
f 2762 2844 2848
f 2762 2758 2844
f 2763 2848 2852
f 2763 2762 2848
f 2766 2852 2854
f 2766 2763 2852
f 2760 2854 2850
f 2760 2766 2854
f 2756 2850 2846
f 2756 2760 2850
f 2753 2846 2842
f 2753 2756 2846
f 2748 2842 2838
f 2748 2753 2842
f 2744 2838 2809
f 2744 2748 2838
f 2811 2856 2797
f 2811 2797 2802
f 2720 2856 2811
f 2808 2720 2719
f 2806 2720 2808
f 2806 2856 2720
f 2774 2776 2857
f 2774 2857 2858
f 2774 2858 2859
f 2774 2859 2860
f 2772 2860 2861
f 2772 2774 2860
f 2770 2861 2862
f 2770 2772 2861
f 2767 2862 2863
f 2767 2770 2862
f 2768 2863 2864
f 2768 2767 2863
f 2769 2864 2865
f 2769 2768 2864
f 2771 2865 2866
f 2771 2769 2865
f 2773 2866 2867
f 2773 2771 2866
f 2775 2867 2868
f 2775 2773 2867
f 2777 2868 2795
f 2777 2775 2868
f 2778 2777 2795
f 2858 2857 2776
f 2859 2858 2776
f 2860 2859 2776
f 2861 2860 2776
f 2862 2861 2776
f 2869 2779 2870
f 2871 2779 2869
f 2872 2779 2871
f 2873 2779 2872
f 2874 2776 2779
f 2874 2862 2776
f 2874 2779 2873
f 2780 2872 2871
f 2780 2871 2869
f 2780 2869 2870
f 2780 2870 2779
f 2873 2872 2780
f 2781 2873 2780
f 2782 2874 2873
f 2782 2873 2781
f 2783 2875 2874
f 2783 2874 2782
f 2784 2876 2875
f 2784 2875 2783
f 2785 2877 2876
f 2785 2876 2784
f 2786 2878 2877
f 2786 2877 2785
f 2787 2879 2878
f 2787 2878 2786
f 2788 2880 2879
f 2788 2879 2787
f 2789 2803 2880
f 2789 2880 2788
f 2790 2803 2789
f 2807 2791 2881
f 2807 2792 2791
f 2882 2791 1321
f 2882 1321 2793
f 2856 2883 2884
f 2881 2883 2856
f 2881 2791 2882
f 2881 2882 2883
f 2794 2882 2793
f 2794 2796 2885
f 2794 2885 2882
f 2830 2886 2832
f 2830 2887 2886
f 2830 2888 2887
f 2830 2889 2888
f 2828 2890 2889
f 2828 2889 2830
f 2826 2891 2890
f 2826 2890 2828
f 2824 2892 2891
f 2824 2891 2826
f 2822 2893 2892
f 2822 2892 2824
f 2820 2894 2893
f 2820 2893 2822
f 2818 2895 2894
f 2818 2894 2820
f 2816 2896 2895
f 2816 2895 2818
f 2814 2897 2896
f 2814 2896 2816
f 2812 2800 2897
f 2812 2897 2814
f 2801 2800 2812
f 2797 2884 2798
f 2856 2884 2797
f 2798 2884 2883
f 2798 2898 2799
f 2798 2883 2898
f 2898 2885 2796
f 2898 2796 2799
f 2899 2900 2800
f 2899 2800 2795
f 2901 2902 2900
f 2901 2900 2899
f 2903 2904 2902
f 2903 2902 2901
f 2905 2906 2904
f 2905 2904 2903
f 2907 2908 2906
f 2907 2909 2908
f 2907 2906 2905
f 2910 2909 2907
f 2911 2912 2909
f 2911 2913 2912
f 2911 2909 2910
f 2914 2913 2911
f 2915 2916 2913
f 2915 2913 2914
f 2917 2918 2916
f 2917 2919 2918
f 2917 2916 2915
f 2920 2919 2917
f 2921 2922 2803
f 2921 2803 2804
f 2923 2924 2922
f 2923 2922 2921
f 2925 2926 2924
f 2925 2924 2923
f 2927 2928 2926
f 2927 2926 2925
f 2929 2930 2928
f 2929 2931 2930
f 2929 2928 2927
f 2932 2931 2929
f 2933 2934 2931
f 2933 2935 2934
f 2933 2931 2932
f 2936 2935 2933
f 2937 2938 2935
f 2937 2935 2936
f 2939 2940 2938
f 2939 2941 2940
f 2939 2938 2937
f 2942 2941 2939
f 2839 2943 2944
f 2839 2945 2943
f 2839 2946 2945
f 2839 2834 2946
f 2947 2839 2944
f 2843 2839 2947
f 2847 2947 2948
f 2847 2843 2947
f 2851 2948 2949
f 2851 2847 2948
f 2855 2949 2950
f 2855 2851 2949
f 2853 2950 2951
f 2853 2855 2950
f 2849 2951 2952
f 2849 2853 2951
f 2845 2952 2953
f 2845 2849 2952
f 2841 2953 2954
f 2841 2845 2953
f 2837 2954 2804
f 2837 2841 2954
f 2805 2837 2804
f 2806 2881 2856
f 2806 2807 2881
f 2887 2832 2886
f 2888 2832 2887
f 2889 2832 2888
f 2890 2832 2889
f 2891 2832 2890
f 2834 2832 2891
f 2945 2946 2834
f 2943 2945 2834
f 2944 2943 2834
f 2947 2944 2834
f 2948 2834 2891
f 2948 2947 2834
f 2868 2899 2795
f 2955 2863 2862
f 2956 2920 2917
f 2957 2958 2959
f 2957 2959 2960
f 2961 2962 2963
f 2964 2868 2867
f 2964 2899 2868
f 2965 2901 2899
f 2965 2899 2964
f 2966 2867 2866
f 2966 2964 2867
f 2967 2903 2901
f 2967 2901 2965
f 2968 2965 2964
f 2968 2964 2966
f 2969 2866 2865
f 2969 2865 2864
f 2969 2966 2866
f 2970 2905 2903
f 2970 2903 2967
f 2971 2967 2965
f 2971 2970 2967
f 2971 2965 2968
f 2972 2907 2905
f 2972 2905 2970
f 2973 2968 2966
f 2973 2966 2969
f 2974 2864 2863
f 2974 2969 2864
f 2975 2970 2971
f 2976 2971 2968
f 2976 2968 2973
f 2977 2910 2907
f 2977 2907 2972
f 2978 2972 2970
f 2978 2970 2975
f 2979 2969 2974
f 2979 2973 2969
f 2980 2955 2981
f 2980 2981 2982
f 2980 2974 2863
f 2980 2863 2955
f 2983 2911 2910
f 2983 2910 2977
f 2984 2971 2976
f 2984 2975 2971
f 2985 2976 2973
f 2985 2973 2979
f 2986 2983 2977
f 2986 2977 2972
f 2986 2972 2978
f 2987 2978 2975
f 2987 2975 2984
f 2988 2914 2911
f 2988 2911 2983
f 2989 2982 2990
f 2989 2990 2991
f 2989 2979 2974
f 2989 2974 2980
f 2989 2980 2982
f 2992 2983 2986
f 2993 2984 2976
f 2993 2976 2985
f 2994 2985 2979
f 2994 2979 2989
f 2994 2991 2995
f 2994 2989 2991
f 2996 2978 2987
f 2996 2986 2978
f 2997 2915 2914
f 2997 2914 2988
f 2998 2987 2984
f 2998 2984 2993
f 2999 2988 2983
f 2999 2983 2992
f 3000 2915 2997
f 3001 2992 2986
f 3001 2986 2996
f 3002 2995 3003
f 3002 2994 2995
f 3002 2993 2985
f 3002 2998 2993
f 3002 2985 2994
f 3004 2996 2987
f 3004 2987 2998
f 3005 2988 2999
f 3005 2997 2988
f 3005 3000 2997
f 3006 2998 3002
f 3007 2956 2917
f 3007 2917 2915
f 3007 2915 3000
f 3007 3008 2956
f 3009 2992 3001
f 3009 2999 2992
f 3009 3005 2999
f 3010 3000 3005
f 3011 2996 3004
f 3011 3001 2996
f 3012 3002 3003
f 3012 3003 3013
f 3012 3013 3014
f 3015 3004 2998
f 3015 2998 3006
f 3016 3005 3009
f 3017 3006 3002
f 3017 3012 3014
f 3017 3014 3018
f 3017 3018 3019
f 3017 3002 3012
f 3020 3008 3007
f 3020 3021 3008
f 3020 3007 3000
f 3020 3000 3010
f 3022 3001 3011
f 3022 3009 3001
f 3023 3005 3016
f 3023 3010 3005
f 3024 3004 3015
f 3024 3011 3004
f 3025 3006 3017
f 3025 3024 3015
f 3025 3015 3006
f 3026 3023 3016
f 3026 3009 3022
f 3026 3016 3009
f 3027 3019 3028
f 3027 3017 3019
f 3029 3010 3023
f 3029 3020 3010
f 3029 3021 3020
f 3029 3030 3021
f 3029 3031 3030
f 3032 3011 3024
f 3032 3022 3011
f 3033 3023 3026
f 3034 3024 3025
f 3035 3028 2958
f 3035 3027 3028
f 3035 2958 2957
f 3035 3025 3017
f 3035 3017 3027
f 3036 3026 3022
f 3036 3022 3032
f 3037 3029 3023
f 3037 3038 3031
f 3037 3031 3029
f 3037 3023 3033
f 3039 3032 3024
f 3039 3036 3032
f 3039 3024 3034
f 3040 3033 3026
f 3040 3026 3036
f 3041 2957 3042
f 3041 3042 3043
f 3041 3034 3025
f 3041 3035 2957
f 3041 3025 3035
f 3044 3036 3039
f 3045 3033 3040
f 3045 3046 3038
f 3045 3047 3046
f 3045 3038 3037
f 3045 3037 3033
f 3048 3034 3041
f 3048 3043 3049
f 3048 3041 3043
f 3048 3039 3034
f 3050 3045 3040
f 3050 3040 3036
f 3050 3036 3044
f 3051 3048 3049
f 3051 3044 3039
f 3051 3039 3048
f 3051 3050 3044
f 3052 3053 3047
f 3052 3045 3050
f 3052 3047 3045
f 3054 3049 3055
f 3054 3051 3049
f 3054 3050 3051
f 3056 3052 3050
f 3056 3055 2963
f 3056 2962 3053
f 3056 2963 2962
f 3056 3050 3054
f 3056 3053 3052
f 3056 3054 3055
f 2981 2955 2862
f 2982 2981 2862
f 2990 2982 2862
f 2991 2990 2862
f 2995 2991 2862
f 3003 2995 2862
f 3013 3003 2862
f 3014 3013 2862
f 3018 3014 2862
f 3019 3018 2862
f 3028 3019 2862
f 2958 3028 2862
f 2959 2958 2862
f 2960 2959 2862
f 2874 3057 3058
f 2874 3058 3059
f 3060 3057 2874
f 3061 3060 2874
f 3062 2874 3063
f 3064 3061 2874
f 3065 2874 3062
f 3066 3064 2874
f 3067 2874 3065
f 3068 3066 2874
f 3069 2874 3067
f 3070 3068 2874
f 3071 2874 3069
f 3071 3070 2874
f 2874 2960 2862
f 2874 3059 2960
f 2875 3063 2874
f 3072 3058 3057
f 3072 3059 3058
f 2922 2880 2803
f 3073 3074 3075
f 2941 3076 2940
f 3077 3062 3063
f 3077 3065 3062
f 3077 3063 2875
f 3078 3060 3061
f 3079 3067 3065
f 3079 3069 3067
f 3079 3065 3077
f 3080 2875 2876
f 3080 3079 3077
f 3080 3077 2875
f 3081 3068 3070
f 3081 3066 3068
f 3082 3071 3069
f 3082 3069 3079
f 3083 3057 3060
f 3083 3072 3057
f 3083 3060 3078
f 3084 3064 3066
f 3084 3061 3064
f 3084 3066 3081
f 3084 3078 3061
f 3085 3079 3080
f 3086 2876 2877
f 3086 2877 2878
f 3086 3080 2876
f 3087 3088 3072
f 3087 3072 3083
f 3089 3070 3071
f 3089 3081 3070
f 3089 3071 3082
f 3090 3079 3085
f 3090 3082 3079
f 3091 3078 3084
f 3091 3087 3083
f 3091 3083 3078
f 3092 3084 3081
f 3092 3091 3084
f 3092 3081 3089
f 3093 3094 3088
f 3093 3088 3087
f 3095 3080 3086
f 3095 3085 3080
f 3096 3086 2878
f 3096 2878 2879
f 3097 3087 3091
f 3098 3092 3089
f 3098 3089 3082
f 3098 3082 3090
f 3099 3090 3085
f 3099 3085 3095
f 3100 3091 3092
f 3101 3102 3094
f 3101 3094 3093
f 3103 3092 3098
f 3104 3087 3097
f 3104 3093 3087
f 3105 3086 3096
f 3105 3099 3095
f 3105 3095 3086
f 3106 3107 3102
f 3106 3102 3101
f 3108 2880 2922
f 3108 2879 2880
f 3108 3096 2879
f 3108 3105 3096
f 3109 3097 3091
f 3109 3091 3100
f 3110 3098 3090
f 3110 3090 3099
f 3111 3099 3105
f 3111 3110 3099
f 3112 3100 3092
f 3112 3092 3103
f 3113 3101 3093
f 3113 3093 3104
f 3114 3112 3103
f 3114 3103 3098
f 3114 3098 3110
f 3115 3075 3107
f 3115 3073 3075
f 3115 3116 3073
f 3115 3107 3106
f 3117 3097 3109
f 3117 3104 3097
f 3118 3108 2922
f 3118 2922 2924
f 3118 3105 3108
f 3119 3106 3101
f 3119 3101 3113
f 3120 3117 3109
f 3120 3100 3112
f 3120 3109 3100
f 3121 3110 3111
f 3122 3118 2924
f 3122 3105 3118
f 3122 2924 2926
f 3122 3111 3105
f 3123 3112 3114
f 3124 3104 3117
f 3124 3113 3104
f 3125 3110 3121
f 3125 3114 3110
f 3126 3106 3119
f 3126 3115 3106
f 3126 3127 3116
f 3126 3116 3115
f 3128 3117 3120
f 3129 3119 3113
f 3129 3113 3124
f 3130 3112 3123
f 3130 3120 3112
f 3131 3111 3122
f 3131 2926 2928
f 3131 3122 2926
f 3131 3121 3111
f 3132 3114 3125
f 3132 3123 3114
f 3132 3130 3123
f 3133 3117 3128
f 3133 3124 3117
f 3134 3132 3125
f 3134 2928 2930
f 3134 3131 2928
f 3134 3121 3131
f 3134 3125 3121
f 3135 3127 3126
f 3135 3136 3127
f 3135 3137 3136
f 3135 3119 3129
f 3135 3126 3119
f 3138 3120 3130
f 3138 3128 3120
f 3139 3129 3124
f 3139 3124 3133
f 3140 3130 3132
f 3141 2930 2931
f 3141 3134 2930
f 3141 3132 3134
f 3142 3133 3128
f 3142 3128 3138
f 3143 3144 3137
f 3143 3129 3139
f 3143 3135 3129
f 3143 3137 3135
f 3145 3138 3130
f 3145 3142 3138
f 3145 3130 3140
f 3146 3139 3133
f 3146 3133 3142
f 3147 2931 2934
f 3147 3140 3132
f 3147 3141 2931
f 3147 3132 3141
f 3148 3142 3145
f 3148 3146 3142
f 3149 3139 3146
f 3149 3150 3144
f 3149 3151 3150
f 3149 3144 3143
f 3149 3143 3139
f 3152 2934 2935
f 3152 3145 3140
f 3152 3147 2934
f 3152 3140 3147
f 3153 3146 3148
f 3154 3152 2935
f 3154 2935 2938
f 3154 3148 3145
f 3154 3145 3152
f 3155 3156 3151
f 3155 3149 3146
f 3155 3151 3149
f 3155 3146 3153
f 3157 3153 3148
f 3157 3154 2938
f 3157 3148 3154
f 3158 3155 3153
f 3158 3156 3155
f 3158 2938 2940
f 3158 3076 3156
f 3158 2940 3076
f 3158 3153 3157
f 3158 3157 2938
f 2883 2885 2898
f 2883 2882 2885
f 2892 3159 2891
f 3160 3161 3162
f 3160 3163 3161
f 2900 2897 2800
f 3164 3165 3166
f 2919 3167 2918
f 3168 3169 3159
f 3168 3170 3169
f 3168 3159 2892
f 3171 3172 3173
f 3174 3175 3170
f 3174 3176 3175
f 3174 3170 3168
f 3177 2892 2893
f 3177 3168 2892
f 3178 3179 3180
f 3178 3181 3179
f 3182 3183 3176
f 3182 3176 3174
f 3184 3162 3172
f 3184 3160 3162
f 3184 3172 3171
f 3185 3186 3181
f 3185 3173 3186
f 3185 3181 3178
f 3185 3171 3173
f 3187 3168 3177
f 3187 3174 3168
f 3188 2893 2894
f 3188 2894 2895
f 3188 3177 2893
f 3189 3190 3160
f 3189 3191 3190
f 3189 3160 3184
f 3192 3180 3183
f 3192 3178 3180
f 3192 3183 3182
f 3193 3192 3182
f 3193 3174 3187
f 3193 3182 3174
f 3194 3171 3185
f 3194 3184 3171
f 3195 3185 3178
f 3195 3178 3192
f 3196 3191 3189
f 3197 3187 3177
f 3197 3193 3187
f 3197 3177 3188
f 3198 2895 2896
f 3198 3188 2895
f 3199 3184 3194
f 3199 3189 3184
f 3200 3192 3193
f 3201 3193 3197
f 3201 3200 3193
f 3202 3185 3195
f 3202 3194 3185
f 3202 3199 3194
f 3203 3204 3191
f 3203 3191 3196
f 3205 3192 3200
f 3205 3195 3192
f 3206 3196 3189
f 3206 3189 3199
f 3207 3188 3198
f 3207 3197 3188
f 3208 3209 3204
f 3208 3204 3203
f 3210 2897 2900
f 3210 2896 2897
f 3210 3207 3198
f 3210 3198 2896
f 3211 3199 3202
f 3212 3200 3201
f 3213 3201 3197
f 3213 3197 3207
f 3214 3195 3205
f 3214 3202 3195
f 3215 3196 3206
f 3215 3208 3203
f 3215 3203 3196
f 3216 3205 3200
f 3216 3200 3212
f 3217 3166 3209
f 3217 3164 3166
f 3217 3218 3164
f 3217 3209 3208
f 3219 3199 3211
f 3219 3206 3199
f 3219 3215 3206
f 3220 2900 2902
f 3220 3207 3210
f 3220 3213 3207
f 3220 3210 2900
f 3221 3208 3215
f 3222 3211 3202
f 3222 3202 3214
f 3223 3201 3213
f 3223 3212 3201
f 3224 3213 3220
f 3224 3220 2902
f 3224 2902 2904
f 3225 3214 3205
f 3225 3205 3216
f 3226 3215 3219
f 3227 3212 3223
f 3227 3216 3212
f 3228 3218 3217
f 3228 3217 3208
f 3228 3208 3221
f 3228 3229 3218
f 3230 3219 3211
f 3230 3226 3219
f 3230 3211 3222
f 3231 3221 3215
f 3231 3228 3221
f 3231 3215 3226
f 3232 3222 3214
f 3232 3230 3222
f 3232 3214 3225
f 3233 3224 2904
f 3233 2904 2906
f 3233 3223 3213
f 3233 3213 3224
f 3234 3225 3216
f 3234 3232 3225
f 3234 3216 3227
f 3235 3226 3230
f 3236 2906 2908
f 3236 3233 2906
f 3236 3223 3233
f 3236 3227 3223
f 3237 3229 3228
f 3237 3228 3231
f 3237 3238 3229
f 3237 3239 3238
f 3240 3230 3232
f 3241 3231 3226
f 3241 3226 3235
f 3242 3232 3234
f 3243 3236 2908
f 3243 3227 3236
f 3243 3234 3227
f 3243 2908 2909
f 3244 3235 3230
f 3244 3230 3240
f 3245 3246 3239
f 3245 3239 3237
f 3245 3231 3241
f 3245 3237 3231
f 3247 3240 3232
f 3247 3232 3242
f 3247 3244 3240
f 3248 3241 3235
f 3248 3235 3244
f 3249 3234 3243
f 3249 2909 2912
f 3249 3247 3242
f 3249 3242 3234
f 3249 3243 2909
f 3250 3244 3247
f 3251 3252 3246
f 3251 3253 3252
f 3251 3246 3245
f 3251 3241 3248
f 3251 3245 3241
f 3254 2912 2913
f 3254 3249 2912
f 3254 3247 3249
f 3255 3248 3244
f 3255 3244 3250
f 3255 3251 3248
f 3256 2913 2916
f 3256 3254 2913
f 3256 3250 3247
f 3256 3247 3254
f 3257 3258 3253
f 3257 3251 3255
f 3257 3253 3251
f 3259 3256 2916
f 3259 3255 3250
f 3259 3250 3256
f 3260 3259 2916
f 3260 3255 3259
f 3260 2916 2918
f 3260 3167 3258
f 3260 2918 3167
f 3260 3258 3257
f 3260 3257 3255
f 3047 3038 3046
f 3021 3030 3031
f 3021 3031 3038
f 2956 3008 3021
f 2961 3047 3053
f 2961 3053 2962
f 2961 3038 3047
f 2961 3021 3038
f 2920 2956 3021
f 2920 3021 2961
f 3258 3167 2919
f 3239 3246 3252
f 3239 3252 3253
f 3238 3239 3253
f 3164 3218 3229
f 3164 3229 3238
f 3164 3253 3258
f 3164 3238 3253
f 3165 2919 2920
f 3165 2920 2961
f 3165 3258 2919
f 3165 3164 3258
f 3074 3165 2961
f 3127 3074 3073
f 3127 3073 3116
f 3137 3074 3127
f 3137 3127 3136
f 3151 3137 3144
f 3151 3144 3150
f 3076 3151 3156
f 2941 3074 3137
f 2941 3137 3151
f 2941 3151 3076
f 3261 3165 3074
f 2942 3074 2941
f 2942 3261 3074
f 3262 2942 3263
f 3262 3261 2942
f 3262 3264 3265
f 3262 3265 3261
f 3266 3263 3267
f 3268 3266 3269
f 3268 3269 3270
f 3268 3263 3266
f 3268 3271 3262
f 3268 3262 3263
f 2954 2921 2804
f 3272 2949 2948
f 3263 2942 2939
f 3273 3274 3275
f 3273 3275 3276
f 3261 3265 3277
f 3278 2954 2953
f 3278 2921 2954
f 3279 2923 2921
f 3279 2921 3278
f 3280 2953 2952
f 3280 3278 2953
f 3281 2925 2923
f 3281 2923 3279
f 3282 3279 3278
f 3282 3278 3280
f 3283 2952 2951
f 3283 2951 2950
f 3283 3280 2952
f 3284 2927 2925
f 3284 2925 3281
f 3285 3281 3279
f 3285 3279 3282
f 3286 2929 2927
f 3286 2927 3284
f 3287 3282 3280
f 3287 3280 3283
f 3288 2950 2949
f 3288 3283 2950
f 3289 3284 3281
f 3289 3281 3285
f 3290 3285 3282
f 3290 3282 3287
f 3291 2932 2929
f 3291 2929 3286
f 3292 3286 3284
f 3292 3284 3289
f 3293 3283 3288
f 3293 3287 3283
f 3294 3272 3295
f 3294 3295 3296
f 3294 3288 2949
f 3294 2949 3272
f 3297 2933 2932
f 3297 2932 3291
f 3298 3285 3290
f 3298 3289 3285
f 3299 3290 3287
f 3299 3287 3293
f 3299 3298 3290
f 3300 3291 3286
f 3300 3286 3292
f 3301 3292 3289
f 3301 3289 3298
f 3302 2936 2933
f 3302 2933 3297
f 3303 3296 3304
f 3303 3304 3305
f 3303 3293 3288
f 3303 3288 3294
f 3303 3294 3296
f 3306 3297 3291
f 3306 3291 3300
f 3307 3298 3299
f 3308 3293 3303
f 3308 3299 3293
f 3308 3305 3309
f 3308 3303 3305
f 3310 3292 3301
f 3310 3300 3292
f 3311 2937 2936
f 3311 2936 3302
f 3312 3301 3298
f 3312 3298 3307
f 3312 3310 3301
f 3313 3302 3297
f 3313 3311 3302
f 3313 3297 3306
f 3314 2937 3311
f 3315 3306 3300
f 3315 3300 3310
f 3316 3309 3317
f 3316 3308 3309
f 3316 3299 3308
f 3316 3307 3299
f 3318 3310 3312
f 3318 3315 3310
f 3319 3311 3313
f 3320 3312 3307
f 3320 3307 3316
f 3321 3263 2939
f 3321 2939 2937
f 3321 3267 3263
f 3321 2937 3314
f 3322 3306 3315
f 3322 3313 3306
f 3323 3311 3319
f 3323 3314 3311
f 3324 3315 3318
f 3325 3317 3326
f 3325 3326 3327
f 3325 3316 3317
f 3328 3312 3320
f 3328 3318 3312
f 3329 3319 3313
f 3329 3323 3319
f 3329 3313 3322
f 3330 3320 3316
f 3330 3316 3325
f 3330 3325 3327
f 3330 3327 3331
f 3330 3331 3332
f 3333 3267 3321
f 3333 3314 3323
f 3333 3266 3267
f 3333 3321 3314
f 3334 3322 3315
f 3334 3329 3322
f 3334 3315 3324
f 3335 3323 3329
f 3336 3318 3328
f 3336 3324 3318
f 3337 3328 3320
f 3337 3320 3330
f 3338 3329 3334
f 3339 3330 3332
f 3339 3332 3340
f 3341 3323 3335
f 3341 3333 3323
f 3341 3266 3333
f 3341 3269 3266
f 3341 3270 3269
f 3342 3334 3324
f 3342 3324 3336
f 3343 3335 3329
f 3343 3329 3338
f 3344 3328 3337
f 3344 3336 3328
f 3345 3339 3340
f 3345 3340 3274
f 3345 3274 3273
f 3345 3330 3339
f 3345 3337 3330
f 3346 3334 3342
f 3346 3338 3334
f 3347 3341 3335
f 3347 3268 3270
f 3347 3270 3341
f 3347 3335 3343
f 3348 3336 3344
f 3348 3342 3336
f 3349 3343 3338
f 3349 3338 3346
f 3350 3273 3351
f 3350 3345 3273
f 3350 3344 3337
f 3350 3337 3345
f 3352 3346 3342
f 3352 3342 3348
f 3352 3349 3346
f 3353 3271 3268
f 3353 3262 3271
f 3353 3343 3349
f 3353 3268 3347
f 3353 3347 3343
f 3354 3351 3355
f 3354 3350 3351
f 3354 3348 3344
f 3354 3344 3350
f 3356 3349 3352
f 3356 3353 3349
f 3357 3355 3358
f 3357 3354 3355
f 3357 3352 3348
f 3357 3348 3354
f 3359 3264 3262
f 3359 3262 3353
f 3359 3353 3356
f 3360 3358 3361
f 3360 3357 3358
f 3360 3356 3352
f 3360 3352 3357
f 3362 3359 3356
f 3362 3361 3277
f 3362 3360 3361
f 3362 3265 3264
f 3362 3277 3265
f 3362 3264 3359
f 3362 3356 3360
f 3169 2891 3159
f 3170 2891 3169
f 3175 2891 3170
f 3176 2891 3175
f 3183 2891 3176
f 3180 2891 3183
f 3179 2891 3180
f 3181 2891 3179
f 3186 2891 3181
f 3173 2891 3186
f 3172 2891 3173
f 3162 2891 3172
f 3161 2891 3162
f 3163 2891 3161
f 2948 3275 3274
f 2948 3276 3275
f 3340 2948 3274
f 3332 2948 3340
f 3295 3272 2948
f 3331 2948 3332
f 3296 3295 2948
f 3327 2948 3331
f 3304 3296 2948
f 3326 2948 3327
f 3305 3304 2948
f 3317 2948 3326
f 3309 3305 2948
f 3309 2948 3317
f 2948 2891 3163
f 2948 3163 3276
f 3059 2957 2960
f 3072 2957 3059
f 3088 3042 2957
f 3088 2957 3072
f 3094 3043 3042
f 3094 3042 3088
f 3102 3049 3043
f 3102 3043 3094
f 3107 3055 3049
f 3107 3049 3102
f 3075 2963 3055
f 3075 3055 3107
f 3074 2961 2963
f 3074 2963 3075
f 3160 3276 3163
f 3160 3273 3276
f 3160 3351 3273
f 3190 3355 3351
f 3190 3351 3160
f 3191 3355 3190
f 3204 3358 3355
f 3204 3355 3191
f 3209 3361 3358
f 3209 3277 3361
f 3209 3358 3204
f 3166 3277 3209
f 3165 3261 3277
f 3165 3277 3166
usemtl notch
f 3363 2885 2796
f 3363 3364 2885
f 3363 2796 3365
f 3366 3363 3365
f 3367 2796 2799
f 3367 3365 2796
f 3368 3369 3367
f 3368 3367 2799
f 3370 3364 3363
f 3370 3363 3366
f 3371 3369 3368
f 3372 3371 3368
f 3372 3364 3370
f 3372 3370 3371
f 3372 2898 2885
f 3372 2885 3364
f 2898 2796 2885
f 2898 2799 2796
f 3368 2799 2898
f 3368 2898 3372
f 3369 3373 3367
f 3369 3371 3373
f 3373 3374 3365
f 3373 3365 3367
f 3366 3365 3374
f 3366 3374 3370
f 3371 3374 3373
f 3371 3370 3374
usemtl slot
f 3375 3376 3377
f 3375 3378 3376
f 3379 3380 3381
f 3379 3381 3382
f 3379 3377 3380
f 3379 3375 3377
f 3382 3381 3376
f 3382 3376 3378
f 3381 3377 3376
f 3381 3380 3377
f 3382 3378 3375
f 3382 3375 3379
usemtl lever
f 3383 3384 3385
f 3386 3384 3383
f 3387 3384 3386
f 3387 3388 3384
f 3389 3388 3387
f 3389 3390 3388
f 3391 3390 3389
f 3391 3392 3390
f 3393 3392 3391
f 3393 3394 3392
f 3395 3394 3393
f 3395 3396 3394
f 3397 3396 3395
f 3397 3398 3396
f 3383 3398 3397
f 3383 3385 3398
f 3397 3386 3383
f 3387 3391 3389
f 3387 3397 3395
f 3393 3391 3387
f 3393 3387 3395
f 3386 3397 3387
f 3398 3385 3384
f 3388 3390 3392
f 3388 3396 3398
f 3394 3388 3392
f 3394 3396 3388
f 3384 3388 3398
usemtl tab
f 3399 3400 3401
f 3399 3402 3400
f 3403 3404 3405
f 3403 3405 3406
f 3403 3406 3407
f 3403 3407 3408
f 3403 3408 3409
f 3401 3410 3411
f 3401 3411 3412
f 3401 3412 3413
f 3401 3413 3404
f 3401 3404 3403
f 3414 3415 3399
f 3416 3414 3399
f 3417 3416 3399
f 3418 3419 3420
f 3421 3420 3417
f 3421 3418 3420
f 3422 3399 3401
f 3422 3423 3421
f 3422 3424 3423
f 3422 3401 3403
f 3422 3421 3417
f 3422 3417 3399
f 3425 3422 3403
f 3426 3425 3427
f 3428 3425 3426
f 3429 3425 3428
f 3430 3425 3429
f 3431 3425 3430
f 3432 3425 3431
f 3433 3425 3432
f 3433 3432 3434
f 3435 3425 3433
f 3435 3433 3436
f 3437 3422 3425
f 3438 3425 3435
f 3438 3437 3425
f 3439 3440 3437
f 3441 3437 3438
f 3441 3439 3437
f 3442 3438 3443
f 3442 3441 3438
f 3444 3443 3445
f 3444 3445 3446
f 3447 3444 3448
f 3447 3443 3444
f 3447 3442 3443
f 3449 3410 3401
f 3449 3401 3400
f 3450 3411 3410
f 3450 3410 3449
f 3451 3412 3411
f 3451 3411 3450
f 3452 3413 3412
f 3452 3412 3451
f 3453 3404 3413
f 3453 3413 3452
f 3454 3405 3404
f 3454 3404 3453
f 3455 3406 3405
f 3455 3405 3454
f 3456 3407 3406
f 3456 3406 3455
f 3457 3408 3407
f 3457 3407 3456
f 3458 3409 3408
f 3458 3403 3409
f 3458 3408 3457
f 3459 3403 3458
f 3460 3399 3415
f 3460 3402 3399
f 3461 3415 3414
f 3461 3460 3415
f 3462 3414 3416
f 3462 3461 3414
f 3463 3416 3417
f 3463 3462 3416
f 3464 3417 3420
f 3464 3463 3417
f 3465 3420 3419
f 3465 3464 3420
f 3466 3419 3418
f 3466 3465 3419
f 3467 3418 3421
f 3467 3466 3418
f 3468 3421 3423
f 3468 3467 3421
f 3469 3423 3424
f 3469 3424 3422
f 3469 3468 3423
f 3470 3469 3422
f 3459 3454 3453
f 3459 3455 3454
f 3459 3456 3455
f 3459 3457 3456
f 3459 3458 3457
f 3400 3450 3449
f 3400 3451 3450
f 3400 3452 3451
f 3400 3453 3452
f 3400 3459 3453
f 3461 3402 3460
f 3462 3402 3461
f 3463 3402 3462
f 3466 3464 3465
f 3467 3463 3464
f 3467 3464 3466
f 3470 3400 3402
f 3470 3467 3468
f 3470 3468 3469
f 3470 3459 3400
f 3470 3463 3467
f 3470 3402 3463
f 3471 3459 3470
f 3472 3473 3471
f 3474 3472 3471
f 3475 3474 3471
f 3476 3475 3471
f 3477 3476 3471
f 3478 3477 3471
f 3479 3478 3471
f 3479 3480 3478
f 3481 3479 3471
f 3481 3482 3479
f 3483 3471 3470
f 3484 3481 3471
f 3484 3471 3483
f 3485 3483 3486
f 3487 3484 3483
f 3487 3483 3485
f 3488 3489 3484
f 3488 3484 3487
f 3490 3491 3489
f 3490 3492 3491
f 3493 3494 3490
f 3493 3490 3489
f 3493 3489 3488
f 3471 3403 3459
f 3471 3425 3403
f 3482 3435 3436
f 3482 3481 3435
f 3479 3436 3433
f 3479 3482 3436
f 3480 3433 3434
f 3480 3479 3433
f 3478 3434 3432
f 3478 3480 3434
f 3477 3432 3431
f 3477 3478 3432
f 3476 3431 3430
f 3476 3477 3431
f 3475 3430 3429
f 3475 3476 3430
f 3474 3429 3428
f 3474 3475 3429
f 3472 3428 3426
f 3472 3474 3428
f 3473 3426 3427
f 3473 3427 3425
f 3473 3472 3426
f 3471 3473 3425
f 3438 3435 3481
f 3438 3481 3484
f 3489 3443 3438
f 3489 3438 3484
f 3491 3445 3443
f 3491 3443 3489
f 3492 3446 3445
f 3492 3445 3491
f 3490 3444 3446
f 3490 3446 3492
f 3494 3448 3444
f 3494 3444 3490
f 3493 3447 3448
f 3493 3448 3494
f 3488 3442 3447
f 3488 3447 3493
f 3487 3441 3442
f 3487 3442 3488
f 3485 3439 3441
f 3485 3441 3487
f 3486 3440 3439
f 3486 3437 3440
f 3486 3439 3485
f 3483 3437 3486
f 3483 3470 3422
f 3483 3422 3437
usemtl lamp
f 3495 3496 3497
f 3495 3498 3496
f 3499 3498 3495
f 3499 3500 3498
f 3501 3500 3499
f 3501 3502 3500
f 3497 3502 3501
f 3497 3496 3502
f 3495 3501 3499
f 3495 3497 3501
f 3498 3500 3502
f 3498 3502 3496
usemtl rb0
f 3503 3504 3505
f 3503 3506 3504
f 3507 3508 3509
f 3507 3509 3510
f 3507 3505 3508
f 3507 3503 3505
f 3510 3509 3504
f 3510 3504 3506
f 3509 3505 3504
f 3509 3508 3505
f 3510 3506 3503
f 3510 3503 3507
usemtl rb1
f 3506 3511 3504
f 3506 3512 3511
f 3510 3509 3513
f 3510 3513 3514
f 3510 3504 3509
f 3510 3506 3504
f 3514 3513 3511
f 3514 3511 3512
f 3513 3504 3511
f 3513 3509 3504
f 3514 3512 3506
f 3514 3506 3510
usemtl rb2
f 3512 3515 3511
f 3512 3516 3515
f 3514 3513 3517
f 3514 3517 3518
f 3514 3511 3513
f 3514 3512 3511
f 3518 3517 3515
f 3518 3515 3516
f 3517 3511 3515
f 3517 3513 3511
f 3518 3516 3512
f 3518 3512 3514
usemtl rb3
f 3516 3519 3515
f 3516 3520 3519
f 3518 3517 3521
f 3518 3521 3522
f 3518 3515 3517
f 3518 3516 3515
f 3522 3521 3519
f 3522 3519 3520
f 3521 3515 3519
f 3521 3517 3515
f 3522 3520 3516
f 3522 3516 3518
usemtl rb4
f 3520 3523 3519
f 3520 3524 3523
f 3522 3521 3525
f 3522 3525 3526
f 3522 3519 3521
f 3522 3520 3519
f 3526 3525 3523
f 3526 3523 3524
f 3525 3519 3523
f 3525 3521 3519
f 3526 3524 3520
f 3526 3520 3522
usemtl rb5
f 3524 3527 3523
f 3524 3528 3527
f 3526 3525 3529
f 3526 3529 3530
f 3526 3523 3525
f 3526 3524 3523
f 3530 3529 3527
f 3530 3527 3528
f 3529 3523 3527
f 3529 3525 3523
f 3530 3528 3524
f 3530 3524 3526
usemtl pad_front_19
f 3531 3532 3533
f 3531 3533 3534
f 3535 3534 3536
f 3535 3531 3534
f 3537 3536 3538
f 3537 3535 3536
f 3539 3537 3538
f 3539 3538 3540
f 3541 3539 3540
f 3541 3540 3542
f 3541 3542 3543
f 3544 3541 3543
f 3545 3544 3543
f 3545 3543 3546
f 3547 3545 3546
f 3547 3546 3548
f 3549 3547 3548
f 3549 3548 3550
f 3551 3549 3550
f 3551 3550 3552
f 3553 3551 3552
f 3553 3552 3554
f 3555 3553 3554
f 3555 3554 3556
f 3557 3555 3556
f 3557 3556 3558
f 3557 3558 3559
f 3560 3557 3559
f 3560 3559 3561
f 3562 3560 3561
f 3563 3562 3561
f 3563 3561 3564
f 3563 3564 3565
f 3566 3563 3565
f 3567 3565 3568
f 3567 3568 3569
f 3567 3566 3565
f 3570 3567 3569
f 3571 3569 3572
f 3571 3570 3569
f 3573 3572 3574
f 3573 3574 3575
f 3573 3571 3572
f 3576 3575 3577
f 3576 3573 3575
f 3578 3576 3577
f 3579 3577 3580
f 3579 3578 3577
f 3581 3580 3582
f 3581 3579 3580
f 3583 3582 3584
f 3583 3584 3585
f 3583 3581 3582
f 3586 3585 3587
f 3586 3583 3585
f 3588 3586 3587
f 3589 3588 3587
f 3589 3587 3590
f 3591 3589 3590
f 3591 3590 3592
f 3593 3591 3592
f 3593 3592 3594
f 3595 3593 3594
f 3595 3594 3596
f 3595 3596 3597
f 3598 3595 3597
f 3598 3597 3599
f 3600 3598 3599
f 3601 3600 3599
f 3601 3599 3602
f 3603 3601 3602
f 3603 3602 3604
f 3605 3603 3604
f 3605 3604 3606
f 3607 3605 3606
f 3607 3606 3608
f 3609 3607 3608
f 3609 3608 3610
f 3611 3609 3610
f 3611 3610 3612
f 3613 3611 3612
f 3613 3612 3614
f 3532 3613 3614
f 3532 3614 3533
f 3576 3578 3579
f 3576 3579 3581
f 3576 3581 3583
f 3576 3583 3586
f 3595 3588 3589
f 3595 3589 3591
f 3595 3591 3593
f 3600 3595 3598
f 3563 3566 3567
f 3563 3567 3570
f 3563 3570 3571
f 3563 3571 3573
f 3563 3573 3576
f 3605 3600 3601
f 3605 3601 3603
f 3607 3600 3605
f 3557 3560 3562
f 3557 3562 3563
f 3557 3586 3588
f 3557 3563 3576
f 3557 3576 3586
f 3557 3588 3595
f 3557 3595 3600
f 3553 3555 3557
f 3531 3613 3532
f 3535 3613 3531
f 3535 3607 3609
f 3535 3609 3611
f 3535 3611 3613
f 3547 3549 3551
f 3539 3535 3537
f 3544 3545 3547
f 3544 3547 3551
f 3541 3551 3553
f 3541 3607 3535
f 3541 3544 3551
f 3541 3535 3539
f 3541 3600 3607
f 3541 3553 3557
f 3541 3557 3600
f 3575 3580 3577
f 3575 3582 3580
f 3575 3584 3582
f 3575 3585 3584
f 3596 3590 3587
f 3596 3592 3590
f 3596 3594 3592
f 3599 3597 3596
f 3564 3568 3565
f 3564 3569 3568
f 3564 3572 3569
f 3564 3574 3572
f 3564 3575 3574
f 3606 3602 3599
f 3606 3604 3602
f 3608 3606 3599
f 3558 3561 3559
f 3558 3564 3561
f 3558 3587 3585
f 3558 3575 3564
f 3558 3585 3575
f 3558 3596 3587
f 3558 3599 3596
f 3554 3558 3556
f 3534 3533 3614
f 3536 3534 3614
f 3536 3610 3608
f 3536 3612 3610
f 3536 3614 3612
f 3548 3552 3550
f 3540 3538 3536
f 3543 3548 3546
f 3543 3552 3548
f 3542 3554 3552
f 3542 3536 3608
f 3542 3552 3543
f 3542 3540 3536
f 3542 3608 3599
f 3542 3558 3554
f 3542 3599 3558
usemtl pad_front_133
f 3615 3616 3617
f 3615 3617 3618
f 3619 3618 3620
f 3619 3615 3618
f 3621 3620 3622
f 3621 3619 3620
f 3623 3621 3622
f 3623 3622 3624
f 3625 3623 3624
f 3625 3624 3626
f 3625 3626 3627
f 3628 3625 3627
f 3629 3628 3627
f 3629 3627 3630
f 3631 3629 3630
f 3631 3630 3632
f 3633 3631 3632
f 3633 3632 3634
f 3635 3633 3634
f 3635 3634 3636
f 3637 3635 3636
f 3637 3636 3638
f 3639 3637 3638
f 3639 3638 3640
f 3641 3639 3640
f 3641 3640 3642
f 3641 3642 3643
f 3644 3641 3643
f 3644 3643 3645
f 3646 3644 3645
f 3647 3646 3645
f 3647 3645 3648
f 3647 3648 3649
f 3650 3647 3649
f 3651 3649 3652
f 3651 3652 3653
f 3651 3650 3649
f 3654 3651 3653
f 3655 3653 3656
f 3655 3654 3653
f 3657 3656 3658
f 3657 3658 3659
f 3657 3655 3656
f 3660 3659 3661
f 3660 3657 3659
f 3662 3660 3661
f 3663 3661 3664
f 3663 3662 3661
f 3665 3664 3666
f 3665 3663 3664
f 3667 3666 3668
f 3667 3668 3669
f 3667 3665 3666
f 3670 3669 3671
f 3670 3667 3669
f 3672 3670 3671
f 3673 3672 3671
f 3673 3671 3674
f 3675 3673 3674
f 3675 3674 3676
f 3677 3675 3676
f 3677 3676 3678
f 3679 3677 3678
f 3679 3678 3680
f 3679 3680 3681
f 3682 3679 3681
f 3682 3681 3683
f 3684 3682 3683
f 3685 3684 3683
f 3685 3683 3686
f 3687 3685 3686
f 3687 3686 3688
f 3689 3687 3688
f 3689 3688 3690
f 3691 3689 3690
f 3691 3690 3692
f 3693 3691 3692
f 3693 3692 3694
f 3695 3693 3694
f 3695 3694 3696
f 3697 3695 3696
f 3697 3696 3698
f 3616 3697 3698
f 3616 3698 3617
f 3660 3662 3663
f 3660 3663 3665
f 3660 3665 3667
f 3660 3667 3670
f 3679 3672 3673
f 3679 3673 3675
f 3679 3675 3677
f 3684 3679 3682
f 3647 3650 3651
f 3647 3651 3654
f 3647 3654 3655
f 3647 3655 3657
f 3647 3657 3660
f 3689 3684 3685
f 3689 3685 3687
f 3691 3684 3689
f 3641 3644 3646
f 3641 3646 3647
f 3641 3670 3672
f 3641 3647 3660
f 3641 3660 3670
f 3641 3672 3679
f 3641 3679 3684
f 3637 3639 3641
f 3615 3697 3616
f 3619 3697 3615
f 3619 3691 3693
f 3619 3693 3695
f 3619 3695 3697
f 3631 3633 3635
f 3623 3619 3621
f 3628 3629 3631
f 3628 3631 3635
f 3625 3635 3637
f 3625 3691 3619
f 3625 3628 3635
f 3625 3619 3623
f 3625 3684 3691
f 3625 3637 3641
f 3625 3641 3684
f 3659 3664 3661
f 3659 3666 3664
f 3659 3668 3666
f 3659 3669 3668
f 3680 3674 3671
f 3680 3676 3674
f 3680 3678 3676
f 3683 3681 3680
f 3648 3652 3649
f 3648 3653 3652
f 3648 3656 3653
f 3648 3658 3656
f 3648 3659 3658
f 3690 3686 3683
f 3690 3688 3686
f 3692 3690 3683
f 3642 3645 3643
f 3642 3648 3645
f 3642 3671 3669
f 3642 3659 3648
f 3642 3669 3659
f 3642 3680 3671
f 3642 3683 3680
f 3638 3642 3640
f 3618 3617 3698
f 3620 3618 3698
f 3620 3694 3692
f 3620 3696 3694
f 3620 3698 3696
f 3632 3636 3634
f 3624 3622 3620
f 3627 3632 3630
f 3627 3636 3632
f 3626 3638 3636
f 3626 3620 3692
f 3626 3636 3627
f 3626 3624 3620
f 3626 3692 3683
f 3626 3642 3638
f 3626 3683 3642
usemtl foot_front
f 3699 3700 3701
f 3702 3703 3704
f 3702 3704 3700
f 3702 3700 3699
f 3705 3699 3706
f 3705 3706 3707
f 3708 3709 3710
f 3708 3710 3702
f 3711 3705 3712
f 3711 3699 3705
f 3711 3702 3699
f 3711 3708 3702
f 3713 3714 3715
f 3713 3715 3711
f 3716 3717 3713
f 3718 3716 3713
f 3719 3720 3718
f 3719 3713 3711
f 3719 3711 3712
f 3719 3718 3713
f 3721 3722 3723
f 3724 3721 3725
f 3726 3724 3727
f 3728 3724 3726
f 3728 3722 3721
f 3728 3721 3724
f 3729 3712 3722
f 3729 3719 3712
f 3730 3731 3732
f 3730 3732 3733
f 3734 3735 3729
f 3736 3731 3730
f 3736 3730 3737
f 3738 3734 3729
f 3739 3731 3736
f 3740 3738 3729
f 3741 3728 3731
f 3741 3731 3739
f 3742 3722 3728
f 3742 3729 3722
f 3742 3740 3729
f 3742 3728 3741
f 3720 3719 3743
f 3720 3743 3744
f 3718 3744 3745
f 3718 3720 3744
f 3716 3745 3746
f 3716 3718 3745
f 3717 3746 3747
f 3717 3716 3746
f 3713 3747 3748
f 3713 3717 3747
f 3714 3748 3749
f 3714 3749 3750
f 3714 3713 3748
f 3715 3714 3750
f 3711 3750 3751
f 3711 3751 3752
f 3711 3715 3750
f 3708 3711 3752
f 3709 3752 3753
f 3709 3708 3752
f 3710 3753 3754
f 3710 3709 3753
f 3702 3754 3755
f 3702 3710 3754
f 3703 3702 3755
f 3703 3755 3756
f 3703 3756 3757
f 3704 3703 3757
f 3700 3704 3757
f 3700 3757 3758
f 3701 3700 3758
f 3701 3758 3759
f 3699 3701 3759
f 3699 3759 3760
f 3706 3699 3760
f 3706 3760 3761
f 3707 3706 3761
f 3707 3761 3762
f 3705 3707 3762
f 3705 3762 3763
f 3712 3705 3763
f 3712 3763 3764
f 3760 3759 3758
f 3755 3757 3756
f 3755 3758 3757
f 3755 3760 3758
f 3763 3761 3760
f 3763 3762 3761
f 3752 3754 3753
f 3752 3755 3754
f 3751 3764 3763
f 3751 3763 3760
f 3751 3760 3755
f 3751 3755 3752
f 3748 3750 3749
f 3748 3751 3750
f 3746 3748 3747
f 3745 3748 3746
f 3743 3745 3744
f 3743 3751 3748
f 3743 3764 3751
f 3743 3748 3745
f 3765 3766 3767
f 3765 3767 3768
f 3769 3770 3765
f 3769 3765 3768
f 3771 3769 3768
f 3771 3772 3769
f 3773 3771 3768
f 3774 3768 3764
f 3774 3764 3743
f 3775 3776 3777
f 3775 3777 3773
f 3778 3774 3779
f 3780 3781 3775
f 3780 3775 3773
f 3782 3780 3773
f 3783 3778 3784
f 3783 3774 3778
f 3785 3773 3768
f 3785 3786 3782
f 3785 3768 3774
f 3785 3782 3773
f 3785 3774 3783
f 3774 3743 3719
f 3729 3774 3719
f 3722 3768 3767
f 3723 3767 3766
f 3723 3722 3767
f 3721 3766 3765
f 3721 3723 3766
f 3725 3721 3765
f 3724 3770 3769
f 3724 3765 3770
f 3724 3725 3765
f 3727 3769 3772
f 3727 3724 3769
f 3726 3727 3772
f 3728 3772 3771
f 3728 3726 3772
f 3731 3773 3777
f 3731 3771 3773
f 3731 3728 3771
f 3732 3731 3777
f 3733 3777 3776
f 3733 3732 3777
f 3730 3776 3775
f 3730 3733 3776
f 3737 3775 3781
f 3737 3730 3775
f 3736 3737 3781
f 3736 3781 3780
f 3739 3736 3780
f 3739 3780 3782
f 3741 3782 3786
f 3741 3739 3782
f 3742 3741 3786
f 3742 3786 3785
f 3740 3785 3783
f 3740 3742 3785
f 3738 3783 3784
f 3738 3740 3783
f 3734 3784 3778
f 3734 3738 3784
f 3735 3779 3774
f 3735 3778 3779
f 3735 3734 3778
f 3729 3735 3774
f 3768 3712 3764
f 3722 3712 3768
usemtl pad_rear_19
f 3787 3788 3789
f 3787 3789 3790
f 3791 3790 3792
f 3791 3787 3790
f 3793 3792 3794
f 3793 3791 3792
f 3795 3793 3794
f 3795 3794 3796
f 3797 3795 3796
f 3797 3796 3798
f 3797 3798 3799
f 3800 3797 3799
f 3801 3800 3799
f 3801 3799 3802
f 3803 3801 3802
f 3803 3802 3804
f 3805 3803 3804
f 3805 3804 3806
f 3807 3805 3806
f 3807 3806 3808
f 3809 3807 3808
f 3809 3808 3810
f 3811 3809 3810
f 3811 3810 3812
f 3813 3811 3812
f 3813 3812 3814
f 3813 3814 3815
f 3816 3813 3815
f 3816 3815 3817
f 3818 3816 3817
f 3819 3818 3817
f 3819 3817 3820
f 3819 3820 3821
f 3822 3819 3821
f 3823 3821 3824
f 3823 3824 3825
f 3823 3822 3821
f 3826 3823 3825
f 3827 3825 3828
f 3827 3826 3825
f 3829 3828 3830
f 3829 3830 3831
f 3829 3827 3828
f 3832 3831 3833
f 3832 3829 3831
f 3834 3832 3833
f 3835 3833 3836
f 3835 3834 3833
f 3837 3836 3838
f 3837 3835 3836
f 3839 3838 3840
f 3839 3840 3841
f 3839 3837 3838
f 3842 3841 3843
f 3842 3839 3841
f 3844 3842 3843
f 3845 3844 3843
f 3845 3843 3846
f 3847 3845 3846
f 3847 3846 3848
f 3849 3847 3848
f 3849 3848 3850
f 3851 3849 3850
f 3851 3850 3852
f 3851 3852 3853
f 3854 3851 3853
f 3854 3853 3855
f 3856 3854 3855
f 3857 3856 3855
f 3857 3855 3858
f 3859 3857 3858
f 3859 3858 3860
f 3861 3859 3860
f 3861 3860 3862
f 3863 3861 3862
f 3863 3862 3864
f 3865 3863 3864
f 3865 3864 3866
f 3867 3865 3866
f 3867 3866 3868
f 3869 3867 3868
f 3869 3868 3870
f 3788 3869 3870
f 3788 3870 3789
f 3832 3834 3835
f 3832 3835 3837
f 3832 3837 3839
f 3832 3839 3842
f 3851 3844 3845
f 3851 3845 3847
f 3851 3847 3849
f 3856 3851 3854
f 3819 3822 3823
f 3819 3823 3826
f 3819 3826 3827
f 3819 3827 3829
f 3819 3829 3832
f 3861 3856 3857
f 3861 3857 3859
f 3863 3856 3861
f 3813 3816 3818
f 3813 3818 3819
f 3813 3842 3844
f 3813 3819 3832
f 3813 3832 3842
f 3813 3844 3851
f 3813 3851 3856
f 3809 3811 3813
f 3787 3869 3788
f 3791 3869 3787
f 3791 3863 3865
f 3791 3865 3867
f 3791 3867 3869
f 3803 3805 3807
f 3795 3791 3793
f 3800 3801 3803
f 3800 3803 3807
f 3797 3807 3809
f 3797 3863 3791
f 3797 3800 3807
f 3797 3791 3795
f 3797 3856 3863
f 3797 3809 3813
f 3797 3813 3856
f 3831 3836 3833
f 3831 3838 3836
f 3831 3840 3838
f 3831 3841 3840
f 3852 3846 3843
f 3852 3848 3846
f 3852 3850 3848
f 3855 3853 3852
f 3820 3824 3821
f 3820 3825 3824
f 3820 3828 3825
f 3820 3830 3828
f 3820 3831 3830
f 3862 3858 3855
f 3862 3860 3858
f 3864 3862 3855
f 3814 3817 3815
f 3814 3820 3817
f 3814 3843 3841
f 3814 3831 3820
f 3814 3841 3831
f 3814 3852 3843
f 3814 3855 3852
f 3810 3814 3812
f 3790 3789 3870
f 3792 3790 3870
f 3792 3866 3864
f 3792 3868 3866
f 3792 3870 3868
f 3804 3808 3806
f 3796 3794 3792
f 3799 3804 3802
f 3799 3808 3804
f 3798 3810 3808
f 3798 3792 3864
f 3798 3808 3799
f 3798 3796 3792
f 3798 3864 3855
f 3798 3814 3810
f 3798 3855 3814
usemtl pad_rear_133
f 3871 3872 3873
f 3871 3873 3874
f 3875 3874 3876
f 3875 3871 3874
f 3877 3876 3878
f 3877 3875 3876
f 3879 3877 3878
f 3879 3878 3880
f 3881 3879 3880
f 3881 3880 3882
f 3881 3882 3883
f 3884 3881 3883
f 3885 3884 3883
f 3885 3883 3886
f 3887 3885 3886
f 3887 3886 3888
f 3889 3887 3888
f 3889 3888 3890
f 3891 3889 3890
f 3891 3890 3892
f 3893 3891 3892
f 3893 3892 3894
f 3895 3893 3894
f 3895 3894 3896
f 3897 3895 3896
f 3897 3896 3898
f 3897 3898 3899
f 3900 3897 3899
f 3900 3899 3901
f 3902 3900 3901
f 3903 3902 3901
f 3903 3901 3904
f 3903 3904 3905
f 3906 3903 3905
f 3907 3905 3908
f 3907 3908 3909
f 3907 3906 3905
f 3910 3907 3909
f 3911 3909 3912
f 3911 3910 3909
f 3913 3912 3914
f 3913 3914 3915
f 3913 3911 3912
f 3916 3915 3917
f 3916 3913 3915
f 3918 3916 3917
f 3919 3917 3920
f 3919 3918 3917
f 3921 3920 3922
f 3921 3919 3920
f 3923 3922 3924
f 3923 3924 3925
f 3923 3921 3922
f 3926 3925 3927
f 3926 3923 3925
f 3928 3926 3927
f 3929 3928 3927
f 3929 3927 3930
f 3931 3929 3930
f 3931 3930 3932
f 3933 3931 3932
f 3933 3932 3934
f 3935 3933 3934
f 3935 3934 3936
f 3935 3936 3937
f 3938 3935 3937
f 3938 3937 3939
f 3940 3938 3939
f 3941 3940 3939
f 3941 3939 3942
f 3943 3941 3942
f 3943 3942 3944
f 3945 3943 3944
f 3945 3944 3946
f 3947 3945 3946
f 3947 3946 3948
f 3949 3947 3948
f 3949 3948 3950
f 3951 3949 3950
f 3951 3950 3952
f 3953 3951 3952
f 3953 3952 3954
f 3872 3953 3954
f 3872 3954 3873
f 3916 3918 3919
f 3916 3919 3921
f 3916 3921 3923
f 3916 3923 3926
f 3935 3928 3929
f 3935 3929 3931
f 3935 3931 3933
f 3940 3935 3938
f 3903 3906 3907
f 3903 3907 3910
f 3903 3910 3911
f 3903 3911 3913
f 3903 3913 3916
f 3945 3940 3941
f 3945 3941 3943
f 3947 3940 3945
f 3897 3900 3902
f 3897 3902 3903
f 3897 3926 3928
f 3897 3903 3916
f 3897 3916 3926
f 3897 3928 3935
f 3897 3935 3940
f 3893 3895 3897
f 3871 3953 3872
f 3875 3953 3871
f 3875 3947 3949
f 3875 3949 3951
f 3875 3951 3953
f 3887 3889 3891
f 3879 3875 3877
f 3884 3885 3887
f 3884 3887 3891
f 3881 3891 3893
f 3881 3947 3875
f 3881 3884 3891
f 3881 3875 3879
f 3881 3940 3947
f 3881 3893 3897
f 3881 3897 3940
f 3915 3920 3917
f 3915 3922 3920
f 3915 3924 3922
f 3915 3925 3924
f 3936 3930 3927
f 3936 3932 3930
f 3936 3934 3932
f 3939 3937 3936
f 3904 3908 3905
f 3904 3909 3908
f 3904 3912 3909
f 3904 3914 3912
f 3904 3915 3914
f 3946 3942 3939
f 3946 3944 3942
f 3948 3946 3939
f 3898 3901 3899
f 3898 3904 3901
f 3898 3927 3925
f 3898 3915 3904
f 3898 3925 3915
f 3898 3936 3927
f 3898 3939 3936
f 3894 3898 3896
f 3874 3873 3954
f 3876 3874 3954
f 3876 3950 3948
f 3876 3952 3950
f 3876 3954 3952
f 3888 3892 3890
f 3880 3878 3876
f 3883 3888 3886
f 3883 3892 3888
f 3882 3894 3892
f 3882 3876 3948
f 3882 3892 3883
f 3882 3880 3876
f 3882 3948 3939
f 3882 3898 3894
f 3882 3939 3898
usemtl foot_rear
f 3955 3956 3957
f 3958 3959 3960
f 3961 3960 3956
f 3961 3958 3960
f 3962 3963 3964
f 3962 3964 3965
f 3966 3967 3961
f 3968 3969 3966
f 3968 3956 3955
f 3968 3966 3961
f 3968 3961 3956
f 3970 3971 3972
f 3970 3972 3973
f 3970 3973 3968
f 3974 3968 3955
f 3974 3970 3968
f 3975 3976 3974
f 3975 3955 3963
f 3975 3963 3962
f 3975 3974 3955
f 3977 3978 3979
f 3980 3978 3977
f 3981 3980 3982
f 3983 3980 3981
f 3983 3981 3984
f 3983 3984 3985
f 3983 3978 3980
f 3986 3978 3983
f 3987 3962 3978
f 3987 3975 3962
f 3988 3978 3986
f 3988 3986 3989
f 3990 3987 3978
f 3991 3992 3990
f 3993 3988 3994
f 3993 3994 3995
f 3993 3990 3978
f 3993 3991 3990
f 3993 3978 3988
f 3996 3995 3997
f 3996 3997 3998
f 3996 3993 3995
f 3976 3975 3999
f 3976 3999 4000
f 3974 4000 4001
f 3974 3976 4000
f 3970 4001 4002
f 3970 3974 4001
f 3971 4002 4003
f 3971 3970 4002
f 3972 4003 4004
f 3972 3971 4003
f 3973 4004 4005
f 3973 4005 4006
f 3973 3972 4004
f 3968 3973 4006
f 3969 4006 4007
f 3969 4007 4008
f 3969 3968 4006
f 3966 3969 4008
f 3967 4008 4009
f 3967 3966 4008
f 3961 4009 4010
f 3961 3967 4009
f 3958 4010 4011
f 3958 3961 4010
f 3959 3958 4011
f 3959 4011 4012
f 3959 4012 4013
f 3960 3959 4013
f 3956 3960 4013
f 3956 4013 4014
f 3957 3956 4014
f 3957 4014 4015
f 3955 3957 4015
f 3955 4015 4016
f 3963 3955 4016
f 3963 4016 4017
f 3964 3963 4017
f 3964 4017 4018
f 3965 3964 4018
f 3965 4018 4019
f 3962 3965 4019
f 3962 4019 4020
f 4016 4015 4014
f 4011 4013 4012
f 4010 4014 4013
f 4010 4013 4011
f 4020 4018 4017
f 4020 4019 4018
f 4008 4010 4009
f 4006 4008 4007
f 4006 4016 4014
f 4006 4010 4008
f 4006 4014 4010
f 4002 4004 4003
f 4002 4005 4004
f 4002 4006 4005
f 4001 4016 4006
f 4001 4006 4002
f 3999 4001 4000
f 3999 4017 4016
f 3999 4020 4017
f 3999 4016 4001
f 4021 4022 4023
f 4024 4021 4023
f 4025 4026 4027
f 4025 4027 4024
f 4028 4025 4024
f 4028 4029 4025
f 4030 4028 4024
f 4030 4024 4023
f 4031 4023 4020
f 4031 4020 3999
f 4032 4030 4023
f 4032 4033 4034
f 4032 4034 4030
f 4035 4031 4036
f 4035 4023 4031
f 4037 4023 4035
f 4038 4039 4032
f 4038 4032 4023
f 4038 4023 4037
f 4040 4041 4042
f 4040 4042 4039
f 4040 4039 4038
f 4031 3999 3975
f 3987 4031 3975
f 3978 4023 4022
f 3979 4022 4021
f 3979 3978 4022
f 3977 4021 4024
f 3977 3979 4021
f 3980 3977 4024
f 3982 4027 4026
f 3982 4024 4027
f 3982 3980 4024
f 3981 4026 4025
f 3981 3982 4026
f 3984 3981 4025
f 3985 4025 4029
f 3985 3984 4025
f 3983 4028 4030
f 3983 4029 4028
f 3983 3985 4029
f 3986 3983 4030
f 3989 4030 4034
f 3989 3986 4030
f 3988 4034 4033
f 3988 3989 4034
f 3994 4033 4032
f 3994 3988 4033
f 3995 3994 4032
f 3995 4032 4039
f 3997 3995 4039
f 3997 4039 4042
f 3998 4042 4041
f 3998 3997 4042
f 3996 3998 4041
f 3996 4041 4040
f 3993 4040 4038
f 3993 3996 4040
f 3991 4038 4037
f 3991 3993 4038
f 3992 4037 4035
f 3992 3991 4037
f 3990 4036 4031
f 3990 4035 4036
f 3990 3992 4035
f 3987 3990 4031
f 4023 3962 4020
f 3978 3962 4023
