mtllib Monitor2.mtl
v -0 0 286
v -0 348 6
v -0 0 6
v -0 348 286
v 1.3619 0 2.1936
v 1.5543 0 1.9706
v 1.7574 0 1.7574
v 2.9154 0 0.8536
v 2.1936 0 1.3619
v 2.4258 0 1.1808
v 2.6666 0 1.0112
v 3.1716 0 0.7085
v 0.5761 0 3.4347
v 0.7085 0 3.1716
v 0.8536 0 2.9154
v 3.7039 0 0.4567
v 1.0112 0 2.6666
v 1.1808 0 2.4258
v 1.9706 0 1.5543
v 3.4347 0 0.5761
v 4.2583 0 0.2584
v 3.9787 0 0.3507
v 0.1798 0 4.5421
v 0.2584 0 4.2583
v 0.3507 0 3.9787
v 0.4567 0 3.7039
v 4.8295 0 0.1153
v 4.5421 0 0.1798
v 0.1153 0 4.8295
v 0.0072 0 5.7056
v 0.0289 0 5.4119
v 0.0649 0 5.1196
v 6 0 -0
v 5.1196 0 0.0649
v 5.4119 0 0.0289
v 5.7056 0 0.0072
v 19 0 19
v 0.0289 0 286.588
v 0.0072 0 286.294
v 0.0649 0 286.88
v 0.2584 0 287.742
v 0.1798 0 287.458
v 0.1153 0 287.171
v 0.3507 0 288.021
v 0.4567 0 288.296
v 0.7085 0 288.828
v 0.5761 0 288.565
v 1.0112 0 289.333
v 0.8536 0 289.085
v 272 0 19
v 291 0 0
v 1.3619 0 289.806
v 1.1808 0 289.574
v 1.7574 0 290.243
v 1.5543 0 290.029
v 19 0 273
v 1.9706 0 290.446
v 2.6666 0 290.989
v 2.4258 0 290.819
v 2.1936 0 290.638
v 2.9154 0 291.146
v 3.1716 0 291.291
v 3.9787 0 291.649
v 3.4347 0 291.424
v 3.7039 0 291.543
v 4.5421 0 291.82
v 4.2583 0 291.742
v 5.1196 0 291.935
v 4.8295 0 291.885
v 5.4119 0 291.971
v 6 0 292
v 5.7056 0 291.993
v 272 0 273
v 291 0 292
v 0.0072 348 5.7056
v 0.0289 348 5.4119
v 0.0649 348 5.1196
v 0.1153 348 4.8295
v 0.1798 348 4.5421
v 0.2584 348 4.2583
v 0.3507 348 3.9787
v 0.4567 348 3.7039
v 0.5761 348 3.4347
v 0.7085 348 3.1716
v 0.8536 348 2.9154
v 1.0112 348 2.6666
v 1.1808 348 2.4258
v 1.3619 348 2.1936
v 1.5543 348 1.9706
v 1.7574 348 1.7574
v 1.9706 348 1.5543
v 2.1936 348 1.3619
v 2.4258 348 1.1808
v 2.6666 348 1.0112
v 2.9154 348 0.8536
v 3.1716 348 0.7085
v 3.4347 348 0.5761
v 3.7039 348 0.4567
v 3.9787 348 0.3507
v 4.2583 348 0.2584
v 4.5421 348 0.1798
v 4.8295 348 0.1153
v 5.1196 348 0.0649
v 5.4119 348 0.0289
v 5.7056 348 0.0072
v 6 348 -0
v 0.0072 348 286.294
v 0.0289 348 286.588
v 0.0649 348 286.88
v 0.1153 348 287.171
v 0.1798 348 287.458
v 0.2584 348 287.742
v 0.3507 348 288.021
v 0.4567 348 288.296
v 0.5761 348 288.565
v 0.7085 348 288.828
v 0.8536 348 289.085
v 1.0112 348 289.333
v 1.1808 348 289.574
v 1.3619 348 289.806
v 1.5543 348 290.029
v 1.7574 348 290.243
v 1.9706 348 290.446
v 2.1936 348 290.638
v 2.4258 348 290.819
v 2.6666 348 290.989
v 2.9154 348 291.146
v 3.1716 348 291.291
v 3.4347 348 291.424
v 3.7039 348 291.543
v 3.9787 348 291.649
v 4.2583 348 291.742
v 4.5421 348 291.82
v 4.8295 348 291.885
v 5.1196 348 291.935
v 5.4119 348 291.971
v 5.7056 348 291.993
v 6 348 292
v 337.88 348 0.0649
v 337.588 348 0.0289
v 337.294 348 0.0072
v 338.171 348 0.1153
v 337 348 -0
v 338.742 348 0.2584
v 338.458 348 0.1798
v 339.296 348 0.4567
v 339.021 348 0.3507
v 339.565 348 0.5761
v 340.333 348 1.0112
v 340.085 348 0.8536
v 339.828 348 0.7085
v 340.574 348 1.1808
v 340.806 348 1.3619
v 341.029 348 1.5543
v 341.638 348 2.1936
v 341.446 348 1.9706
v 341.243 348 1.7574
v 341.819 348 2.4258
v 342.146 348 2.9154
v 341.989 348 2.6666
v 342.291 348 3.1716
v 342.424 348 3.4347
v 342.543 348 3.7039
v 342.82 348 4.5421
v 342.742 348 4.2583
v 342.649 348 3.9787
v 342.885 348 4.8295
v 342.971 348 5.4119
v 342.935 348 5.1196
v 343 348 6
v 342.993 348 5.7056
v 337 348 292
v 343 348 286
v 342.935 348 286.88
v 342.993 348 286.294
v 342.971 348 286.588
v 342.885 348 287.171
v 337.294 348 291.993
v 338.458 348 291.82
v 337.88 348 291.935
v 338.171 348 291.885
v 337.588 348 291.971
v 342.649 348 288.021
v 342.82 348 287.458
v 342.742 348 287.742
v 342.543 348 288.296
v 339.296 348 291.543
v 338.742 348 291.742
v 339.021 348 291.649
v 342.291 348 288.828
v 342.424 348 288.565
v 339.828 348 291.291
v 339.565 348 291.424
v 340.085 348 291.146
v 341.819 348 289.574
v 342.146 348 289.085
v 341.989 348 289.333
v 340.574 348 290.819
v 340.333 348 290.989
v 340.806 348 290.638
v 341.446 348 290.029
v 341.638 348 289.806
v 341.243 348 290.243
v 341.029 348 290.446
v 291 1.2 0
v 337 0 -0
v 293 0 0
v 293 1.2 0
v 291 1.2 292
v 302 0 292
v 293 1.2 292
v 293 0 292
v 302 8.5 292
v 332 8.5 292
v 332 0 292
v 337 0 292
v 272 59 273
v 19 59 273
v 19 59 19
v 272 59 19
v 343 0 6
v 342.993 0 5.7056
v 342.971 0 5.4119
v 342.935 0 5.1196
v 342.885 0 4.8295
v 342.82 0 4.5421
v 342.742 0 4.2583
v 342.649 0 3.9787
v 342.543 0 3.7039
v 342.424 0 3.4347
v 342.291 0 3.1716
v 342.146 0 2.9154
v 341.989 0 2.6666
v 341.819 0 2.4258
v 341.638 0 2.1936
v 341.446 0 1.9706
v 341.243 0 1.7574
v 341.029 0 1.5543
v 340.806 0 1.3619
v 340.574 0 1.1808
v 340.333 0 1.0112
v 340.085 0 0.8536
v 339.828 0 0.7085
v 339.565 0 0.5761
v 339.296 0 0.4567
v 339.021 0 0.3507
v 338.742 0 0.2584
v 338.458 0 0.1798
v 338.171 0 0.1153
v 337.88 0 0.0649
v 337.588 0 0.0289
v 337.294 0 0.0072
v 343 0 286
v 342.993 0 286.294
v 342.971 0 286.588
v 342.935 0 286.88
v 342.885 0 287.171
v 342.82 0 287.458
v 342.742 0 287.742
v 342.649 0 288.021
v 342.543 0 288.296
v 342.424 0 288.565
v 342.291 0 288.828
v 342.146 0 289.085
v 341.989 0 289.333
v 341.819 0 289.574
v 341.638 0 289.806
v 341.446 0 290.029
v 341.243 0 290.243
v 341.029 0 290.446
v 340.806 0 290.638
v 340.574 0 290.819
v 340.333 0 290.989
v 340.085 0 291.146
v 339.828 0 291.291
v 339.565 0 291.424
v 339.296 0 291.543
v 339.021 0 291.649
v 338.742 0 291.742
v 338.458 0 291.82
v 338.171 0 291.885
v 337.88 0 291.935
v 337.588 0 291.971
v 337.294 0 291.993
v 302 0 277
v 332 0 277
v 332 8.5 277
v 302 8.5 277
v 272 1 273
v 272 1 19
v 19 1 273
v 19 1 19
v 270.8 1 20.2
v 20.2 1 20.2
v 20.2 1 271.8
v 270.8 1 271.8
v 20.2 57.8 20.2
v 270.8 57.8 20.2
v 270.8 57.8 271.8
v 20.2 57.8 271.8
v 25 13 264
v 25 29 28
v 25 13 28
v 25 29 264
v 25.5904 13 26.2129
v 25.681 13 26.0968
v 25.7771 13 25.9853
v 25.8787 13 25.8787
v 26.3333 13 25.5056
v 26.0968 13 25.681
v 26.2129 13 25.5904
v 25.288 13 26.7173
v 25.3542 13 26.5858
v 25.4268 13 26.4577
v 26.8519 13 25.2284
v 25.9853 13 25.7771
v 26.4577 13 25.4268
v 26.5858 13 25.3542
v 26.7173 13 25.288
v 25.1292 13 27.1291
v 25.1754 13 26.9893
v 25.2284 13 26.8519
v 25.0144 13 27.7059
v 25.0325 13 27.5598
v 25.0576 13 27.4147
v 25.0899 13 27.2711
v 27.8528 13 25.0036
v 27.1291 13 25.1292
v 27.2711 13 25.0899
v 27.4147 13 25.0576
v 27.5598 13 25.0325
v 27.7059 13 25.0144
v 25.0036 13 27.8528
v 25.5056 13 26.3333
v 28 13 25
v 26.9893 13 25.1754
v 41 13 41
v 263.294 13 25.0144
v 263 13 25
v 263.147 13 25.0036
v 263.44 13 25.0325
v 263.585 13 25.0576
v 264.011 13 25.1754
v 263.729 13 25.0899
v 263.871 13 25.1292
v 25.0144 13 264.294
v 25.0036 13 264.147
v 264.148 13 25.2284
v 25.0325 13 264.44
v 25.0899 13 264.729
v 25.0576 13 264.585
v 264.542 13 25.4268
v 264.283 13 25.288
v 264.414 13 25.3542
v 264.667 13 25.5056
v 25.1754 13 265.011
v 25.1292 13 264.871
v 264.787 13 25.5904
v 25.288 13 265.283
v 25.2284 13 265.148
v 265.015 13 25.7771
v 264.903 13 25.681
v 250 13 41
v 265.121 13 25.8787
v 25.5056 13 265.667
v 25.3542 13 265.414
v 25.4268 13 265.542
v 265.223 13 25.9853
v 265.319 13 26.0968
v 25.681 13 265.903
v 25.5904 13 265.787
v 265.41 13 26.2129
v 25.8787 13 266.121
v 25.7771 13 266.015
v 41 13 251
v 265.573 13 26.4577
v 265.494 13 26.3333
v 25.9853 13 266.223
v 26.0968 13 266.319
v 265.772 13 26.8519
v 265.646 13 26.5858
v 265.712 13 26.7173
v 265.825 13 26.9893
v 26.4577 13 266.573
v 26.3333 13 266.494
v 26.2129 13 266.41
v 265.91 13 27.2711
v 265.871 13 27.1291
v 26.5858 13 266.646
v 26.7173 13 266.712
v 265.967 13 27.5598
v 265.942 13 27.4147
v 265.986 13 27.7059
v 265.996 13 27.8528
v 27.1291 13 266.871
v 26.8519 13 266.772
v 26.9893 13 266.825
v 266 13 28
v 27.2711 13 266.91
v 27.4147 13 266.942
v 27.5598 13 266.967
v 28 13 267
v 27.7059 13 266.986
v 27.8528 13 266.996
v 250 13 251
v 263 13 267
v 266 13 264
v 265.967 13 264.44
v 265.996 13 264.147
v 265.986 13 264.294
v 263.147 13 266.996
v 263.585 13 266.942
v 263.44 13 266.967
v 263.294 13 266.986
v 265.91 13 264.729
v 265.942 13 264.585
v 265.871 13 264.871
v 264.011 13 266.825
v 263.871 13 266.871
v 263.729 13 266.91
v 265.712 13 265.283
v 265.825 13 265.011
v 265.772 13 265.148
v 264.283 13 266.712
v 264.148 13 266.772
v 265.494 13 265.667
v 265.646 13 265.414
v 265.573 13 265.542
v 264.667 13 266.494
v 264.542 13 266.573
v 264.414 13 266.646
v 264.787 13 266.41
v 265.319 13 265.903
v 265.41 13 265.787
v 264.903 13 266.319
v 265.223 13 266.015
v 265.121 13 266.121
v 265.015 13 266.223
v 25.0036 29 27.8528
v 25.0144 29 27.7059
v 25.0325 29 27.5598
v 25.0576 29 27.4147
v 25.0899 29 27.2711
v 25.1292 29 27.1291
v 25.1754 29 26.9893
v 25.2284 29 26.8519
v 25.288 29 26.7173
v 25.3542 29 26.5858
v 25.4268 29 26.4577
v 25.5056 29 26.3333
v 25.5904 29 26.2129
v 25.681 29 26.0968
v 25.7771 29 25.9853
v 25.8787 29 25.8787
v 25.9853 29 25.7771
v 26.0968 29 25.681
v 26.2129 29 25.5904
v 26.3333 29 25.5056
v 26.4577 29 25.4268
v 26.5858 29 25.3542
v 26.7173 29 25.288
v 26.8519 29 25.2284
v 26.9893 29 25.1754
v 27.1291 29 25.1292
v 27.2711 29 25.0899
v 27.4147 29 25.0576
v 27.5598 29 25.0325
v 27.7059 29 25.0144
v 27.8528 29 25.0036
v 28 29 25
v 25.0036 29 264.147
v 25.0144 29 264.294
v 25.0325 29 264.44
v 25.0576 29 264.585
v 25.0899 29 264.729
v 25.1292 29 264.871
v 25.1754 29 265.011
v 25.2284 29 265.148
v 25.288 29 265.283
v 25.3542 29 265.414
v 25.4268 29 265.542
v 25.5056 29 265.667
v 25.5904 29 265.787
v 25.681 29 265.903
v 25.7771 29 266.015
v 25.8787 29 266.121
v 25.9853 29 266.223
v 26.0968 29 266.319
v 26.2129 29 266.41
v 26.3333 29 266.494
v 26.4577 29 266.573
v 26.5858 29 266.646
v 26.7173 29 266.712
v 26.8519 29 266.772
v 26.9893 29 266.825
v 27.1291 29 266.871
v 27.2711 29 266.91
v 27.4147 29 266.942
v 27.5598 29 266.967
v 27.7059 29 266.986
v 27.8528 29 266.996
v 28 29 267
v 41 29 41
v 263.294 29 25.0144
v 263.147 29 25.0036
v 263 29 25
v 263.44 29 25.0325
v 263.585 29 25.0576
v 264.011 29 25.1754
v 263.871 29 25.1292
v 263.729 29 25.0899
v 264.148 29 25.2284
v 264.542 29 25.4268
v 264.414 29 25.3542
v 264.283 29 25.288
v 264.667 29 25.5056
v 264.787 29 25.5904
v 265.015 29 25.7771
v 264.903 29 25.681
v 250 29 41
v 265.121 29 25.8787
v 265.223 29 25.9853
v 265.319 29 26.0968
v 265.41 29 26.2129
v 41 29 251
v 265.573 29 26.4577
v 265.494 29 26.3333
v 265.772 29 26.8519
v 265.712 29 26.7173
v 265.646 29 26.5858
v 265.825 29 26.9893
v 265.91 29 27.2711
v 265.871 29 27.1291
v 265.967 29 27.5598
v 265.942 29 27.4147
v 265.986 29 27.7059
v 265.996 29 27.8528
v 266 29 28
v 250 29 251
v 263 29 267
v 266 29 264
v 265.967 29 264.44
v 265.996 29 264.147
v 265.986 29 264.294
v 263.147 29 266.996
v 263.585 29 266.942
v 263.294 29 266.986
v 263.44 29 266.967
v 265.91 29 264.729
v 265.942 29 264.585
v 265.871 29 264.871
v 264.011 29 266.825
v 263.729 29 266.91
v 263.871 29 266.871
v 265.712 29 265.283
v 265.825 29 265.011
v 265.772 29 265.148
v 264.283 29 266.712
v 264.148 29 266.772
v 265.494 29 265.667
v 265.646 29 265.414
v 265.573 29 265.542
v 264.667 29 266.494
v 264.414 29 266.646
v 264.542 29 266.573
v 264.787 29 266.41
v 265.319 29 265.903
v 265.41 29 265.787
v 264.903 29 266.319
v 265.223 29 266.015
v 265.121 29 266.121
v 265.015 29 266.223
v 303.5 1 283
v 303.5 7 279.5
v 303.5 1 279.5
v 303.5 7 283
v 303.713 1 278.729
v 303.753 1 278.667
v 303.795 1 278.606
v 304.426 1 278.114
v 304.293 1 278.177
v 304.359 1 278.144
v 303.614 1 278.926
v 303.644 1 278.859
v 303.677 1 278.793
v 304.565 1 278.065
v 304.495 1 278.088
v 303.545 1 279.135
v 303.565 1 279.065
v 303.588 1 278.995
v 304.707 1 278.029
v 304.635 1 278.045
v 303.516 1 279.28
v 303.529 1 279.207
v 305 1 278
v 303.939 1 278.439
v 303.993 1 278.389
v 304.048 1 278.341
v 304.106 1 278.295
v 304.167 1 278.253
v 304.229 1 278.213
v 304.78 1 278.016
v 304.853 1 278.007
v 304.926 1 278.002
v 303.502 1 279.426
v 303.507 1 279.353
v 303.841 1 278.548
v 303.889 1 278.493
v 303.529 1 283.293
v 303.516 1 283.22
v 303.507 1 283.147
v 303.545 1 283.365
v 303.502 1 283.074
v 303.588 1 283.505
v 303.565 1 283.435
v 303.614 1 283.574
v 303.677 1 283.707
v 303.644 1 283.641
v 303.753 1 283.833
v 303.713 1 283.771
v 303.795 1 283.894
v 303.841 1 283.952
v 303.889 1 284.007
v 303.939 1 284.061
v 304.106 1 284.205
v 303.993 1 284.111
v 304.048 1 284.159
v 304.167 1 284.247
v 304.426 1 284.386
v 304.293 1 284.323
v 304.229 1 284.287
v 304.359 1 284.356
v 304.565 1 284.435
v 304.495 1 284.412
v 304.635 1 284.455
v 304.853 1 284.493
v 304.78 1 284.484
v 304.707 1 284.471
v 304.926 1 284.498
v 305 1 284.5
v 329.293 1 278.029
v 329.147 1 278.007
v 329.22 1 278.016
v 329.074 1 278.002
v 329 1 278
v 329.365 1 278.045
v 329.505 1 278.088
v 329.435 1 278.065
v 329.574 1 278.114
v 329.707 1 278.177
v 329.641 1 278.144
v 329.833 1 278.253
v 329.771 1 278.213
v 329.952 1 278.341
v 329.894 1 278.295
v 330.007 1 278.389
v 330.061 1 278.439
v 330.111 1 278.493
v 330.247 1 278.667
v 330.159 1 278.548
v 330.205 1 278.606
v 330.287 1 278.729
v 330.323 1 278.793
v 330.356 1 278.859
v 330.435 1 279.065
v 330.386 1 278.926
v 330.412 1 278.995
v 330.455 1 279.135
v 330.493 1 279.353
v 330.471 1 279.207
v 330.484 1 279.28
v 330.5 1 279.5
v 330.498 1 279.426
v 329 1 284.5
v 330.5 1 283
v 329.147 1 284.493
v 329.074 1 284.498
v 330.484 1 283.22
v 330.498 1 283.074
v 330.493 1 283.147
v 329.293 1 284.471
v 329.22 1 284.484
v 330.455 1 283.365
v 330.471 1 283.293
v 329.505 1 284.412
v 329.435 1 284.435
v 329.365 1 284.455
v 329.574 1 284.386
v 330.356 1 283.641
v 330.412 1 283.505
v 330.386 1 283.574
v 330.287 1 283.771
v 330.323 1 283.707
v 329.771 1 284.287
v 329.707 1 284.323
v 329.641 1 284.356
v 329.894 1 284.205
v 329.833 1 284.247
v 329.952 1 284.159
v 330.435 1 283.435
v 330.159 1 283.952
v 330.247 1 283.833
v 330.205 1 283.894
v 330.061 1 284.061
v 330.111 1 284.007
v 330.007 1 284.111
v 303.502 7 279.426
v 303.507 7 279.353
v 303.516 7 279.28
v 303.529 7 279.207
v 303.545 7 279.135
v 303.565 7 279.065
v 303.588 7 278.995
v 303.614 7 278.926
v 303.644 7 278.859
v 303.677 7 278.793
v 303.713 7 278.729
v 303.753 7 278.667
v 303.795 7 278.606
v 303.841 7 278.548
v 303.889 7 278.493
v 303.939 7 278.439
v 303.993 7 278.389
v 304.048 7 278.341
v 304.106 7 278.295
v 304.167 7 278.253
v 304.229 7 278.213
v 304.293 7 278.177
v 304.359 7 278.144
v 304.426 7 278.114
v 304.495 7 278.088
v 304.565 7 278.065
v 304.635 7 278.045
v 304.707 7 278.029
v 304.78 7 278.016
v 304.853 7 278.007
v 304.926 7 278.002
v 305 7 278
v 303.502 7 283.074
v 303.507 7 283.147
v 303.516 7 283.22
v 303.529 7 283.293
v 303.545 7 283.365
v 303.565 7 283.435
v 303.588 7 283.505
v 303.614 7 283.574
v 303.644 7 283.641
v 303.677 7 283.707
v 303.713 7 283.771
v 303.753 7 283.833
v 303.795 7 283.894
v 303.841 7 283.952
v 303.889 7 284.007
v 303.939 7 284.061
v 303.993 7 284.111
v 304.048 7 284.159
v 304.106 7 284.205
v 304.167 7 284.247
v 304.229 7 284.287
v 304.293 7 284.323
v 304.359 7 284.356
v 304.426 7 284.386
v 304.495 7 284.412
v 304.565 7 284.435
v 304.635 7 284.455
v 304.707 7 284.471
v 304.78 7 284.484
v 304.853 7 284.493
v 304.926 7 284.498
v 305 7 284.5
v 329.293 7 278.029
v 329.22 7 278.016
v 329.147 7 278.007
v 329.074 7 278.002
v 329 7 278
v 329.365 7 278.045
v 329.505 7 278.088
v 329.435 7 278.065
v 329.574 7 278.114
v 329.707 7 278.177
v 329.641 7 278.144
v 329.833 7 278.253
v 329.771 7 278.213
v 329.952 7 278.341
v 329.894 7 278.295
v 330.007 7 278.389
v 330.061 7 278.439
v 330.111 7 278.493
v 330.247 7 278.667
v 330.205 7 278.606
v 330.159 7 278.548
v 330.287 7 278.729
v 330.323 7 278.793
v 330.356 7 278.859
v 330.435 7 279.065
v 330.412 7 278.995
v 330.386 7 278.926
v 330.455 7 279.135
v 330.493 7 279.353
v 330.484 7 279.28
v 330.471 7 279.207
v 330.5 7 279.5
v 330.498 7 279.426
v 329 7 284.5
v 330.5 7 283
v 329.147 7 284.493
v 329.074 7 284.498
v 330.484 7 283.22
v 330.498 7 283.074
v 330.493 7 283.147
v 329.293 7 284.471
v 329.22 7 284.484
v 330.455 7 283.365
v 330.471 7 283.293
v 329.505 7 284.412
v 329.365 7 284.455
v 329.435 7 284.435
v 329.574 7 284.386
v 330.356 7 283.641
v 330.386 7 283.574
v 330.412 7 283.505
v 330.287 7 283.771
v 330.323 7 283.707
v 329.771 7 284.287
v 329.641 7 284.356
v 329.707 7 284.323
v 329.894 7 284.205
v 329.833 7 284.247
v 329.952 7 284.159
v 330.435 7 283.435
v 330.159 7 283.952
v 330.247 7 283.833
v 330.205 7 283.894
v 330.061 7 284.061
v 330.111 7 284.007
v 330.007 7 284.111
v 309.8 1.6 289.8
v 309.8 3 286.3
v 309.8 1.6 286.3
v 309.8 3 289.8
v 324.2 1.6 289.8
v 324.2 1.6 286.3
v 324.2 3 286.3
v 324.2 3 289.8
v 65 256 292
v 65 263 291
v 65 256 291
v 65 263 292
v 278 256 292
v 278 256 291
v 278 263 291
v 278 263 292
v 65 265 292
v 65 272 291
v 65 265 291
v 65 272 292
v 278 265 292
v 278 265 291
v 278 272 291
v 278 272 292
v 65 274 292
v 65 281 291
v 65 274 291
v 65 281 292
v 278 274 292
v 278 274 291
v 278 281 291
v 278 281 292
v 65 283 292
v 65 290 291
v 65 283 291
v 65 290 292
v 278 283 292
v 278 283 291
v 278 290 291
v 278 290 292
v 65 292 292
v 65 299 291
v 65 292 291
v 65 299 292
v 278 292 292
v 278 292 291
v 278 299 291
v 278 299 292
v 65 301 292
v 65 308 291
v 65 301 291
v 65 308 292
v 278 301 292
v 278 301 291
v 278 308 291
v 278 308 292
v 65 310 292
v 65 317 291
v 65 310 291
v 65 317 292
v 278 310 292
v 278 310 291
v 278 317 291
v 278 317 292
v 65 319 292
v 65 326 291
v 65 319 291
v 65 326 292
v 278 319 292
v 278 319 291
v 278 326 291
v 278 326 292
v 65 328 292
v 65 335 291
v 65 328 291
v 65 335 292
v 278 328 292
v 278 328 291
v 278 335 291
v 278 335 292
v 42 26 42
v 46.3125 25.667 42
v 46.3125 25.2221 47.7778
v 42 25.5549 47.7778
v 50.625 25.3483 42
v 50.625 24.9034 47.7778
v 54.9375 25.0438 42
v 54.9375 24.599 47.7778
v 59.25 24.7535 42
v 59.25 24.3089 47.7778
v 63.5625 24.4775 42
v 63.5625 24.0329 47.7778
v 67.875 24.2156 42
v 67.875 23.7712 47.7778
v 72.1875 23.968 42
v 72.1875 23.5236 47.7778
v 76.5 23.7346 42
v 76.5 23.2902 47.7778
v 80.8125 23.5153 42
v 80.8125 23.0711 47.7778
v 85.125 23.3102 42
v 85.125 22.866 47.7778
v 89.4375 23.1193 42
v 89.4375 22.6752 47.7778
v 93.75 22.9426 42
v 93.75 22.4985 47.7778
v 98.0625 22.78 42
v 98.0625 22.336 47.7778
v 102.375 22.6316 42
v 102.375 22.1876 47.7778
v 106.688 22.4973 42
v 106.688 22.0534 47.7778
v 111 22.3772 42
v 111 21.9333 47.7778
v 115.312 22.2712 42
v 115.312 21.8273 47.7778
v 119.625 22.1793 42
v 119.625 21.7355 47.7778
v 123.938 22.1016 42
v 123.938 21.6578 47.7778
v 128.25 22.038 42
v 128.25 21.5943 47.7778
v 132.562 21.9886 42
v 132.562 21.5449 47.7778
v 136.875 21.9533 42
v 136.875 21.5095 47.7778
v 141.188 21.9321 42
v 141.188 21.4884 47.7778
v 145.5 21.925 42
v 145.5 21.4813 47.7778
v 149.812 21.9321 42
v 149.812 21.4884 47.7778
v 154.125 21.9533 42
v 154.125 21.5095 47.7778
v 158.438 21.9886 42
v 158.438 21.5449 47.7778
v 162.75 22.038 42
v 162.75 21.5943 47.7778
v 167.062 22.1016 42
v 167.062 21.6578 47.7778
v 171.375 22.1793 42
v 171.375 21.7355 47.7778
v 175.688 22.2712 42
v 175.688 21.8273 47.7778
v 180 22.3772 42
v 180 21.9333 47.7778
v 184.312 22.4973 42
v 184.312 22.0534 47.7778
v 188.625 22.6316 42
v 188.625 22.1876 47.7778
v 192.938 22.78 42
v 192.938 22.336 47.7778
v 197.25 22.9426 42
v 197.25 22.4985 47.7778
v 201.562 23.1193 42
v 201.562 22.6752 47.7778
v 205.875 23.3102 42
v 205.875 22.866 47.7778
v 210.188 23.5153 42
v 210.188 23.0711 47.7778
v 214.5 23.7346 42
v 214.5 23.2902 47.7778
v 218.812 23.968 42
v 218.812 23.5236 47.7778
v 223.125 24.2156 42
v 223.125 23.7712 47.7778
v 227.438 24.4775 42
v 227.438 24.0329 47.7778
v 231.75 24.7535 42
v 231.75 24.3089 47.7778
v 236.062 25.0438 42
v 236.062 24.599 47.7778
v 240.375 25.3483 42
v 240.375 24.9034 47.7778
v 244.688 25.667 42
v 244.688 25.2221 47.7778
v 249 26 42
v 249 25.5549 47.7778
v 46.3125 24.8027 53.5556
v 42 25.1354 53.5556
v 50.625 24.4841 53.5556
v 54.9375 24.1798 53.5556
v 59.25 23.8898 53.5556
v 63.5625 23.6139 53.5556
v 67.875 23.3522 53.5556
v 72.1875 23.1047 53.5556
v 76.5 22.8715 53.5556
v 80.8125 22.6523 53.5556
v 85.125 22.4474 53.5556
v 89.4375 22.2566 53.5556
v 93.75 22.08 53.5556
v 98.0625 21.9175 53.5556
v 102.375 21.7692 53.5556
v 106.688 21.635 53.5556
v 111 21.5149 53.5556
v 115.312 21.409 53.5556
v 119.625 21.3172 53.5556
v 123.938 21.2396 53.5556
v 128.25 21.176 53.5556
v 132.562 21.1266 53.5556
v 136.875 21.0913 53.5556
v 141.188 21.0701 53.5556
v 145.5 21.0631 53.5556
v 149.812 21.0701 53.5556
v 154.125 21.0913 53.5556
v 158.438 21.1266 53.5556
v 162.75 21.176 53.5556
v 167.062 21.2396 53.5556
v 171.375 21.3172 53.5556
v 175.688 21.409 53.5556
v 180 21.5149 53.5556
v 184.312 21.635 53.5556
v 188.625 21.7692 53.5556
v 192.938 21.9175 53.5556
v 197.25 22.08 53.5556
v 201.562 22.2566 53.5556
v 205.875 22.4474 53.5556
v 210.188 22.6523 53.5556
v 214.5 22.8715 53.5556
v 218.812 23.1047 53.5556
v 223.125 23.3522 53.5556
v 227.438 23.6139 53.5556
v 231.75 23.8898 53.5556
v 236.062 24.1798 53.5556
v 240.375 24.4841 53.5556
v 244.688 24.8027 53.5556
v 249 25.1354 53.5556
v 46.3125 24.4088 59.3333
v 42 24.7415 59.3333
v 50.625 24.0904 59.3333
v 54.9375 23.7862 59.3333
v 59.25 23.4962 59.3333
v 63.5625 23.2204 59.3333
v 67.875 22.9588 59.3333
v 72.1875 22.7114 59.3333
v 76.5 22.4782 59.3333
v 80.8125 22.2591 59.3333
v 85.125 22.0542 59.3333
v 89.4375 21.8635 59.3333
v 93.75 21.6869 59.3333
v 98.0625 21.5245 59.3333
v 102.375 21.3762 59.3333
v 106.688 21.2421 59.3333
v 111 21.1221 59.3333
v 115.312 21.0162 59.3333
v 119.625 20.9244 59.3333
v 123.938 20.8468 59.3333
v 128.25 20.7833 59.3333
v 132.562 20.7339 59.3333
v 136.875 20.6986 59.3333
v 141.188 20.6774 59.3333
v 145.5 20.6703 59.3333
v 149.812 20.6774 59.3333
v 154.125 20.6986 59.3333
v 158.438 20.7339 59.3333
v 162.75 20.7833 59.3333
v 167.062 20.8468 59.3333
v 171.375 20.9244 59.3333
v 175.688 21.0162 59.3333
v 180 21.1221 59.3333
v 184.312 21.2421 59.3333
v 188.625 21.3762 59.3333
v 192.938 21.5245 59.3333
v 197.25 21.6869 59.3333
v 201.562 21.8635 59.3333
v 205.875 22.0542 59.3333
v 210.188 22.2591 59.3333
v 214.5 22.4782 59.3333
v 218.812 22.7114 59.3333
v 223.125 22.9588 59.3333
v 227.438 23.2204 59.3333
v 231.75 23.4962 59.3333
v 236.062 23.7862 59.3333
v 240.375 24.0904 59.3333
v 244.688 24.4088 59.3333
v 249 24.7415 59.3333
v 46.3125 24.0404 65.1111
v 42 24.373 65.1111
v 50.625 23.7221 65.1111
v 54.9375 23.418 65.1111
v 59.25 23.1281 65.1111
v 63.5625 22.8524 65.1111
v 67.875 22.5909 65.1111
v 72.1875 22.3435 65.1111
v 76.5 22.1104 65.1111
v 80.8125 21.8914 65.1111
v 85.125 21.6866 65.1111
v 89.4375 21.4959 65.1111
v 93.75 21.3194 65.1111
v 98.0625 21.157 65.1111
v 102.375 21.0087 65.1111
v 106.688 20.8746 65.1111
v 111 20.7546 65.1111
v 115.312 20.6488 65.1111
v 119.625 20.5571 65.1111
v 123.938 20.4794 65.1111
v 128.25 20.4159 65.1111
v 132.562 20.3665 65.1111
v 136.875 20.3313 65.1111
v 141.188 20.3101 65.1111
v 145.5 20.303 65.1111
v 149.812 20.3101 65.1111
v 154.125 20.3313 65.1111
v 158.438 20.3665 65.1111
v 162.75 20.4159 65.1111
v 167.062 20.4794 65.1111
v 171.375 20.5571 65.1111
v 175.688 20.6488 65.1111
v 180 20.7546 65.1111
v 184.312 20.8746 65.1111
v 188.625 21.0087 65.1111
v 192.938 21.157 65.1111
v 197.25 21.3194 65.1111
v 201.562 21.4959 65.1111
v 205.875 21.6866 65.1111
v 210.188 21.8914 65.1111
v 214.5 22.1104 65.1111
v 218.812 22.3435 65.1111
v 223.125 22.5909 65.1111
v 227.438 22.8524 65.1111
v 231.75 23.1281 65.1111
v 236.062 23.418 65.1111
v 240.375 23.7221 65.1111
v 244.688 24.0404 65.1111
v 249 24.373 65.1111
v 46.3125 23.6976 70.8889
v 42 24.0301 70.8889
v 50.625 23.3793 70.8889
v 54.9375 23.0753 70.8889
v 59.25 22.7855 70.8889
v 63.5625 22.5098 70.8889
v 67.875 22.2484 70.8889
v 72.1875 22.0011 70.8889
v 76.5 21.768 70.8889
v 80.8125 21.5491 70.8889
v 85.125 21.3443 70.8889
v 89.4375 21.1537 70.8889
v 93.75 20.9772 70.8889
v 98.0625 20.8149 70.8889
v 102.375 20.6667 70.8889
v 106.688 20.5326 70.8889
v 111 20.4127 70.8889
v 115.312 20.3068 70.8889
v 119.625 20.2151 70.8889
v 123.938 20.1375 70.8889
v 128.25 20.074 70.8889
v 132.562 20.0247 70.8889
v 136.875 19.9894 70.8889
v 141.188 19.9682 70.8889
v 145.5 19.9612 70.8889
v 149.812 19.9682 70.8889
v 154.125 19.9894 70.8889
v 158.438 20.0247 70.8889
v 162.75 20.074 70.8889
v 167.062 20.1375 70.8889
v 171.375 20.2151 70.8889
v 175.688 20.3068 70.8889
v 180 20.4127 70.8889
v 184.312 20.5326 70.8889
v 188.625 20.6667 70.8889
v 192.938 20.8149 70.8889
v 197.25 20.9772 70.8889
v 201.562 21.1537 70.8889
v 205.875 21.3443 70.8889
v 210.188 21.5491 70.8889
v 214.5 21.768 70.8889
v 218.812 22.0011 70.8889
v 223.125 22.2484 70.8889
v 227.438 22.5098 70.8889
v 231.75 22.7855 70.8889
v 236.062 23.0753 70.8889
v 240.375 23.3793 70.8889
v 244.688 23.6976 70.8889
v 249 24.0301 70.8889
v 46.3125 23.3802 76.6667
v 42 23.7126 76.6667
v 50.625 23.062 76.6667
v 54.9375 22.7581 76.6667
v 59.25 22.4683 76.6667
v 63.5625 22.1927 76.6667
v 67.875 21.9314 76.6667
v 72.1875 21.6842 76.6667
v 76.5 21.4511 76.6667
v 80.8125 21.2322 76.6667
v 85.125 21.0275 76.6667
v 89.4375 20.8369 76.6667
v 93.75 20.6605 76.6667
v 98.0625 20.4982 76.6667
v 102.375 20.35 76.6667
v 106.688 20.216 76.6667
v 111 20.0961 76.6667
v 115.312 19.9903 76.6667
v 119.625 19.8986 76.6667
v 123.938 19.821 76.6667
v 128.25 19.7575 76.6667
v 132.562 19.7082 76.6667
v 136.875 19.6729 76.6667
v 141.188 19.6517 76.6667
v 145.5 19.6447 76.6667
v 149.812 19.6517 76.6667
v 154.125 19.6729 76.6667
v 158.438 19.7082 76.6667
v 162.75 19.7575 76.6667
v 167.062 19.821 76.6667
v 171.375 19.8986 76.6667
v 175.688 19.9903 76.6667
v 180 20.0961 76.6667
v 184.312 20.216 76.6667
v 188.625 20.35 76.6667
v 192.938 20.4982 76.6667
v 197.25 20.6605 76.6667
v 201.562 20.8369 76.6667
v 205.875 21.0275 76.6667
v 210.188 21.2322 76.6667
v 214.5 21.4511 76.6667
v 218.812 21.6842 76.6667
v 223.125 21.9314 76.6667
v 227.438 22.1927 76.6667
v 231.75 22.4683 76.6667
v 236.062 22.7581 76.6667
v 240.375 23.062 76.6667
v 244.688 23.3802 76.6667
v 249 23.7126 76.6667
v 46.3125 23.0883 82.4444
v 42 23.4206 82.4444
v 50.625 22.7702 82.4444
v 54.9375 22.4663 82.4444
v 59.25 22.1766 82.4444
v 63.5625 21.9011 82.4444
v 67.875 21.6398 82.4444
v 72.1875 21.3926 82.4444
v 76.5 21.1596 82.4444
v 80.8125 20.9408 82.4444
v 85.125 20.7361 82.4444
v 89.4375 20.5456 82.4444
v 93.75 20.3692 82.4444
v 98.0625 20.2069 82.4444
v 102.375 20.0588 82.4444
v 106.688 19.9248 82.4444
v 111 19.8049 82.4444
v 115.312 19.6991 82.4444
v 119.625 19.6074 82.4444
v 123.938 19.5299 82.4444
v 128.25 19.4664 82.4444
v 132.562 19.4171 82.4444
v 136.875 19.3818 82.4444
v 141.188 19.3607 82.4444
v 145.5 19.3536 82.4444
v 149.812 19.3607 82.4444
v 154.125 19.3818 82.4444
v 158.438 19.4171 82.4444
v 162.75 19.4664 82.4444
v 167.062 19.5299 82.4444
v 171.375 19.6074 82.4444
v 175.688 19.6991 82.4444
v 180 19.8049 82.4444
v 184.312 19.9248 82.4444
v 188.625 20.0588 82.4444
v 192.938 20.2069 82.4444
v 197.25 20.3692 82.4444
v 201.562 20.5456 82.4444
v 205.875 20.7361 82.4444
v 210.188 20.9408 82.4444
v 214.5 21.1596 82.4444
v 218.812 21.3926 82.4444
v 223.125 21.6398 82.4444
v 227.438 21.9011 82.4444
v 231.75 22.1766 82.4444
v 236.062 22.4663 82.4444
v 240.375 22.7702 82.4444
v 244.688 23.0883 82.4444
v 249 23.4206 82.4444
v 46.3125 22.8218 88.2222
v 42 23.1541 88.2222
v 50.625 22.5038 88.2222
v 54.9375 22.2 88.2222
v 59.25 21.9103 88.2222
v 63.5625 21.6349 88.2222
v 67.875 21.3736 88.2222
v 72.1875 21.1265 88.2222
v 76.5 20.8935 88.2222
v 80.8125 20.6748 88.2222
v 85.125 20.4701 88.2222
v 89.4375 20.2796 88.2222
v 93.75 20.1033 88.2222
v 98.0625 19.941 88.2222
v 102.375 19.7929 88.2222
v 106.688 19.6589 88.2222
v 111 19.5391 88.2222
v 115.312 19.4333 88.2222
v 119.625 19.3417 88.2222
v 123.938 19.2641 88.2222
v 128.25 19.2007 88.2222
v 132.562 19.1513 88.2222
v 136.875 19.1161 88.2222
v 141.188 19.0949 88.2222
v 145.5 19.0879 88.2222
v 149.812 19.0949 88.2222
v 154.125 19.1161 88.2222
v 158.438 19.1513 88.2222
v 162.75 19.2007 88.2222
v 167.062 19.2641 88.2222
v 171.375 19.3417 88.2222
v 175.688 19.4333 88.2222
v 180 19.5391 88.2222
v 184.312 19.6589 88.2222
v 188.625 19.7929 88.2222
v 192.938 19.941 88.2222
v 197.25 20.1033 88.2222
v 201.562 20.2796 88.2222
v 205.875 20.4701 88.2222
v 210.188 20.6748 88.2222
v 214.5 20.8935 88.2222
v 218.812 21.1265 88.2222
v 223.125 21.3736 88.2222
v 227.438 21.6349 88.2222
v 231.75 21.9103 88.2222
v 236.062 22.2 88.2222
v 240.375 22.5038 88.2222
v 244.688 22.8218 88.2222
v 249 23.1541 88.2222
v 46.3125 22.5808 94
v 42 22.913 94
v 50.625 22.2628 94
v 54.9375 21.959 94
v 59.25 21.6694 94
v 63.5625 21.394 94
v 67.875 21.1328 94
v 72.1875 20.8857 94
v 76.5 20.6528 94
v 80.8125 20.4341 94
v 85.125 20.2295 94
v 89.4375 20.039 94
v 93.75 19.8627 94
v 98.0625 19.7005 94
v 102.375 19.5524 94
v 106.688 19.4185 94
v 111 19.2986 94
v 115.312 19.1929 94
v 119.625 19.1012 94
v 123.938 19.0237 94
v 128.25 18.9603 94
v 132.562 18.9109 94
v 136.875 18.8757 94
v 141.188 18.8546 94
v 145.5 18.8475 94
v 149.812 18.8546 94
v 154.125 18.8757 94
v 158.438 18.9109 94
v 162.75 18.9603 94
v 167.062 19.0237 94
v 171.375 19.1012 94
v 175.688 19.1929 94
v 180 19.2986 94
v 184.312 19.4185 94
v 188.625 19.5524 94
v 192.938 19.7005 94
v 197.25 19.8627 94
v 201.562 20.039 94
v 205.875 20.2295 94
v 210.188 20.4341 94
v 214.5 20.6528 94
v 218.812 20.8857 94
v 223.125 21.1328 94
v 227.438 21.394 94
v 231.75 21.6694 94
v 236.062 21.959 94
v 240.375 22.2628 94
v 244.688 22.5808 94
v 249 22.913 94
v 46.3125 22.3651 99.7778
v 42 22.6973 99.7778
v 50.625 22.0472 99.7778
v 54.9375 21.7435 99.7778
v 59.25 21.4539 99.7778
v 63.5625 21.1786 99.7778
v 67.875 20.9174 99.7778
v 72.1875 20.6704 99.7778
v 76.5 20.4375 99.7778
v 80.8125 20.2188 99.7778
v 85.125 20.0143 99.7778
v 89.4375 19.8238 99.7778
v 93.75 19.6475 99.7778
v 98.0625 19.4853 99.7778
v 102.375 19.3373 99.7778
v 106.688 19.2034 99.7778
v 111 19.0835 99.7778
v 115.312 18.9778 99.7778
v 119.625 18.8862 99.7778
v 123.938 18.8087 99.7778
v 128.25 18.7452 99.7778
v 132.562 18.6959 99.7778
v 136.875 18.6607 99.7778
v 141.188 18.6395 99.7778
v 145.5 18.6325 99.7778
v 149.812 18.6395 99.7778
v 154.125 18.6607 99.7778
v 158.438 18.6959 99.7778
v 162.75 18.7452 99.7778
v 167.062 18.8087 99.7778
v 171.375 18.8862 99.7778
v 175.688 18.9778 99.7778
v 180 19.0835 99.7778
v 184.312 19.2034 99.7778
v 188.625 19.3373 99.7778
v 192.938 19.4853 99.7778
v 197.25 19.6475 99.7778
v 201.562 19.8238 99.7778
v 205.875 20.0143 99.7778
v 210.188 20.2188 99.7778
v 214.5 20.4375 99.7778
v 218.812 20.6704 99.7778
v 223.125 20.9174 99.7778
v 227.438 21.1786 99.7778
v 231.75 21.4539 99.7778
v 236.062 21.7435 99.7778
v 240.375 22.0472 99.7778
v 244.688 22.3651 99.7778
v 249 22.6973 99.7778
v 46.3125 22.1749 105.556
v 42 22.507 105.556
v 50.625 21.857 105.556
v 54.9375 21.5533 105.556
v 59.25 21.2638 105.556
v 63.5625 20.9885 105.556
v 67.875 20.7274 105.556
v 72.1875 20.4804 105.556
v 76.5 20.2476 105.556
v 80.8125 20.0289 105.556
v 85.125 19.8243 105.556
v 89.4375 19.6339 105.556
v 93.75 19.4577 105.556
v 98.0625 19.2955 105.556
v 102.375 19.1475 105.556
v 106.688 19.0136 105.556
v 111 18.8938 105.556
v 115.312 18.788 105.556
v 119.625 18.6964 105.556
v 123.938 18.6189 105.556
v 128.25 18.5555 105.556
v 132.562 18.5062 105.556
v 136.875 18.471 105.556
v 141.188 18.4498 105.556
v 145.5 18.4428 105.556
v 149.812 18.4498 105.556
v 154.125 18.471 105.556
v 158.438 18.5062 105.556
v 162.75 18.5555 105.556
v 167.062 18.6189 105.556
v 171.375 18.6964 105.556
v 175.688 18.788 105.556
v 180 18.8938 105.556
v 184.312 19.0136 105.556
v 188.625 19.1475 105.556
v 192.938 19.2955 105.556
v 197.25 19.4577 105.556
v 201.562 19.6339 105.556
v 205.875 19.8243 105.556
v 210.188 20.0289 105.556
v 214.5 20.2476 105.556
v 218.812 20.4804 105.556
v 223.125 20.7274 105.556
v 227.438 20.9885 105.556
v 231.75 21.2638 105.556
v 236.062 21.5533 105.556
v 240.375 21.857 105.556
v 244.688 22.1749 105.556
v 249 22.507 105.556
v 46.3125 22.0101 111.333
v 42 22.3421 111.333
v 50.625 21.6922 111.333
v 54.9375 21.3886 111.333
v 59.25 21.0991 111.333
v 63.5625 20.8238 111.333
v 67.875 20.5627 111.333
v 72.1875 20.3158 111.333
v 76.5 20.083 111.333
v 80.8125 19.8643 111.333
v 85.125 19.6598 111.333
v 89.4375 19.4694 111.333
v 93.75 19.2932 111.333
v 98.0625 19.131 111.333
v 102.375 18.983 111.333
v 106.688 18.8491 111.333
v 111 18.7293 111.333
v 115.312 18.6236 111.333
v 119.625 18.532 111.333
v 123.938 18.4545 111.333
v 128.25 18.3911 111.333
v 132.562 18.3418 111.333
v 136.875 18.3066 111.333
v 141.188 18.2855 111.333
v 145.5 18.2784 111.333
v 149.812 18.2855 111.333
v 154.125 18.3066 111.333
v 158.438 18.3418 111.333
v 162.75 18.3911 111.333
v 167.062 18.4545 111.333
v 171.375 18.532 111.333
v 175.688 18.6236 111.333
v 180 18.7293 111.333
v 184.312 18.8491 111.333
v 188.625 18.983 111.333
v 192.938 19.131 111.333
v 197.25 19.2932 111.333
v 201.562 19.4694 111.333
v 205.875 19.6598 111.333
v 210.188 19.8643 111.333
v 214.5 20.083 111.333
v 218.812 20.3158 111.333
v 223.125 20.5627 111.333
v 227.438 20.8238 111.333
v 231.75 21.0991 111.333
v 236.062 21.3886 111.333
v 240.375 21.6922 111.333
v 244.688 22.0101 111.333
v 249 22.3421 111.333
v 46.3125 21.8706 117.111
v 42 22.2026 117.111
v 50.625 21.5528 117.111
v 54.9375 21.2492 117.111
v 59.25 20.9597 117.111
v 63.5625 20.6845 117.111
v 67.875 20.4234 117.111
v 72.1875 20.1765 117.111
v 76.5 19.9437 117.111
v 80.8125 19.7251 117.111
v 85.125 19.5206 117.111
v 89.4375 19.3302 117.111
v 93.75 19.154 117.111
v 98.0625 18.9919 117.111
v 102.375 18.8439 117.111
v 106.688 18.71 117.111
v 111 18.5902 117.111
v 115.312 18.4845 117.111
v 119.625 18.3929 117.111
v 123.938 18.3154 117.111
v 128.25 18.252 117.111
v 132.562 18.2027 117.111
v 136.875 18.1675 117.111
v 141.188 18.1464 117.111
v 145.5 18.1393 117.111
v 149.812 18.1464 117.111
v 154.125 18.1675 117.111
v 158.438 18.2027 117.111
v 162.75 18.252 117.111
v 167.062 18.3154 117.111
v 171.375 18.3929 117.111
v 175.688 18.4845 117.111
v 180 18.5902 117.111
v 184.312 18.71 117.111
v 188.625 18.8439 117.111
v 192.938 18.9919 117.111
v 197.25 19.154 117.111
v 201.562 19.3302 117.111
v 205.875 19.5206 117.111
v 210.188 19.7251 117.111
v 214.5 19.9437 117.111
v 218.812 20.1765 117.111
v 223.125 20.4234 117.111
v 227.438 20.6845 117.111
v 231.75 20.9597 117.111
v 236.062 21.2492 117.111
v 240.375 21.5528 117.111
v 244.688 21.8706 117.111
v 249 22.2026 117.111
v 46.3125 21.7565 122.889
v 42 22.0885 122.889
v 50.625 21.4387 122.889
v 54.9375 21.1351 122.889
v 59.25 20.8457 122.889
v 63.5625 20.5705 122.889
v 67.875 20.3094 122.889
v 72.1875 20.0625 122.889
v 76.5 19.8297 122.889
v 80.8125 19.6111 122.889
v 85.125 19.4067 122.889
v 89.4375 19.2163 122.889
v 93.75 19.0401 122.889
v 98.0625 18.878 122.889
v 102.375 18.73 122.889
v 106.688 18.5961 122.889
v 111 18.4764 122.889
v 115.312 18.3707 122.889
v 119.625 18.2791 122.889
v 123.938 18.2016 122.889
v 128.25 18.1382 122.889
v 132.562 18.0889 122.889
v 136.875 18.0537 122.889
v 141.188 18.0326 122.889
v 145.5 18.0255 122.889
v 149.812 18.0326 122.889
v 154.125 18.0537 122.889
v 158.438 18.0889 122.889
v 162.75 18.1382 122.889
v 167.062 18.2016 122.889
v 171.375 18.2791 122.889
v 175.688 18.3707 122.889
v 180 18.4764 122.889
v 184.312 18.5961 122.889
v 188.625 18.73 122.889
v 192.938 18.878 122.889
v 197.25 19.0401 122.889
v 201.562 19.2163 122.889
v 205.875 19.4067 122.889
v 210.188 19.6111 122.889
v 214.5 19.8297 122.889
v 218.812 20.0625 122.889
v 223.125 20.3094 122.889
v 227.438 20.5705 122.889
v 231.75 20.8457 122.889
v 236.062 21.1351 122.889
v 240.375 21.4387 122.889
v 244.688 21.7565 122.889
v 249 22.0885 122.889
v 46.3125 21.6677 128.667
v 42 21.9997 128.667
v 50.625 21.35 128.667
v 54.9375 21.0464 128.667
v 59.25 20.757 128.667
v 63.5625 20.4818 128.667
v 67.875 20.2208 128.667
v 72.1875 19.9739 128.667
v 76.5 19.7411 128.667
v 80.8125 19.5225 128.667
v 85.125 19.3181 128.667
v 89.4375 19.1278 128.667
v 93.75 18.9515 128.667
v 98.0625 18.7895 128.667
v 102.375 18.6415 128.667
v 106.688 18.5076 128.667
v 111 18.3878 128.667
v 115.312 18.2822 128.667
v 119.625 18.1906 128.667
v 123.938 18.1131 128.667
v 128.25 18.0497 128.667
v 132.562 18.0004 128.667
v 136.875 17.9652 128.667
v 141.188 17.9441 128.667
v 145.5 17.9371 128.667
v 149.812 17.9441 128.667
v 154.125 17.9652 128.667
v 158.438 18.0004 128.667
v 162.75 18.0497 128.667
v 167.062 18.1131 128.667
v 171.375 18.1906 128.667
v 175.688 18.2822 128.667
v 180 18.3878 128.667
v 184.312 18.5076 128.667
v 188.625 18.6415 128.667
v 192.938 18.7895 128.667
v 197.25 18.9515 128.667
v 201.562 19.1278 128.667
v 205.875 19.3181 128.667
v 210.188 19.5225 128.667
v 214.5 19.7411 128.667
v 218.812 19.9739 128.667
v 223.125 20.2208 128.667
v 227.438 20.4818 128.667
v 231.75 20.757 128.667
v 236.062 21.0464 128.667
v 240.375 21.35 128.667
v 244.688 21.6677 128.667
v 249 21.9997 128.667
v 46.3125 21.6044 134.444
v 42 21.9363 134.444
v 50.625 21.2866 134.444
v 54.9375 20.983 134.444
v 59.25 20.6937 134.444
v 63.5625 20.4185 134.444
v 67.875 20.1574 134.444
v 72.1875 19.9106 134.444
v 76.5 19.6778 134.444
v 80.8125 19.4593 134.444
v 85.125 19.2548 134.444
v 89.4375 19.0645 134.444
v 93.75 18.8883 134.444
v 98.0625 18.7262 134.444
v 102.375 18.5782 134.444
v 106.688 18.4444 134.444
v 111 18.3246 134.444
v 115.312 18.219 134.444
v 119.625 18.1274 134.444
v 123.938 18.0499 134.444
v 128.25 17.9865 134.444
v 132.562 17.9372 134.444
v 136.875 17.902 134.444
v 141.188 17.8809 134.444
v 145.5 17.8739 134.444
v 149.812 17.8809 134.444
v 154.125 17.902 134.444
v 158.438 17.9372 134.444
v 162.75 17.9865 134.444
v 167.062 18.0499 134.444
v 171.375 18.1274 134.444
v 175.688 18.219 134.444
v 180 18.3246 134.444
v 184.312 18.4444 134.444
v 188.625 18.5782 134.444
v 192.938 18.7262 134.444
v 197.25 18.8883 134.444
v 201.562 19.0645 134.444
v 205.875 19.2548 134.444
v 210.188 19.4593 134.444
v 214.5 19.6778 134.444
v 218.812 19.9106 134.444
v 223.125 20.1574 134.444
v 227.438 20.4185 134.444
v 231.75 20.6937 134.444
v 236.062 20.983 134.444
v 240.375 21.2866 134.444
v 244.688 21.6044 134.444
v 249 21.9363 134.444
v 46.3125 21.5663 140.222
v 42 21.8983 140.222
v 50.625 21.2486 140.222
v 54.9375 20.945 140.222
v 59.25 20.6557 140.222
v 63.5625 20.3805 140.222
v 67.875 20.1195 140.222
v 72.1875 19.8726 140.222
v 76.5 19.6399 140.222
v 80.8125 19.4213 140.222
v 85.125 19.2169 140.222
v 89.4375 19.0265 140.222
v 93.75 18.8503 140.222
v 98.0625 18.6883 140.222
v 102.375 18.5403 140.222
v 106.688 18.4064 140.222
v 111 18.2867 140.222
v 115.312 18.181 140.222
v 119.625 18.0895 140.222
v 123.938 18.012 140.222
v 128.25 17.9486 140.222
v 132.562 17.8993 140.222
v 136.875 17.8641 140.222
v 141.188 17.843 140.222
v 145.5 17.8359 140.222
v 149.812 17.843 140.222
v 154.125 17.8641 140.222
v 158.438 17.8993 140.222
v 162.75 17.9486 140.222
v 167.062 18.012 140.222
v 171.375 18.0895 140.222
v 175.688 18.181 140.222
v 180 18.2867 140.222
v 184.312 18.4064 140.222
v 188.625 18.5403 140.222
v 192.938 18.6883 140.222
v 197.25 18.8503 140.222
v 201.562 19.0265 140.222
v 205.875 19.2169 140.222
v 210.188 19.4213 140.222
v 214.5 19.6399 140.222
v 218.812 19.8726 140.222
v 223.125 20.1195 140.222
v 227.438 20.3805 140.222
v 231.75 20.6557 140.222
v 236.062 20.945 140.222
v 240.375 21.2486 140.222
v 244.688 21.5663 140.222
v 249 21.8983 140.222
v 46.3125 21.5537 146
v 42 21.8856 146
v 50.625 21.2359 146
v 54.9375 20.9324 146
v 59.25 20.643 146
v 63.5625 20.3678 146
v 67.875 20.1068 146
v 72.1875 19.8599 146
v 76.5 19.6272 146
v 80.8125 19.4086 146
v 85.125 19.2042 146
v 89.4375 19.0139 146
v 93.75 18.8377 146
v 98.0625 18.6756 146
v 102.375 18.5277 146
v 106.688 18.3938 146
v 111 18.274 146
v 115.312 18.1684 146
v 119.625 18.0768 146
v 123.938 17.9993 146
v 128.25 17.936 146
v 132.562 17.8867 146
v 136.875 17.8515 146
v 141.188 17.8303 146
v 145.5 17.8233 146
v 149.812 17.8303 146
v 154.125 17.8515 146
v 158.438 17.8867 146
v 162.75 17.936 146
v 167.062 17.9993 146
v 171.375 18.0768 146
v 175.688 18.1684 146
v 180 18.274 146
v 184.312 18.3938 146
v 188.625 18.5277 146
v 192.938 18.6756 146
v 197.25 18.8377 146
v 201.562 19.0139 146
v 205.875 19.2042 146
v 210.188 19.4086 146
v 214.5 19.6272 146
v 218.812 19.8599 146
v 223.125 20.1068 146
v 227.438 20.3678 146
v 231.75 20.643 146
v 236.062 20.9324 146
v 240.375 21.2359 146
v 244.688 21.5537 146
v 249 21.8856 146
v 46.3125 21.5663 151.778
v 42 21.8983 151.778
v 50.625 21.2486 151.778
v 54.9375 20.945 151.778
v 59.25 20.6557 151.778
v 63.5625 20.3805 151.778
v 67.875 20.1195 151.778
v 72.1875 19.8726 151.778
v 76.5 19.6399 151.778
v 80.8125 19.4213 151.778
v 85.125 19.2169 151.778
v 89.4375 19.0265 151.778
v 93.75 18.8503 151.778
v 98.0625 18.6883 151.778
v 102.375 18.5403 151.778
v 106.688 18.4064 151.778
v 111 18.2867 151.778
v 115.312 18.181 151.778
v 119.625 18.0895 151.778
v 123.938 18.012 151.778
v 128.25 17.9486 151.778
v 132.562 17.8993 151.778
v 136.875 17.8641 151.778
v 141.188 17.843 151.778
v 145.5 17.8359 151.778
v 149.812 17.843 151.778
v 154.125 17.8641 151.778
v 158.438 17.8993 151.778
v 162.75 17.9486 151.778
v 167.062 18.012 151.778
v 171.375 18.0895 151.778
v 175.688 18.181 151.778
v 180 18.2867 151.778
v 184.312 18.4064 151.778
v 188.625 18.5403 151.778
v 192.938 18.6883 151.778
v 197.25 18.8503 151.778
v 201.562 19.0265 151.778
v 205.875 19.2169 151.778
v 210.188 19.4213 151.778
v 214.5 19.6399 151.778
v 218.812 19.8726 151.778
v 223.125 20.1195 151.778
v 227.438 20.3805 151.778
v 231.75 20.6557 151.778
v 236.062 20.945 151.778
v 240.375 21.2486 151.778
v 244.688 21.5663 151.778
v 249 21.8983 151.778
v 46.3125 21.6044 157.556
v 42 21.9363 157.556
v 50.625 21.2866 157.556
v 54.9375 20.983 157.556
v 59.25 20.6937 157.556
v 63.5625 20.4185 157.556
v 67.875 20.1574 157.556
v 72.1875 19.9106 157.556
v 76.5 19.6778 157.556
v 80.8125 19.4593 157.556
v 85.125 19.2548 157.556
v 89.4375 19.0645 157.556
v 93.75 18.8883 157.556
v 98.0625 18.7262 157.556
v 102.375 18.5782 157.556
v 106.688 18.4444 157.556
v 111 18.3246 157.556
v 115.312 18.219 157.556
v 119.625 18.1274 157.556
v 123.938 18.0499 157.556
v 128.25 17.9865 157.556
v 132.562 17.9372 157.556
v 136.875 17.902 157.556
v 141.188 17.8809 157.556
v 145.5 17.8739 157.556
v 149.812 17.8809 157.556
v 154.125 17.902 157.556
v 158.438 17.9372 157.556
v 162.75 17.9865 157.556
v 167.062 18.0499 157.556
v 171.375 18.1274 157.556
v 175.688 18.219 157.556
v 180 18.3246 157.556
v 184.312 18.4444 157.556
v 188.625 18.5782 157.556
v 192.938 18.7262 157.556
v 197.25 18.8883 157.556
v 201.562 19.0645 157.556
v 205.875 19.2548 157.556
v 210.188 19.4593 157.556
v 214.5 19.6778 157.556
v 218.812 19.9106 157.556
v 223.125 20.1574 157.556
v 227.438 20.4185 157.556
v 231.75 20.6937 157.556
v 236.062 20.983 157.556
v 240.375 21.2866 157.556
v 244.688 21.6044 157.556
v 249 21.9363 157.556
v 46.3125 21.6677 163.333
v 42 21.9997 163.333
v 50.625 21.35 163.333
v 54.9375 21.0464 163.333
v 59.25 20.757 163.333
v 63.5625 20.4818 163.333
v 67.875 20.2208 163.333
v 72.1875 19.9739 163.333
v 76.5 19.7411 163.333
v 80.8125 19.5225 163.333
v 85.125 19.3181 163.333
v 89.4375 19.1278 163.333
v 93.75 18.9515 163.333
v 98.0625 18.7895 163.333
v 102.375 18.6415 163.333
v 106.688 18.5076 163.333
v 111 18.3878 163.333
v 115.312 18.2822 163.333
v 119.625 18.1906 163.333
v 123.938 18.1131 163.333
v 128.25 18.0497 163.333
v 132.562 18.0004 163.333
v 136.875 17.9652 163.333
v 141.188 17.9441 163.333
v 145.5 17.9371 163.333
v 149.812 17.9441 163.333
v 154.125 17.9652 163.333
v 158.438 18.0004 163.333
v 162.75 18.0497 163.333
v 167.062 18.1131 163.333
v 171.375 18.1906 163.333
v 175.688 18.2822 163.333
v 180 18.3878 163.333
v 184.312 18.5076 163.333
v 188.625 18.6415 163.333
v 192.938 18.7895 163.333
v 197.25 18.9515 163.333
v 201.562 19.1278 163.333
v 205.875 19.3181 163.333
v 210.188 19.5225 163.333
v 214.5 19.7411 163.333
v 218.812 19.9739 163.333
v 223.125 20.2208 163.333
v 227.438 20.4818 163.333
v 231.75 20.757 163.333
v 236.062 21.0464 163.333
v 240.375 21.35 163.333
v 244.688 21.6677 163.333
v 249 21.9997 163.333
v 46.3125 21.7565 169.111
v 42 22.0885 169.111
v 50.625 21.4387 169.111
v 54.9375 21.1351 169.111
v 59.25 20.8457 169.111
v 63.5625 20.5705 169.111
v 67.875 20.3094 169.111
v 72.1875 20.0625 169.111
v 76.5 19.8297 169.111
v 80.8125 19.6111 169.111
v 85.125 19.4067 169.111
v 89.4375 19.2163 169.111
v 93.75 19.0401 169.111
v 98.0625 18.878 169.111
v 102.375 18.73 169.111
v 106.688 18.5961 169.111
v 111 18.4764 169.111
v 115.312 18.3707 169.111
v 119.625 18.2791 169.111
v 123.938 18.2016 169.111
v 128.25 18.1382 169.111
v 132.562 18.0889 169.111
v 136.875 18.0537 169.111
v 141.188 18.0326 169.111
v 145.5 18.0255 169.111
v 149.812 18.0326 169.111
v 154.125 18.0537 169.111
v 158.438 18.0889 169.111
v 162.75 18.1382 169.111
v 167.062 18.2016 169.111
v 171.375 18.2791 169.111
v 175.688 18.3707 169.111
v 180 18.4764 169.111
v 184.312 18.5961 169.111
v 188.625 18.73 169.111
v 192.938 18.878 169.111
v 197.25 19.0401 169.111
v 201.562 19.2163 169.111
v 205.875 19.4067 169.111
v 210.188 19.6111 169.111
v 214.5 19.8297 169.111
v 218.812 20.0625 169.111
v 223.125 20.3094 169.111
v 227.438 20.5705 169.111
v 231.75 20.8457 169.111
v 236.062 21.1351 169.111
v 240.375 21.4387 169.111
v 244.688 21.7565 169.111
v 249 22.0885 169.111
v 46.3125 21.8706 174.889
v 42 22.2026 174.889
v 50.625 21.5528 174.889
v 54.9375 21.2492 174.889
v 59.25 20.9597 174.889
v 63.5625 20.6845 174.889
v 67.875 20.4234 174.889
v 72.1875 20.1765 174.889
v 76.5 19.9437 174.889
v 80.8125 19.7251 174.889
v 85.125 19.5206 174.889
v 89.4375 19.3302 174.889
v 93.75 19.154 174.889
v 98.0625 18.9919 174.889
v 102.375 18.8439 174.889
v 106.688 18.71 174.889
v 111 18.5902 174.889
v 115.312 18.4845 174.889
v 119.625 18.3929 174.889
v 123.938 18.3154 174.889
v 128.25 18.252 174.889
v 132.562 18.2027 174.889
v 136.875 18.1675 174.889
v 141.188 18.1464 174.889
v 145.5 18.1393 174.889
v 149.812 18.1464 174.889
v 154.125 18.1675 174.889
v 158.438 18.2027 174.889
v 162.75 18.252 174.889
v 167.062 18.3154 174.889
v 171.375 18.3929 174.889
v 175.688 18.4845 174.889
v 180 18.5902 174.889
v 184.312 18.71 174.889
v 188.625 18.8439 174.889
v 192.938 18.9919 174.889
v 197.25 19.154 174.889
v 201.562 19.3302 174.889
v 205.875 19.5206 174.889
v 210.188 19.7251 174.889
v 214.5 19.9437 174.889
v 218.812 20.1765 174.889
v 223.125 20.4234 174.889
v 227.438 20.6845 174.889
v 231.75 20.9597 174.889
v 236.062 21.2492 174.889
v 240.375 21.5528 174.889
v 244.688 21.8706 174.889
v 249 22.2026 174.889
v 46.3125 22.0101 180.667
v 42 22.3421 180.667
v 50.625 21.6922 180.667
v 54.9375 21.3886 180.667
v 59.25 21.0991 180.667
v 63.5625 20.8238 180.667
v 67.875 20.5627 180.667
v 72.1875 20.3158 180.667
v 76.5 20.083 180.667
v 80.8125 19.8643 180.667
v 85.125 19.6598 180.667
v 89.4375 19.4694 180.667
v 93.75 19.2932 180.667
v 98.0625 19.131 180.667
v 102.375 18.983 180.667
v 106.688 18.8491 180.667
v 111 18.7293 180.667
v 115.312 18.6236 180.667
v 119.625 18.532 180.667
v 123.938 18.4545 180.667
v 128.25 18.3911 180.667
v 132.562 18.3418 180.667
v 136.875 18.3066 180.667
v 141.188 18.2855 180.667
v 145.5 18.2784 180.667
v 149.812 18.2855 180.667
v 154.125 18.3066 180.667
v 158.438 18.3418 180.667
v 162.75 18.3911 180.667
v 167.062 18.4545 180.667
v 171.375 18.532 180.667
v 175.688 18.6236 180.667
v 180 18.7293 180.667
v 184.312 18.8491 180.667
v 188.625 18.983 180.667
v 192.938 19.131 180.667
v 197.25 19.2932 180.667
v 201.562 19.4694 180.667
v 205.875 19.6598 180.667
v 210.188 19.8643 180.667
v 214.5 20.083 180.667
v 218.812 20.3158 180.667
v 223.125 20.5627 180.667
v 227.438 20.8238 180.667
v 231.75 21.0991 180.667
v 236.062 21.3886 180.667
v 240.375 21.6922 180.667
v 244.688 22.0101 180.667
v 249 22.3421 180.667
v 46.3125 22.1749 186.444
v 42 22.507 186.444
v 50.625 21.857 186.444
v 54.9375 21.5533 186.444
v 59.25 21.2638 186.444
v 63.5625 20.9885 186.444
v 67.875 20.7274 186.444
v 72.1875 20.4804 186.444
v 76.5 20.2476 186.444
v 80.8125 20.0289 186.444
v 85.125 19.8243 186.444
v 89.4375 19.6339 186.444
v 93.75 19.4577 186.444
v 98.0625 19.2955 186.444
v 102.375 19.1475 186.444
v 106.688 19.0136 186.444
v 111 18.8938 186.444
v 115.312 18.788 186.444
v 119.625 18.6964 186.444
v 123.938 18.6189 186.444
v 128.25 18.5555 186.444
v 132.562 18.5062 186.444
v 136.875 18.471 186.444
v 141.188 18.4498 186.444
v 145.5 18.4428 186.444
v 149.812 18.4498 186.444
v 154.125 18.471 186.444
v 158.438 18.5062 186.444
v 162.75 18.5555 186.444
v 167.062 18.6189 186.444
v 171.375 18.6964 186.444
v 175.688 18.788 186.444
v 180 18.8938 186.444
v 184.312 19.0136 186.444
v 188.625 19.1475 186.444
v 192.938 19.2955 186.444
v 197.25 19.4577 186.444
v 201.562 19.6339 186.444
v 205.875 19.8243 186.444
v 210.188 20.0289 186.444
v 214.5 20.2476 186.444
v 218.812 20.4804 186.444
v 223.125 20.7274 186.444
v 227.438 20.9885 186.444
v 231.75 21.2638 186.444
v 236.062 21.5533 186.444
v 240.375 21.857 186.444
v 244.688 22.1749 186.444
v 249 22.507 186.444
v 46.3125 22.3651 192.222
v 42 22.6973 192.222
v 50.625 22.0472 192.222
v 54.9375 21.7435 192.222
v 59.25 21.4539 192.222
v 63.5625 21.1786 192.222
v 67.875 20.9174 192.222
v 72.1875 20.6704 192.222
v 76.5 20.4375 192.222
v 80.8125 20.2188 192.222
v 85.125 20.0143 192.222
v 89.4375 19.8238 192.222
v 93.75 19.6475 192.222
v 98.0625 19.4853 192.222
v 102.375 19.3373 192.222
v 106.688 19.2034 192.222
v 111 19.0835 192.222
v 115.312 18.9778 192.222
v 119.625 18.8862 192.222
v 123.938 18.8087 192.222
v 128.25 18.7452 192.222
v 132.562 18.6959 192.222
v 136.875 18.6607 192.222
v 141.188 18.6395 192.222
v 145.5 18.6325 192.222
v 149.812 18.6395 192.222
v 154.125 18.6607 192.222
v 158.438 18.6959 192.222
v 162.75 18.7452 192.222
v 167.062 18.8087 192.222
v 171.375 18.8862 192.222
v 175.688 18.9778 192.222
v 180 19.0835 192.222
v 184.312 19.2034 192.222
v 188.625 19.3373 192.222
v 192.938 19.4853 192.222
v 197.25 19.6475 192.222
v 201.562 19.8238 192.222
v 205.875 20.0143 192.222
v 210.188 20.2188 192.222
v 214.5 20.4375 192.222
v 218.812 20.6704 192.222
v 223.125 20.9174 192.222
v 227.438 21.1786 192.222
v 231.75 21.4539 192.222
v 236.062 21.7435 192.222
v 240.375 22.0472 192.222
v 244.688 22.3651 192.222
v 249 22.6973 192.222
v 46.3125 22.5808 198
v 42 22.913 198
v 50.625 22.2628 198
v 54.9375 21.959 198
v 59.25 21.6694 198
v 63.5625 21.394 198
v 67.875 21.1328 198
v 72.1875 20.8857 198
v 76.5 20.6528 198
v 80.8125 20.4341 198
v 85.125 20.2295 198
v 89.4375 20.039 198
v 93.75 19.8627 198
v 98.0625 19.7005 198
v 102.375 19.5524 198
v 106.688 19.4185 198
v 111 19.2986 198
v 115.312 19.1929 198
v 119.625 19.1012 198
v 123.938 19.0237 198
v 128.25 18.9603 198
v 132.562 18.9109 198
v 136.875 18.8757 198
v 141.188 18.8546 198
v 145.5 18.8475 198
v 149.812 18.8546 198
v 154.125 18.8757 198
v 158.438 18.9109 198
v 162.75 18.9603 198
v 167.062 19.0237 198
v 171.375 19.1012 198
v 175.688 19.1929 198
v 180 19.2986 198
v 184.312 19.4185 198
v 188.625 19.5524 198
v 192.938 19.7005 198
v 197.25 19.8627 198
v 201.562 20.039 198
v 205.875 20.2295 198
v 210.188 20.4341 198
v 214.5 20.6528 198
v 218.812 20.8857 198
v 223.125 21.1328 198
v 227.438 21.394 198
v 231.75 21.6694 198
v 236.062 21.959 198
v 240.375 22.2628 198
v 244.688 22.5808 198
v 249 22.913 198
v 46.3125 22.8218 203.778
v 42 23.1541 203.778
v 50.625 22.5038 203.778
v 54.9375 22.2 203.778
v 59.25 21.9103 203.778
v 63.5625 21.6349 203.778
v 67.875 21.3736 203.778
v 72.1875 21.1265 203.778
v 76.5 20.8935 203.778
v 80.8125 20.6748 203.778
v 85.125 20.4701 203.778
v 89.4375 20.2796 203.778
v 93.75 20.1033 203.778
v 98.0625 19.941 203.778
v 102.375 19.7929 203.778
v 106.688 19.6589 203.778
v 111 19.5391 203.778
v 115.312 19.4333 203.778
v 119.625 19.3417 203.778
v 123.938 19.2641 203.778
v 128.25 19.2007 203.778
v 132.562 19.1513 203.778
v 136.875 19.1161 203.778
v 141.188 19.0949 203.778
v 145.5 19.0879 203.778
v 149.812 19.0949 203.778
v 154.125 19.1161 203.778
v 158.438 19.1513 203.778
v 162.75 19.2007 203.778
v 167.062 19.2641 203.778
v 171.375 19.3417 203.778
v 175.688 19.4333 203.778
v 180 19.5391 203.778
v 184.312 19.6589 203.778
v 188.625 19.7929 203.778
v 192.938 19.941 203.778
v 197.25 20.1033 203.778
v 201.562 20.2796 203.778
v 205.875 20.4701 203.778
v 210.188 20.6748 203.778
v 214.5 20.8935 203.778
v 218.812 21.1265 203.778
v 223.125 21.3736 203.778
v 227.438 21.6349 203.778
v 231.75 21.9103 203.778
v 236.062 22.2 203.778
v 240.375 22.5038 203.778
v 244.688 22.8218 203.778
v 249 23.1541 203.778
v 46.3125 23.0883 209.556
v 42 23.4206 209.556
v 50.625 22.7702 209.556
v 54.9375 22.4663 209.556
v 59.25 22.1766 209.556
v 63.5625 21.9011 209.556
v 67.875 21.6398 209.556
v 72.1875 21.3926 209.556
v 76.5 21.1596 209.556
v 80.8125 20.9408 209.556
v 85.125 20.7361 209.556
v 89.4375 20.5456 209.556
v 93.75 20.3692 209.556
v 98.0625 20.2069 209.556
v 102.375 20.0588 209.556
v 106.688 19.9248 209.556
v 111 19.8049 209.556
v 115.312 19.6991 209.556
v 119.625 19.6074 209.556
v 123.938 19.5299 209.556
v 128.25 19.4664 209.556
v 132.562 19.4171 209.556
v 136.875 19.3818 209.556
v 141.188 19.3607 209.556
v 145.5 19.3536 209.556
v 149.812 19.3607 209.556
v 154.125 19.3818 209.556
v 158.438 19.4171 209.556
v 162.75 19.4664 209.556
v 167.062 19.5299 209.556
v 171.375 19.6074 209.556
v 175.688 19.6991 209.556
v 180 19.8049 209.556
v 184.312 19.9248 209.556
v 188.625 20.0588 209.556
v 192.938 20.2069 209.556
v 197.25 20.3692 209.556
v 201.562 20.5456 209.556
v 205.875 20.7361 209.556
v 210.188 20.9408 209.556
v 214.5 21.1596 209.556
v 218.812 21.3926 209.556
v 223.125 21.6398 209.556
v 227.438 21.9011 209.556
v 231.75 22.1766 209.556
v 236.062 22.4663 209.556
v 240.375 22.7702 209.556
v 244.688 23.0883 209.556
v 249 23.4206 209.556
v 46.3125 23.3802 215.333
v 42 23.7126 215.333
v 50.625 23.062 215.333
v 54.9375 22.7581 215.333
v 59.25 22.4683 215.333
v 63.5625 22.1927 215.333
v 67.875 21.9314 215.333
v 72.1875 21.6842 215.333
v 76.5 21.4511 215.333
v 80.8125 21.2322 215.333
v 85.125 21.0275 215.333
v 89.4375 20.8369 215.333
v 93.75 20.6605 215.333
v 98.0625 20.4982 215.333
v 102.375 20.35 215.333
v 106.688 20.216 215.333
v 111 20.0961 215.333
v 115.312 19.9903 215.333
v 119.625 19.8986 215.333
v 123.938 19.821 215.333
v 128.25 19.7575 215.333
v 132.562 19.7082 215.333
v 136.875 19.6729 215.333
v 141.188 19.6517 215.333
v 145.5 19.6447 215.333
v 149.812 19.6517 215.333
v 154.125 19.6729 215.333
v 158.438 19.7082 215.333
v 162.75 19.7575 215.333
v 167.062 19.821 215.333
v 171.375 19.8986 215.333
v 175.688 19.9903 215.333
v 180 20.0961 215.333
v 184.312 20.216 215.333
v 188.625 20.35 215.333
v 192.938 20.4982 215.333
v 197.25 20.6605 215.333
v 201.562 20.8369 215.333
v 205.875 21.0275 215.333
v 210.188 21.2322 215.333
v 214.5 21.4511 215.333
v 218.812 21.6842 215.333
v 223.125 21.9314 215.333
v 227.438 22.1927 215.333
v 231.75 22.4683 215.333
v 236.062 22.7581 215.333
v 240.375 23.062 215.333
v 244.688 23.3802 215.333
v 249 23.7126 215.333
v 46.3125 23.6976 221.111
v 42 24.0301 221.111
v 50.625 23.3793 221.111
v 54.9375 23.0753 221.111
v 59.25 22.7855 221.111
v 63.5625 22.5098 221.111
v 67.875 22.2484 221.111
v 72.1875 22.0011 221.111
v 76.5 21.768 221.111
v 80.8125 21.5491 221.111
v 85.125 21.3443 221.111
v 89.4375 21.1537 221.111
v 93.75 20.9772 221.111
v 98.0625 20.8149 221.111
v 102.375 20.6667 221.111
v 106.688 20.5326 221.111
v 111 20.4127 221.111
v 115.312 20.3068 221.111
v 119.625 20.2151 221.111
v 123.938 20.1375 221.111
v 128.25 20.074 221.111
v 132.562 20.0247 221.111
v 136.875 19.9894 221.111
v 141.188 19.9682 221.111
v 145.5 19.9612 221.111
v 149.812 19.9682 221.111
v 154.125 19.9894 221.111
v 158.438 20.0247 221.111
v 162.75 20.074 221.111
v 167.062 20.1375 221.111
v 171.375 20.2151 221.111
v 175.688 20.3068 221.111
v 180 20.4127 221.111
v 184.312 20.5326 221.111
v 188.625 20.6667 221.111
v 192.938 20.8149 221.111
v 197.25 20.9772 221.111
v 201.562 21.1537 221.111
v 205.875 21.3443 221.111
v 210.188 21.5491 221.111
v 214.5 21.768 221.111
v 218.812 22.0011 221.111
v 223.125 22.2484 221.111
v 227.438 22.5098 221.111
v 231.75 22.7855 221.111
v 236.062 23.0753 221.111
v 240.375 23.3793 221.111
v 244.688 23.6976 221.111
v 249 24.0301 221.111
v 46.3125 24.0404 226.889
v 42 24.373 226.889
v 50.625 23.7221 226.889
v 54.9375 23.418 226.889
v 59.25 23.1281 226.889
v 63.5625 22.8524 226.889
v 67.875 22.5909 226.889
v 72.1875 22.3435 226.889
v 76.5 22.1104 226.889
v 80.8125 21.8914 226.889
v 85.125 21.6866 226.889
v 89.4375 21.4959 226.889
v 93.75 21.3194 226.889
v 98.0625 21.157 226.889
v 102.375 21.0087 226.889
v 106.688 20.8746 226.889
v 111 20.7546 226.889
v 115.312 20.6488 226.889
v 119.625 20.5571 226.889
v 123.938 20.4794 226.889
v 128.25 20.4159 226.889
v 132.562 20.3665 226.889
v 136.875 20.3313 226.889
v 141.188 20.3101 226.889
v 145.5 20.303 226.889
v 149.812 20.3101 226.889
v 154.125 20.3313 226.889
v 158.438 20.3665 226.889
v 162.75 20.4159 226.889
v 167.062 20.4794 226.889
v 171.375 20.5571 226.889
v 175.688 20.6488 226.889
v 180 20.7546 226.889
v 184.312 20.8746 226.889
v 188.625 21.0087 226.889
v 192.938 21.157 226.889
v 197.25 21.3194 226.889
v 201.562 21.4959 226.889
v 205.875 21.6866 226.889
v 210.188 21.8914 226.889
v 214.5 22.1104 226.889
v 218.812 22.3435 226.889
v 223.125 22.5909 226.889
v 227.438 22.8524 226.889
v 231.75 23.1281 226.889
v 236.062 23.418 226.889
v 240.375 23.7221 226.889
v 244.688 24.0404 226.889
v 249 24.373 226.889
v 46.3125 24.4088 232.667
v 42 24.7415 232.667
v 50.625 24.0904 232.667
v 54.9375 23.7862 232.667
v 59.25 23.4962 232.667
v 63.5625 23.2204 232.667
v 67.875 22.9588 232.667
v 72.1875 22.7114 232.667
v 76.5 22.4782 232.667
v 80.8125 22.2591 232.667
v 85.125 22.0542 232.667
v 89.4375 21.8635 232.667
v 93.75 21.6869 232.667
v 98.0625 21.5245 232.667
v 102.375 21.3762 232.667
v 106.688 21.2421 232.667
v 111 21.1221 232.667
v 115.312 21.0162 232.667
v 119.625 20.9244 232.667
v 123.938 20.8468 232.667
v 128.25 20.7833 232.667
v 132.562 20.7339 232.667
v 136.875 20.6986 232.667
v 141.188 20.6774 232.667
v 145.5 20.6703 232.667
v 149.812 20.6774 232.667
v 154.125 20.6986 232.667
v 158.438 20.7339 232.667
v 162.75 20.7833 232.667
v 167.062 20.8468 232.667
v 171.375 20.9244 232.667
v 175.688 21.0162 232.667
v 180 21.1221 232.667
v 184.312 21.2421 232.667
v 188.625 21.3762 232.667
v 192.938 21.5245 232.667
v 197.25 21.6869 232.667
v 201.562 21.8635 232.667
v 205.875 22.0542 232.667
v 210.188 22.2591 232.667
v 214.5 22.4782 232.667
v 218.812 22.7114 232.667
v 223.125 22.9588 232.667
v 227.438 23.2204 232.667
v 231.75 23.4962 232.667
v 236.062 23.7862 232.667
v 240.375 24.0904 232.667
v 244.688 24.4088 232.667
v 249 24.7415 232.667
v 46.3125 24.8027 238.444
v 42 25.1354 238.444
v 50.625 24.4841 238.444
v 54.9375 24.1798 238.444
v 59.25 23.8898 238.444
v 63.5625 23.6139 238.444
v 67.875 23.3522 238.444
v 72.1875 23.1047 238.444
v 76.5 22.8715 238.444
v 80.8125 22.6523 238.444
v 85.125 22.4474 238.444
v 89.4375 22.2566 238.444
v 93.75 22.08 238.444
v 98.0625 21.9175 238.444
v 102.375 21.7692 238.444
v 106.688 21.635 238.444
v 111 21.5149 238.444
v 115.312 21.409 238.444
v 119.625 21.3172 238.444
v 123.938 21.2396 238.444
v 128.25 21.176 238.444
v 132.562 21.1266 238.444
v 136.875 21.0913 238.444
v 141.188 21.0701 238.444
v 145.5 21.0631 238.444
v 149.812 21.0701 238.444
v 154.125 21.0913 238.444
v 158.438 21.1266 238.444
v 162.75 21.176 238.444
v 167.062 21.2396 238.444
v 171.375 21.3172 238.444
v 175.688 21.409 238.444
v 180 21.5149 238.444
v 184.312 21.635 238.444
v 188.625 21.7692 238.444
v 192.938 21.9175 238.444
v 197.25 22.08 238.444
v 201.562 22.2566 238.444
v 205.875 22.4474 238.444
v 210.188 22.6523 238.444
v 214.5 22.8715 238.444
v 218.812 23.1047 238.444
v 223.125 23.3522 238.444
v 227.438 23.6139 238.444
v 231.75 23.8898 238.444
v 236.062 24.1798 238.444
v 240.375 24.4841 238.444
v 244.688 24.8027 238.444
v 249 25.1354 238.444
v 46.3125 25.2221 244.222
v 42 25.5549 244.222
v 50.625 24.9034 244.222
v 54.9375 24.599 244.222
v 59.25 24.3089 244.222
v 63.5625 24.0329 244.222
v 67.875 23.7712 244.222
v 72.1875 23.5236 244.222
v 76.5 23.2902 244.222
v 80.8125 23.0711 244.222
v 85.125 22.866 244.222
v 89.4375 22.6752 244.222
v 93.75 22.4985 244.222
v 98.0625 22.336 244.222
v 102.375 22.1876 244.222
v 106.688 22.0534 244.222
v 111 21.9333 244.222
v 115.312 21.8273 244.222
v 119.625 21.7355 244.222
v 123.938 21.6578 244.222
v 128.25 21.5943 244.222
v 132.562 21.5449 244.222
v 136.875 21.5095 244.222
v 141.188 21.4884 244.222
v 145.5 21.4813 244.222
v 149.812 21.4884 244.222
v 154.125 21.5095 244.222
v 158.438 21.5449 244.222
v 162.75 21.5943 244.222
v 167.062 21.6578 244.222
v 171.375 21.7355 244.222
v 175.688 21.8273 244.222
v 180 21.9333 244.222
v 184.312 22.0534 244.222
v 188.625 22.1876 244.222
v 192.938 22.336 244.222
v 197.25 22.4985 244.222
v 201.562 22.6752 244.222
v 205.875 22.866 244.222
v 210.188 23.0711 244.222
v 214.5 23.2902 244.222
v 218.812 23.5236 244.222
v 223.125 23.7712 244.222
v 227.438 24.0329 244.222
v 231.75 24.3089 244.222
v 236.062 24.599 244.222
v 240.375 24.9034 244.222
v 244.688 25.2221 244.222
v 249 25.5549 244.222
v 46.3125 25.667 250
v 42 26 250
v 50.625 25.3483 250
v 54.9375 25.0438 250
v 59.25 24.7535 250
v 63.5625 24.4775 250
v 67.875 24.2156 250
v 72.1875 23.968 250
v 76.5 23.7346 250
v 80.8125 23.5153 250
v 85.125 23.3102 250
v 89.4375 23.1193 250
v 93.75 22.9426 250
v 98.0625 22.78 250
v 102.375 22.6316 250
v 106.688 22.4973 250
v 111 22.3772 250
v 115.312 22.2712 250
v 119.625 22.1793 250
v 123.938 22.1016 250
v 128.25 22.038 250
v 132.562 21.9886 250
v 136.875 21.9533 250
v 141.188 21.9321 250
v 145.5 21.925 250
v 149.812 21.9321 250
v 154.125 21.9533 250
v 158.438 21.9886 250
v 162.75 22.038 250
v 167.062 22.1016 250
v 171.375 22.1793 250
v 175.688 22.2712 250
v 180 22.3772 250
v 184.312 22.4973 250
v 188.625 22.6316 250
v 192.938 22.78 250
v 197.25 22.9426 250
v 201.562 23.1193 250
v 205.875 23.3102 250
v 210.188 23.5153 250
v 214.5 23.7346 250
v 218.812 23.968 250
v 223.125 24.2156 250
v 227.438 24.4775 250
v 231.75 24.7535 250
v 236.062 25.0438 250
v 240.375 25.3483 250
v 244.688 25.667 250
v 249 26 250
usemtl mat_0
f 1 2 3
f 1 4 2
f 5 6 7
f 8 9 10
f 8 10 11
f 12 9 8
f 13 14 15
f 16 17 18
f 16 18 5
f 16 7 19
f 16 19 9
f 16 12 20
f 16 5 7
f 16 9 12
f 21 16 22
f 23 24 25
f 23 25 26
f 23 26 13
f 27 17 16
f 27 16 21
f 27 15 17
f 27 21 28
f 29 23 13
f 29 13 15
f 30 31 32
f 30 32 29
f 3 30 29
f 3 29 15
f 33 15 27
f 33 3 15
f 33 27 34
f 33 34 35
f 33 35 36
f 37 3 33
f 38 39 1
f 40 38 1
f 41 42 43
f 44 41 43
f 45 43 40
f 45 44 43
f 46 47 45
f 46 45 40
f 48 49 46
f 48 46 40
f 50 33 51
f 50 37 33
f 52 53 48
f 52 40 1
f 52 48 40
f 54 55 52
f 56 1 3
f 56 3 37
f 57 54 52
f 57 52 1
f 58 59 60
f 61 60 57
f 61 58 60
f 61 57 1
f 62 61 1
f 63 64 62
f 63 65 64
f 66 67 63
f 68 66 63
f 68 69 66
f 68 63 62
f 70 68 62
f 71 70 62
f 71 1 56
f 71 72 70
f 71 62 1
f 73 71 56
f 74 71 73
f 74 50 51
f 74 73 50
f 75 30 3
f 75 3 2
f 76 31 30
f 76 30 75
f 77 32 31
f 77 29 32
f 77 31 76
f 78 29 77
f 79 23 29
f 79 29 78
f 80 24 23
f 80 23 79
f 81 25 24
f 81 24 80
f 82 26 25
f 82 13 26
f 82 25 81
f 83 13 82
f 84 14 13
f 84 15 14
f 84 13 83
f 85 17 15
f 85 15 84
f 86 17 85
f 87 18 17
f 87 5 18
f 87 17 86
f 88 5 87
f 89 6 5
f 89 5 88
f 90 7 6
f 90 19 7
f 90 6 89
f 91 19 90
f 92 9 19
f 92 19 91
f 93 10 9
f 93 9 92
f 94 11 10
f 94 10 93
f 95 8 11
f 95 11 94
f 96 12 8
f 96 8 95
f 97 20 12
f 97 12 96
f 98 16 20
f 98 22 16
f 98 20 97
f 99 22 98
f 100 21 22
f 100 22 99
f 101 28 21
f 101 21 100
f 102 27 28
f 102 28 101
f 103 34 27
f 103 35 34
f 103 27 102
f 104 35 103
f 105 36 35
f 105 35 104
f 106 33 36
f 106 36 105
f 107 1 39
f 107 4 1
f 108 39 38
f 108 107 39
f 109 38 40
f 109 40 43
f 109 108 38
f 110 109 43
f 111 43 42
f 111 110 43
f 112 42 41
f 112 41 44
f 112 111 42
f 113 44 45
f 113 112 44
f 114 113 45
f 115 114 45
f 115 45 47
f 116 47 46
f 116 46 49
f 116 115 47
f 117 116 49
f 118 49 48
f 118 117 49
f 119 48 53
f 119 53 52
f 119 118 48
f 120 119 52
f 121 52 55
f 121 55 54
f 121 120 52
f 122 121 54
f 123 54 57
f 123 122 54
f 124 57 60
f 124 123 57
f 125 60 59
f 125 124 60
f 126 59 58
f 126 58 61
f 126 125 59
f 127 126 61
f 128 61 62
f 128 127 61
f 129 62 64
f 129 128 62
f 130 64 65
f 130 129 64
f 131 65 63
f 131 130 65
f 132 63 67
f 132 131 63
f 133 67 66
f 133 66 69
f 133 132 67
f 134 133 69
f 135 69 68
f 135 134 69
f 136 68 70
f 136 135 68
f 137 70 72
f 137 136 70
f 138 72 71
f 138 137 72
f 87 89 88
f 87 90 89
f 85 87 86
f 97 93 92
f 97 94 93
f 97 95 94
f 97 96 95
f 83 85 84
f 98 91 90
f 98 92 91
f 98 90 87
f 98 97 92
f 100 99 98
f 79 81 80
f 79 82 81
f 79 83 82
f 78 85 83
f 78 83 79
f 105 101 100
f 105 102 101
f 105 103 102
f 105 104 103
f 75 77 76
f 75 78 77
f 2 87 85
f 2 98 87
f 2 100 98
f 2 85 78
f 2 78 75
f 106 100 2
f 106 105 100
f 110 4 107
f 110 107 108
f 110 108 109
f 111 4 110
f 112 4 111
f 114 4 112
f 114 112 113
f 115 4 114
f 116 4 115
f 118 4 116
f 118 116 117
f 119 4 118
f 122 120 121
f 124 120 122
f 124 122 123
f 125 120 124
f 125 119 120
f 126 4 119
f 126 119 125
f 127 4 126
f 128 4 127
f 131 129 130
f 133 129 131
f 133 128 129
f 133 131 132
f 134 128 133
f 135 128 134
f 138 106 2
f 138 2 4
f 138 4 128
f 138 128 135
f 138 135 136
f 138 136 137
f 139 140 141
f 142 141 143
f 142 139 141
f 144 145 142
f 146 147 144
f 146 144 142
f 148 142 143
f 148 146 142
f 149 150 151
f 152 151 148
f 152 149 151
f 153 152 148
f 154 148 143
f 154 153 148
f 155 156 157
f 155 157 154
f 155 154 143
f 158 155 143
f 159 160 158
f 161 158 143
f 161 159 158
f 162 161 143
f 163 162 143
f 164 165 166
f 164 166 163
f 167 164 163
f 168 169 167
f 170 171 168
f 170 163 143
f 170 167 163
f 170 168 167
f 172 143 106
f 172 170 143
f 172 106 138
f 173 170 172
f 174 175 173
f 174 176 175
f 177 173 172
f 177 174 173
f 177 172 178
f 179 180 181
f 179 182 180
f 183 184 177
f 183 185 184
f 186 183 177
f 187 177 178
f 187 182 179
f 187 186 177
f 187 188 189
f 187 179 188
f 187 178 182
f 190 186 187
f 190 191 186
f 192 187 193
f 194 187 192
f 195 190 187
f 195 196 190
f 195 197 196
f 198 194 199
f 200 187 194
f 200 194 198
f 201 202 195
f 203 195 187
f 203 200 204
f 203 187 200
f 203 201 195
f 205 51 33
f 206 207 208
f 106 205 33
f 143 208 205
f 143 205 106
f 143 206 208
f 74 51 205
f 74 205 209
f 209 71 74
f 210 211 212
f 213 209 211
f 213 211 210
f 214 215 216
f 138 71 209
f 138 209 213
f 172 213 214
f 172 138 213
f 172 214 216
f 217 56 218
f 217 73 56
f 56 37 219
f 56 219 218
f 73 220 50
f 73 217 220
f 220 219 37
f 220 37 50
f 171 221 222
f 171 170 221
f 168 222 223
f 168 171 222
f 169 223 224
f 169 224 225
f 169 168 223
f 167 169 225
f 164 225 226
f 164 167 225
f 165 226 227
f 165 164 226
f 166 227 228
f 166 165 227
f 163 228 229
f 163 229 230
f 163 166 228
f 162 163 230
f 161 230 231
f 161 231 232
f 161 162 230
f 159 232 233
f 159 161 232
f 160 159 233
f 158 233 234
f 158 234 235
f 158 160 233
f 155 158 235
f 156 235 236
f 156 155 235
f 157 236 237
f 157 237 238
f 157 156 236
f 154 157 238
f 153 238 239
f 153 154 238
f 152 239 240
f 152 153 239
f 149 240 241
f 149 152 240
f 150 241 242
f 150 149 241
f 151 242 243
f 151 150 242
f 148 243 244
f 148 151 243
f 146 244 245
f 146 245 246
f 146 148 244
f 147 146 246
f 144 246 247
f 144 147 246
f 145 247 248
f 145 144 247
f 142 248 249
f 142 145 248
f 139 249 250
f 139 250 251
f 139 142 249
f 140 139 251
f 141 251 252
f 141 140 251
f 143 252 206
f 143 141 252
f 253 221 170
f 253 170 173
f 175 254 253
f 175 253 173
f 176 255 254
f 176 254 175
f 174 256 255
f 174 257 256
f 174 255 176
f 177 257 174
f 184 258 257
f 184 257 177
f 185 259 258
f 185 260 259
f 185 258 184
f 183 261 260
f 183 260 185
f 186 261 183
f 191 261 186
f 191 262 261
f 190 263 262
f 190 264 263
f 190 262 191
f 196 264 190
f 197 265 264
f 197 264 196
f 195 266 265
f 195 267 266
f 195 265 197
f 202 267 195
f 201 268 267
f 201 269 268
f 201 267 202
f 203 269 201
f 204 270 269
f 204 269 203
f 200 271 270
f 200 270 204
f 198 272 271
f 198 271 200
f 199 273 272
f 199 274 273
f 199 272 198
f 194 274 199
f 192 275 274
f 192 274 194
f 193 276 275
f 193 275 192
f 187 277 276
f 187 276 193
f 189 278 277
f 189 277 187
f 188 279 278
f 188 278 189
f 179 280 279
f 179 281 280
f 179 279 188
f 181 281 179
f 180 282 281
f 180 281 181
f 182 283 282
f 182 282 180
f 178 284 283
f 178 283 182
f 172 216 284
f 172 284 178
f 249 251 250
f 249 252 251
f 249 206 252
f 247 249 248
f 247 206 249
f 244 246 245
f 244 247 246
f 244 206 247
f 241 243 242
f 241 244 243
f 241 206 244
f 238 240 239
f 237 240 238
f 237 241 240
f 236 241 237
f 234 236 235
f 233 236 234
f 231 233 232
f 230 233 231
f 230 236 233
f 225 227 226
f 225 228 227
f 225 229 228
f 225 230 229
f 222 241 236
f 222 236 230
f 222 230 225
f 222 224 223
f 222 225 224
f 222 206 241
f 221 207 206
f 221 206 222
f 285 207 221
f 212 207 285
f 210 212 285
f 286 285 221
f 216 215 286
f 253 286 221
f 253 216 286
f 282 283 284
f 282 284 216
f 257 255 256
f 281 253 254
f 281 216 253
f 281 282 216
f 258 254 255
f 258 255 257
f 279 280 281
f 279 281 254
f 259 254 258
f 277 278 279
f 261 259 260
f 261 254 259
f 262 254 261
f 263 254 262
f 275 276 277
f 275 277 279
f 264 254 263
f 274 275 279
f 273 274 279
f 266 264 265
f 267 264 266
f 268 264 267
f 270 273 279
f 270 271 272
f 270 272 273
f 269 270 279
f 269 279 254
f 269 264 268
f 269 254 264
f 212 208 207
f 212 211 208
f 209 205 208
f 211 209 208
f 214 287 286
f 215 214 286
f 287 213 288
f 214 213 287
f 213 285 288
f 210 285 213
f 217 219 220
f 217 218 219
f 287 288 285
f 287 285 286
usemtl mat_1
f 289 290 220
f 289 220 217
f 217 220 219
f 217 219 218
f 291 219 292
f 291 218 219
f 220 292 219
f 220 290 292
f 217 218 291
f 217 291 289
f 293 294 292
f 290 293 292
f 291 294 295
f 291 292 294
f 289 295 296
f 289 291 295
f 289 293 290
f 289 296 293
f 293 297 294
f 298 297 293
f 296 298 293
f 296 299 298
f 296 295 300
f 299 296 300
f 295 294 297
f 295 297 300
f 300 297 298
f 299 300 298
usemtl mat_2
f 301 302 303
f 301 304 302
f 305 306 307
f 305 307 308
f 309 310 311
f 312 313 314
f 315 316 310
f 315 309 317
f 315 317 318
f 315 318 319
f 315 310 309
f 320 321 322
f 323 324 325
f 323 325 326
f 327 328 329
f 327 329 330
f 327 330 331
f 327 331 332
f 303 333 323
f 303 326 320
f 303 322 312
f 303 314 334
f 303 334 305
f 303 308 316
f 303 305 308
f 303 320 322
f 303 312 314
f 303 316 315
f 303 323 326
f 335 303 315
f 335 315 336
f 335 336 328
f 335 328 327
f 337 303 335
f 338 339 340
f 341 339 338
f 342 339 341
f 343 344 345
f 346 347 301
f 348 339 342
f 348 342 344
f 348 344 343
f 349 346 301
f 350 349 301
f 350 351 349
f 352 353 354
f 355 348 353
f 355 339 348
f 355 353 352
f 356 350 301
f 356 357 350
f 358 339 355
f 359 360 356
f 361 358 362
f 363 335 339
f 363 337 335
f 364 358 361
f 365 366 359
f 365 367 366
f 365 359 356
f 368 358 364
f 369 339 358
f 369 358 368
f 370 356 301
f 370 371 365
f 370 365 356
f 372 339 369
f 373 374 370
f 373 370 301
f 375 303 337
f 375 301 303
f 376 372 377
f 376 339 372
f 378 373 301
f 379 378 301
f 380 381 382
f 380 376 381
f 380 339 376
f 383 339 380
f 384 385 386
f 387 339 383
f 387 383 388
f 389 384 386
f 389 386 379
f 389 379 301
f 390 389 301
f 391 387 392
f 393 387 391
f 394 339 387
f 394 387 393
f 395 396 390
f 395 397 396
f 398 339 394
f 398 363 339
f 399 395 390
f 400 390 301
f 400 399 390
f 401 400 301
f 402 301 375
f 402 401 301
f 402 403 401
f 402 404 403
f 405 402 375
f 406 402 405
f 407 363 398
f 407 405 363
f 407 406 405
f 408 406 407
f 408 407 409
f 408 409 410
f 408 411 406
f 412 413 414
f 415 408 416
f 417 408 415
f 418 419 420
f 418 420 412
f 421 408 417
f 421 417 422
f 421 422 423
f 424 412 414
f 424 418 412
f 424 425 418
f 424 414 411
f 426 421 427
f 426 427 428
f 429 424 411
f 429 430 431
f 429 431 424
f 432 429 411
f 433 426 434
f 433 421 426
f 435 432 411
f 436 421 433
f 437 435 411
f 437 421 436
f 437 411 408
f 437 408 421
f 437 438 435
f 302 333 303
f 439 333 302
f 440 323 333
f 440 333 439
f 441 324 323
f 441 323 440
f 442 325 324
f 442 324 441
f 443 326 325
f 443 325 442
f 444 320 326
f 444 326 443
f 445 321 320
f 445 320 444
f 446 322 321
f 446 321 445
f 447 322 446
f 447 312 322
f 448 313 312
f 448 312 447
f 449 314 313
f 449 313 448
f 450 334 314
f 450 305 334
f 450 314 449
f 451 305 450
f 452 305 451
f 452 306 305
f 453 307 306
f 453 306 452
f 454 308 307
f 454 307 453
f 455 316 308
f 455 308 454
f 456 310 316
f 456 316 455
f 457 311 310
f 457 310 456
f 458 309 311
f 458 311 457
f 459 317 309
f 459 318 317
f 459 309 458
f 460 318 459
f 461 319 318
f 461 315 319
f 461 318 460
f 462 315 461
f 463 336 315
f 463 328 336
f 463 315 462
f 464 328 463
f 465 329 328
f 465 328 464
f 466 330 329
f 466 329 465
f 467 331 330
f 467 330 466
f 468 332 331
f 468 331 467
f 469 327 332
f 469 332 468
f 470 335 327
f 470 327 469
f 471 301 347
f 471 304 301
f 472 347 346
f 472 471 347
f 473 346 349
f 473 472 346
f 474 349 351
f 474 473 349
f 475 351 350
f 475 474 351
f 476 350 357
f 476 475 350
f 477 357 356
f 477 476 357
f 478 356 360
f 478 477 356
f 479 478 360
f 479 360 359
f 480 359 366
f 480 479 359
f 481 366 367
f 481 367 365
f 481 480 366
f 482 481 365
f 483 365 371
f 483 482 365
f 484 371 370
f 484 483 371
f 485 370 374
f 485 484 370
f 486 374 373
f 486 485 374
f 487 373 378
f 487 486 373
f 488 378 379
f 488 487 378
f 489 379 386
f 489 488 379
f 490 386 385
f 490 385 384
f 490 489 386
f 491 490 384
f 492 384 389
f 492 491 384
f 493 389 390
f 493 390 396
f 493 492 389
f 494 493 396
f 495 396 397
f 495 494 396
f 496 397 395
f 496 395 399
f 496 495 397
f 497 496 399
f 498 399 400
f 498 497 399
f 499 400 401
f 499 401 403
f 499 498 400
f 500 499 403
f 501 403 404
f 501 500 403
f 502 404 402
f 502 501 404
f 451 453 452
f 451 454 453
f 458 457 456
f 447 449 448
f 462 456 455
f 462 459 458
f 462 460 459
f 462 461 460
f 462 458 456
f 444 446 445
f 440 442 441
f 440 443 442
f 469 465 464
f 469 466 465
f 469 467 466
f 469 468 467
f 302 440 439
f 302 444 443
f 302 447 446
f 302 450 449
f 302 451 450
f 302 455 454
f 302 454 451
f 302 446 444
f 302 449 447
f 302 462 455
f 302 443 440
f 470 462 302
f 470 463 462
f 470 464 463
f 470 469 464
f 503 470 302
f 504 505 506
f 507 504 506
f 508 507 506
f 509 510 511
f 472 304 471
f 512 508 506
f 512 511 508
f 512 509 511
f 473 304 472
f 475 304 473
f 475 473 474
f 513 514 515
f 516 515 512
f 516 512 506
f 516 513 515
f 477 304 475
f 477 475 476
f 517 516 506
f 479 477 478
f 518 519 517
f 520 506 470
f 520 470 503
f 521 518 517
f 482 479 480
f 482 480 481
f 482 477 479
f 522 521 517
f 523 517 506
f 523 522 517
f 484 304 477
f 484 482 483
f 484 477 482
f 524 523 506
f 486 484 485
f 486 304 484
f 525 503 302
f 525 302 304
f 526 527 524
f 526 524 506
f 487 304 486
f 488 304 487
f 528 529 530
f 528 530 526
f 528 526 506
f 531 528 506
f 491 489 490
f 532 531 506
f 532 533 531
f 492 489 491
f 492 488 489
f 492 304 488
f 493 304 492
f 534 535 532
f 536 534 532
f 537 532 506
f 537 536 532
f 496 493 494
f 496 494 495
f 538 537 506
f 538 506 520
f 497 493 496
f 498 304 493
f 498 493 497
f 499 304 498
f 502 525 304
f 502 304 499
f 502 499 500
f 502 500 501
f 539 525 502
f 540 539 502
f 541 538 520
f 541 520 539
f 541 539 540
f 542 541 540
f 542 543 541
f 542 544 543
f 542 540 545
f 546 547 548
f 549 550 542
f 551 549 542
f 552 553 554
f 552 546 553
f 555 551 542
f 555 556 551
f 555 557 556
f 558 547 546
f 558 546 552
f 558 552 559
f 558 545 547
f 560 561 555
f 560 562 561
f 563 545 558
f 563 564 565
f 563 558 564
f 566 545 563
f 567 568 560
f 567 560 555
f 569 545 566
f 570 567 555
f 571 545 569
f 571 570 555
f 571 542 545
f 571 555 542
f 571 569 572
f 506 335 470
f 506 339 335
f 538 398 394
f 537 538 394
f 536 394 393
f 536 537 394
f 534 393 391
f 534 536 393
f 535 391 392
f 535 534 391
f 532 392 387
f 532 535 392
f 533 387 388
f 533 532 387
f 531 388 383
f 531 533 388
f 528 383 380
f 528 531 383
f 529 528 380
f 529 380 382
f 530 382 381
f 530 529 382
f 526 381 376
f 526 530 381
f 527 376 377
f 527 377 372
f 527 526 376
f 524 527 372
f 523 524 372
f 523 372 369
f 522 369 368
f 522 523 369
f 521 368 364
f 521 522 368
f 518 364 361
f 518 521 364
f 519 361 362
f 519 518 361
f 517 362 358
f 517 519 362
f 516 358 355
f 516 517 358
f 513 355 352
f 513 352 354
f 513 516 355
f 514 513 354
f 515 354 353
f 515 353 348
f 515 514 354
f 512 515 348
f 509 348 343
f 509 343 345
f 509 512 348
f 510 509 345
f 511 345 344
f 511 510 345
f 508 344 342
f 508 511 344
f 507 342 341
f 507 508 342
f 504 341 338
f 504 507 341
f 505 338 340
f 505 504 338
f 506 340 339
f 506 505 340
f 407 398 538
f 407 538 541
f 543 409 407
f 543 407 541
f 544 410 409
f 544 409 543
f 542 408 410
f 542 410 544
f 550 416 408
f 550 408 542
f 549 415 416
f 549 416 550
f 551 417 415
f 551 415 549
f 556 422 417
f 556 417 551
f 557 423 422
f 557 422 556
f 555 423 557
f 555 421 423
f 561 427 421
f 561 421 555
f 562 428 427
f 562 426 428
f 562 427 561
f 560 426 562
f 568 434 426
f 568 426 560
f 567 433 434
f 567 434 568
f 570 436 433
f 570 433 567
f 571 437 436
f 571 436 570
f 572 438 437
f 572 437 571
f 569 435 438
f 569 438 572
f 566 432 435
f 566 435 569
f 563 429 432
f 563 430 429
f 563 432 566
f 565 430 563
f 564 431 430
f 564 430 565
f 558 424 431
f 558 425 424
f 558 431 564
f 559 425 558
f 552 418 425
f 552 425 559
f 554 419 418
f 554 420 419
f 554 418 552
f 553 420 554
f 546 412 420
f 546 420 553
f 548 413 412
f 548 414 413
f 548 412 546
f 547 414 548
f 545 411 414
f 545 414 547
f 540 406 411
f 540 411 545
f 540 502 402
f 540 402 406
f 539 375 525
f 539 405 375
f 405 520 363
f 405 539 520
f 520 503 337
f 520 337 363
f 375 337 503
f 375 503 525
usemtl mat_3
f 573 574 575
f 573 576 574
f 577 578 579
f 580 581 582
f 583 584 585
f 586 580 587
f 588 589 590
f 588 590 583
f 591 586 592
f 593 594 588
f 595 596 597
f 595 597 598
f 595 598 599
f 595 599 600
f 595 600 601
f 595 601 581
f 595 591 602
f 595 602 603
f 595 603 604
f 595 580 586
f 595 586 591
f 595 581 580
f 575 605 606
f 575 606 593
f 575 585 577
f 575 579 607
f 575 607 608
f 575 608 596
f 575 593 588
f 575 577 579
f 575 583 585
f 575 588 583
f 575 596 595
f 609 610 611
f 612 609 611
f 612 613 573
f 612 611 613
f 614 612 573
f 614 615 612
f 616 614 573
f 617 616 573
f 617 618 616
f 619 620 617
f 621 619 617
f 622 621 617
f 623 617 573
f 623 622 617
f 624 623 573
f 625 626 624
f 625 627 626
f 628 624 573
f 628 625 624
f 629 630 631
f 629 632 630
f 633 628 573
f 633 629 631
f 633 631 628
f 633 634 629
f 635 633 573
f 636 637 638
f 639 636 638
f 639 638 635
f 640 575 595
f 640 573 575
f 640 635 573
f 640 639 635
f 641 642 643
f 641 644 642
f 641 645 644
f 646 645 641
f 647 646 648
f 647 645 646
f 649 645 647
f 650 649 651
f 650 645 649
f 652 650 653
f 654 652 655
f 654 650 652
f 656 645 650
f 656 650 654
f 657 645 656
f 658 645 657
f 659 660 661
f 662 660 659
f 662 658 660
f 663 658 662
f 664 645 658
f 664 658 663
f 665 666 667
f 668 666 665
f 669 670 671
f 669 668 670
f 669 664 666
f 669 666 668
f 672 669 673
f 672 645 664
f 672 664 669
f 674 595 645
f 674 640 595
f 675 645 672
f 675 674 645
f 676 677 674
f 678 675 679
f 678 679 680
f 681 676 674
f 681 682 676
f 683 674 675
f 683 675 678
f 683 678 684
f 685 686 687
f 685 687 681
f 688 681 674
f 688 685 681
f 689 690 691
f 692 689 693
f 694 695 696
f 697 694 696
f 697 698 694
f 699 674 683
f 699 688 674
f 699 690 689
f 699 689 692
f 699 683 700
f 699 700 690
f 699 697 696
f 699 696 688
f 701 692 702
f 701 702 703
f 704 699 692
f 704 701 705
f 704 706 699
f 704 692 701
f 707 605 575
f 707 575 574
f 708 606 605
f 708 605 707
f 709 593 606
f 709 606 708
f 710 594 593
f 710 588 594
f 710 593 709
f 711 588 710
f 712 589 588
f 712 588 711
f 713 590 589
f 713 589 712
f 714 583 590
f 714 590 713
f 715 583 714
f 715 584 583
f 716 585 584
f 716 584 715
f 717 577 585
f 717 585 716
f 718 578 577
f 718 579 578
f 718 577 717
f 719 579 718
f 720 579 719
f 720 607 579
f 721 608 607
f 721 607 720
f 722 596 608
f 722 597 596
f 722 608 721
f 723 597 722
f 724 598 597
f 724 597 723
f 725 599 598
f 725 598 724
f 726 600 599
f 726 599 725
f 727 601 600
f 727 581 601
f 727 600 726
f 728 581 727
f 729 582 581
f 729 580 582
f 729 581 728
f 730 580 729
f 731 587 580
f 731 580 730
f 732 586 587
f 732 587 731
f 733 592 586
f 733 591 592
f 733 586 732
f 734 591 733
f 735 602 591
f 735 591 734
f 736 603 602
f 736 602 735
f 737 604 603
f 737 603 736
f 738 595 604
f 738 604 737
f 739 573 613
f 739 576 573
f 740 613 611
f 740 739 613
f 741 611 610
f 741 740 611
f 742 610 609
f 742 741 610
f 743 609 612
f 743 742 609
f 744 612 615
f 744 743 612
f 745 615 614
f 745 744 615
f 746 614 616
f 746 745 614
f 747 746 616
f 747 616 618
f 748 618 617
f 748 747 618
f 749 617 620
f 749 748 617
f 750 620 619
f 750 749 620
f 751 619 621
f 751 750 619
f 752 621 622
f 752 751 621
f 753 622 623
f 753 752 622
f 754 623 624
f 754 753 623
f 755 624 626
f 755 754 624
f 756 626 627
f 756 627 625
f 756 755 626
f 757 756 625
f 758 625 628
f 758 757 625
f 759 628 631
f 759 631 630
f 759 758 628
f 760 759 630
f 761 630 632
f 761 760 630
f 762 632 629
f 762 761 632
f 763 629 634
f 763 762 629
f 764 634 633
f 764 763 634
f 765 633 635
f 765 764 633
f 766 635 638
f 766 638 637
f 766 765 635
f 767 637 636
f 767 766 637
f 768 767 636
f 769 636 639
f 769 768 636
f 770 639 640
f 770 769 639
f 717 719 718
f 730 729 728
f 714 716 715
f 732 731 730
f 711 713 712
f 711 714 713
f 734 733 732
f 709 711 710
f 738 723 722
f 738 724 723
f 738 725 724
f 738 726 725
f 738 727 726
f 738 728 727
f 738 735 734
f 738 736 735
f 738 737 736
f 738 732 730
f 738 734 732
f 738 730 728
f 574 708 707
f 574 709 708
f 574 717 716
f 574 720 719
f 574 721 720
f 574 722 721
f 574 711 709
f 574 719 717
f 574 716 714
f 574 714 711
f 574 738 722
f 742 740 741
f 743 740 742
f 743 576 739
f 743 739 740
f 745 576 743
f 745 743 744
f 746 576 745
f 748 576 746
f 748 746 747
f 750 748 749
f 751 748 750
f 752 748 751
f 753 576 748
f 753 748 752
f 754 576 753
f 757 754 755
f 757 755 756
f 758 576 754
f 758 754 757
f 762 759 760
f 762 760 761
f 764 576 758
f 764 759 762
f 764 758 759
f 764 762 763
f 765 576 764
f 768 766 767
f 769 766 768
f 769 765 766
f 770 738 574
f 770 574 576
f 770 576 765
f 770 765 769
f 771 772 773
f 771 773 774
f 771 774 775
f 776 771 775
f 777 778 776
f 777 776 775
f 779 777 775
f 780 781 779
f 780 779 775
f 782 783 780
f 784 785 782
f 784 782 780
f 786 780 775
f 786 784 780
f 787 786 775
f 788 787 775
f 789 790 791
f 792 789 791
f 792 791 788
f 793 792 788
f 794 788 775
f 794 793 788
f 795 796 797
f 798 795 797
f 799 800 801
f 799 801 798
f 799 797 794
f 799 798 797
f 802 803 799
f 802 794 775
f 802 799 794
f 804 775 738
f 804 738 770
f 805 802 775
f 805 775 804
f 806 804 807
f 808 809 805
f 808 810 809
f 811 804 806
f 811 806 812
f 813 805 804
f 813 808 805
f 813 814 808
f 815 816 817
f 815 811 816
f 818 804 811
f 818 811 815
f 819 820 821
f 822 823 819
f 824 825 826
f 827 825 824
f 827 824 828
f 829 813 804
f 829 804 818
f 829 819 821
f 829 822 819
f 829 830 813
f 829 821 830
f 829 825 827
f 829 818 825
f 831 832 822
f 831 833 832
f 834 822 829
f 834 835 831
f 834 829 836
f 834 831 822
f 645 595 738
f 775 645 738
f 803 672 673
f 803 802 672
f 799 673 669
f 799 803 673
f 800 669 671
f 800 799 669
f 801 671 670
f 801 670 668
f 801 800 671
f 798 801 668
f 795 668 665
f 795 798 668
f 796 665 667
f 796 795 665
f 797 667 666
f 797 796 667
f 794 797 666
f 794 666 664
f 793 664 663
f 793 794 664
f 792 663 662
f 792 793 663
f 789 662 659
f 789 659 661
f 789 792 662
f 790 789 661
f 791 790 661
f 791 661 660
f 788 660 658
f 788 791 660
f 787 658 657
f 787 657 656
f 787 788 658
f 786 787 656
f 784 656 654
f 784 786 656
f 785 654 655
f 785 784 654
f 782 655 652
f 782 785 655
f 783 652 653
f 783 653 650
f 783 782 652
f 780 783 650
f 781 650 651
f 781 651 649
f 781 780 650
f 779 781 649
f 777 649 647
f 777 779 649
f 778 647 648
f 778 777 647
f 776 648 646
f 776 646 641
f 776 778 648
f 771 776 641
f 772 641 643
f 772 771 641
f 773 643 642
f 773 772 643
f 774 642 644
f 774 773 642
f 775 644 645
f 775 774 644
f 675 672 802
f 675 802 805
f 809 679 675
f 809 675 805
f 810 680 679
f 810 679 809
f 808 678 680
f 808 680 810
f 814 684 678
f 814 678 808
f 813 683 684
f 813 684 814
f 830 700 683
f 830 683 813
f 821 690 700
f 821 700 830
f 820 691 690
f 820 690 821
f 819 691 820
f 819 689 691
f 823 693 689
f 823 689 819
f 822 692 693
f 822 693 823
f 832 702 692
f 832 692 822
f 833 703 702
f 833 702 832
f 831 701 703
f 831 703 833
f 835 705 701
f 835 701 831
f 834 704 705
f 834 705 835
f 836 706 704
f 836 704 834
f 829 699 706
f 829 697 699
f 829 706 836
f 827 697 829
f 828 698 697
f 828 697 827
f 824 694 698
f 824 695 694
f 824 698 828
f 826 695 824
f 825 696 695
f 825 695 826
f 818 688 696
f 818 696 825
f 815 685 688
f 815 688 818
f 817 686 685
f 817 685 815
f 816 687 686
f 816 686 817
f 811 681 687
f 811 682 681
f 811 687 816
f 812 676 682
f 812 682 811
f 806 676 812
f 807 677 676
f 807 676 806
f 804 674 677
f 804 677 807
f 674 770 640
f 804 770 674
usemtl mat_4
f 837 838 839
f 837 840 838
f 841 842 843
f 841 843 844
f 841 839 842
f 841 837 839
f 844 843 838
f 844 838 840
f 842 839 838
f 843 842 838
f 841 840 837
f 844 840 841
usemtl mat_5
f 845 846 847
f 845 848 846
f 849 850 851
f 849 851 852
f 849 847 850
f 849 845 847
f 852 851 846
f 852 846 848
f 851 847 846
f 851 850 847
f 852 848 845
f 852 845 849
usemtl mat_6
f 853 854 855
f 853 856 854
f 857 858 859
f 857 859 860
f 857 855 858
f 857 853 855
f 860 859 854
f 860 854 856
f 859 855 854
f 859 858 855
f 860 856 853
f 860 853 857
usemtl mat_7
f 861 862 863
f 861 864 862
f 865 866 867
f 865 867 868
f 865 863 866
f 865 861 863
f 868 867 862
f 868 862 864
f 867 863 862
f 867 866 863
f 868 864 861
f 868 861 865
usemtl mat_8
f 869 870 871
f 869 872 870
f 873 874 875
f 873 875 876
f 873 871 874
f 873 869 871
f 876 875 870
f 876 870 872
f 875 871 870
f 875 874 871
f 876 872 869
f 876 869 873
usemtl mat_9
f 877 878 879
f 877 880 878
f 881 882 883
f 881 883 884
f 881 879 882
f 881 877 879
f 884 883 878
f 884 878 880
f 883 879 878
f 883 882 879
f 884 880 877
f 884 877 881
usemtl mat_10
f 885 886 887
f 885 888 886
f 889 890 891
f 889 891 892
f 889 887 890
f 889 885 887
f 892 891 886
f 892 886 888
f 891 887 886
f 891 890 887
f 892 888 885
f 892 885 889
usemtl mat_11
f 893 894 895
f 893 896 894
f 897 898 899
f 897 899 900
f 897 895 898
f 897 893 895
f 900 899 894
f 900 894 896
f 899 895 894
f 899 898 895
f 900 896 893
f 900 893 897
usemtl mat_12
f 901 902 903
f 901 904 902
f 905 906 907
f 905 907 908
f 905 903 906
f 905 901 903
f 908 907 902
f 908 902 904
f 907 903 902
f 907 906 903
f 908 904 901
f 908 901 905
usemtl mat_13
f 909 910 911
f 909 912 910
f 913 914 915
f 913 915 916
f 913 911 914
f 913 909 911
f 916 915 910
f 916 910 912
f 915 911 910
f 915 914 911
f 916 912 909
f 916 909 913
usemtl mat_14
f 917 918 919
f 917 919 920
f 918 921 922
f 918 922 919
f 921 923 924
f 921 924 922
f 923 925 926
f 923 926 924
f 925 927 928
f 925 928 926
f 927 929 930
f 927 930 928
f 929 931 932
f 929 932 930
f 931 933 934
f 931 934 932
f 933 935 936
f 933 936 934
f 935 937 938
f 935 938 936
f 937 939 940
f 937 940 938
f 939 941 942
f 939 942 940
f 941 943 944
f 941 944 942
f 943 945 946
f 943 946 944
f 945 947 948
f 945 948 946
f 947 949 950
f 947 950 948
f 949 951 952
f 949 952 950
f 951 953 954
f 951 954 952
f 953 955 956
f 953 956 954
f 955 957 958
f 955 958 956
f 957 959 960
f 957 960 958
f 959 961 962
f 959 962 960
f 961 963 964
f 961 964 962
f 963 965 966
f 963 966 964
f 965 967 968
f 965 968 966
f 967 969 970
f 967 970 968
f 969 971 972
f 969 972 970
f 971 973 974
f 971 974 972
f 973 975 976
f 973 976 974
f 975 977 978
f 975 978 976
f 977 979 980
f 977 980 978
f 979 981 982
f 979 982 980
f 981 983 984
f 981 984 982
f 983 985 986
f 983 986 984
f 985 987 988
f 985 988 986
f 987 989 990
f 987 990 988
f 989 991 992
f 989 992 990
f 991 993 994
f 991 994 992
f 993 995 996
f 993 996 994
f 995 997 998
f 995 998 996
f 997 999 1000
f 997 1000 998
f 999 1001 1002
f 999 1002 1000
f 1001 1003 1004
f 1001 1004 1002
f 1003 1005 1006
f 1003 1006 1004
f 1005 1007 1008
f 1005 1008 1006
f 1007 1009 1010
f 1007 1010 1008
f 1009 1011 1012
f 1009 1012 1010
f 1011 1013 1014
f 1011 1014 1012
f 920 919 1015
f 920 1015 1016
f 919 922 1017
f 919 1017 1015
f 922 924 1018
f 922 1018 1017
f 924 926 1019
f 924 1019 1018
f 926 928 1020
f 926 1020 1019
f 928 930 1021
f 928 1021 1020
f 930 932 1022
f 930 1022 1021
f 932 934 1023
f 932 1023 1022
f 934 936 1024
f 934 1024 1023
f 936 938 1025
f 936 1025 1024
f 938 940 1026
f 938 1026 1025
f 940 942 1027
f 940 1027 1026
f 942 944 1028
f 942 1028 1027
f 944 946 1029
f 944 1029 1028
f 946 948 1030
f 946 1030 1029
f 948 950 1031
f 948 1031 1030
f 950 952 1032
f 950 1032 1031
f 952 954 1033
f 952 1033 1032
f 954 956 1034
f 954 1034 1033
f 956 958 1035
f 956 1035 1034
f 958 960 1036
f 958 1036 1035
f 960 962 1037
f 960 1037 1036
f 962 964 1038
f 962 1038 1037
f 964 966 1039
f 964 1039 1038
f 966 968 1040
f 966 1040 1039
f 968 970 1041
f 968 1041 1040
f 970 972 1042
f 970 1042 1041
f 972 974 1043
f 972 1043 1042
f 974 976 1044
f 974 1044 1043
f 976 978 1045
f 976 1045 1044
f 978 980 1046
f 978 1046 1045
f 980 982 1047
f 980 1047 1046
f 982 984 1048
f 982 1048 1047
f 984 986 1049
f 984 1049 1048
f 986 988 1050
f 986 1050 1049
f 988 990 1051
f 988 1051 1050
f 990 992 1052
f 990 1052 1051
f 992 994 1053
f 992 1053 1052
f 994 996 1054
f 994 1054 1053
f 996 998 1055
f 996 1055 1054
f 998 1000 1056
f 998 1056 1055
f 1000 1002 1057
f 1000 1057 1056
f 1002 1004 1058
f 1002 1058 1057
f 1004 1006 1059
f 1004 1059 1058
f 1006 1008 1060
f 1006 1060 1059
f 1008 1010 1061
f 1008 1061 1060
f 1010 1012 1062
f 1010 1062 1061
f 1012 1014 1063
f 1012 1063 1062
f 1016 1015 1064
f 1016 1064 1065
f 1015 1017 1066
f 1015 1066 1064
f 1017 1018 1067
f 1017 1067 1066
f 1018 1019 1068
f 1018 1068 1067
f 1019 1020 1069
f 1019 1069 1068
f 1020 1021 1070
f 1020 1070 1069
f 1021 1022 1071
f 1021 1071 1070
f 1022 1023 1072
f 1022 1072 1071
f 1023 1024 1073
f 1023 1073 1072
f 1024 1025 1074
f 1024 1074 1073
f 1025 1026 1075
f 1025 1075 1074
f 1026 1027 1076
f 1026 1076 1075
f 1027 1028 1077
f 1027 1077 1076
f 1028 1029 1078
f 1028 1078 1077
f 1029 1030 1079
f 1029 1079 1078
f 1030 1031 1080
f 1030 1080 1079
f 1031 1032 1081
f 1031 1081 1080
f 1032 1033 1082
f 1032 1082 1081
f 1033 1034 1083
f 1033 1083 1082
f 1034 1035 1084
f 1034 1084 1083
f 1035 1036 1085
f 1035 1085 1084
f 1036 1037 1086
f 1036 1086 1085
f 1037 1038 1087
f 1037 1087 1086
f 1038 1039 1088
f 1038 1088 1087
f 1039 1040 1089
f 1039 1089 1088
f 1040 1041 1090
f 1040 1090 1089
f 1041 1042 1091
f 1041 1091 1090
f 1042 1043 1092
f 1042 1092 1091
f 1043 1044 1093
f 1043 1093 1092
f 1044 1045 1094
f 1044 1094 1093
f 1045 1046 1095
f 1045 1095 1094
f 1046 1047 1096
f 1046 1096 1095
f 1047 1048 1097
f 1047 1097 1096
f 1048 1049 1098
f 1048 1098 1097
f 1049 1050 1099
f 1049 1099 1098
f 1050 1051 1100
f 1050 1100 1099
f 1051 1052 1101
f 1051 1101 1100
f 1052 1053 1102
f 1052 1102 1101
f 1053 1054 1103
f 1053 1103 1102
f 1054 1055 1104
f 1054 1104 1103
f 1055 1056 1105
f 1055 1105 1104
f 1056 1057 1106
f 1056 1106 1105
f 1057 1058 1107
f 1057 1107 1106
f 1058 1059 1108
f 1058 1108 1107
f 1059 1060 1109
f 1059 1109 1108
f 1060 1061 1110
f 1060 1110 1109
f 1061 1062 1111
f 1061 1111 1110
f 1062 1063 1112
f 1062 1112 1111
f 1065 1064 1113
f 1065 1113 1114
f 1064 1066 1115
f 1064 1115 1113
f 1066 1067 1116
f 1066 1116 1115
f 1067 1068 1117
f 1067 1117 1116
f 1068 1069 1118
f 1068 1118 1117
f 1069 1070 1119
f 1069 1119 1118
f 1070 1071 1120
f 1070 1120 1119
f 1071 1072 1121
f 1071 1121 1120
f 1072 1073 1122
f 1072 1122 1121
f 1073 1074 1123
f 1073 1123 1122
f 1074 1075 1124
f 1074 1124 1123
f 1075 1076 1125
f 1075 1125 1124
f 1076 1077 1126
f 1076 1126 1125
f 1077 1078 1127
f 1077 1127 1126
f 1078 1079 1128
f 1078 1128 1127
f 1079 1080 1129
f 1079 1129 1128
f 1080 1081 1130
f 1080 1130 1129
f 1081 1082 1131
f 1081 1131 1130
f 1082 1083 1132
f 1082 1132 1131
f 1083 1084 1133
f 1083 1133 1132
f 1084 1085 1134
f 1084 1134 1133
f 1085 1086 1135
f 1085 1135 1134
f 1086 1087 1136
f 1086 1136 1135
f 1087 1088 1137
f 1087 1137 1136
f 1088 1089 1138
f 1088 1138 1137
f 1089 1090 1139
f 1089 1139 1138
f 1090 1091 1140
f 1090 1140 1139
f 1091 1092 1141
f 1091 1141 1140
f 1092 1093 1142
f 1092 1142 1141
f 1093 1094 1143
f 1093 1143 1142
f 1094 1095 1144
f 1094 1144 1143
f 1095 1096 1145
f 1095 1145 1144
f 1096 1097 1146
f 1096 1146 1145
f 1097 1098 1147
f 1097 1147 1146
f 1098 1099 1148
f 1098 1148 1147
f 1099 1100 1149
f 1099 1149 1148
f 1100 1101 1150
f 1100 1150 1149
f 1101 1102 1151
f 1101 1151 1150
f 1102 1103 1152
f 1102 1152 1151
f 1103 1104 1153
f 1103 1153 1152
f 1104 1105 1154
f 1104 1154 1153
f 1105 1106 1155
f 1105 1155 1154
f 1106 1107 1156
f 1106 1156 1155
f 1107 1108 1157
f 1107 1157 1156
f 1108 1109 1158
f 1108 1158 1157
f 1109 1110 1159
f 1109 1159 1158
f 1110 1111 1160
f 1110 1160 1159
f 1111 1112 1161
f 1111 1161 1160
f 1114 1113 1162
f 1114 1162 1163
f 1113 1115 1164
f 1113 1164 1162
f 1115 1116 1165
f 1115 1165 1164
f 1116 1117 1166
f 1116 1166 1165
f 1117 1118 1167
f 1117 1167 1166
f 1118 1119 1168
f 1118 1168 1167
f 1119 1120 1169
f 1119 1169 1168
f 1120 1121 1170
f 1120 1170 1169
f 1121 1122 1171
f 1121 1171 1170
f 1122 1123 1172
f 1122 1172 1171
f 1123 1124 1173
f 1123 1173 1172
f 1124 1125 1174
f 1124 1174 1173
f 1125 1126 1175
f 1125 1175 1174
f 1126 1127 1176
f 1126 1176 1175
f 1127 1128 1177
f 1127 1177 1176
f 1128 1129 1178
f 1128 1178 1177
f 1129 1130 1179
f 1129 1179 1178
f 1130 1131 1180
f 1130 1180 1179
f 1131 1132 1181
f 1131 1181 1180
f 1132 1133 1182
f 1132 1182 1181
f 1133 1134 1183
f 1133 1183 1182
f 1134 1135 1184
f 1134 1184 1183
f 1135 1136 1185
f 1135 1185 1184
f 1136 1137 1186
f 1136 1186 1185
f 1137 1138 1187
f 1137 1187 1186
f 1138 1139 1188
f 1138 1188 1187
f 1139 1140 1189
f 1139 1189 1188
f 1140 1141 1190
f 1140 1190 1189
f 1141 1142 1191
f 1141 1191 1190
f 1142 1143 1192
f 1142 1192 1191
f 1143 1144 1193
f 1143 1193 1192
f 1144 1145 1194
f 1144 1194 1193
f 1145 1146 1195
f 1145 1195 1194
f 1146 1147 1196
f 1146 1196 1195
f 1147 1148 1197
f 1147 1197 1196
f 1148 1149 1198
f 1148 1198 1197
f 1149 1150 1199
f 1149 1199 1198
f 1150 1151 1200
f 1150 1200 1199
f 1151 1152 1201
f 1151 1201 1200
f 1152 1153 1202
f 1152 1202 1201
f 1153 1154 1203
f 1153 1203 1202
f 1154 1155 1204
f 1154 1204 1203
f 1155 1156 1205
f 1155 1205 1204
f 1156 1157 1206
f 1156 1206 1205
f 1157 1158 1207
f 1157 1207 1206
f 1158 1159 1208
f 1158 1208 1207
f 1159 1160 1209
f 1159 1209 1208
f 1160 1161 1210
f 1160 1210 1209
f 1163 1162 1211
f 1163 1211 1212
f 1162 1164 1213
f 1162 1213 1211
f 1164 1165 1214
f 1164 1214 1213
f 1165 1166 1215
f 1165 1215 1214
f 1166 1167 1216
f 1166 1216 1215
f 1167 1168 1217
f 1167 1217 1216
f 1168 1169 1218
f 1168 1218 1217
f 1169 1170 1219
f 1169 1219 1218
f 1170 1171 1220
f 1170 1220 1219
f 1171 1172 1221
f 1171 1221 1220
f 1172 1173 1222
f 1172 1222 1221
f 1173 1174 1223
f 1173 1223 1222
f 1174 1175 1224
f 1174 1224 1223
f 1175 1176 1225
f 1175 1225 1224
f 1176 1177 1226
f 1176 1226 1225
f 1177 1178 1227
f 1177 1227 1226
f 1178 1179 1228
f 1178 1228 1227
f 1179 1180 1229
f 1179 1229 1228
f 1180 1181 1230
f 1180 1230 1229
f 1181 1182 1231
f 1181 1231 1230
f 1182 1183 1232
f 1182 1232 1231
f 1183 1184 1233
f 1183 1233 1232
f 1184 1185 1234
f 1184 1234 1233
f 1185 1186 1235
f 1185 1235 1234
f 1186 1187 1236
f 1186 1236 1235
f 1187 1188 1237
f 1187 1237 1236
f 1188 1189 1238
f 1188 1238 1237
f 1189 1190 1239
f 1189 1239 1238
f 1190 1191 1240
f 1190 1240 1239
f 1191 1192 1241
f 1191 1241 1240
f 1192 1193 1242
f 1192 1242 1241
f 1193 1194 1243
f 1193 1243 1242
f 1194 1195 1244
f 1194 1244 1243
f 1195 1196 1245
f 1195 1245 1244
f 1196 1197 1246
f 1196 1246 1245
f 1197 1198 1247
f 1197 1247 1246
f 1198 1199 1248
f 1198 1248 1247
f 1199 1200 1249
f 1199 1249 1248
f 1200 1201 1250
f 1200 1250 1249
f 1201 1202 1251
f 1201 1251 1250
f 1202 1203 1252
f 1202 1252 1251
f 1203 1204 1253
f 1203 1253 1252
f 1204 1205 1254
f 1204 1254 1253
f 1205 1206 1255
f 1205 1255 1254
f 1206 1207 1256
f 1206 1256 1255
f 1207 1208 1257
f 1207 1257 1256
f 1208 1209 1258
f 1208 1258 1257
f 1209 1210 1259
f 1209 1259 1258
f 1212 1211 1260
f 1212 1260 1261
f 1211 1213 1262
f 1211 1262 1260
f 1213 1214 1263
f 1213 1263 1262
f 1214 1215 1264
f 1214 1264 1263
f 1215 1216 1265
f 1215 1265 1264
f 1216 1217 1266
f 1216 1266 1265
f 1217 1218 1267
f 1217 1267 1266
f 1218 1219 1268
f 1218 1268 1267
f 1219 1220 1269
f 1219 1269 1268
f 1220 1221 1270
f 1220 1270 1269
f 1221 1222 1271
f 1221 1271 1270
f 1222 1223 1272
f 1222 1272 1271
f 1223 1224 1273
f 1223 1273 1272
f 1224 1225 1274
f 1224 1274 1273
f 1225 1226 1275
f 1225 1275 1274
f 1226 1227 1276
f 1226 1276 1275
f 1227 1228 1277
f 1227 1277 1276
f 1228 1229 1278
f 1228 1278 1277
f 1229 1230 1279
f 1229 1279 1278
f 1230 1231 1280
f 1230 1280 1279
f 1231 1232 1281
f 1231 1281 1280
f 1232 1233 1282
f 1232 1282 1281
f 1233 1234 1283
f 1233 1283 1282
f 1234 1235 1284
f 1234 1284 1283
f 1235 1236 1285
f 1235 1285 1284
f 1236 1237 1286
f 1236 1286 1285
f 1237 1238 1287
f 1237 1287 1286
f 1238 1239 1288
f 1238 1288 1287
f 1239 1240 1289
f 1239 1289 1288
f 1240 1241 1290
f 1240 1290 1289
f 1241 1242 1291
f 1241 1291 1290
f 1242 1243 1292
f 1242 1292 1291
f 1243 1244 1293
f 1243 1293 1292
f 1244 1245 1294
f 1244 1294 1293
f 1245 1246 1295
f 1245 1295 1294
f 1246 1247 1296
f 1246 1296 1295
f 1247 1248 1297
f 1247 1297 1296
f 1248 1249 1298
f 1248 1298 1297
f 1249 1250 1299
f 1249 1299 1298
f 1250 1251 1300
f 1250 1300 1299
f 1251 1252 1301
f 1251 1301 1300
f 1252 1253 1302
f 1252 1302 1301
f 1253 1254 1303
f 1253 1303 1302
f 1254 1255 1304
f 1254 1304 1303
f 1255 1256 1305
f 1255 1305 1304
f 1256 1257 1306
f 1256 1306 1305
f 1257 1258 1307
f 1257 1307 1306
f 1258 1259 1308
f 1258 1308 1307
f 1261 1260 1309
f 1261 1309 1310
f 1260 1262 1311
f 1260 1311 1309
f 1262 1263 1312
f 1262 1312 1311
f 1263 1264 1313
f 1263 1313 1312
f 1264 1265 1314
f 1264 1314 1313
f 1265 1266 1315
f 1265 1315 1314
f 1266 1267 1316
f 1266 1316 1315
f 1267 1268 1317
f 1267 1317 1316
f 1268 1269 1318
f 1268 1318 1317
f 1269 1270 1319
f 1269 1319 1318
f 1270 1271 1320
f 1270 1320 1319
f 1271 1272 1321
f 1271 1321 1320
f 1272 1273 1322
f 1272 1322 1321
f 1273 1274 1323
f 1273 1323 1322
f 1274 1275 1324
f 1274 1324 1323
f 1275 1276 1325
f 1275 1325 1324
f 1276 1277 1326
f 1276 1326 1325
f 1277 1278 1327
f 1277 1327 1326
f 1278 1279 1328
f 1278 1328 1327
f 1279 1280 1329
f 1279 1329 1328
f 1280 1281 1330
f 1280 1330 1329
f 1281 1282 1331
f 1281 1331 1330
f 1282 1283 1332
f 1282 1332 1331
f 1283 1284 1333
f 1283 1333 1332
f 1284 1285 1334
f 1284 1334 1333
f 1285 1286 1335
f 1285 1335 1334
f 1286 1287 1336
f 1286 1336 1335
f 1287 1288 1337
f 1287 1337 1336
f 1288 1289 1338
f 1288 1338 1337
f 1289 1290 1339
f 1289 1339 1338
f 1290 1291 1340
f 1290 1340 1339
f 1291 1292 1341
f 1291 1341 1340
f 1292 1293 1342
f 1292 1342 1341
f 1293 1294 1343
f 1293 1343 1342
f 1294 1295 1344
f 1294 1344 1343
f 1295 1296 1345
f 1295 1345 1344
f 1296 1297 1346
f 1296 1346 1345
f 1297 1298 1347
f 1297 1347 1346
f 1298 1299 1348
f 1298 1348 1347
f 1299 1300 1349
f 1299 1349 1348
f 1300 1301 1350
f 1300 1350 1349
f 1301 1302 1351
f 1301 1351 1350
f 1302 1303 1352
f 1302 1352 1351
f 1303 1304 1353
f 1303 1353 1352
f 1304 1305 1354
f 1304 1354 1353
f 1305 1306 1355
f 1305 1355 1354
f 1306 1307 1356
f 1306 1356 1355
f 1307 1308 1357
f 1307 1357 1356
f 1310 1309 1358
f 1310 1358 1359
f 1309 1311 1360
f 1309 1360 1358
f 1311 1312 1361
f 1311 1361 1360
f 1312 1313 1362
f 1312 1362 1361
f 1313 1314 1363
f 1313 1363 1362
f 1314 1315 1364
f 1314 1364 1363
f 1315 1316 1365
f 1315 1365 1364
f 1316 1317 1366
f 1316 1366 1365
f 1317 1318 1367
f 1317 1367 1366
f 1318 1319 1368
f 1318 1368 1367
f 1319 1320 1369
f 1319 1369 1368
f 1320 1321 1370
f 1320 1370 1369
f 1321 1322 1371
f 1321 1371 1370
f 1322 1323 1372
f 1322 1372 1371
f 1323 1324 1373
f 1323 1373 1372
f 1324 1325 1374
f 1324 1374 1373
f 1325 1326 1375
f 1325 1375 1374
f 1326 1327 1376
f 1326 1376 1375
f 1327 1328 1377
f 1327 1377 1376
f 1328 1329 1378
f 1328 1378 1377
f 1329 1330 1379
f 1329 1379 1378
f 1330 1331 1380
f 1330 1380 1379
f 1331 1332 1381
f 1331 1381 1380
f 1332 1333 1382
f 1332 1382 1381
f 1333 1334 1383
f 1333 1383 1382
f 1334 1335 1384
f 1334 1384 1383
f 1335 1336 1385
f 1335 1385 1384
f 1336 1337 1386
f 1336 1386 1385
f 1337 1338 1387
f 1337 1387 1386
f 1338 1339 1388
f 1338 1388 1387
f 1339 1340 1389
f 1339 1389 1388
f 1340 1341 1390
f 1340 1390 1389
f 1341 1342 1391
f 1341 1391 1390
f 1342 1343 1392
f 1342 1392 1391
f 1343 1344 1393
f 1343 1393 1392
f 1344 1345 1394
f 1344 1394 1393
f 1345 1346 1395
f 1345 1395 1394
f 1346 1347 1396
f 1346 1396 1395
f 1347 1348 1397
f 1347 1397 1396
f 1348 1349 1398
f 1348 1398 1397
f 1349 1350 1399
f 1349 1399 1398
f 1350 1351 1400
f 1350 1400 1399
f 1351 1352 1401
f 1351 1401 1400
f 1352 1353 1402
f 1352 1402 1401
f 1353 1354 1403
f 1353 1403 1402
f 1354 1355 1404
f 1354 1404 1403
f 1355 1356 1405
f 1355 1405 1404
f 1356 1357 1406
f 1356 1406 1405
f 1359 1358 1407
f 1359 1407 1408
f 1358 1360 1409
f 1358 1409 1407
f 1360 1361 1410
f 1360 1410 1409
f 1361 1362 1411
f 1361 1411 1410
f 1362 1363 1412
f 1362 1412 1411
f 1363 1364 1413
f 1363 1413 1412
f 1364 1365 1414
f 1364 1414 1413
f 1365 1366 1415
f 1365 1415 1414
f 1366 1367 1416
f 1366 1416 1415
f 1367 1368 1417
f 1367 1417 1416
f 1368 1369 1418
f 1368 1418 1417
f 1369 1370 1419
f 1369 1419 1418
f 1370 1371 1420
f 1370 1420 1419
f 1371 1372 1421
f 1371 1421 1420
f 1372 1373 1422
f 1372 1422 1421
f 1373 1374 1423
f 1373 1423 1422
f 1374 1375 1424
f 1374 1424 1423
f 1375 1376 1425
f 1375 1425 1424
f 1376 1377 1426
f 1376 1426 1425
f 1377 1378 1427
f 1377 1427 1426
f 1378 1379 1428
f 1378 1428 1427
f 1379 1380 1429
f 1379 1429 1428
f 1380 1381 1430
f 1380 1430 1429
f 1381 1382 1431
f 1381 1431 1430
f 1382 1383 1432
f 1382 1432 1431
f 1383 1384 1433
f 1383 1433 1432
f 1384 1385 1434
f 1384 1434 1433
f 1385 1386 1435
f 1385 1435 1434
f 1386 1387 1436
f 1386 1436 1435
f 1387 1388 1437
f 1387 1437 1436
f 1388 1389 1438
f 1388 1438 1437
f 1389 1390 1439
f 1389 1439 1438
f 1390 1391 1440
f 1390 1440 1439
f 1391 1392 1441
f 1391 1441 1440
f 1392 1393 1442
f 1392 1442 1441
f 1393 1394 1443
f 1393 1443 1442
f 1394 1395 1444
f 1394 1444 1443
f 1395 1396 1445
f 1395 1445 1444
f 1396 1397 1446
f 1396 1446 1445
f 1397 1398 1447
f 1397 1447 1446
f 1398 1399 1448
f 1398 1448 1447
f 1399 1400 1449
f 1399 1449 1448
f 1400 1401 1450
f 1400 1450 1449
f 1401 1402 1451
f 1401 1451 1450
f 1402 1403 1452
f 1402 1452 1451
f 1403 1404 1453
f 1403 1453 1452
f 1404 1405 1454
f 1404 1454 1453
f 1405 1406 1455
f 1405 1455 1454
f 1408 1407 1456
f 1408 1456 1457
f 1407 1409 1458
f 1407 1458 1456
f 1409 1410 1459
f 1409 1459 1458
f 1410 1411 1460
f 1410 1460 1459
f 1411 1412 1461
f 1411 1461 1460
f 1412 1413 1462
f 1412 1462 1461
f 1413 1414 1463
f 1413 1463 1462
f 1414 1415 1464
f 1414 1464 1463
f 1415 1416 1465
f 1415 1465 1464
f 1416 1417 1466
f 1416 1466 1465
f 1417 1418 1467
f 1417 1467 1466
f 1418 1419 1468
f 1418 1468 1467
f 1419 1420 1469
f 1419 1469 1468
f 1420 1421 1470
f 1420 1470 1469
f 1421 1422 1471
f 1421 1471 1470
f 1422 1423 1472
f 1422 1472 1471
f 1423 1424 1473
f 1423 1473 1472
f 1424 1425 1474
f 1424 1474 1473
f 1425 1426 1475
f 1425 1475 1474
f 1426 1427 1476
f 1426 1476 1475
f 1427 1428 1477
f 1427 1477 1476
f 1428 1429 1478
f 1428 1478 1477
f 1429 1430 1479
f 1429 1479 1478
f 1430 1431 1480
f 1430 1480 1479
f 1431 1432 1481
f 1431 1481 1480
f 1432 1433 1482
f 1432 1482 1481
f 1433 1434 1483
f 1433 1483 1482
f 1434 1435 1484
f 1434 1484 1483
f 1435 1436 1485
f 1435 1485 1484
f 1436 1437 1486
f 1436 1486 1485
f 1437 1438 1487
f 1437 1487 1486
f 1438 1439 1488
f 1438 1488 1487
f 1439 1440 1489
f 1439 1489 1488
f 1440 1441 1490
f 1440 1490 1489
f 1441 1442 1491
f 1441 1491 1490
f 1442 1443 1492
f 1442 1492 1491
f 1443 1444 1493
f 1443 1493 1492
f 1444 1445 1494
f 1444 1494 1493
f 1445 1446 1495
f 1445 1495 1494
f 1446 1447 1496
f 1446 1496 1495
f 1447 1448 1497
f 1447 1497 1496
f 1448 1449 1498
f 1448 1498 1497
f 1449 1450 1499
f 1449 1499 1498
f 1450 1451 1500
f 1450 1500 1499
f 1451 1452 1501
f 1451 1501 1500
f 1452 1453 1502
f 1452 1502 1501
f 1453 1454 1503
f 1453 1503 1502
f 1454 1455 1504
f 1454 1504 1503
f 1457 1456 1505
f 1457 1505 1506
f 1456 1458 1507
f 1456 1507 1505
f 1458 1459 1508
f 1458 1508 1507
f 1459 1460 1509
f 1459 1509 1508
f 1460 1461 1510
f 1460 1510 1509
f 1461 1462 1511
f 1461 1511 1510
f 1462 1463 1512
f 1462 1512 1511
f 1463 1464 1513
f 1463 1513 1512
f 1464 1465 1514
f 1464 1514 1513
f 1465 1466 1515
f 1465 1515 1514
f 1466 1467 1516
f 1466 1516 1515
f 1467 1468 1517
f 1467 1517 1516
f 1468 1469 1518
f 1468 1518 1517
f 1469 1470 1519
f 1469 1519 1518
f 1470 1471 1520
f 1470 1520 1519
f 1471 1472 1521
f 1471 1521 1520
f 1472 1473 1522
f 1472 1522 1521
f 1473 1474 1523
f 1473 1523 1522
f 1474 1475 1524
f 1474 1524 1523
f 1475 1476 1525
f 1475 1525 1524
f 1476 1477 1526
f 1476 1526 1525
f 1477 1478 1527
f 1477 1527 1526
f 1478 1479 1528
f 1478 1528 1527
f 1479 1480 1529
f 1479 1529 1528
f 1480 1481 1530
f 1480 1530 1529
f 1481 1482 1531
f 1481 1531 1530
f 1482 1483 1532
f 1482 1532 1531
f 1483 1484 1533
f 1483 1533 1532
f 1484 1485 1534
f 1484 1534 1533
f 1485 1486 1535
f 1485 1535 1534
f 1486 1487 1536
f 1486 1536 1535
f 1487 1488 1537
f 1487 1537 1536
f 1488 1489 1538
f 1488 1538 1537
f 1489 1490 1539
f 1489 1539 1538
f 1490 1491 1540
f 1490 1540 1539
f 1491 1492 1541
f 1491 1541 1540
f 1492 1493 1542
f 1492 1542 1541
f 1493 1494 1543
f 1493 1543 1542
f 1494 1495 1544
f 1494 1544 1543
f 1495 1496 1545
f 1495 1545 1544
f 1496 1497 1546
f 1496 1546 1545
f 1497 1498 1547
f 1497 1547 1546
f 1498 1499 1548
f 1498 1548 1547
f 1499 1500 1549
f 1499 1549 1548
f 1500 1501 1550
f 1500 1550 1549
f 1501 1502 1551
f 1501 1551 1550
f 1502 1503 1552
f 1502 1552 1551
f 1503 1504 1553
f 1503 1553 1552
f 1506 1505 1554
f 1506 1554 1555
f 1505 1507 1556
f 1505 1556 1554
f 1507 1508 1557
f 1507 1557 1556
f 1508 1509 1558
f 1508 1558 1557
f 1509 1510 1559
f 1509 1559 1558
f 1510 1511 1560
f 1510 1560 1559
f 1511 1512 1561
f 1511 1561 1560
f 1512 1513 1562
f 1512 1562 1561
f 1513 1514 1563
f 1513 1563 1562
f 1514 1515 1564
f 1514 1564 1563
f 1515 1516 1565
f 1515 1565 1564
f 1516 1517 1566
f 1516 1566 1565
f 1517 1518 1567
f 1517 1567 1566
f 1518 1519 1568
f 1518 1568 1567
f 1519 1520 1569
f 1519 1569 1568
f 1520 1521 1570
f 1520 1570 1569
f 1521 1522 1571
f 1521 1571 1570
f 1522 1523 1572
f 1522 1572 1571
f 1523 1524 1573
f 1523 1573 1572
f 1524 1525 1574
f 1524 1574 1573
f 1525 1526 1575
f 1525 1575 1574
f 1526 1527 1576
f 1526 1576 1575
f 1527 1528 1577
f 1527 1577 1576
f 1528 1529 1578
f 1528 1578 1577
f 1529 1530 1579
f 1529 1579 1578
f 1530 1531 1580
f 1530 1580 1579
f 1531 1532 1581
f 1531 1581 1580
f 1532 1533 1582
f 1532 1582 1581
f 1533 1534 1583
f 1533 1583 1582
f 1534 1535 1584
f 1534 1584 1583
f 1535 1536 1585
f 1535 1585 1584
f 1536 1537 1586
f 1536 1586 1585
f 1537 1538 1587
f 1537 1587 1586
f 1538 1539 1588
f 1538 1588 1587
f 1539 1540 1589
f 1539 1589 1588
f 1540 1541 1590
f 1540 1590 1589
f 1541 1542 1591
f 1541 1591 1590
f 1542 1543 1592
f 1542 1592 1591
f 1543 1544 1593
f 1543 1593 1592
f 1544 1545 1594
f 1544 1594 1593
f 1545 1546 1595
f 1545 1595 1594
f 1546 1547 1596
f 1546 1596 1595
f 1547 1548 1597
f 1547 1597 1596
f 1548 1549 1598
f 1548 1598 1597
f 1549 1550 1599
f 1549 1599 1598
f 1550 1551 1600
f 1550 1600 1599
f 1551 1552 1601
f 1551 1601 1600
f 1552 1553 1602
f 1552 1602 1601
f 1555 1554 1603
f 1555 1603 1604
f 1554 1556 1605
f 1554 1605 1603
f 1556 1557 1606
f 1556 1606 1605
f 1557 1558 1607
f 1557 1607 1606
f 1558 1559 1608
f 1558 1608 1607
f 1559 1560 1609
f 1559 1609 1608
f 1560 1561 1610
f 1560 1610 1609
f 1561 1562 1611
f 1561 1611 1610
f 1562 1563 1612
f 1562 1612 1611
f 1563 1564 1613
f 1563 1613 1612
f 1564 1565 1614
f 1564 1614 1613
f 1565 1566 1615
f 1565 1615 1614
f 1566 1567 1616
f 1566 1616 1615
f 1567 1568 1617
f 1567 1617 1616
f 1568 1569 1618
f 1568 1618 1617
f 1569 1570 1619
f 1569 1619 1618
f 1570 1571 1620
f 1570 1620 1619
f 1571 1572 1621
f 1571 1621 1620
f 1572 1573 1622
f 1572 1622 1621
f 1573 1574 1623
f 1573 1623 1622
f 1574 1575 1624
f 1574 1624 1623
f 1575 1576 1625
f 1575 1625 1624
f 1576 1577 1626
f 1576 1626 1625
f 1577 1578 1627
f 1577 1627 1626
f 1578 1579 1628
f 1578 1628 1627
f 1579 1580 1629
f 1579 1629 1628
f 1580 1581 1630
f 1580 1630 1629
f 1581 1582 1631
f 1581 1631 1630
f 1582 1583 1632
f 1582 1632 1631
f 1583 1584 1633
f 1583 1633 1632
f 1584 1585 1634
f 1584 1634 1633
f 1585 1586 1635
f 1585 1635 1634
f 1586 1587 1636
f 1586 1636 1635
f 1587 1588 1637
f 1587 1637 1636
f 1588 1589 1638
f 1588 1638 1637
f 1589 1590 1639
f 1589 1639 1638
f 1590 1591 1640
f 1590 1640 1639
f 1591 1592 1641
f 1591 1641 1640
f 1592 1593 1642
f 1592 1642 1641
f 1593 1594 1643
f 1593 1643 1642
f 1594 1595 1644
f 1594 1644 1643
f 1595 1596 1645
f 1595 1645 1644
f 1596 1597 1646
f 1596 1646 1645
f 1597 1598 1647
f 1597 1647 1646
f 1598 1599 1648
f 1598 1648 1647
f 1599 1600 1649
f 1599 1649 1648
f 1600 1601 1650
f 1600 1650 1649
f 1601 1602 1651
f 1601 1651 1650
f 1604 1603 1652
f 1604 1652 1653
f 1603 1605 1654
f 1603 1654 1652
f 1605 1606 1655
f 1605 1655 1654
f 1606 1607 1656
f 1606 1656 1655
f 1607 1608 1657
f 1607 1657 1656
f 1608 1609 1658
f 1608 1658 1657
f 1609 1610 1659
f 1609 1659 1658
f 1610 1611 1660
f 1610 1660 1659
f 1611 1612 1661
f 1611 1661 1660
f 1612 1613 1662
f 1612 1662 1661
f 1613 1614 1663
f 1613 1663 1662
f 1614 1615 1664
f 1614 1664 1663
f 1615 1616 1665
f 1615 1665 1664
f 1616 1617 1666
f 1616 1666 1665
f 1617 1618 1667
f 1617 1667 1666
f 1618 1619 1668
f 1618 1668 1667
f 1619 1620 1669
f 1619 1669 1668
f 1620 1621 1670
f 1620 1670 1669
f 1621 1622 1671
f 1621 1671 1670
f 1622 1623 1672
f 1622 1672 1671
f 1623 1624 1673
f 1623 1673 1672
f 1624 1625 1674
f 1624 1674 1673
f 1625 1626 1675
f 1625 1675 1674
f 1626 1627 1676
f 1626 1676 1675
f 1627 1628 1677
f 1627 1677 1676
f 1628 1629 1678
f 1628 1678 1677
f 1629 1630 1679
f 1629 1679 1678
f 1630 1631 1680
f 1630 1680 1679
f 1631 1632 1681
f 1631 1681 1680
f 1632 1633 1682
f 1632 1682 1681
f 1633 1634 1683
f 1633 1683 1682
f 1634 1635 1684
f 1634 1684 1683
f 1635 1636 1685
f 1635 1685 1684
f 1636 1637 1686
f 1636 1686 1685
f 1637 1638 1687
f 1637 1687 1686
f 1638 1639 1688
f 1638 1688 1687
f 1639 1640 1689
f 1639 1689 1688
f 1640 1641 1690
f 1640 1690 1689
f 1641 1642 1691
f 1641 1691 1690
f 1642 1643 1692
f 1642 1692 1691
f 1643 1644 1693
f 1643 1693 1692
f 1644 1645 1694
f 1644 1694 1693
f 1645 1646 1695
f 1645 1695 1694
f 1646 1647 1696
f 1646 1696 1695
f 1647 1648 1697
f 1647 1697 1696
f 1648 1649 1698
f 1648 1698 1697
f 1649 1650 1699
f 1649 1699 1698
f 1650 1651 1700
f 1650 1700 1699
f 1653 1652 1701
f 1653 1701 1702
f 1652 1654 1703
f 1652 1703 1701
f 1654 1655 1704
f 1654 1704 1703
f 1655 1656 1705
f 1655 1705 1704
f 1656 1657 1706
f 1656 1706 1705
f 1657 1658 1707
f 1657 1707 1706
f 1658 1659 1708
f 1658 1708 1707
f 1659 1660 1709
f 1659 1709 1708
f 1660 1661 1710
f 1660 1710 1709
f 1661 1662 1711
f 1661 1711 1710
f 1662 1663 1712
f 1662 1712 1711
f 1663 1664 1713
f 1663 1713 1712
f 1664 1665 1714
f 1664 1714 1713
f 1665 1666 1715
f 1665 1715 1714
f 1666 1667 1716
f 1666 1716 1715
f 1667 1668 1717
f 1667 1717 1716
f 1668 1669 1718
f 1668 1718 1717
f 1669 1670 1719
f 1669 1719 1718
f 1670 1671 1720
f 1670 1720 1719
f 1671 1672 1721
f 1671 1721 1720
f 1672 1673 1722
f 1672 1722 1721
f 1673 1674 1723
f 1673 1723 1722
f 1674 1675 1724
f 1674 1724 1723
f 1675 1676 1725
f 1675 1725 1724
f 1676 1677 1726
f 1676 1726 1725
f 1677 1678 1727
f 1677 1727 1726
f 1678 1679 1728
f 1678 1728 1727
f 1679 1680 1729
f 1679 1729 1728
f 1680 1681 1730
f 1680 1730 1729
f 1681 1682 1731
f 1681 1731 1730
f 1682 1683 1732
f 1682 1732 1731
f 1683 1684 1733
f 1683 1733 1732
f 1684 1685 1734
f 1684 1734 1733
f 1685 1686 1735
f 1685 1735 1734
f 1686 1687 1736
f 1686 1736 1735
f 1687 1688 1737
f 1687 1737 1736
f 1688 1689 1738
f 1688 1738 1737
f 1689 1690 1739
f 1689 1739 1738
f 1690 1691 1740
f 1690 1740 1739
f 1691 1692 1741
f 1691 1741 1740
f 1692 1693 1742
f 1692 1742 1741
f 1693 1694 1743
f 1693 1743 1742
f 1694 1695 1744
f 1694 1744 1743
f 1695 1696 1745
f 1695 1745 1744
f 1696 1697 1746
f 1696 1746 1745
f 1697 1698 1747
f 1697 1747 1746
f 1698 1699 1748
f 1698 1748 1747
f 1699 1700 1749
f 1699 1749 1748
f 1702 1701 1750
f 1702 1750 1751
f 1701 1703 1752
f 1701 1752 1750
f 1703 1704 1753
f 1703 1753 1752
f 1704 1705 1754
f 1704 1754 1753
f 1705 1706 1755
f 1705 1755 1754
f 1706 1707 1756
f 1706 1756 1755
f 1707 1708 1757
f 1707 1757 1756
f 1708 1709 1758
f 1708 1758 1757
f 1709 1710 1759
f 1709 1759 1758
f 1710 1711 1760
f 1710 1760 1759
f 1711 1712 1761
f 1711 1761 1760
f 1712 1713 1762
f 1712 1762 1761
f 1713 1714 1763
f 1713 1763 1762
f 1714 1715 1764
f 1714 1764 1763
f 1715 1716 1765
f 1715 1765 1764
f 1716 1717 1766
f 1716 1766 1765
f 1717 1718 1767
f 1717 1767 1766
f 1718 1719 1768
f 1718 1768 1767
f 1719 1720 1769
f 1719 1769 1768
f 1720 1721 1770
f 1720 1770 1769
f 1721 1722 1771
f 1721 1771 1770
f 1722 1723 1772
f 1722 1772 1771
f 1723 1724 1773
f 1723 1773 1772
f 1724 1725 1774
f 1724 1774 1773
f 1725 1726 1775
f 1725 1775 1774
f 1726 1727 1776
f 1726 1776 1775
f 1727 1728 1777
f 1727 1777 1776
f 1728 1729 1778
f 1728 1778 1777
f 1729 1730 1779
f 1729 1779 1778
f 1730 1731 1780
f 1730 1780 1779
f 1731 1732 1781
f 1731 1781 1780
f 1732 1733 1782
f 1732 1782 1781
f 1733 1734 1783
f 1733 1783 1782
f 1734 1735 1784
f 1734 1784 1783
f 1735 1736 1785
f 1735 1785 1784
f 1736 1737 1786
f 1736 1786 1785
f 1737 1738 1787
f 1737 1787 1786
f 1738 1739 1788
f 1738 1788 1787
f 1739 1740 1789
f 1739 1789 1788
f 1740 1741 1790
f 1740 1790 1789
f 1741 1742 1791
f 1741 1791 1790
f 1742 1743 1792
f 1742 1792 1791
f 1743 1744 1793
f 1743 1793 1792
f 1744 1745 1794
f 1744 1794 1793
f 1745 1746 1795
f 1745 1795 1794
f 1746 1747 1796
f 1746 1796 1795
f 1747 1748 1797
f 1747 1797 1796
f 1748 1749 1798
f 1748 1798 1797
f 1751 1750 1799
f 1751 1799 1800
f 1750 1752 1801
f 1750 1801 1799
f 1752 1753 1802
f 1752 1802 1801
f 1753 1754 1803
f 1753 1803 1802
f 1754 1755 1804
f 1754 1804 1803
f 1755 1756 1805
f 1755 1805 1804
f 1756 1757 1806
f 1756 1806 1805
f 1757 1758 1807
f 1757 1807 1806
f 1758 1759 1808
f 1758 1808 1807
f 1759 1760 1809
f 1759 1809 1808
f 1760 1761 1810
f 1760 1810 1809
f 1761 1762 1811
f 1761 1811 1810
f 1762 1763 1812
f 1762 1812 1811
f 1763 1764 1813
f 1763 1813 1812
f 1764 1765 1814
f 1764 1814 1813
f 1765 1766 1815
f 1765 1815 1814
f 1766 1767 1816
f 1766 1816 1815
f 1767 1768 1817
f 1767 1817 1816
f 1768 1769 1818
f 1768 1818 1817
f 1769 1770 1819
f 1769 1819 1818
f 1770 1771 1820
f 1770 1820 1819
f 1771 1772 1821
f 1771 1821 1820
f 1772 1773 1822
f 1772 1822 1821
f 1773 1774 1823
f 1773 1823 1822
f 1774 1775 1824
f 1774 1824 1823
f 1775 1776 1825
f 1775 1825 1824
f 1776 1777 1826
f 1776 1826 1825
f 1777 1778 1827
f 1777 1827 1826
f 1778 1779 1828
f 1778 1828 1827
f 1779 1780 1829
f 1779 1829 1828
f 1780 1781 1830
f 1780 1830 1829
f 1781 1782 1831
f 1781 1831 1830
f 1782 1783 1832
f 1782 1832 1831
f 1783 1784 1833
f 1783 1833 1832
f 1784 1785 1834
f 1784 1834 1833
f 1785 1786 1835
f 1785 1835 1834
f 1786 1787 1836
f 1786 1836 1835
f 1787 1788 1837
f 1787 1837 1836
f 1788 1789 1838
f 1788 1838 1837
f 1789 1790 1839
f 1789 1839 1838
f 1790 1791 1840
f 1790 1840 1839
f 1791 1792 1841
f 1791 1841 1840
f 1792 1793 1842
f 1792 1842 1841
f 1793 1794 1843
f 1793 1843 1842
f 1794 1795 1844
f 1794 1844 1843
f 1795 1796 1845
f 1795 1845 1844
f 1796 1797 1846
f 1796 1846 1845
f 1797 1798 1847
f 1797 1847 1846
f 1800 1799 1848
f 1800 1848 1849
f 1799 1801 1850
f 1799 1850 1848
f 1801 1802 1851
f 1801 1851 1850
f 1802 1803 1852
f 1802 1852 1851
f 1803 1804 1853
f 1803 1853 1852
f 1804 1805 1854
f 1804 1854 1853
f 1805 1806 1855
f 1805 1855 1854
f 1806 1807 1856
f 1806 1856 1855
f 1807 1808 1857
f 1807 1857 1856
f 1808 1809 1858
f 1808 1858 1857
f 1809 1810 1859
f 1809 1859 1858
f 1810 1811 1860
f 1810 1860 1859
f 1811 1812 1861
f 1811 1861 1860
f 1812 1813 1862
f 1812 1862 1861
f 1813 1814 1863
f 1813 1863 1862
f 1814 1815 1864
f 1814 1864 1863
f 1815 1816 1865
f 1815 1865 1864
f 1816 1817 1866
f 1816 1866 1865
f 1817 1818 1867
f 1817 1867 1866
f 1818 1819 1868
f 1818 1868 1867
f 1819 1820 1869
f 1819 1869 1868
f 1820 1821 1870
f 1820 1870 1869
f 1821 1822 1871
f 1821 1871 1870
f 1822 1823 1872
f 1822 1872 1871
f 1823 1824 1873
f 1823 1873 1872
f 1824 1825 1874
f 1824 1874 1873
f 1825 1826 1875
f 1825 1875 1874
f 1826 1827 1876
f 1826 1876 1875
f 1827 1828 1877
f 1827 1877 1876
f 1828 1829 1878
f 1828 1878 1877
f 1829 1830 1879
f 1829 1879 1878
f 1830 1831 1880
f 1830 1880 1879
f 1831 1832 1881
f 1831 1881 1880
f 1832 1833 1882
f 1832 1882 1881
f 1833 1834 1883
f 1833 1883 1882
f 1834 1835 1884
f 1834 1884 1883
f 1835 1836 1885
f 1835 1885 1884
f 1836 1837 1886
f 1836 1886 1885
f 1837 1838 1887
f 1837 1887 1886
f 1838 1839 1888
f 1838 1888 1887
f 1839 1840 1889
f 1839 1889 1888
f 1840 1841 1890
f 1840 1890 1889
f 1841 1842 1891
f 1841 1891 1890
f 1842 1843 1892
f 1842 1892 1891
f 1843 1844 1893
f 1843 1893 1892
f 1844 1845 1894
f 1844 1894 1893
f 1845 1846 1895
f 1845 1895 1894
f 1846 1847 1896
f 1846 1896 1895
f 1849 1848 1897
f 1849 1897 1898
f 1848 1850 1899
f 1848 1899 1897
f 1850 1851 1900
f 1850 1900 1899
f 1851 1852 1901
f 1851 1901 1900
f 1852 1853 1902
f 1852 1902 1901
f 1853 1854 1903
f 1853 1903 1902
f 1854 1855 1904
f 1854 1904 1903
f 1855 1856 1905
f 1855 1905 1904
f 1856 1857 1906
f 1856 1906 1905
f 1857 1858 1907
f 1857 1907 1906
f 1858 1859 1908
f 1858 1908 1907
f 1859 1860 1909
f 1859 1909 1908
f 1860 1861 1910
f 1860 1910 1909
f 1861 1862 1911
f 1861 1911 1910
f 1862 1863 1912
f 1862 1912 1911
f 1863 1864 1913
f 1863 1913 1912
f 1864 1865 1914
f 1864 1914 1913
f 1865 1866 1915
f 1865 1915 1914
f 1866 1867 1916
f 1866 1916 1915
f 1867 1868 1917
f 1867 1917 1916
f 1868 1869 1918
f 1868 1918 1917
f 1869 1870 1919
f 1869 1919 1918
f 1870 1871 1920
f 1870 1920 1919
f 1871 1872 1921
f 1871 1921 1920
f 1872 1873 1922
f 1872 1922 1921
f 1873 1874 1923
f 1873 1923 1922
f 1874 1875 1924
f 1874 1924 1923
f 1875 1876 1925
f 1875 1925 1924
f 1876 1877 1926
f 1876 1926 1925
f 1877 1878 1927
f 1877 1927 1926
f 1878 1879 1928
f 1878 1928 1927
f 1879 1880 1929
f 1879 1929 1928
f 1880 1881 1930
f 1880 1930 1929
f 1881 1882 1931
f 1881 1931 1930
f 1882 1883 1932
f 1882 1932 1931
f 1883 1884 1933
f 1883 1933 1932
f 1884 1885 1934
f 1884 1934 1933
f 1885 1886 1935
f 1885 1935 1934
f 1886 1887 1936
f 1886 1936 1935
f 1887 1888 1937
f 1887 1937 1936
f 1888 1889 1938
f 1888 1938 1937
f 1889 1890 1939
f 1889 1939 1938
f 1890 1891 1940
f 1890 1940 1939
f 1891 1892 1941
f 1891 1941 1940
f 1892 1893 1942
f 1892 1942 1941
f 1893 1894 1943
f 1893 1943 1942
f 1894 1895 1944
f 1894 1944 1943
f 1895 1896 1945
f 1895 1945 1944
f 1898 1897 1946
f 1898 1946 1947
f 1897 1899 1948
f 1897 1948 1946
f 1899 1900 1949
f 1899 1949 1948
f 1900 1901 1950
f 1900 1950 1949
f 1901 1902 1951
f 1901 1951 1950
f 1902 1903 1952
f 1902 1952 1951
f 1903 1904 1953
f 1903 1953 1952
f 1904 1905 1954
f 1904 1954 1953
f 1905 1906 1955
f 1905 1955 1954
f 1906 1907 1956
f 1906 1956 1955
f 1907 1908 1957
f 1907 1957 1956
f 1908 1909 1958
f 1908 1958 1957
f 1909 1910 1959
f 1909 1959 1958
f 1910 1911 1960
f 1910 1960 1959
f 1911 1912 1961
f 1911 1961 1960
f 1912 1913 1962
f 1912 1962 1961
f 1913 1914 1963
f 1913 1963 1962
f 1914 1915 1964
f 1914 1964 1963
f 1915 1916 1965
f 1915 1965 1964
f 1916 1917 1966
f 1916 1966 1965
f 1917 1918 1967
f 1917 1967 1966
f 1918 1919 1968
f 1918 1968 1967
f 1919 1920 1969
f 1919 1969 1968
f 1920 1921 1970
f 1920 1970 1969
f 1921 1922 1971
f 1921 1971 1970
f 1922 1923 1972
f 1922 1972 1971
f 1923 1924 1973
f 1923 1973 1972
f 1924 1925 1974
f 1924 1974 1973
f 1925 1926 1975
f 1925 1975 1974
f 1926 1927 1976
f 1926 1976 1975
f 1927 1928 1977
f 1927 1977 1976
f 1928 1929 1978
f 1928 1978 1977
f 1929 1930 1979
f 1929 1979 1978
f 1930 1931 1980
f 1930 1980 1979
f 1931 1932 1981
f 1931 1981 1980
f 1932 1933 1982
f 1932 1982 1981
f 1933 1934 1983
f 1933 1983 1982
f 1934 1935 1984
f 1934 1984 1983
f 1935 1936 1985
f 1935 1985 1984
f 1936 1937 1986
f 1936 1986 1985
f 1937 1938 1987
f 1937 1987 1986
f 1938 1939 1988
f 1938 1988 1987
f 1939 1940 1989
f 1939 1989 1988
f 1940 1941 1990
f 1940 1990 1989
f 1941 1942 1991
f 1941 1991 1990
f 1942 1943 1992
f 1942 1992 1991
f 1943 1944 1993
f 1943 1993 1992
f 1944 1945 1994
f 1944 1994 1993
f 1947 1946 1995
f 1947 1995 1996
f 1946 1948 1997
f 1946 1997 1995
f 1948 1949 1998
f 1948 1998 1997
f 1949 1950 1999
f 1949 1999 1998
f 1950 1951 2000
f 1950 2000 1999
f 1951 1952 2001
f 1951 2001 2000
f 1952 1953 2002
f 1952 2002 2001
f 1953 1954 2003
f 1953 2003 2002
f 1954 1955 2004
f 1954 2004 2003
f 1955 1956 2005
f 1955 2005 2004
f 1956 1957 2006
f 1956 2006 2005
f 1957 1958 2007
f 1957 2007 2006
f 1958 1959 2008
f 1958 2008 2007
f 1959 1960 2009
f 1959 2009 2008
f 1960 1961 2010
f 1960 2010 2009
f 1961 1962 2011
f 1961 2011 2010
f 1962 1963 2012
f 1962 2012 2011
f 1963 1964 2013
f 1963 2013 2012
f 1964 1965 2014
f 1964 2014 2013
f 1965 1966 2015
f 1965 2015 2014
f 1966 1967 2016
f 1966 2016 2015
f 1967 1968 2017
f 1967 2017 2016
f 1968 1969 2018
f 1968 2018 2017
f 1969 1970 2019
f 1969 2019 2018
f 1970 1971 2020
f 1970 2020 2019
f 1971 1972 2021
f 1971 2021 2020
f 1972 1973 2022
f 1972 2022 2021
f 1973 1974 2023
f 1973 2023 2022
f 1974 1975 2024
f 1974 2024 2023
f 1975 1976 2025
f 1975 2025 2024
f 1976 1977 2026
f 1976 2026 2025
f 1977 1978 2027
f 1977 2027 2026
f 1978 1979 2028
f 1978 2028 2027
f 1979 1980 2029
f 1979 2029 2028
f 1980 1981 2030
f 1980 2030 2029
f 1981 1982 2031
f 1981 2031 2030
f 1982 1983 2032
f 1982 2032 2031
f 1983 1984 2033
f 1983 2033 2032
f 1984 1985 2034
f 1984 2034 2033
f 1985 1986 2035
f 1985 2035 2034
f 1986 1987 2036
f 1986 2036 2035
f 1987 1988 2037
f 1987 2037 2036
f 1988 1989 2038
f 1988 2038 2037
f 1989 1990 2039
f 1989 2039 2038
f 1990 1991 2040
f 1990 2040 2039
f 1991 1992 2041
f 1991 2041 2040
f 1992 1993 2042
f 1992 2042 2041
f 1993 1994 2043
f 1993 2043 2042
f 1996 1995 2044
f 1996 2044 2045
f 1995 1997 2046
f 1995 2046 2044
f 1997 1998 2047
f 1997 2047 2046
f 1998 1999 2048
f 1998 2048 2047
f 1999 2000 2049
f 1999 2049 2048
f 2000 2001 2050
f 2000 2050 2049
f 2001 2002 2051
f 2001 2051 2050
f 2002 2003 2052
f 2002 2052 2051
f 2003 2004 2053
f 2003 2053 2052
f 2004 2005 2054
f 2004 2054 2053
f 2005 2006 2055
f 2005 2055 2054
f 2006 2007 2056
f 2006 2056 2055
f 2007 2008 2057
f 2007 2057 2056
f 2008 2009 2058
f 2008 2058 2057
f 2009 2010 2059
f 2009 2059 2058
f 2010 2011 2060
f 2010 2060 2059
f 2011 2012 2061
f 2011 2061 2060
f 2012 2013 2062
f 2012 2062 2061
f 2013 2014 2063
f 2013 2063 2062
f 2014 2015 2064
f 2014 2064 2063
f 2015 2016 2065
f 2015 2065 2064
f 2016 2017 2066
f 2016 2066 2065
f 2017 2018 2067
f 2017 2067 2066
f 2018 2019 2068
f 2018 2068 2067
f 2019 2020 2069
f 2019 2069 2068
f 2020 2021 2070
f 2020 2070 2069
f 2021 2022 2071
f 2021 2071 2070
f 2022 2023 2072
f 2022 2072 2071
f 2023 2024 2073
f 2023 2073 2072
f 2024 2025 2074
f 2024 2074 2073
f 2025 2026 2075
f 2025 2075 2074
f 2026 2027 2076
f 2026 2076 2075
f 2027 2028 2077
f 2027 2077 2076
f 2028 2029 2078
f 2028 2078 2077
f 2029 2030 2079
f 2029 2079 2078
f 2030 2031 2080
f 2030 2080 2079
f 2031 2032 2081
f 2031 2081 2080
f 2032 2033 2082
f 2032 2082 2081
f 2033 2034 2083
f 2033 2083 2082
f 2034 2035 2084
f 2034 2084 2083
f 2035 2036 2085
f 2035 2085 2084
f 2036 2037 2086
f 2036 2086 2085
f 2037 2038 2087
f 2037 2087 2086
f 2038 2039 2088
f 2038 2088 2087
f 2039 2040 2089
f 2039 2089 2088
f 2040 2041 2090
f 2040 2090 2089
f 2041 2042 2091
f 2041 2091 2090
f 2042 2043 2092
f 2042 2092 2091
f 2045 2044 2093
f 2045 2093 2094
f 2044 2046 2095
f 2044 2095 2093
f 2046 2047 2096
f 2046 2096 2095
f 2047 2048 2097
f 2047 2097 2096
f 2048 2049 2098
f 2048 2098 2097
f 2049 2050 2099
f 2049 2099 2098
f 2050 2051 2100
f 2050 2100 2099
f 2051 2052 2101
f 2051 2101 2100
f 2052 2053 2102
f 2052 2102 2101
f 2053 2054 2103
f 2053 2103 2102
f 2054 2055 2104
f 2054 2104 2103
f 2055 2056 2105
f 2055 2105 2104
f 2056 2057 2106
f 2056 2106 2105
f 2057 2058 2107
f 2057 2107 2106
f 2058 2059 2108
f 2058 2108 2107
f 2059 2060 2109
f 2059 2109 2108
f 2060 2061 2110
f 2060 2110 2109
f 2061 2062 2111
f 2061 2111 2110
f 2062 2063 2112
f 2062 2112 2111
f 2063 2064 2113
f 2063 2113 2112
f 2064 2065 2114
f 2064 2114 2113
f 2065 2066 2115
f 2065 2115 2114
f 2066 2067 2116
f 2066 2116 2115
f 2067 2068 2117
f 2067 2117 2116
f 2068 2069 2118
f 2068 2118 2117
f 2069 2070 2119
f 2069 2119 2118
f 2070 2071 2120
f 2070 2120 2119
f 2071 2072 2121
f 2071 2121 2120
f 2072 2073 2122
f 2072 2122 2121
f 2073 2074 2123
f 2073 2123 2122
f 2074 2075 2124
f 2074 2124 2123
f 2075 2076 2125
f 2075 2125 2124
f 2076 2077 2126
f 2076 2126 2125
f 2077 2078 2127
f 2077 2127 2126
f 2078 2079 2128
f 2078 2128 2127
f 2079 2080 2129
f 2079 2129 2128
f 2080 2081 2130
f 2080 2130 2129
f 2081 2082 2131
f 2081 2131 2130
f 2082 2083 2132
f 2082 2132 2131
f 2083 2084 2133
f 2083 2133 2132
f 2084 2085 2134
f 2084 2134 2133
f 2085 2086 2135
f 2085 2135 2134
f 2086 2087 2136
f 2086 2136 2135
f 2087 2088 2137
f 2087 2137 2136
f 2088 2089 2138
f 2088 2138 2137
f 2089 2090 2139
f 2089 2139 2138
f 2090 2091 2140
f 2090 2140 2139
f 2091 2092 2141
f 2091 2141 2140
f 2094 2093 2142
f 2094 2142 2143
f 2093 2095 2144
f 2093 2144 2142
f 2095 2096 2145
f 2095 2145 2144
f 2096 2097 2146
f 2096 2146 2145
f 2097 2098 2147
f 2097 2147 2146
f 2098 2099 2148
f 2098 2148 2147
f 2099 2100 2149
f 2099 2149 2148
f 2100 2101 2150
f 2100 2150 2149
f 2101 2102 2151
f 2101 2151 2150
f 2102 2103 2152
f 2102 2152 2151
f 2103 2104 2153
f 2103 2153 2152
f 2104 2105 2154
f 2104 2154 2153
f 2105 2106 2155
f 2105 2155 2154
f 2106 2107 2156
f 2106 2156 2155
f 2107 2108 2157
f 2107 2157 2156
f 2108 2109 2158
f 2108 2158 2157
f 2109 2110 2159
f 2109 2159 2158
f 2110 2111 2160
f 2110 2160 2159
f 2111 2112 2161
f 2111 2161 2160
f 2112 2113 2162
f 2112 2162 2161
f 2113 2114 2163
f 2113 2163 2162
f 2114 2115 2164
f 2114 2164 2163
f 2115 2116 2165
f 2115 2165 2164
f 2116 2117 2166
f 2116 2166 2165
f 2117 2118 2167
f 2117 2167 2166
f 2118 2119 2168
f 2118 2168 2167
f 2119 2120 2169
f 2119 2169 2168
f 2120 2121 2170
f 2120 2170 2169
f 2121 2122 2171
f 2121 2171 2170
f 2122 2123 2172
f 2122 2172 2171
f 2123 2124 2173
f 2123 2173 2172
f 2124 2125 2174
f 2124 2174 2173
f 2125 2126 2175
f 2125 2175 2174
f 2126 2127 2176
f 2126 2176 2175
f 2127 2128 2177
f 2127 2177 2176
f 2128 2129 2178
f 2128 2178 2177
f 2129 2130 2179
f 2129 2179 2178
f 2130 2131 2180
f 2130 2180 2179
f 2131 2132 2181
f 2131 2181 2180
f 2132 2133 2182
f 2132 2182 2181
f 2133 2134 2183
f 2133 2183 2182
f 2134 2135 2184
f 2134 2184 2183
f 2135 2136 2185
f 2135 2185 2184
f 2136 2137 2186
f 2136 2186 2185
f 2137 2138 2187
f 2137 2187 2186
f 2138 2139 2188
f 2138 2188 2187
f 2139 2140 2189
f 2139 2189 2188
f 2140 2141 2190
f 2140 2190 2189
f 2143 2142 2191
f 2143 2191 2192
f 2142 2144 2193
f 2142 2193 2191
f 2144 2145 2194
f 2144 2194 2193
f 2145 2146 2195
f 2145 2195 2194
f 2146 2147 2196
f 2146 2196 2195
f 2147 2148 2197
f 2147 2197 2196
f 2148 2149 2198
f 2148 2198 2197
f 2149 2150 2199
f 2149 2199 2198
f 2150 2151 2200
f 2150 2200 2199
f 2151 2152 2201
f 2151 2201 2200
f 2152 2153 2202
f 2152 2202 2201
f 2153 2154 2203
f 2153 2203 2202
f 2154 2155 2204
f 2154 2204 2203
f 2155 2156 2205
f 2155 2205 2204
f 2156 2157 2206
f 2156 2206 2205
f 2157 2158 2207
f 2157 2207 2206
f 2158 2159 2208
f 2158 2208 2207
f 2159 2160 2209
f 2159 2209 2208
f 2160 2161 2210
f 2160 2210 2209
f 2161 2162 2211
f 2161 2211 2210
f 2162 2163 2212
f 2162 2212 2211
f 2163 2164 2213
f 2163 2213 2212
f 2164 2165 2214
f 2164 2214 2213
f 2165 2166 2215
f 2165 2215 2214
f 2166 2167 2216
f 2166 2216 2215
f 2167 2168 2217
f 2167 2217 2216
f 2168 2169 2218
f 2168 2218 2217
f 2169 2170 2219
f 2169 2219 2218
f 2170 2171 2220
f 2170 2220 2219
f 2171 2172 2221
f 2171 2221 2220
f 2172 2173 2222
f 2172 2222 2221
f 2173 2174 2223
f 2173 2223 2222
f 2174 2175 2224
f 2174 2224 2223
f 2175 2176 2225
f 2175 2225 2224
f 2176 2177 2226
f 2176 2226 2225
f 2177 2178 2227
f 2177 2227 2226
f 2178 2179 2228
f 2178 2228 2227
f 2179 2180 2229
f 2179 2229 2228
f 2180 2181 2230
f 2180 2230 2229
f 2181 2182 2231
f 2181 2231 2230
f 2182 2183 2232
f 2182 2232 2231
f 2183 2184 2233
f 2183 2233 2232
f 2184 2185 2234
f 2184 2234 2233
f 2185 2186 2235
f 2185 2235 2234
f 2186 2187 2236
f 2186 2236 2235
f 2187 2188 2237
f 2187 2237 2236
f 2188 2189 2238
f 2188 2238 2237
f 2189 2190 2239
f 2189 2239 2238
f 2192 2191 2240
f 2192 2240 2241
f 2191 2193 2242
f 2191 2242 2240
f 2193 2194 2243
f 2193 2243 2242
f 2194 2195 2244
f 2194 2244 2243
f 2195 2196 2245
f 2195 2245 2244
f 2196 2197 2246
f 2196 2246 2245
f 2197 2198 2247
f 2197 2247 2246
f 2198 2199 2248
f 2198 2248 2247
f 2199 2200 2249
f 2199 2249 2248
f 2200 2201 2250
f 2200 2250 2249
f 2201 2202 2251
f 2201 2251 2250
f 2202 2203 2252
f 2202 2252 2251
f 2203 2204 2253
f 2203 2253 2252
f 2204 2205 2254
f 2204 2254 2253
f 2205 2206 2255
f 2205 2255 2254
f 2206 2207 2256
f 2206 2256 2255
f 2207 2208 2257
f 2207 2257 2256
f 2208 2209 2258
f 2208 2258 2257
f 2209 2210 2259
f 2209 2259 2258
f 2210 2211 2260
f 2210 2260 2259
f 2211 2212 2261
f 2211 2261 2260
f 2212 2213 2262
f 2212 2262 2261
f 2213 2214 2263
f 2213 2263 2262
f 2214 2215 2264
f 2214 2264 2263
f 2215 2216 2265
f 2215 2265 2264
f 2216 2217 2266
f 2216 2266 2265
f 2217 2218 2267
f 2217 2267 2266
f 2218 2219 2268
f 2218 2268 2267
f 2219 2220 2269
f 2219 2269 2268
f 2220 2221 2270
f 2220 2270 2269
f 2221 2222 2271
f 2221 2271 2270
f 2222 2223 2272
f 2222 2272 2271
f 2223 2224 2273
f 2223 2273 2272
f 2224 2225 2274
f 2224 2274 2273
f 2225 2226 2275
f 2225 2275 2274
f 2226 2227 2276
f 2226 2276 2275
f 2227 2228 2277
f 2227 2277 2276
f 2228 2229 2278
f 2228 2278 2277
f 2229 2230 2279
f 2229 2279 2278
f 2230 2231 2280
f 2230 2280 2279
f 2231 2232 2281
f 2231 2281 2280
f 2232 2233 2282
f 2232 2282 2281
f 2233 2234 2283
f 2233 2283 2282
f 2234 2235 2284
f 2234 2284 2283
f 2235 2236 2285
f 2235 2285 2284
f 2236 2237 2286
f 2236 2286 2285
f 2237 2238 2287
f 2237 2287 2286
f 2238 2239 2288
f 2238 2288 2287
f 2241 2240 2289
f 2241 2289 2290
f 2240 2242 2291
f 2240 2291 2289
f 2242 2243 2292
f 2242 2292 2291
f 2243 2244 2293
f 2243 2293 2292
f 2244 2245 2294
f 2244 2294 2293
f 2245 2246 2295
f 2245 2295 2294
f 2246 2247 2296
f 2246 2296 2295
f 2247 2248 2297
f 2247 2297 2296
f 2248 2249 2298
f 2248 2298 2297
f 2249 2250 2299
f 2249 2299 2298
f 2250 2251 2300
f 2250 2300 2299
f 2251 2252 2301
f 2251 2301 2300
f 2252 2253 2302
f 2252 2302 2301
f 2253 2254 2303
f 2253 2303 2302
f 2254 2255 2304
f 2254 2304 2303
f 2255 2256 2305
f 2255 2305 2304
f 2256 2257 2306
f 2256 2306 2305
f 2257 2258 2307
f 2257 2307 2306
f 2258 2259 2308
f 2258 2308 2307
f 2259 2260 2309
f 2259 2309 2308
f 2260 2261 2310
f 2260 2310 2309
f 2261 2262 2311
f 2261 2311 2310
f 2262 2263 2312
f 2262 2312 2311
f 2263 2264 2313
f 2263 2313 2312
f 2264 2265 2314
f 2264 2314 2313
f 2265 2266 2315
f 2265 2315 2314
f 2266 2267 2316
f 2266 2316 2315
f 2267 2268 2317
f 2267 2317 2316
f 2268 2269 2318
f 2268 2318 2317
f 2269 2270 2319
f 2269 2319 2318
f 2270 2271 2320
f 2270 2320 2319
f 2271 2272 2321
f 2271 2321 2320
f 2272 2273 2322
f 2272 2322 2321
f 2273 2274 2323
f 2273 2323 2322
f 2274 2275 2324
f 2274 2324 2323
f 2275 2276 2325
f 2275 2325 2324
f 2276 2277 2326
f 2276 2326 2325
f 2277 2278 2327
f 2277 2327 2326
f 2278 2279 2328
f 2278 2328 2327
f 2279 2280 2329
f 2279 2329 2328
f 2280 2281 2330
f 2280 2330 2329
f 2281 2282 2331
f 2281 2331 2330
f 2282 2283 2332
f 2282 2332 2331
f 2283 2284 2333
f 2283 2333 2332
f 2284 2285 2334
f 2284 2334 2333
f 2285 2286 2335
f 2285 2335 2334
f 2286 2287 2336
f 2286 2336 2335
f 2287 2288 2337
f 2287 2337 2336
f 2290 2289 2338
f 2290 2338 2339
f 2289 2291 2340
f 2289 2340 2338
f 2291 2292 2341
f 2291 2341 2340
f 2292 2293 2342
f 2292 2342 2341
f 2293 2294 2343
f 2293 2343 2342
f 2294 2295 2344
f 2294 2344 2343
f 2295 2296 2345
f 2295 2345 2344
f 2296 2297 2346
f 2296 2346 2345
f 2297 2298 2347
f 2297 2347 2346
f 2298 2299 2348
f 2298 2348 2347
f 2299 2300 2349
f 2299 2349 2348
f 2300 2301 2350
f 2300 2350 2349
f 2301 2302 2351
f 2301 2351 2350
f 2302 2303 2352
f 2302 2352 2351
f 2303 2304 2353
f 2303 2353 2352
f 2304 2305 2354
f 2304 2354 2353
f 2305 2306 2355
f 2305 2355 2354
f 2306 2307 2356
f 2306 2356 2355
f 2307 2308 2357
f 2307 2357 2356
f 2308 2309 2358
f 2308 2358 2357
f 2309 2310 2359
f 2309 2359 2358
f 2310 2311 2360
f 2310 2360 2359
f 2311 2312 2361
f 2311 2361 2360
f 2312 2313 2362
f 2312 2362 2361
f 2313 2314 2363
f 2313 2363 2362
f 2314 2315 2364
f 2314 2364 2363
f 2315 2316 2365
f 2315 2365 2364
f 2316 2317 2366
f 2316 2366 2365
f 2317 2318 2367
f 2317 2367 2366
f 2318 2319 2368
f 2318 2368 2367
f 2319 2320 2369
f 2319 2369 2368
f 2320 2321 2370
f 2320 2370 2369
f 2321 2322 2371
f 2321 2371 2370
f 2322 2323 2372
f 2322 2372 2371
f 2323 2324 2373
f 2323 2373 2372
f 2324 2325 2374
f 2324 2374 2373
f 2325 2326 2375
f 2325 2375 2374
f 2326 2327 2376
f 2326 2376 2375
f 2327 2328 2377
f 2327 2377 2376
f 2328 2329 2378
f 2328 2378 2377
f 2329 2330 2379
f 2329 2379 2378
f 2330 2331 2380
f 2330 2380 2379
f 2331 2332 2381
f 2331 2381 2380
f 2332 2333 2382
f 2332 2382 2381
f 2333 2334 2383
f 2333 2383 2382
f 2334 2335 2384
f 2334 2384 2383
f 2335 2336 2385
f 2335 2385 2384
f 2336 2337 2386
f 2336 2386 2385
f 2339 2338 2387
f 2339 2387 2388
f 2338 2340 2389
f 2338 2389 2387
f 2340 2341 2390
f 2340 2390 2389
f 2341 2342 2391
f 2341 2391 2390
f 2342 2343 2392
f 2342 2392 2391
f 2343 2344 2393
f 2343 2393 2392
f 2344 2345 2394
f 2344 2394 2393
f 2345 2346 2395
f 2345 2395 2394
f 2346 2347 2396
f 2346 2396 2395
f 2347 2348 2397
f 2347 2397 2396
f 2348 2349 2398
f 2348 2398 2397
f 2349 2350 2399
f 2349 2399 2398
f 2350 2351 2400
f 2350 2400 2399
f 2351 2352 2401
f 2351 2401 2400
f 2352 2353 2402
f 2352 2402 2401
f 2353 2354 2403
f 2353 2403 2402
f 2354 2355 2404
f 2354 2404 2403
f 2355 2356 2405
f 2355 2405 2404
f 2356 2357 2406
f 2356 2406 2405
f 2357 2358 2407
f 2357 2407 2406
f 2358 2359 2408
f 2358 2408 2407
f 2359 2360 2409
f 2359 2409 2408
f 2360 2361 2410
f 2360 2410 2409
f 2361 2362 2411
f 2361 2411 2410
f 2362 2363 2412
f 2362 2412 2411
f 2363 2364 2413
f 2363 2413 2412
f 2364 2365 2414
f 2364 2414 2413
f 2365 2366 2415
f 2365 2415 2414
f 2366 2367 2416
f 2366 2416 2415
f 2367 2368 2417
f 2367 2417 2416
f 2368 2369 2418
f 2368 2418 2417
f 2369 2370 2419
f 2369 2419 2418
f 2370 2371 2420
f 2370 2420 2419
f 2371 2372 2421
f 2371 2421 2420
f 2372 2373 2422
f 2372 2422 2421
f 2373 2374 2423
f 2373 2423 2422
f 2374 2375 2424
f 2374 2424 2423
f 2375 2376 2425
f 2375 2425 2424
f 2376 2377 2426
f 2376 2426 2425
f 2377 2378 2427
f 2377 2427 2426
f 2378 2379 2428
f 2378 2428 2427
f 2379 2380 2429
f 2379 2429 2428
f 2380 2381 2430
f 2380 2430 2429
f 2381 2382 2431
f 2381 2431 2430
f 2382 2383 2432
f 2382 2432 2431
f 2383 2384 2433
f 2383 2433 2432
f 2384 2385 2434
f 2384 2434 2433
f 2385 2386 2435
f 2385 2435 2434
f 2388 2387 2436
f 2388 2436 2437
f 2387 2389 2438
f 2387 2438 2436
f 2389 2390 2439
f 2389 2439 2438
f 2390 2391 2440
f 2390 2440 2439
f 2391 2392 2441
f 2391 2441 2440
f 2392 2393 2442
f 2392 2442 2441
f 2393 2394 2443
f 2393 2443 2442
f 2394 2395 2444
f 2394 2444 2443
f 2395 2396 2445
f 2395 2445 2444
f 2396 2397 2446
f 2396 2446 2445
f 2397 2398 2447
f 2397 2447 2446
f 2398 2399 2448
f 2398 2448 2447
f 2399 2400 2449
f 2399 2449 2448
f 2400 2401 2450
f 2400 2450 2449
f 2401 2402 2451
f 2401 2451 2450
f 2402 2403 2452
f 2402 2452 2451
f 2403 2404 2453
f 2403 2453 2452
f 2404 2405 2454
f 2404 2454 2453
f 2405 2406 2455
f 2405 2455 2454
f 2406 2407 2456
f 2406 2456 2455
f 2407 2408 2457
f 2407 2457 2456
f 2408 2409 2458
f 2408 2458 2457
f 2409 2410 2459
f 2409 2459 2458
f 2410 2411 2460
f 2410 2460 2459
f 2411 2412 2461
f 2411 2461 2460
f 2412 2413 2462
f 2412 2462 2461
f 2413 2414 2463
f 2413 2463 2462
f 2414 2415 2464
f 2414 2464 2463
f 2415 2416 2465
f 2415 2465 2464
f 2416 2417 2466
f 2416 2466 2465
f 2417 2418 2467
f 2417 2467 2466
f 2418 2419 2468
f 2418 2468 2467
f 2419 2420 2469
f 2419 2469 2468
f 2420 2421 2470
f 2420 2470 2469
f 2421 2422 2471
f 2421 2471 2470
f 2422 2423 2472
f 2422 2472 2471
f 2423 2424 2473
f 2423 2473 2472
f 2424 2425 2474
f 2424 2474 2473
f 2425 2426 2475
f 2425 2475 2474
f 2426 2427 2476
f 2426 2476 2475
f 2427 2428 2477
f 2427 2477 2476
f 2428 2429 2478
f 2428 2478 2477
f 2429 2430 2479
f 2429 2479 2478
f 2430 2431 2480
f 2430 2480 2479
f 2431 2432 2481
f 2431 2481 2480
f 2432 2433 2482
f 2432 2482 2481
f 2433 2434 2483
f 2433 2483 2482
f 2434 2435 2484
f 2434 2484 2483
f 2437 2436 2485
f 2437 2485 2486
f 2436 2438 2487
f 2436 2487 2485
f 2438 2439 2488
f 2438 2488 2487
f 2439 2440 2489
f 2439 2489 2488
f 2440 2441 2490
f 2440 2490 2489
f 2441 2442 2491
f 2441 2491 2490
f 2442 2443 2492
f 2442 2492 2491
f 2443 2444 2493
f 2443 2493 2492
f 2444 2445 2494
f 2444 2494 2493
f 2445 2446 2495
f 2445 2495 2494
f 2446 2447 2496
f 2446 2496 2495
f 2447 2448 2497
f 2447 2497 2496
f 2448 2449 2498
f 2448 2498 2497
f 2449 2450 2499
f 2449 2499 2498
f 2450 2451 2500
f 2450 2500 2499
f 2451 2452 2501
f 2451 2501 2500
f 2452 2453 2502
f 2452 2502 2501
f 2453 2454 2503
f 2453 2503 2502
f 2454 2455 2504
f 2454 2504 2503
f 2455 2456 2505
f 2455 2505 2504
f 2456 2457 2506
f 2456 2506 2505
f 2457 2458 2507
f 2457 2507 2506
f 2458 2459 2508
f 2458 2508 2507
f 2459 2460 2509
f 2459 2509 2508
f 2460 2461 2510
f 2460 2510 2509
f 2461 2462 2511
f 2461 2511 2510
f 2462 2463 2512
f 2462 2512 2511
f 2463 2464 2513
f 2463 2513 2512
f 2464 2465 2514
f 2464 2514 2513
f 2465 2466 2515
f 2465 2515 2514
f 2466 2467 2516
f 2466 2516 2515
f 2467 2468 2517
f 2467 2517 2516
f 2468 2469 2518
f 2468 2518 2517
f 2469 2470 2519
f 2469 2519 2518
f 2470 2471 2520
f 2470 2520 2519
f 2471 2472 2521
f 2471 2521 2520
f 2472 2473 2522
f 2472 2522 2521
f 2473 2474 2523
f 2473 2523 2522
f 2474 2475 2524
f 2474 2524 2523
f 2475 2476 2525
f 2475 2525 2524
f 2476 2477 2526
f 2476 2526 2525
f 2477 2478 2527
f 2477 2527 2526
f 2478 2479 2528
f 2478 2528 2527
f 2479 2480 2529
f 2479 2529 2528
f 2480 2481 2530
f 2480 2530 2529
f 2481 2482 2531
f 2481 2531 2530
f 2482 2483 2532
f 2482 2532 2531
f 2483 2484 2533
f 2483 2533 2532
f 2486 2485 2534
f 2486 2534 2535
f 2485 2487 2536
f 2485 2536 2534
f 2487 2488 2537
f 2487 2537 2536
f 2488 2489 2538
f 2488 2538 2537
f 2489 2490 2539
f 2489 2539 2538
f 2490 2491 2540
f 2490 2540 2539
f 2491 2492 2541
f 2491 2541 2540
f 2492 2493 2542
f 2492 2542 2541
f 2493 2494 2543
f 2493 2543 2542
f 2494 2495 2544
f 2494 2544 2543
f 2495 2496 2545
f 2495 2545 2544
f 2496 2497 2546
f 2496 2546 2545
f 2497 2498 2547
f 2497 2547 2546
f 2498 2499 2548
f 2498 2548 2547
f 2499 2500 2549
f 2499 2549 2548
f 2500 2501 2550
f 2500 2550 2549
f 2501 2502 2551
f 2501 2551 2550
f 2502 2503 2552
f 2502 2552 2551
f 2503 2504 2553
f 2503 2553 2552
f 2504 2505 2554
f 2504 2554 2553
f 2505 2506 2555
f 2505 2555 2554
f 2506 2507 2556
f 2506 2556 2555
f 2507 2508 2557
f 2507 2557 2556
f 2508 2509 2558
f 2508 2558 2557
f 2509 2510 2559
f 2509 2559 2558
f 2510 2511 2560
f 2510 2560 2559
f 2511 2512 2561
f 2511 2561 2560
f 2512 2513 2562
f 2512 2562 2561
f 2513 2514 2563
f 2513 2563 2562
f 2514 2515 2564
f 2514 2564 2563
f 2515 2516 2565
f 2515 2565 2564
f 2516 2517 2566
f 2516 2566 2565
f 2517 2518 2567
f 2517 2567 2566
f 2518 2519 2568
f 2518 2568 2567
f 2519 2520 2569
f 2519 2569 2568
f 2520 2521 2570
f 2520 2570 2569
f 2521 2522 2571
f 2521 2571 2570
f 2522 2523 2572
f 2522 2572 2571
f 2523 2524 2573
f 2523 2573 2572
f 2524 2525 2574
f 2524 2574 2573
f 2525 2526 2575
f 2525 2575 2574
f 2526 2527 2576
f 2526 2576 2575
f 2527 2528 2577
f 2527 2577 2576
f 2528 2529 2578
f 2528 2578 2577
f 2529 2530 2579
f 2529 2579 2578
f 2530 2531 2580
f 2530 2580 2579
f 2531 2532 2581
f 2531 2581 2580
f 2532 2533 2582
f 2532 2582 2581
f 2535 2534 2583
f 2535 2583 2584
f 2534 2536 2585
f 2534 2585 2583
f 2536 2537 2586
f 2536 2586 2585
f 2537 2538 2587
f 2537 2587 2586
f 2538 2539 2588
f 2538 2588 2587
f 2539 2540 2589
f 2539 2589 2588
f 2540 2541 2590
f 2540 2590 2589
f 2541 2542 2591
f 2541 2591 2590
f 2542 2543 2592
f 2542 2592 2591
f 2543 2544 2593
f 2543 2593 2592
f 2544 2545 2594
f 2544 2594 2593
f 2545 2546 2595
f 2545 2595 2594
f 2546 2547 2596
f 2546 2596 2595
f 2547 2548 2597
f 2547 2597 2596
f 2548 2549 2598
f 2548 2598 2597
f 2549 2550 2599
f 2549 2599 2598
f 2550 2551 2600
f 2550 2600 2599
f 2551 2552 2601
f 2551 2601 2600
f 2552 2553 2602
f 2552 2602 2601
f 2553 2554 2603
f 2553 2603 2602
f 2554 2555 2604
f 2554 2604 2603
f 2555 2556 2605
f 2555 2605 2604
f 2556 2557 2606
f 2556 2606 2605
f 2557 2558 2607
f 2557 2607 2606
f 2558 2559 2608
f 2558 2608 2607
f 2559 2560 2609
f 2559 2609 2608
f 2560 2561 2610
f 2560 2610 2609
f 2561 2562 2611
f 2561 2611 2610
f 2562 2563 2612
f 2562 2612 2611
f 2563 2564 2613
f 2563 2613 2612
f 2564 2565 2614
f 2564 2614 2613
f 2565 2566 2615
f 2565 2615 2614
f 2566 2567 2616
f 2566 2616 2615
f 2567 2568 2617
f 2567 2617 2616
f 2568 2569 2618
f 2568 2618 2617
f 2569 2570 2619
f 2569 2619 2618
f 2570 2571 2620
f 2570 2620 2619
f 2571 2572 2621
f 2571 2621 2620
f 2572 2573 2622
f 2572 2622 2621
f 2573 2574 2623
f 2573 2623 2622
f 2574 2575 2624
f 2574 2624 2623
f 2575 2576 2625
f 2575 2625 2624
f 2576 2577 2626
f 2576 2626 2625
f 2577 2578 2627
f 2577 2627 2626
f 2578 2579 2628
f 2578 2628 2627
f 2579 2580 2629
f 2579 2629 2628
f 2580 2581 2630
f 2580 2630 2629
f 2581 2582 2631
f 2581 2631 2630
f 2584 2583 2632
f 2584 2632 2633
f 2583 2585 2634
f 2583 2634 2632
f 2585 2586 2635
f 2585 2635 2634
f 2586 2587 2636
f 2586 2636 2635
f 2587 2588 2637
f 2587 2637 2636
f 2588 2589 2638
f 2588 2638 2637
f 2589 2590 2639
f 2589 2639 2638
f 2590 2591 2640
f 2590 2640 2639
f 2591 2592 2641
f 2591 2641 2640
f 2592 2593 2642
f 2592 2642 2641
f 2593 2594 2643
f 2593 2643 2642
f 2594 2595 2644
f 2594 2644 2643
f 2595 2596 2645
f 2595 2645 2644
f 2596 2597 2646
f 2596 2646 2645
f 2597 2598 2647
f 2597 2647 2646
f 2598 2599 2648
f 2598 2648 2647
f 2599 2600 2649
f 2599 2649 2648
f 2600 2601 2650
f 2600 2650 2649
f 2601 2602 2651
f 2601 2651 2650
f 2602 2603 2652
f 2602 2652 2651
f 2603 2604 2653
f 2603 2653 2652
f 2604 2605 2654
f 2604 2654 2653
f 2605 2606 2655
f 2605 2655 2654
f 2606 2607 2656
f 2606 2656 2655
f 2607 2608 2657
f 2607 2657 2656
f 2608 2609 2658
f 2608 2658 2657
f 2609 2610 2659
f 2609 2659 2658
f 2610 2611 2660
f 2610 2660 2659
f 2611 2612 2661
f 2611 2661 2660
f 2612 2613 2662
f 2612 2662 2661
f 2613 2614 2663
f 2613 2663 2662
f 2614 2615 2664
f 2614 2664 2663
f 2615 2616 2665
f 2615 2665 2664
f 2616 2617 2666
f 2616 2666 2665
f 2617 2618 2667
f 2617 2667 2666
f 2618 2619 2668
f 2618 2668 2667
f 2619 2620 2669
f 2619 2669 2668
f 2620 2621 2670
f 2620 2670 2669
f 2621 2622 2671
f 2621 2671 2670
f 2622 2623 2672
f 2622 2672 2671
f 2623 2624 2673
f 2623 2673 2672
f 2624 2625 2674
f 2624 2674 2673
f 2625 2626 2675
f 2625 2675 2674
f 2626 2627 2676
f 2626 2676 2675
f 2627 2628 2677
f 2627 2677 2676
f 2628 2629 2678
f 2628 2678 2677
f 2629 2630 2679
f 2629 2679 2678
f 2630 2631 2680
f 2630 2680 2679
f 2633 2632 2681
f 2633 2681 2682
f 2632 2634 2683
f 2632 2683 2681
f 2634 2635 2684
f 2634 2684 2683
f 2635 2636 2685
f 2635 2685 2684
f 2636 2637 2686
f 2636 2686 2685
f 2637 2638 2687
f 2637 2687 2686
f 2638 2639 2688
f 2638 2688 2687
f 2639 2640 2689
f 2639 2689 2688
f 2640 2641 2690
f 2640 2690 2689
f 2641 2642 2691
f 2641 2691 2690
f 2642 2643 2692
f 2642 2692 2691
f 2643 2644 2693
f 2643 2693 2692
f 2644 2645 2694
f 2644 2694 2693
f 2645 2646 2695
f 2645 2695 2694
f 2646 2647 2696
f 2646 2696 2695
f 2647 2648 2697
f 2647 2697 2696
f 2648 2649 2698
f 2648 2698 2697
f 2649 2650 2699
f 2649 2699 2698
f 2650 2651 2700
f 2650 2700 2699
f 2651 2652 2701
f 2651 2701 2700
f 2652 2653 2702
f 2652 2702 2701
f 2653 2654 2703
f 2653 2703 2702
f 2654 2655 2704
f 2654 2704 2703
f 2655 2656 2705
f 2655 2705 2704
f 2656 2657 2706
f 2656 2706 2705
f 2657 2658 2707
f 2657 2707 2706
f 2658 2659 2708
f 2658 2708 2707
f 2659 2660 2709
f 2659 2709 2708
f 2660 2661 2710
f 2660 2710 2709
f 2661 2662 2711
f 2661 2711 2710
f 2662 2663 2712
f 2662 2712 2711
f 2663 2664 2713
f 2663 2713 2712
f 2664 2665 2714
f 2664 2714 2713
f 2665 2666 2715
f 2665 2715 2714
f 2666 2667 2716
f 2666 2716 2715
f 2667 2668 2717
f 2667 2717 2716
f 2668 2669 2718
f 2668 2718 2717
f 2669 2670 2719
f 2669 2719 2718
f 2670 2671 2720
f 2670 2720 2719
f 2671 2672 2721
f 2671 2721 2720
f 2672 2673 2722
f 2672 2722 2721
f 2673 2674 2723
f 2673 2723 2722
f 2674 2675 2724
f 2674 2724 2723
f 2675 2676 2725
f 2675 2725 2724
f 2676 2677 2726
f 2676 2726 2725
f 2677 2678 2727
f 2677 2727 2726
f 2678 2679 2728
f 2678 2728 2727
f 2679 2680 2729
f 2679 2729 2728
