mtllib Monitor2.mtl
v -0 0 240.618
v -0 287.469 3
v -0 0 3
v -0 287.469 240.618
v 0.681 0 1.0968
v 0.7771 0 0.9853
v 0.8787 0 0.8787
v 0.4268 0 1.4577
v 0.5056 0 1.3333
v 0.5904 0 1.2129
v 1.5858 0 0.3542
v 0.9853 0 0.7771
v 1.0968 0 0.681
v 1.2129 0 0.5904
v 1.3333 0 0.5056
v 1.4577 0 0.4268
v 1.8519 0 0.2284
v 1.7173 0 0.288
v 0.1754 0 1.9893
v 0.2284 0 1.8519
v 0.288 0 1.7173
v 0.3542 0 1.5858
v 2.1291 0 0.1292
v 1.9893 0 0.1754
v 2.4147 0 0.0576
v 2.2711 0 0.0899
v 0.0576 0 2.4147
v 0.0899 0 2.2711
v 0.1292 0 2.1291
v 2.7059 0 0.0144
v 2.5598 0 0.0325
v 0.0144 0 2.7059
v 0.0325 0 2.5598
v 0.0036 0 2.8528
v 3 0 -0
v 2.8528 0 0.0036
v 19 0 19
v 0.0144 0 240.911
v 0.0036 0 240.765
v 0.0325 0 241.058
v 0.0899 0 241.346
v 0.0576 0 241.203
v 0.1292 0 241.488
v 0.2284 0 241.766
v 0.1754 0 241.628
v 0.288 0 241.9
v 0.4268 0 242.16
v 0.3542 0 242.032
v 0.5056 0 242.284
v 0.7771 0 242.632
v 0.5904 0 242.405
v 0.681 0 242.521
v 0.8787 0 242.739
v 19 0 224.618
v 1.0968 0 242.936
v 0.9853 0 242.84
v 1.2129 0 243.027
v 1.3333 0 243.112
v 1.4577 0 243.191
v 1.5858 0 243.263
v 1.7173 0 243.329
v 2.1291 0 243.488
v 1.9893 0 243.442
v 1.8519 0 243.389
v 2.2711 0 243.528
v 2.5598 0 243.585
v 2.4147 0 243.56
v 2.8528 0 243.614
v 2.7059 0 243.603
v 3 0 243.618
v 297.038 0 19
v 316.038 0 0
v 297.038 0 224.618
v 316.038 0 243.618
v 0.0036 287.469 2.8528
v 0.0144 287.469 2.7059
v 0.0325 287.469 2.5598
v 0.0576 287.469 2.4147
v 0.0899 287.469 2.2711
v 0.1292 287.469 2.1291
v 0.1754 287.469 1.9893
v 0.2284 287.469 1.8519
v 0.288 287.469 1.7173
v 0.3542 287.469 1.5858
v 0.4268 287.469 1.4577
v 0.5056 287.469 1.3333
v 0.5904 287.469 1.2129
v 0.681 287.469 1.0968
v 0.7771 287.469 0.9853
v 0.8787 287.469 0.8787
v 0.9853 287.469 0.7771
v 1.0968 287.469 0.681
v 1.2129 287.469 0.5904
v 1.3333 287.469 0.5056
v 1.4577 287.469 0.4268
v 1.5858 287.469 0.3542
v 1.7173 287.469 0.288
v 1.8519 287.469 0.2284
v 1.9893 287.469 0.1754
v 2.1291 287.469 0.1292
v 2.2711 287.469 0.0899
v 2.4147 287.469 0.0576
v 2.5598 287.469 0.0325
v 2.7059 287.469 0.0144
v 2.8528 287.469 0.0036
v 3 287.469 -0
v 0.0036 287.469 240.765
v 0.0144 287.469 240.911
v 0.0325 287.469 241.058
v 0.0576 287.469 241.203
v 0.0899 287.469 241.346
v 0.1292 287.469 241.488
v 0.1754 287.469 241.628
v 0.2284 287.469 241.766
v 0.288 287.469 241.9
v 0.3542 287.469 242.032
v 0.4268 287.469 242.16
v 0.5056 287.469 242.284
v 0.5904 287.469 242.405
v 0.681 287.469 242.521
v 0.7771 287.469 242.632
v 0.8787 287.469 242.739
v 0.9853 287.469 242.84
v 1.0968 287.469 242.936
v 1.2129 287.469 243.027
v 1.3333 287.469 243.112
v 1.4577 287.469 243.191
v 1.5858 287.469 243.263
v 1.7173 287.469 243.329
v 1.8519 287.469 243.389
v 1.9893 287.469 243.442
v 2.1291 287.469 243.488
v 2.2711 287.469 243.528
v 2.4147 287.469 243.56
v 2.5598 287.469 243.585
v 2.7059 287.469 243.603
v 2.8528 287.469 243.614
v 3 287.469 243.618
v 353.138 287.469 -0
v 353.432 287.469 0.0144
v 353.285 287.469 0.0036
v 353.578 287.469 0.0325
v 353.723 287.469 0.0576
v 354.009 287.469 0.1292
v 353.867 287.469 0.0899
v 354.286 287.469 0.2284
v 354.149 287.469 0.1754
v 354.421 287.469 0.288
v 354.552 287.469 0.3542
v 354.925 287.469 0.5904
v 354.805 287.469 0.5056
v 354.68 287.469 0.4268
v 355.361 287.469 0.9853
v 355.259 287.469 0.8787
v 355.153 287.469 0.7771
v 355.041 287.469 0.681
v 355.457 287.469 1.0968
v 355.548 287.469 1.2129
v 355.784 287.469 1.5858
v 355.711 287.469 1.4577
v 355.632 287.469 1.3333
v 355.85 287.469 1.7173
v 355.963 287.469 1.9893
v 355.91 287.469 1.8519
v 356.048 287.469 2.2711
v 356.009 287.469 2.1291
v 356.124 287.469 2.7059
v 356.106 287.469 2.5598
v 356.08 287.469 2.4147
v 356.138 287.469 3
v 356.135 287.469 2.8528
v 353.138 287.469 243.618
v 356.138 287.469 240.618
v 353.723 287.469 243.56
v 353.432 287.469 243.603
v 353.578 287.469 243.585
v 353.285 287.469 243.614
v 356.048 287.469 241.346
v 356.124 287.469 240.911
v 356.135 287.469 240.765
v 356.106 287.469 241.058
v 356.08 287.469 241.203
v 353.867 287.469 243.528
v 354.009 287.469 243.488
v 355.963 287.469 241.628
v 356.009 287.469 241.488
v 354.149 287.469 243.442
v 355.784 287.469 242.032
v 355.91 287.469 241.766
v 355.85 287.469 241.9
v 354.552 287.469 243.263
v 354.286 287.469 243.389
v 354.421 287.469 243.329
v 354.68 287.469 243.191
v 354.805 287.469 243.112
v 355.548 287.469 242.405
v 355.711 287.469 242.16
v 355.632 287.469 242.284
v 354.925 287.469 243.027
v 355.153 287.469 242.84
v 355.041 287.469 242.936
v 355.361 287.469 242.632
v 355.457 287.469 242.521
v 355.259 287.469 242.739
v 316.038 1.2 0
v 353.138 0 -0
v 318.038 0 0
v 318.038 1.2 0
v 316.038 1.2 243.618
v 324.388 0 243.618
v 318.038 1.2 243.618
v 318.038 0 243.618
v 324.388 24.9 243.618
v 349.788 24.9 243.618
v 349.788 0 243.618
v 353.138 0 243.618
v 297.038 59 224.618
v 19 59 224.618
v 19 59 19
v 297.038 59 19
v 356.138 0 3
v 356.135 0 2.8528
v 356.124 0 2.7059
v 356.106 0 2.5598
v 356.08 0 2.4147
v 356.048 0 2.2711
v 356.009 0 2.1291
v 355.963 0 1.9893
v 355.91 0 1.8519
v 355.85 0 1.7173
v 355.784 0 1.5858
v 355.711 0 1.4577
v 355.632 0 1.3333
v 355.548 0 1.2129
v 355.457 0 1.0968
v 355.361 0 0.9853
v 355.259 0 0.8787
v 355.153 0 0.7771
v 355.041 0 0.681
v 354.925 0 0.5904
v 354.805 0 0.5056
v 354.68 0 0.4268
v 354.552 0 0.3542
v 354.421 0 0.288
v 354.286 0 0.2284
v 354.149 0 0.1754
v 354.009 0 0.1292
v 353.867 0 0.0899
v 353.723 0 0.0576
v 353.578 0 0.0325
v 353.432 0 0.0144
v 353.285 0 0.0036
v 356.138 0 240.618
v 356.135 0 240.765
v 356.124 0 240.911
v 356.106 0 241.058
v 356.08 0 241.203
v 356.048 0 241.346
v 356.009 0 241.488
v 355.963 0 241.628
v 355.91 0 241.766
v 355.85 0 241.9
v 355.784 0 242.032
v 355.711 0 242.16
v 355.632 0 242.284
v 355.548 0 242.405
v 355.457 0 242.521
v 355.361 0 242.632
v 355.259 0 242.739
v 355.153 0 242.84
v 355.041 0 242.936
v 354.925 0 243.027
v 354.805 0 243.112
v 354.68 0 243.191
v 354.552 0 243.263
v 354.421 0 243.329
v 354.286 0 243.389
v 354.149 0 243.442
v 354.009 0 243.488
v 353.867 0 243.528
v 353.723 0 243.56
v 353.578 0 243.585
v 353.432 0 243.603
v 353.285 0 243.614
v 324.388 0 228.618
v 349.788 0 228.618
v 349.788 24.9 228.618
v 324.388 24.9 228.618
v 297.038 1 224.618
v 297.038 1 19
v 19 1 224.618
v 19 1 19
v 20.2 1 20.2
v 20.2 1 223.417
v 295.838 1 20.2
v 295.838 1 223.417
v 20.2 57.8 20.2
v 295.838 57.8 20.2
v 295.838 57.8 223.417
v 20.2 57.8 223.417
v 25 -19.05 215.618
v 25 30 28
v 25 -19.05 28
v 25 30 215.618
v 25.681 -19.05 26.0968
v 25.7771 -19.05 25.9853
v 25.8787 -19.05 25.8787
v 26.4577 -19.05 25.4268
v 26.0968 -19.05 25.681
v 26.2129 -19.05 25.5904
v 26.3333 -19.05 25.5056
v 25.4268 -19.05 26.4577
v 25.5056 -19.05 26.3333
v 25.5904 -19.05 26.2129
v 25.288 -19.05 26.7173
v 25.3542 -19.05 26.5858
v 26.8519 -19.05 25.2284
v 25.9853 -19.05 25.7771
v 26.5858 -19.05 25.3542
v 26.7173 -19.05 25.288
v 27.1291 -19.05 25.1292
v 26.9893 -19.05 25.1754
v 25.1292 -19.05 27.1291
v 25.1754 -19.05 26.9893
v 25.2284 -19.05 26.8519
v 27.4147 -19.05 25.0576
v 27.2711 -19.05 25.0899
v 25.0576 -19.05 27.4147
v 25.0899 -19.05 27.2711
v 27.7059 -19.05 25.0144
v 27.5598 -19.05 25.0325
v 25.0144 -19.05 27.7059
v 25.0325 -19.05 27.5598
v 25.0036 -19.05 27.8528
v 28 -19.05 25
v 27.8528 -19.05 25.0036
v 38.5787 -19.05 38.5787
v 38.4771 -19.05 38.6853
v 38.6853 -19.05 38.4771
v 38.7968 -19.05 38.381
v 38.381 -19.05 38.7968
v 38.9129 -19.05 38.2904
v 38.2904 -19.05 38.9129
v 39.0333 -19.05 38.2056
v 38.2056 -19.05 39.0333
v 38.1268 -19.05 39.1577
v 39.1577 -19.05 38.1268
v 39.2858 -19.05 38.0542
v 38.0542 -19.05 39.2858
v 37.988 -19.05 39.4173
v 39.4173 -19.05 37.988
v 39.5519 -19.05 37.9284
v 37.9284 -19.05 39.5519
v 37.8754 -19.05 39.6893
v 39.6893 -19.05 37.8754
v 37.8292 -19.05 39.8291
v 39.8291 -19.05 37.8292
v 37.7899 -19.05 39.9711
v 39.9711 -19.05 37.7899
v 37.7576 -19.05 40.1147
v 40.1147 -19.05 37.7576
v 37.7325 -19.05 40.2598
v 40.2598 -19.05 37.7325
v 37.7144 -19.05 40.4059
v 40.4059 -19.05 37.7144
v 37.7036 -19.05 40.5528
v 40.5528 -19.05 37.7036
v 37.7 -19.05 40.7
v 40.7 -19.05 37.7
v 37.7 -19.05 202.917
v 37.7036 -19.05 203.065
v 37.7144 -19.05 203.212
v 37.7325 -19.05 203.358
v 25.0576 -19.05 216.203
v 25.0036 -19.05 215.765
v 25.0144 -19.05 215.911
v 25.0325 -19.05 216.058
v 37.7576 -19.05 203.503
v 37.7899 -19.05 203.646
v 25.1292 -19.05 216.488
v 25.0899 -19.05 216.346
v 37.8292 -19.05 203.788
v 37.8754 -19.05 203.928
v 37.9284 -19.05 204.065
v 25.288 -19.05 216.9
v 25.1754 -19.05 216.628
v 25.2284 -19.05 216.766
v 37.988 -19.05 204.2
v 38.0542 -19.05 204.332
v 25.4268 -19.05 217.16
v 25.3542 -19.05 217.032
v 38.1268 -19.05 204.46
v 25.5056 -19.05 217.284
v 38.2056 -19.05 204.584
v 38.2904 -19.05 204.705
v 25.681 -19.05 217.521
v 25.5904 -19.05 217.405
v 38.381 -19.05 204.821
v 25.7771 -19.05 217.632
v 38.4771 -19.05 204.932
v 38.5787 -19.05 205.039
v 25.9853 -19.05 217.84
v 25.8787 -19.05 217.739
v 26.0968 -19.05 217.936
v 26.2129 -19.05 218.027
v 26.4577 -19.05 218.191
v 26.3333 -19.05 218.112
v 26.7173 -19.05 218.329
v 26.5858 -19.05 218.263
v 26.8519 -19.05 218.389
v 26.9893 -19.05 218.442
v 27.2711 -19.05 218.528
v 27.1291 -19.05 218.488
v 27.5598 -19.05 218.585
v 27.4147 -19.05 218.56
v 27.7059 -19.05 218.603
v 28 -19.05 218.618
v 38.6853 -19.05 205.14
v 38.7968 -19.05 205.237
v 38.9129 -19.05 205.327
v 39.0333 -19.05 205.412
v 39.1577 -19.05 205.491
v 39.2858 -19.05 205.563
v 39.4173 -19.05 205.63
v 39.5519 -19.05 205.689
v 39.6893 -19.05 205.742
v 39.8291 -19.05 205.788
v 39.9711 -19.05 205.828
v 40.1147 -19.05 205.86
v 40.2598 -19.05 205.885
v 40.4059 -19.05 205.903
v 40.5528 -19.05 205.914
v 27.8528 -19.05 218.614
v 40.7 -19.05 205.917
v 288.038 -19.05 25
v 275.338 -19.05 37.7
v 275.485 -19.05 37.7036
v 288.332 -19.05 25.0144
v 288.185 -19.05 25.0036
v 275.632 -19.05 37.7144
v 275.778 -19.05 37.7325
v 288.623 -19.05 25.0576
v 288.478 -19.05 25.0325
v 275.923 -19.05 37.7576
v 276.067 -19.05 37.7899
v 288.909 -19.05 25.1292
v 288.767 -19.05 25.0899
v 276.209 -19.05 37.8292
v 289.049 -19.05 25.1754
v 276.349 -19.05 37.8754
v 289.186 -19.05 25.2284
v 276.486 -19.05 37.9284
v 276.621 -19.05 37.988
v 289.452 -19.05 25.3542
v 289.321 -19.05 25.288
v 276.752 -19.05 38.0542
v 276.88 -19.05 38.1268
v 289.705 -19.05 25.5056
v 289.58 -19.05 25.4268
v 277.005 -19.05 38.2056
v 289.825 -19.05 25.5904
v 277.125 -19.05 38.2904
v 277.241 -19.05 38.381
v 290.053 -19.05 25.7771
v 289.941 -19.05 25.681
v 277.353 -19.05 38.4771
v 277.459 -19.05 38.5787
v 290.261 -19.05 25.9853
v 290.159 -19.05 25.8787
v 290.448 -19.05 26.2129
v 290.357 -19.05 26.0968
v 290.533 -19.05 26.3333
v 290.75 -19.05 26.7173
v 290.611 -19.05 26.4577
v 290.684 -19.05 26.5858
v 290.863 -19.05 26.9893
v 290.81 -19.05 26.8519
v 290.948 -19.05 27.2711
v 290.909 -19.05 27.1291
v 291.006 -19.05 27.5598
v 290.981 -19.05 27.4147
v 291.034 -19.05 27.8528
v 291.024 -19.05 27.7059
v 291.038 -19.05 28
v 278.338 -19.05 40.7
v 278.334 -19.05 40.5528
v 278.324 -19.05 40.4059
v 278.306 -19.05 40.2598
v 278.281 -19.05 40.1147
v 278.248 -19.05 39.9711
v 278.209 -19.05 39.8291
v 278.163 -19.05 39.6893
v 278.11 -19.05 39.5519
v 278.05 -19.05 39.4173
v 277.984 -19.05 39.2858
v 277.911 -19.05 39.1577
v 277.832 -19.05 39.0333
v 277.748 -19.05 38.9129
v 277.657 -19.05 38.7968
v 277.561 -19.05 38.6853
v 275.338 -19.05 205.917
v 288.038 -19.05 218.618
v 277.353 -19.05 205.14
v 277.459 -19.05 205.039
v 277.241 -19.05 205.237
v 277.125 -19.05 205.327
v 277.005 -19.05 205.412
v 276.88 -19.05 205.491
v 276.752 -19.05 205.563
v 276.621 -19.05 205.63
v 276.486 -19.05 205.689
v 276.349 -19.05 205.742
v 276.209 -19.05 205.788
v 276.067 -19.05 205.828
v 275.923 -19.05 205.86
v 275.778 -19.05 205.885
v 275.632 -19.05 205.903
v 275.485 -19.05 205.914
v 291.038 -19.05 215.618
v 278.281 -19.05 203.503
v 278.306 -19.05 203.358
v 278.248 -19.05 203.646
v 278.209 -19.05 203.788
v 278.163 -19.05 203.928
v 278.11 -19.05 204.065
v 278.05 -19.05 204.2
v 277.984 -19.05 204.332
v 277.911 -19.05 204.46
v 277.832 -19.05 204.584
v 277.748 -19.05 204.705
v 277.657 -19.05 204.821
v 277.561 -19.05 204.932
v 278.338 -19.05 202.917
v 278.334 -19.05 203.065
v 278.324 -19.05 203.212
v 288.478 -19.05 218.585
v 288.332 -19.05 218.603
v 288.185 -19.05 218.614
v 291.006 -19.05 216.058
v 291.034 -19.05 215.765
v 291.024 -19.05 215.911
v 290.981 -19.05 216.203
v 288.767 -19.05 218.528
v 288.623 -19.05 218.56
v 288.909 -19.05 218.488
v 290.863 -19.05 216.628
v 290.948 -19.05 216.346
v 290.909 -19.05 216.488
v 289.049 -19.05 218.442
v 289.321 -19.05 218.329
v 289.186 -19.05 218.389
v 289.452 -19.05 218.263
v 290.533 -19.05 217.284
v 290.684 -19.05 217.032
v 290.611 -19.05 217.16
v 289.705 -19.05 218.112
v 289.58 -19.05 218.191
v 290.448 -19.05 217.405
v 290.75 -19.05 216.9
v 289.825 -19.05 218.027
v 290.81 -19.05 216.766
v 290.053 -19.05 217.84
v 289.941 -19.05 217.936
v 290.261 -19.05 217.632
v 290.357 -19.05 217.521
v 290.159 -19.05 217.739
v 25.0036 30 27.8528
v 25.0144 30 27.7059
v 25.0325 30 27.5598
v 25.0576 30 27.4147
v 25.0899 30 27.2711
v 25.1292 30 27.1291
v 25.1754 30 26.9893
v 25.2284 30 26.8519
v 25.288 30 26.7173
v 25.3542 30 26.5858
v 25.4268 30 26.4577
v 25.5056 30 26.3333
v 25.5904 30 26.2129
v 25.681 30 26.0968
v 25.7771 30 25.9853
v 25.8787 30 25.8787
v 25.9853 30 25.7771
v 26.0968 30 25.681
v 26.2129 30 25.5904
v 26.3333 30 25.5056
v 26.4577 30 25.4268
v 26.5858 30 25.3542
v 26.7173 30 25.288
v 26.8519 30 25.2284
v 26.9893 30 25.1754
v 27.1291 30 25.1292
v 27.2711 30 25.0899
v 27.4147 30 25.0576
v 27.5598 30 25.0325
v 27.7059 30 25.0144
v 27.8528 30 25.0036
v 28 30 25
v 25.0036 30 215.765
v 25.0144 30 215.911
v 25.0325 30 216.058
v 25.0576 30 216.203
v 25.0899 30 216.346
v 25.1292 30 216.488
v 25.1754 30 216.628
v 25.2284 30 216.766
v 25.288 30 216.9
v 25.3542 30 217.032
v 25.4268 30 217.16
v 25.5056 30 217.284
v 25.5904 30 217.405
v 25.681 30 217.521
v 25.7771 30 217.632
v 25.8787 30 217.739
v 25.9853 30 217.84
v 26.0968 30 217.936
v 26.2129 30 218.027
v 26.3333 30 218.112
v 26.4577 30 218.191
v 26.5858 30 218.263
v 26.7173 30 218.329
v 26.8519 30 218.389
v 26.9893 30 218.442
v 27.1291 30 218.488
v 27.2711 30 218.528
v 27.4147 30 218.56
v 27.5598 30 218.585
v 27.7059 30 218.603
v 27.8528 30 218.614
v 28 30 218.618
v 42.8044 30 42.8044
v 42.8044 30 200.813
v 288.038 30 25
v 288.332 30 25.0144
v 288.185 30 25.0036
v 288.623 30 25.0576
v 288.478 30 25.0325
v 288.909 30 25.1292
v 288.767 30 25.0899
v 289.049 30 25.1754
v 289.186 30 25.2284
v 289.452 30 25.3542
v 289.321 30 25.288
v 289.705 30 25.5056
v 289.58 30 25.4268
v 289.825 30 25.5904
v 290.053 30 25.7771
v 289.941 30 25.681
v 273.234 30 42.8044
v 290.261 30 25.9853
v 290.159 30 25.8787
v 290.448 30 26.2129
v 290.357 30 26.0968
v 290.533 30 26.3333
v 290.75 30 26.7173
v 290.684 30 26.5858
v 290.611 30 26.4577
v 290.863 30 26.9893
v 290.81 30 26.8519
v 290.948 30 27.2711
v 290.909 30 27.1291
v 291.006 30 27.5598
v 290.981 30 27.4147
v 291.034 30 27.8528
v 291.024 30 27.7059
v 291.038 30 28
v 288.038 30 218.618
v 273.234 30 200.813
v 291.038 30 215.618
v 288.478 30 218.585
v 288.185 30 218.614
v 288.332 30 218.603
v 291.006 30 216.058
v 291.034 30 215.765
v 291.024 30 215.911
v 290.981 30 216.203
v 288.767 30 218.528
v 288.623 30 218.56
v 288.909 30 218.488
v 290.863 30 216.628
v 290.948 30 216.346
v 290.909 30 216.488
v 289.049 30 218.442
v 289.321 30 218.329
v 289.186 30 218.389
v 289.452 30 218.263
v 290.533 30 217.284
v 290.611 30 217.16
v 290.684 30 217.032
v 289.705 30 218.112
v 289.58 30 218.191
v 290.448 30 217.405
v 290.75 30 216.9
v 289.825 30 218.027
v 290.81 30 216.766
v 290.053 30 217.84
v 289.941 30 217.936
v 290.261 30 217.632
v 290.357 30 217.521
v 290.159 30 217.739
v 42.8044 0 45.8044
v 42.808 0 45.6572
v 42.8189 0 45.5104
v 42.8369 0 45.3642
v 42.8621 0 45.2192
v 42.8943 0 45.0755
v 42.9336 0 44.9336
v 42.9798 0 44.7938
v 43.0328 0 44.6564
v 43.0925 0 44.5218
v 43.1587 0 44.3902
v 43.2312 0 44.2621
v 43.31 0 44.1377
v 43.3948 0 44.0173
v 43.4854 0 43.9013
v 43.5816 0 43.7898
v 43.6831 0 43.6831
v 43.7898 0 43.5816
v 43.9013 0 43.4854
v 44.0173 0 43.3948
v 44.1377 0 43.31
v 44.2621 0 43.2312
v 44.3902 0 43.1587
v 44.5218 0 43.0925
v 44.6564 0 43.0328
v 44.7938 0 42.9798
v 44.9336 0 42.9336
v 45.0755 0 42.8943
v 45.2192 0 42.8621
v 45.3642 0 42.8369
v 45.5104 0 42.8189
v 45.6572 0 42.808
v 45.8044 0 42.8044
v 42.8044 0 197.813
v 45.8044 0 200.813
v 45.6572 0 200.809
v 45.5104 0 200.799
v 45.3642 0 200.781
v 45.2192 0 200.755
v 45.0755 0 200.723
v 44.9336 0 200.684
v 44.7938 0 200.638
v 44.6564 0 200.585
v 44.5218 0 200.525
v 44.3902 0 200.459
v 44.2621 0 200.386
v 44.1377 0 200.308
v 44.0173 0 200.223
v 43.9013 0 200.132
v 43.7898 0 200.036
v 43.6831 0 199.934
v 43.5816 0 199.828
v 43.4854 0 199.716
v 43.3948 0 199.6
v 43.31 0 199.48
v 43.2312 0 199.355
v 43.1587 0 199.227
v 43.0925 0 199.096
v 43.0328 0 198.961
v 42.9798 0 198.824
v 42.9336 0 198.684
v 42.8943 0 198.542
v 42.8621 0 198.398
v 42.8369 0 198.253
v 42.8189 0 198.107
v 42.808 0 197.96
v 270.234 0 200.813
v 273.23 0 197.96
v 273.234 0 197.813
v 273.219 0 198.107
v 273.201 0 198.253
v 273.176 0 198.398
v 273.144 0 198.542
v 273.104 0 198.684
v 273.058 0 198.824
v 273.005 0 198.961
v 272.946 0 199.096
v 272.879 0 199.227
v 272.807 0 199.355
v 272.728 0 199.48
v 272.643 0 199.6
v 272.553 0 199.716
v 272.457 0 199.828
v 272.355 0 199.934
v 272.248 0 200.036
v 272.137 0 200.132
v 272.021 0 200.223
v 271.9 0 200.308
v 271.776 0 200.386
v 271.648 0 200.459
v 271.516 0 200.525
v 271.382 0 200.585
v 271.244 0 200.638
v 271.104 0 200.684
v 270.963 0 200.723
v 270.819 0 200.755
v 270.674 0 200.781
v 270.528 0 200.799
v 270.381 0 200.809
v 273.234 0 45.8044
v 270.381 0 42.808
v 270.234 0 42.8044
v 270.528 0 42.8189
v 270.674 0 42.8369
v 270.819 0 42.8621
v 270.963 0 42.8943
v 271.104 0 42.9336
v 271.244 0 42.9798
v 271.382 0 43.0328
v 271.516 0 43.0925
v 271.648 0 43.1587
v 271.776 0 43.2312
v 271.9 0 43.31
v 272.021 0 43.3948
v 272.137 0 43.4854
v 272.248 0 43.5816
v 272.355 0 43.6831
v 272.457 0 43.7898
v 272.553 0 43.9013
v 272.643 0 44.0173
v 272.728 0 44.1377
v 272.807 0 44.2621
v 272.879 0 44.3902
v 272.946 0 44.5218
v 273.005 0 44.6564
v 273.058 0 44.7938
v 273.104 0 44.9336
v 273.144 0 45.0755
v 273.176 0 45.2192
v 273.201 0 45.3642
v 273.219 0 45.5104
v 273.23 0 45.6572
v 42.8044 0 200.813
v 273.234 0 200.813
v 273.234 0 42.8044
v 42.8044 0 42.8044
v 325.888 1 234.618
v 325.888 23.4 231.118
v 325.888 1 231.118
v 325.888 23.4 234.618
v 326.101 1 230.346
v 326.141 1 230.284
v 326.183 1 230.224
v 326.814 1 229.732
v 326.681 1 229.795
v 326.747 1 229.762
v 326.002 1 230.543
v 326.032 1 230.476
v 326.065 1 230.41
v 326.953 1 229.682
v 326.883 1 229.705
v 325.933 1 230.753
v 325.953 1 230.682
v 325.976 1 230.612
v 327.096 1 229.646
v 327.024 1 229.662
v 325.904 1 230.897
v 325.917 1 230.825
v 327.388 1 229.618
v 326.327 1 230.057
v 326.381 1 230.006
v 326.437 1 229.958
v 326.495 1 229.913
v 326.555 1 229.87
v 326.617 1 229.831
v 327.168 1 229.634
v 327.241 1 229.625
v 327.315 1 229.619
v 325.89 1 231.044
v 325.895 1 230.97
v 326.229 1 230.166
v 326.277 1 230.11
v 325.917 1 234.91
v 325.904 1 234.838
v 325.895 1 234.764
v 325.933 1 234.982
v 325.89 1 234.691
v 325.976 1 235.123
v 325.953 1 235.053
v 326.002 1 235.191
v 326.065 1 235.325
v 326.032 1 235.259
v 326.141 1 235.451
v 326.101 1 235.389
v 326.183 1 235.511
v 326.229 1 235.569
v 326.277 1 235.625
v 326.327 1 235.678
v 326.495 1 235.822
v 326.381 1 235.729
v 326.437 1 235.777
v 326.555 1 235.865
v 326.814 1 236.003
v 326.681 1 235.94
v 326.617 1 235.904
v 326.747 1 235.974
v 326.953 1 236.053
v 326.883 1 236.03
v 327.024 1 236.072
v 327.241 1 236.11
v 327.168 1 236.101
v 327.096 1 236.089
v 327.315 1 236.116
v 327.388 1 236.118
v 347.008 1 229.634
v 346.862 1 229.619
v 346.935 1 229.625
v 346.788 1 229.618
v 347.153 1 229.662
v 347.081 1 229.646
v 347.224 1 229.682
v 347.362 1 229.732
v 347.293 1 229.705
v 347.429 1 229.762
v 347.495 1 229.795
v 347.622 1 229.87
v 347.559 1 229.831
v 347.74 1 229.958
v 347.682 1 229.913
v 347.795 1 230.006
v 347.948 1 230.166
v 347.849 1 230.057
v 347.899 1 230.11
v 347.993 1 230.224
v 348.075 1 230.346
v 348.035 1 230.284
v 348.111 1 230.41
v 348.144 1 230.476
v 348.243 1 230.753
v 348.2 1 230.612
v 348.224 1 230.682
v 348.174 1 230.543
v 348.259 1 230.825
v 348.281 1 230.97
v 348.272 1 230.897
v 348.288 1 231.118
v 348.286 1 231.044
v 346.788 1 236.118
v 348.288 1 234.618
v 348.281 1 234.764
v 348.286 1 234.691
v 346.935 1 236.11
v 346.862 1 236.116
v 347.081 1 236.089
v 347.008 1 236.101
v 348.243 1 234.982
v 348.272 1 234.838
v 348.259 1 234.91
v 347.224 1 236.053
v 347.153 1 236.072
v 348.174 1 235.191
v 348.224 1 235.053
v 348.2 1 235.123
v 347.362 1 236.003
v 347.293 1 236.03
v 348.144 1 235.259
v 348.111 1 235.325
v 348.075 1 235.389
v 347.559 1 235.904
v 347.495 1 235.94
v 347.429 1 235.974
v 347.682 1 235.822
v 347.622 1 235.865
v 347.948 1 235.569
v 348.035 1 235.451
v 347.993 1 235.511
v 347.74 1 235.777
v 347.795 1 235.729
v 347.849 1 235.678
v 347.899 1 235.625
v 325.89 23.4 231.044
v 325.895 23.4 230.97
v 325.904 23.4 230.897
v 325.917 23.4 230.825
v 325.933 23.4 230.753
v 325.953 23.4 230.682
v 325.976 23.4 230.612
v 326.002 23.4 230.543
v 326.032 23.4 230.476
v 326.065 23.4 230.41
v 326.101 23.4 230.346
v 326.141 23.4 230.284
v 326.183 23.4 230.224
v 326.229 23.4 230.166
v 326.277 23.4 230.11
v 326.327 23.4 230.057
v 326.381 23.4 230.006
v 326.437 23.4 229.958
v 326.495 23.4 229.913
v 326.555 23.4 229.87
v 326.617 23.4 229.831
v 326.681 23.4 229.795
v 326.747 23.4 229.762
v 326.814 23.4 229.732
v 326.883 23.4 229.705
v 326.953 23.4 229.682
v 327.024 23.4 229.662
v 327.096 23.4 229.646
v 327.168 23.4 229.634
v 327.241 23.4 229.625
v 327.315 23.4 229.619
v 327.388 23.4 229.618
v 325.89 23.4 234.691
v 325.895 23.4 234.764
v 325.904 23.4 234.838
v 325.917 23.4 234.91
v 325.933 23.4 234.982
v 325.953 23.4 235.053
v 325.976 23.4 235.123
v 326.002 23.4 235.191
v 326.032 23.4 235.259
v 326.065 23.4 235.325
v 326.101 23.4 235.389
v 326.141 23.4 235.451
v 326.183 23.4 235.511
v 326.229 23.4 235.569
v 326.277 23.4 235.625
v 326.327 23.4 235.678
v 326.381 23.4 235.729
v 326.437 23.4 235.777
v 326.495 23.4 235.822
v 326.555 23.4 235.865
v 326.617 23.4 235.904
v 326.681 23.4 235.94
v 326.747 23.4 235.974
v 326.814 23.4 236.003
v 326.883 23.4 236.03
v 326.953 23.4 236.053
v 327.024 23.4 236.072
v 327.096 23.4 236.089
v 327.168 23.4 236.101
v 327.241 23.4 236.11
v 327.315 23.4 236.116
v 327.388 23.4 236.118
v 347.008 23.4 229.634
v 346.935 23.4 229.625
v 346.862 23.4 229.619
v 346.788 23.4 229.618
v 347.153 23.4 229.662
v 347.081 23.4 229.646
v 347.224 23.4 229.682
v 347.362 23.4 229.732
v 347.293 23.4 229.705
v 347.429 23.4 229.762
v 347.495 23.4 229.795
v 347.622 23.4 229.87
v 347.559 23.4 229.831
v 347.74 23.4 229.958
v 347.682 23.4 229.913
v 347.795 23.4 230.006
v 347.948 23.4 230.166
v 347.899 23.4 230.11
v 347.849 23.4 230.057
v 347.993 23.4 230.224
v 348.075 23.4 230.346
v 348.035 23.4 230.284
v 348.111 23.4 230.41
v 348.144 23.4 230.476
v 348.243 23.4 230.753
v 348.224 23.4 230.682
v 348.2 23.4 230.612
v 348.174 23.4 230.543
v 348.259 23.4 230.825
v 348.281 23.4 230.97
v 348.272 23.4 230.897
v 348.288 23.4 231.118
v 348.286 23.4 231.044
v 346.788 23.4 236.118
v 348.288 23.4 234.618
v 348.281 23.4 234.764
v 348.286 23.4 234.691
v 346.935 23.4 236.11
v 346.862 23.4 236.116
v 347.081 23.4 236.089
v 347.008 23.4 236.101
v 348.243 23.4 234.982
v 348.272 23.4 234.838
v 348.259 23.4 234.91
v 347.224 23.4 236.053
v 347.153 23.4 236.072
v 348.174 23.4 235.191
v 348.224 23.4 235.053
v 348.2 23.4 235.123
v 347.362 23.4 236.003
v 347.293 23.4 236.03
v 348.144 23.4 235.259
v 348.111 23.4 235.325
v 348.075 23.4 235.389
v 347.559 23.4 235.904
v 347.429 23.4 235.974
v 347.495 23.4 235.94
v 347.682 23.4 235.822
v 347.622 23.4 235.865
v 347.948 23.4 235.569
v 348.035 23.4 235.451
v 347.993 23.4 235.511
v 347.74 23.4 235.777
v 347.795 23.4 235.729
v 347.849 23.4 235.678
v 347.899 23.4 235.625
v 329.888 1.6 241.417
v 329.888 3 237.917
v 329.888 1.6 237.917
v 329.888 3 241.417
v 344.288 1.6 241.417
v 344.288 1.6 237.917
v 344.288 3 237.917
v 344.288 3 241.417
v 328.688 -1 226.618
v 328.688 0 209.817
v 328.688 -1 209.817
v 328.688 0 226.618
v 345.488 -1 209.817
v 343.988 -1 211.317
v 330.188 -1 211.317
v 330.188 -1 225.118
v 343.988 -1 225.118
v 345.488 -1 226.618
v 345.488 0 226.618
v 345.488 0 209.817
v 330.188 0 211.317
v 343.988 0 211.317
v 330.188 0 225.118
v 343.988 0 225.118
v 337.382 0 224.11
v 337.088 0 224.118
v 337.088 -1 224.118
v 337.382 -1 224.11
v 337.676 0 224.088
v 337.676 -1 224.088
v 337.967 0 224.052
v 337.967 -1 224.052
v 338.257 0 224
v 338.257 -1 224
v 338.544 0 223.935
v 338.544 -1 223.935
v 338.827 0 223.855
v 338.827 -1 223.855
v 339.106 0 223.762
v 339.106 -1 223.762
v 339.38 0 223.654
v 339.38 -1 223.654
v 339.648 0 223.533
v 339.648 -1 223.533
v 339.91 0 223.399
v 339.91 -1 223.399
v 340.165 0 223.252
v 340.165 -1 223.252
v 340.412 0 223.092
v 340.412 -1 223.092
v 340.651 0 222.921
v 340.651 -1 222.921
v 340.881 -1 222.737
v 340.881 0 222.737
v 341.101 -1 222.542
v 341.101 0 222.542
v 341.312 0 222.337
v 341.312 -1 222.337
v 341.512 -1 222.121
v 341.512 0 222.121
v 341.701 0 221.896
v 341.701 -1 221.896
v 341.878 0 221.662
v 341.878 -1 221.662
v 342.044 0 221.418
v 342.044 -1 221.418
v 342.198 0 221.167
v 342.198 -1 221.167
v 342.338 0 220.909
v 342.338 -1 220.909
v 342.466 0 220.644
v 342.466 -1 220.644
v 342.58 0 220.373
v 342.58 -1 220.373
v 342.681 0 220.097
v 342.681 -1 220.097
v 342.768 0 219.815
v 342.768 -1 219.815
v 342.84 0 219.53
v 342.84 -1 219.53
v 342.899 0 219.242
v 342.899 -1 219.242
v 342.942 0 218.951
v 342.942 -1 218.951
v 342.972 0 218.658
v 342.972 -1 218.658
v 342.986 0 218.365
v 342.986 -1 218.365
v 342.986 0 218.07
v 342.986 -1 218.07
v 342.972 0 217.777
v 342.972 -1 217.777
v 342.942 -1 217.484
v 342.942 0 217.484
v 342.899 0 217.193
v 342.899 -1 217.193
v 342.84 0 216.905
v 342.84 -1 216.905
v 342.768 0 216.619
v 342.768 -1 216.619
v 342.681 0 216.338
v 342.681 -1 216.338
v 342.58 -1 216.062
v 342.58 0 216.062
v 342.466 0 215.791
v 342.466 -1 215.791
v 342.338 0 215.526
v 342.338 -1 215.526
v 342.198 0 215.268
v 342.198 -1 215.268
v 342.044 0 215.017
v 342.044 -1 215.017
v 341.878 0 214.773
v 341.878 -1 214.773
v 341.701 0 214.539
v 341.701 -1 214.539
v 341.512 0 214.314
v 341.512 -1 214.314
v 341.312 0 214.098
v 341.312 -1 214.098
v 341.101 0 213.893
v 341.101 -1 213.893
v 340.881 0 213.698
v 340.881 -1 213.698
v 340.651 0 213.514
v 340.651 -1 213.514
v 340.412 0 213.343
v 340.412 -1 213.343
v 340.165 0 213.183
v 340.165 -1 213.183
v 339.91 -1 213.036
v 339.91 0 213.036
v 339.648 0 212.902
v 339.648 -1 212.902
v 339.38 0 212.781
v 339.38 -1 212.781
v 339.106 0 212.673
v 339.106 -1 212.673
v 338.827 0 212.58
v 338.827 -1 212.58
v 338.544 0 212.5
v 338.544 -1 212.5
v 338.257 0 212.435
v 338.257 -1 212.435
v 337.967 0 212.383
v 337.967 -1 212.383
v 337.676 0 212.347
v 337.676 -1 212.347
v 337.382 0 212.325
v 337.382 -1 212.325
v 337.088 0 212.317
v 337.088 -1 212.317
v 336.794 0 212.325
v 336.794 -1 212.325
v 336.501 0 212.347
v 336.501 -1 212.347
v 336.209 0 212.383
v 336.209 -1 212.383
v 335.919 0 212.435
v 335.919 -1 212.435
v 335.632 0 212.5
v 335.632 -1 212.5
v 335.349 0 212.58
v 335.349 -1 212.58
v 335.07 0 212.673
v 335.07 -1 212.673
v 334.796 0 212.781
v 334.796 -1 212.781
v 334.528 0 212.902
v 334.528 -1 212.902
v 334.266 0 213.036
v 334.266 -1 213.036
v 334.012 0 213.183
v 334.012 -1 213.183
v 333.764 0 213.343
v 333.764 -1 213.343
v 333.526 0 213.514
v 333.526 -1 213.514
v 333.296 0 213.698
v 333.296 -1 213.698
v 333.075 0 213.893
v 333.075 -1 213.893
v 332.865 0 214.098
v 332.865 -1 214.098
v 332.664 0 214.314
v 332.664 -1 214.314
v 332.475 0 214.539
v 332.475 -1 214.539
v 332.298 0 214.773
v 332.298 -1 214.773
v 332.132 0 215.017
v 332.132 -1 215.017
v 331.979 0 215.268
v 331.979 -1 215.268
v 331.838 0 215.526
v 331.838 -1 215.526
v 331.71 0 215.791
v 331.71 -1 215.791
v 331.596 0 216.062
v 331.596 -1 216.062
v 331.495 0 216.338
v 331.495 -1 216.338
v 331.409 0 216.619
v 331.409 -1 216.619
v 331.336 0 216.905
v 331.336 -1 216.905
v 331.278 0 217.193
v 331.278 -1 217.193
v 331.234 0 217.484
v 331.234 -1 217.484
v 331.205 0 217.777
v 331.205 -1 217.777
v 331.19 0 218.07
v 331.19 -1 218.07
v 331.19 0 218.365
v 331.19 -1 218.365
v 331.205 0 218.658
v 331.205 -1 218.658
v 331.234 0 218.951
v 331.234 -1 218.951
v 331.278 0 219.242
v 331.278 -1 219.242
v 331.336 0 219.53
v 331.336 -1 219.53
v 331.409 0 219.815
v 331.409 -1 219.815
v 331.495 0 220.097
v 331.495 -1 220.097
v 331.596 0 220.373
v 331.596 -1 220.373
v 331.71 0 220.644
v 331.71 -1 220.644
v 331.838 0 220.909
v 331.838 -1 220.909
v 331.979 0 221.167
v 331.979 -1 221.167
v 332.132 0 221.418
v 332.132 -1 221.418
v 332.298 0 221.662
v 332.298 -1 221.662
v 332.475 0 221.896
v 332.475 -1 221.896
v 332.664 0 222.121
v 332.664 -1 222.121
v 332.865 0 222.337
v 332.865 -1 222.337
v 333.075 0 222.542
v 333.075 -1 222.542
v 333.296 0 222.737
v 333.296 -1 222.737
v 333.526 0 222.921
v 333.526 -1 222.921
v 333.764 0 223.092
v 333.764 -1 223.092
v 334.012 0 223.252
v 334.012 -1 223.252
v 334.266 0 223.399
v 334.266 -1 223.399
v 334.528 0 223.533
v 334.528 -1 223.533
v 334.796 0 223.654
v 334.796 -1 223.654
v 335.07 0 223.762
v 335.07 -1 223.762
v 335.349 0 223.855
v 335.349 -1 223.855
v 335.632 0 223.935
v 335.632 -1 223.935
v 335.919 0 224
v 335.919 -1 224
v 336.209 0 224.052
v 336.209 -1 224.052
v 336.501 0 224.088
v 336.501 -1 224.088
v 336.794 0 224.11
v 336.794 -1 224.11
v 334.095 0 214.992
v 333.938 0 215.145
v 333.789 0 215.306
v 334.26 0 214.847
v 333.648 0 215.474
v 334.431 0 214.71
v 333.516 0 215.649
v 334.61 0 214.582
v 333.392 0 215.83
v 334.794 0 214.463
v 333.278 0 216.018
v 334.984 0 214.353
v 333.173 0 216.21
v 335.179 0 214.253
v 333.077 0 216.408
v 335.379 0 214.163
v 332.992 0 216.61
v 335.583 0 214.083
v 332.917 0 216.816
v 335.791 0 214.013
v 332.853 0 217.026
v 336.002 0 213.953
v 332.798 0 217.238
v 336.216 0 213.905
v 332.755 0 217.453
v 336.432 0 213.867
v 332.722 0 217.67
v 336.65 0 213.839
v 332.7 0 217.889
v 336.869 0 213.823
v 332.69 0 218.108
v 337.088 0 213.817
v 332.69 0 218.327
v 337.307 0 213.823
v 332.7 0 218.546
v 337.526 0 213.839
v 332.722 0 218.765
v 337.744 0 213.867
v 332.755 0 218.982
v 337.96 0 213.905
v 332.798 0 219.197
v 338.174 0 213.953
v 332.853 0 219.409
v 338.385 0 214.013
v 332.917 0 219.619
v 338.593 0 214.083
v 332.992 0 219.825
v 338.797 0 214.163
v 333.077 0 220.027
v 338.997 0 214.253
v 333.173 0 220.225
v 339.192 0 214.353
v 333.278 0 220.417
v 339.382 0 214.463
v 333.392 0 220.605
v 339.567 0 214.582
v 333.516 0 220.786
v 339.745 0 214.71
v 333.648 0 220.961
v 339.916 0 214.847
v 333.789 0 221.129
v 340.081 0 214.992
v 333.938 0 221.29
v 340.238 0 215.145
v 334.095 0 221.443
v 340.387 0 215.306
v 334.26 0 221.588
v 334.431 0 221.725
v 340.528 0 215.474
v 340.661 0 215.649
v 334.61 0 221.853
v 340.784 0 215.83
v 334.794 0 221.972
v 340.899 0 216.018
v 334.984 0 222.082
v 341.003 0 216.21
v 335.179 0 222.182
v 335.379 0 222.272
v 341.099 0 216.408
v 341.184 0 216.61
v 335.583 0 222.352
v 335.791 0 222.422
v 341.259 0 216.816
v 341.324 0 217.026
v 336.002 0 222.481
v 341.378 0 217.238
v 341.421 0 217.453
v 336.216 0 222.53
v 336.432 0 222.568
v 341.454 0 217.67
v 336.65 0 222.596
v 341.476 0 217.889
v 336.869 0 222.612
v 341.487 0 218.108
v 337.088 0 222.618
v 341.487 0 218.327
v 341.476 0 218.546
v 337.307 0 222.612
v 337.526 0 222.596
v 341.454 0 218.765
v 337.744 0 222.568
v 341.421 0 218.982
v 337.96 0 222.53
v 341.378 0 219.197
v 338.174 0 222.481
v 338.385 0 222.422
v 341.324 0 219.409
v 338.593 0 222.352
v 341.259 0 219.619
v 341.184 0 219.825
v 338.797 0 222.272
v 338.997 0 222.182
v 341.099 0 220.027
v 339.192 0 222.082
v 341.003 0 220.225
v 340.899 0 220.417
v 339.382 0 221.972
v 339.567 0 221.853
v 340.784 0 220.605
v 340.661 0 220.786
v 339.745 0 221.725
v 340.528 0 220.961
v 339.916 0 221.588
v 340.387 0 221.129
v 340.081 0 221.443
v 340.238 0 221.29
v 334.095 -1 214.992
v 333.938 -1 215.145
v 333.789 -1 215.306
v 334.26 -1 214.847
v 333.648 -1 215.474
v 334.431 -1 214.71
v 333.516 -1 215.649
v 334.61 -1 214.582
v 333.392 -1 215.83
v 334.794 -1 214.463
v 333.278 -1 216.018
v 334.984 -1 214.353
v 333.173 -1 216.21
v 335.179 -1 214.253
v 333.077 -1 216.408
v 335.379 -1 214.163
v 332.992 -1 216.61
v 335.583 -1 214.083
v 332.917 -1 216.816
v 335.791 -1 214.013
v 332.853 -1 217.026
v 336.002 -1 213.953
v 332.798 -1 217.238
v 336.216 -1 213.905
v 332.755 -1 217.453
v 336.432 -1 213.867
v 332.722 -1 217.67
v 336.65 -1 213.839
v 332.7 -1 217.889
v 336.869 -1 213.823
v 332.69 -1 218.108
v 337.088 -1 213.817
v 332.69 -1 218.327
v 337.307 -1 213.823
v 332.7 -1 218.546
v 337.526 -1 213.839
v 332.722 -1 218.765
v 337.744 -1 213.867
v 332.755 -1 218.982
v 337.96 -1 213.905
v 332.798 -1 219.197
v 338.174 -1 213.953
v 332.853 -1 219.409
v 338.385 -1 214.013
v 332.917 -1 219.619
v 338.593 -1 214.083
v 332.992 -1 219.825
v 338.797 -1 214.163
v 333.077 -1 220.027
v 338.997 -1 214.253
v 333.173 -1 220.225
v 339.192 -1 214.353
v 333.278 -1 220.417
v 339.382 -1 214.463
v 333.392 -1 220.605
v 339.567 -1 214.582
v 333.516 -1 220.786
v 339.745 -1 214.71
v 333.648 -1 220.961
v 339.916 -1 214.847
v 333.789 -1 221.129
v 340.081 -1 214.992
v 333.938 -1 221.29
v 340.238 -1 215.145
v 334.095 -1 221.443
v 340.387 -1 215.306
v 334.26 -1 221.588
v 334.431 -1 221.725
v 340.528 -1 215.474
v 340.661 -1 215.649
v 334.61 -1 221.853
v 340.784 -1 215.83
v 334.794 -1 221.972
v 340.899 -1 216.018
v 334.984 -1 222.082
v 341.003 -1 216.21
v 335.179 -1 222.182
v 335.379 -1 222.272
v 341.184 -1 216.61
v 341.099 -1 216.408
v 335.583 -1 222.352
v 335.791 -1 222.422
v 341.259 -1 216.816
v 341.324 -1 217.026
v 336.002 -1 222.481
v 341.421 -1 217.453
v 341.378 -1 217.238
v 336.216 -1 222.53
v 336.432 -1 222.568
v 341.454 -1 217.67
v 336.65 -1 222.596
v 341.476 -1 217.889
v 336.869 -1 222.612
v 341.487 -1 218.108
v 337.088 -1 222.618
v 341.476 -1 218.546
v 341.487 -1 218.327
v 337.307 -1 222.612
v 337.526 -1 222.596
v 341.454 -1 218.765
v 337.744 -1 222.568
v 341.421 -1 218.982
v 337.96 -1 222.53
v 341.378 -1 219.197
v 338.174 -1 222.481
v 338.385 -1 222.422
v 341.324 -1 219.409
v 338.593 -1 222.352
v 341.259 -1 219.619
v 341.184 -1 219.825
v 338.797 -1 222.272
v 338.997 -1 222.182
v 341.099 -1 220.027
v 339.192 -1 222.082
v 340.899 -1 220.417
v 341.003 -1 220.225
v 339.382 -1 221.972
v 339.567 -1 221.853
v 340.784 -1 220.605
v 340.661 -1 220.786
v 339.745 -1 221.725
v 340.528 -1 220.961
v 339.916 -1 221.588
v 340.387 -1 221.129
v 340.081 -1 221.443
v 340.238 -1 221.29
v 336.338 -1 221.618
v 336.338 0 214.817
v 336.338 -1 214.817
v 336.338 0 221.618
v 337.838 -1 221.618
v 337.838 -1 214.817
v 337.838 0 214.817
v 337.838 0 221.618
v 336.888 143.534 122.009
v 336.888 143.934 121.609
v 336.888 143.534 121.609
v 336.888 143.934 122.009
v 337.288 143.534 122.009
v 337.288 143.534 121.609
v 337.288 143.934 121.609
v 337.288 143.934 122.009
v 336.488 -0.6 76.2
v 336.488 0 0
v 336.488 -0.6 0
v 336.488 0 76.2
v 337.688 -0.6 76.2
v 337.688 -0.6 0
v 337.688 0 0
v 337.688 0 76.2
v 65 195.469 243.618
v 65 202.469 242.618
v 65 195.469 242.618
v 65 202.469 243.618
v 291.138 195.469 243.618
v 291.138 195.469 242.618
v 291.138 202.469 242.618
v 291.138 202.469 243.618
v 65 204.469 243.618
v 65 211.469 242.618
v 65 204.469 242.618
v 65 211.469 243.618
v 291.138 204.469 243.618
v 291.138 204.469 242.618
v 291.138 211.469 242.618
v 291.138 211.469 243.618
v 65 213.469 243.618
v 65 220.469 242.618
v 65 213.469 242.618
v 65 220.469 243.618
v 291.138 213.469 243.618
v 291.138 213.469 242.618
v 291.138 220.469 242.618
v 291.138 220.469 243.618
v 65 222.469 243.618
v 65 229.469 242.618
v 65 222.469 242.618
v 65 229.469 243.618
v 291.138 222.469 243.618
v 291.138 222.469 242.618
v 291.138 229.469 242.618
v 291.138 229.469 243.618
v 65 231.469 243.618
v 65 238.469 242.618
v 65 231.469 242.618
v 65 238.469 243.618
v 291.138 231.469 243.618
v 291.138 231.469 242.618
v 291.138 238.469 242.618
v 291.138 238.469 243.618
v 65 240.469 243.618
v 65 247.469 242.618
v 65 240.469 242.618
v 65 247.469 243.618
v 291.138 240.469 243.618
v 291.138 240.469 242.618
v 291.138 247.469 242.618
v 291.138 247.469 243.618
v 65 249.469 243.618
v 65 256.469 242.618
v 65 249.469 242.618
v 65 256.469 243.618
v 291.138 249.469 243.618
v 291.138 249.469 242.618
v 291.138 256.469 242.618
v 291.138 256.469 243.618
v 65 258.469 243.618
v 65 265.469 242.618
v 65 258.469 242.618
v 65 265.469 243.618
v 291.138 258.469 243.618
v 291.138 258.469 242.618
v 291.138 265.469 242.618
v 291.138 265.469 243.618
v 65 267.469 243.618
v 65 274.469 242.618
v 65 267.469 242.618
v 65 274.469 243.618
v 291.138 267.469 243.618
v 291.138 267.469 242.618
v 291.138 274.469 242.618
v 291.138 274.469 243.618
v 43.8044 0 43.8044
v 48.5634 -0.8486 43.8044
v 48.5634 -1.3721 48.138
v 43.8044 -0.5242 48.138
v 53.3223 -1.6601 43.8044
v 53.3223 -2.1828 48.138
v 58.0813 -2.4345 43.8044
v 58.0813 -2.9566 48.138
v 62.8402 -3.1719 43.8044
v 62.8402 -3.6935 48.138
v 67.5991 -3.8727 43.8044
v 67.5991 -4.3936 48.138
v 72.3581 -4.5367 43.8044
v 72.3581 -5.0571 48.138
v 77.117 -5.1642 43.8044
v 77.117 -5.6841 48.138
v 81.876 -5.7553 43.8044
v 81.876 -6.2747 48.138
v 86.6349 -6.3101 43.8044
v 86.6349 -6.8291 48.138
v 91.3939 -6.8286 43.8044
v 91.3939 -7.3472 48.138
v 96.1528 -7.311 43.8044
v 96.1528 -7.8292 48.138
v 100.912 -7.7574 43.8044
v 100.912 -8.2751 48.138
v 105.671 -8.1677 43.8044
v 105.671 -8.6852 48.138
v 110.43 -8.5422 43.8044
v 110.43 -9.0593 48.138
v 115.189 -8.8808 43.8044
v 115.189 -9.3976 48.138
v 119.948 -9.1835 43.8044
v 119.948 -9.7001 48.138
v 124.707 -9.4506 43.8044
v 124.707 -9.967 48.138
v 129.465 -9.6819 43.8044
v 129.465 -10.1981 48.138
v 134.224 -9.8776 43.8044
v 134.224 -10.3937 48.138
v 138.983 -10.0377 43.8044
v 138.983 -10.5536 48.138
v 143.742 -10.1622 43.8044
v 143.742 -10.678 48.138
v 148.501 -10.2511 43.8044
v 148.501 -10.7668 48.138
v 153.26 -10.3044 43.8044
v 153.26 -10.8201 48.138
v 158.019 -10.3222 43.8044
v 158.019 -10.8379 48.138
v 162.778 -10.3044 43.8044
v 162.778 -10.8201 48.138
v 167.537 -10.2511 43.8044
v 167.537 -10.7668 48.138
v 172.296 -10.1622 43.8044
v 172.296 -10.678 48.138
v 177.055 -10.0377 43.8044
v 177.055 -10.5536 48.138
v 181.814 -9.8776 43.8044
v 181.814 -10.3937 48.138
v 186.573 -9.6819 43.8044
v 186.573 -10.1981 48.138
v 191.332 -9.4506 43.8044
v 191.332 -9.967 48.138
v 196.091 -9.1835 43.8044
v 196.091 -9.7001 48.138
v 200.85 -8.8808 43.8044
v 200.85 -9.3976 48.138
v 205.608 -8.5422 43.8044
v 205.608 -9.0593 48.138
v 210.367 -8.1677 43.8044
v 210.367 -8.6852 48.138
v 215.126 -7.7574 43.8044
v 215.126 -8.2751 48.138
v 219.885 -7.311 43.8044
v 219.885 -7.8292 48.138
v 224.644 -6.8286 43.8044
v 224.644 -7.3472 48.138
v 229.403 -6.3101 43.8044
v 229.403 -6.8291 48.138
v 234.162 -5.7553 43.8044
v 234.162 -6.2747 48.138
v 238.921 -5.1642 43.8044
v 238.921 -5.6841 48.138
v 243.68 -4.5367 43.8044
v 243.68 -5.0571 48.138
v 248.439 -3.8727 43.8044
v 248.439 -4.3936 48.138
v 253.198 -3.1719 43.8044
v 253.198 -3.6935 48.138
v 257.957 -2.4345 43.8044
v 257.957 -2.9566 48.138
v 262.716 -1.6601 43.8044
v 262.716 -2.1828 48.138
v 267.475 -0.8486 43.8044
v 267.475 -1.3721 48.138
v 272.234 0 43.8044
v 272.234 -0.5242 48.138
v 48.5634 -1.8652 52.4716
v 43.8044 -1.018 52.4716
v 53.3223 -2.6754 52.4716
v 58.0813 -3.4485 52.4716
v 62.8402 -4.1848 52.4716
v 67.5991 -4.8844 52.4716
v 72.3581 -5.5474 52.4716
v 77.117 -6.1739 52.4716
v 81.876 -6.7641 52.4716
v 86.6349 -7.318 52.4716
v 91.3939 -7.8357 52.4716
v 96.1528 -8.3173 52.4716
v 100.912 -8.7629 52.4716
v 105.671 -9.1726 52.4716
v 110.43 -9.5465 52.4716
v 115.189 -9.8845 52.4716
v 119.948 -10.1868 52.4716
v 124.707 -10.4535 52.4716
v 129.465 -10.6845 52.4716
v 134.224 -10.8799 52.4716
v 138.983 -11.0397 52.4716
v 143.742 -11.1639 52.4716
v 148.501 -11.2527 52.4716
v 153.26 -11.3059 52.4716
v 158.019 -11.3237 52.4716
v 162.778 -11.3059 52.4716
v 167.537 -11.2527 52.4716
v 172.296 -11.1639 52.4716
v 177.055 -11.0397 52.4716
v 181.814 -10.8799 52.4716
v 186.573 -10.6845 52.4716
v 191.332 -10.4535 52.4716
v 196.091 -10.1868 52.4716
v 200.85 -9.8845 52.4716
v 205.608 -9.5465 52.4716
v 210.367 -9.1726 52.4716
v 215.126 -8.7629 52.4716
v 219.885 -8.3173 52.4716
v 224.644 -7.8357 52.4716
v 229.403 -7.318 52.4716
v 234.162 -6.7641 52.4716
v 238.921 -6.1739 52.4716
v 243.68 -5.5474 52.4716
v 248.439 -4.8844 52.4716
v 253.198 -4.1848 52.4716
v 257.957 -3.4485 52.4716
v 262.716 -2.6754 52.4716
v 267.475 -1.8652 52.4716
v 272.234 -1.018 52.4716
v 48.5634 -2.3281 56.8052
v 43.8044 -1.4815 56.8052
v 53.3223 -3.1377 56.8052
v 58.0813 -3.9102 56.8052
v 62.8402 -4.646 56.8052
v 67.5991 -5.3451 56.8052
v 72.3581 -6.0076 56.8052
v 77.117 -6.6337 56.8052
v 81.876 -7.2234 56.8052
v 86.6349 -7.7769 56.8052
v 91.3939 -8.2942 56.8052
v 96.1528 -8.7755 56.8052
v 100.912 -9.2208 56.8052
v 105.671 -9.6302 56.8052
v 110.43 -10.0038 56.8052
v 115.189 -10.3416 56.8052
v 119.948 -10.6437 56.8052
v 124.707 -10.9101 56.8052
v 129.465 -11.141 56.8052
v 134.224 -11.3362 56.8052
v 138.983 -11.4959 56.8052
v 143.742 -11.6201 56.8052
v 148.501 -11.7088 56.8052
v 153.26 -11.762 56.8052
v 158.019 -11.7797 56.8052
v 162.778 -11.762 56.8052
v 167.537 -11.7088 56.8052
v 172.296 -11.6201 56.8052
v 177.055 -11.4959 56.8052
v 181.814 -11.3362 56.8052
v 186.573 -11.141 56.8052
v 191.332 -10.9101 56.8052
v 196.091 -10.6437 56.8052
v 200.85 -10.3416 56.8052
v 205.608 -10.0038 56.8052
v 210.367 -9.6302 56.8052
v 215.126 -9.2208 56.8052
v 219.885 -8.7755 56.8052
v 224.644 -8.2942 56.8052
v 229.403 -7.7769 56.8052
v 234.162 -7.2234 56.8052
v 238.921 -6.6337 56.8052
v 243.68 -6.0076 56.8052
v 248.439 -5.3451 56.8052
v 253.198 -4.646 56.8052
v 257.957 -3.9102 56.8052
v 262.716 -3.1377 56.8052
v 267.475 -2.3281 56.8052
v 272.234 -1.4815 56.8052
v 48.5634 -2.7609 61.1387
v 43.8044 -1.9148 61.1387
v 53.3223 -3.5698 61.1387
v 58.0813 -4.3419 61.1387
v 62.8402 -5.0772 61.1387
v 67.5991 -5.7758 61.1387
v 72.3581 -6.4378 61.1387
v 77.117 -7.0635 61.1387
v 81.876 -7.6528 61.1387
v 86.6349 -8.2059 61.1387
v 91.3939 -8.7229 61.1387
v 96.1528 -9.2039 61.1387
v 100.912 -9.6489 61.1387
v 105.671 -10.058 61.1387
v 110.43 -10.4313 61.1387
v 115.189 -10.7689 61.1387
v 119.948 -11.0708 61.1387
v 124.707 -11.3371 61.1387
v 129.465 -11.5677 61.1387
v 134.224 -11.7628 61.1387
v 138.983 -11.9224 61.1387
v 143.742 -12.0465 61.1387
v 148.501 -12.1352 61.1387
v 153.26 -12.1883 61.1387
v 158.019 -12.2061 61.1387
v 162.778 -12.1883 61.1387
v 167.537 -12.1352 61.1387
v 172.296 -12.0465 61.1387
v 177.055 -11.9224 61.1387
v 181.814 -11.7628 61.1387
v 186.573 -11.5677 61.1387
v 191.332 -11.3371 61.1387
v 196.091 -11.0708 61.1387
v 200.85 -10.7689 61.1387
v 205.608 -10.4313 61.1387
v 210.367 -10.058 61.1387
v 215.126 -9.6489 61.1387
v 219.885 -9.2039 61.1387
v 224.644 -8.7229 61.1387
v 229.403 -8.2059 61.1387
v 234.162 -7.6528 61.1387
v 238.921 -7.0635 61.1387
v 243.68 -6.4378 61.1387
v 248.439 -5.7758 61.1387
v 253.198 -5.0772 61.1387
v 257.957 -4.3419 61.1387
v 262.716 -3.5698 61.1387
v 267.475 -2.7609 61.1387
v 272.234 -1.9148 61.1387
v 48.5634 -3.1635 65.4723
v 43.8044 -2.318 65.4723
v 53.3223 -3.9719 65.4723
v 58.0813 -4.7435 65.4723
v 62.8402 -5.4783 65.4723
v 67.5991 -6.1765 65.4723
v 72.3581 -6.8381 65.4723
v 77.117 -7.4634 65.4723
v 81.876 -8.0523 65.4723
v 86.6349 -8.6051 65.4723
v 91.3939 -9.1217 65.4723
v 96.1528 -9.6024 65.4723
v 100.912 -10.0471 65.4723
v 105.671 -10.456 65.4723
v 110.43 -10.8291 65.4723
v 115.189 -11.1665 65.4723
v 119.948 -11.4682 65.4723
v 124.707 -11.7343 65.4723
v 129.465 -11.9648 65.4723
v 134.224 -12.1598 65.4723
v 138.983 -12.3193 65.4723
v 143.742 -12.4433 65.4723
v 148.501 -12.5319 65.4723
v 153.26 -12.585 65.4723
v 158.019 -12.6027 65.4723
v 162.778 -12.585 65.4723
v 167.537 -12.5319 65.4723
v 172.296 -12.4433 65.4723
v 177.055 -12.3193 65.4723
v 181.814 -12.1598 65.4723
v 186.573 -11.9648 65.4723
v 191.332 -11.7343 65.4723
v 196.091 -11.4682 65.4723
v 200.85 -11.1665 65.4723
v 205.608 -10.8291 65.4723
v 210.367 -10.456 65.4723
v 215.126 -10.0471 65.4723
v 219.885 -9.6024 65.4723
v 224.644 -9.1217 65.4723
v 229.403 -8.6051 65.4723
v 234.162 -8.0523 65.4723
v 238.921 -7.4634 65.4723
v 243.68 -6.8381 65.4723
v 248.439 -6.1765 65.4723
v 253.198 -5.4783 65.4723
v 257.957 -4.7435 65.4723
v 262.716 -3.9719 65.4723
v 267.475 -3.1635 65.4723
v 272.234 -2.318 65.4723
v 48.5634 -3.5361 69.8059
v 43.8044 -2.6911 69.8059
v 53.3223 -4.344 69.8059
v 58.0813 -5.1151 69.8059
v 62.8402 -5.8495 69.8059
v 67.5991 -6.5473 69.8059
v 72.3581 -7.2085 69.8059
v 77.117 -7.8334 69.8059
v 81.876 -8.422 69.8059
v 86.6349 -8.9745 69.8059
v 91.3939 -9.4908 69.8059
v 96.1528 -9.9712 69.8059
v 100.912 -10.4157 69.8059
v 105.671 -10.8243 69.8059
v 110.43 -11.1972 69.8059
v 115.189 -11.5344 69.8059
v 119.948 -11.8359 69.8059
v 124.707 -12.1018 69.8059
v 129.465 -12.3322 69.8059
v 134.224 -12.5271 69.8059
v 138.983 -12.6865 69.8059
v 143.742 -12.8105 69.8059
v 148.501 -12.899 69.8059
v 153.26 -12.9521 69.8059
v 158.019 -12.9698 69.8059
v 162.778 -12.9521 69.8059
v 167.537 -12.899 69.8059
v 172.296 -12.8105 69.8059
v 177.055 -12.6865 69.8059
v 181.814 -12.5271 69.8059
v 186.573 -12.3322 69.8059
v 191.332 -12.1018 69.8059
v 196.091 -11.8359 69.8059
v 200.85 -11.5344 69.8059
v 205.608 -11.1972 69.8059
v 210.367 -10.8243 69.8059
v 215.126 -10.4157 69.8059
v 219.885 -9.9712 69.8059
v 224.644 -9.4908 69.8059
v 229.403 -8.9745 69.8059
v 234.162 -8.422 69.8059
v 238.921 -7.8334 69.8059
v 243.68 -7.2085 69.8059
v 248.439 -6.5473 69.8059
v 253.198 -5.8495 69.8059
v 257.957 -5.1151 69.8059
v 262.716 -4.344 69.8059
v 267.475 -3.5361 69.8059
v 272.234 -2.6911 69.8059
v 48.5634 -3.8786 74.1394
v 43.8044 -3.0341 74.1394
v 53.3223 -4.6862 74.1394
v 58.0813 -5.4569 74.1394
v 62.8402 -6.1908 74.1394
v 67.5991 -6.8882 74.1394
v 72.3581 -7.5491 74.1394
v 77.117 -8.1737 74.1394
v 81.876 -8.762 74.1394
v 86.6349 -9.3141 74.1394
v 91.3939 -9.8302 74.1394
v 96.1528 -10.3103 74.1394
v 100.912 -10.7545 74.1394
v 105.671 -11.163 74.1394
v 110.43 -11.5356 74.1394
v 115.189 -11.8726 74.1394
v 119.948 -12.174 74.1394
v 124.707 -12.4398 74.1394
v 129.465 -12.6701 74.1394
v 134.224 -12.8649 74.1394
v 138.983 -13.0242 74.1394
v 143.742 -13.1481 74.1394
v 148.501 -13.2366 74.1394
v 153.26 -13.2896 74.1394
v 158.019 -13.3073 74.1394
v 162.778 -13.2896 74.1394
v 167.537 -13.2366 74.1394
v 172.296 -13.1481 74.1394
v 177.055 -13.0242 74.1394
v 181.814 -12.8649 74.1394
v 186.573 -12.6701 74.1394
v 191.332 -12.4398 74.1394
v 196.091 -12.174 74.1394
v 200.85 -11.8726 74.1394
v 205.608 -11.5356 74.1394
v 210.367 -11.163 74.1394
v 215.126 -10.7545 74.1394
v 219.885 -10.3103 74.1394
v 224.644 -9.8302 74.1394
v 229.403 -9.3141 74.1394
v 234.162 -8.762 74.1394
v 238.921 -8.1737 74.1394
v 243.68 -7.5491 74.1394
v 248.439 -6.8882 74.1394
v 253.198 -6.1908 74.1394
v 257.957 -5.4569 74.1394
v 262.716 -4.6862 74.1394
v 267.475 -3.8786 74.1394
v 272.234 -3.0341 74.1394
v 48.5634 -4.1912 78.473
v 43.8044 -3.3471 78.473
v 53.3223 -4.9984 78.473
v 58.0813 -5.7687 78.473
v 62.8402 -6.5023 78.473
v 67.5991 -7.1993 78.473
v 72.3581 -7.8599 78.473
v 77.117 -8.4842 78.473
v 81.876 -9.0722 78.473
v 86.6349 -9.624 78.473
v 91.3939 -10.1399 78.473
v 96.1528 -10.6198 78.473
v 100.912 -11.0638 78.473
v 105.671 -11.472 78.473
v 110.43 -11.8445 78.473
v 115.189 -12.1814 78.473
v 119.948 -12.4826 78.473
v 124.707 -12.7483 78.473
v 129.465 -12.9784 78.473
v 134.224 -13.1731 78.473
v 138.983 -13.3323 78.473
v 143.742 -13.4562 78.473
v 148.501 -13.5446 78.473
v 153.26 -13.5977 78.473
v 158.019 -13.6154 78.473
v 162.778 -13.5977 78.473
v 167.537 -13.5446 78.473
v 172.296 -13.4562 78.473
v 177.055 -13.3323 78.473
v 181.814 -13.1731 78.473
v 186.573 -12.9784 78.473
v 191.332 -12.7483 78.473
v 196.091 -12.4826 78.473
v 200.85 -12.1814 78.473
v 205.608 -11.8445 78.473
v 210.367 -11.472 78.473
v 215.126 -11.0638 78.473
v 219.885 -10.6198 78.473
v 224.644 -10.1399 78.473
v 229.403 -9.624 78.473
v 234.162 -9.0722 78.473
v 238.921 -8.4842 78.473
v 243.68 -7.8599 78.473
v 248.439 -7.1993 78.473
v 253.198 -6.5023 78.473
v 257.957 -5.7687 78.473
v 262.716 -4.9984 78.473
v 267.475 -4.1912 78.473
v 272.234 -3.3471 78.473
v 48.5634 -4.474 82.8066
v 43.8044 -3.6302 82.8066
v 53.3223 -5.2807 82.8066
v 58.0813 -6.0507 82.8066
v 62.8402 -6.784 82.8066
v 67.5991 -7.4807 82.8066
v 72.3581 -8.141 82.8066
v 77.117 -8.765 82.8066
v 81.876 -9.3527 82.8066
v 86.6349 -9.9043 82.8066
v 91.3939 -10.42 82.8066
v 96.1528 -10.8996 82.8066
v 100.912 -11.3435 82.8066
v 105.671 -11.7515 82.8066
v 110.43 -12.1238 82.8066
v 115.189 -12.4605 82.8066
v 119.948 -12.7616 82.8066
v 124.707 -13.0272 82.8066
v 129.465 -13.2572 82.8066
v 134.224 -13.4518 82.8066
v 138.983 -13.611 82.8066
v 143.742 -13.7348 82.8066
v 148.501 -13.8232 82.8066
v 153.26 -13.8762 82.8066
v 158.019 -13.8939 82.8066
v 162.778 -13.8762 82.8066
v 167.537 -13.8232 82.8066
v 172.296 -13.7348 82.8066
v 177.055 -13.611 82.8066
v 181.814 -13.4518 82.8066
v 186.573 -13.2572 82.8066
v 191.332 -13.0272 82.8066
v 196.091 -12.7616 82.8066
v 200.85 -12.4605 82.8066
v 205.608 -12.1238 82.8066
v 210.367 -11.7515 82.8066
v 215.126 -11.3435 82.8066
v 219.885 -10.8996 82.8066
v 224.644 -10.42 82.8066
v 229.403 -9.9043 82.8066
v 234.162 -9.3527 82.8066
v 238.921 -8.765 82.8066
v 243.68 -8.141 82.8066
v 248.439 -7.4807 82.8066
v 253.198 -6.784 82.8066
v 257.957 -6.0507 82.8066
v 262.716 -5.2807 82.8066
v 267.475 -4.474 82.8066
v 272.234 -3.6302 82.8066
v 48.5634 -4.7268 87.1402
v 43.8044 -3.8834 87.1402
v 53.3223 -5.5333 87.1402
v 58.0813 -6.3029 87.1402
v 62.8402 -7.0359 87.1402
v 67.5991 -7.7324 87.1402
v 72.3581 -8.3924 87.1402
v 77.117 -9.0161 87.1402
v 81.876 -9.6036 87.1402
v 86.6349 -10.155 87.1402
v 91.3939 -10.6704 87.1402
v 96.1528 -11.1499 87.1402
v 100.912 -11.5936 87.1402
v 105.671 -12.0015 87.1402
v 110.43 -12.3737 87.1402
v 115.189 -12.7102 87.1402
v 119.948 -13.0112 87.1402
v 124.707 -13.2767 87.1402
v 129.465 -13.5066 87.1402
v 134.224 -13.7011 87.1402
v 138.983 -13.8603 87.1402
v 143.742 -13.984 87.1402
v 148.501 -14.0724 87.1402
v 153.26 -14.1254 87.1402
v 158.019 -14.143 87.1402
v 162.778 -14.1254 87.1402
v 167.537 -14.0724 87.1402
v 172.296 -13.984 87.1402
v 177.055 -13.8603 87.1402
v 181.814 -13.7011 87.1402
v 186.573 -13.5066 87.1402
v 191.332 -13.2767 87.1402
v 196.091 -13.0112 87.1402
v 200.85 -12.7102 87.1402
v 205.608 -12.3737 87.1402
v 210.367 -12.0015 87.1402
v 215.126 -11.5936 87.1402
v 219.885 -11.1499 87.1402
v 224.644 -10.6704 87.1402
v 229.403 -10.155 87.1402
v 234.162 -9.6036 87.1402
v 238.921 -9.0161 87.1402
v 243.68 -8.3924 87.1402
v 248.439 -7.7324 87.1402
v 253.198 -7.0359 87.1402
v 257.957 -6.3029 87.1402
v 262.716 -5.5333 87.1402
v 267.475 -4.7268 87.1402
v 272.234 -3.8834 87.1402
v 48.5634 -4.9498 91.4737
v 43.8044 -4.1067 91.4737
v 53.3223 -5.756 91.4737
v 58.0813 -6.5254 91.4737
v 62.8402 -7.2581 91.4737
v 67.5991 -7.9543 91.4737
v 72.3581 -8.6141 91.4737
v 77.117 -9.2376 91.4737
v 81.876 -9.8249 91.4737
v 86.6349 -10.3761 91.4737
v 91.3939 -10.8914 91.4737
v 96.1528 -11.3707 91.4737
v 100.912 -11.8142 91.4737
v 105.671 -12.2219 91.4737
v 110.43 -12.594 91.4737
v 115.189 -12.9304 91.4737
v 119.948 -13.2313 91.4737
v 124.707 -13.4967 91.4737
v 129.465 -13.7266 91.4737
v 134.224 -13.921 91.4737
v 138.983 -14.0801 91.4737
v 143.742 -14.2038 91.4737
v 148.501 -14.2921 91.4737
v 153.26 -14.3451 91.4737
v 158.019 -14.3628 91.4737
v 162.778 -14.3451 91.4737
v 167.537 -14.2921 91.4737
v 172.296 -14.2038 91.4737
v 177.055 -14.0801 91.4737
v 181.814 -13.921 91.4737
v 186.573 -13.7266 91.4737
v 191.332 -13.4967 91.4737
v 196.091 -13.2313 91.4737
v 200.85 -12.9304 91.4737
v 205.608 -12.594 91.4737
v 210.367 -12.2219 91.4737
v 215.126 -11.8142 91.4737
v 219.885 -11.3707 91.4737
v 224.644 -10.8914 91.4737
v 229.403 -10.3761 91.4737
v 234.162 -9.8249 91.4737
v 238.921 -9.2376 91.4737
v 243.68 -8.6141 91.4737
v 248.439 -7.9543 91.4737
v 253.198 -7.2581 91.4737
v 257.957 -6.5254 91.4737
v 262.716 -5.756 91.4737
v 267.475 -4.9498 91.4737
v 272.234 -4.1067 91.4737
v 48.5634 -5.143 95.8073
v 43.8044 -4.3002 95.8073
v 53.3223 -5.949 95.8073
v 58.0813 -6.7181 95.8073
v 62.8402 -7.4506 95.8073
v 67.5991 -8.1466 95.8073
v 72.3581 -8.8062 95.8073
v 77.117 -9.4295 95.8073
v 81.876 -10.0167 95.8073
v 86.6349 -10.5677 95.8073
v 91.3939 -11.0828 95.8073
v 96.1528 -11.562 95.8073
v 100.912 -12.0053 95.8073
v 105.671 -12.413 95.8073
v 110.43 -12.7849 95.8073
v 115.189 -13.1213 95.8073
v 119.948 -13.422 95.8073
v 124.707 -13.6873 95.8073
v 129.465 -13.9171 95.8073
v 134.224 -14.1115 95.8073
v 138.983 -14.2706 95.8073
v 143.742 -14.3942 95.8073
v 148.501 -14.4825 95.8073
v 153.26 -14.5355 95.8073
v 158.019 -14.5532 95.8073
v 162.778 -14.5355 95.8073
v 167.537 -14.4825 95.8073
v 172.296 -14.3942 95.8073
v 177.055 -14.2706 95.8073
v 181.814 -14.1115 95.8073
v 186.573 -13.9171 95.8073
v 191.332 -13.6873 95.8073
v 196.091 -13.422 95.8073
v 200.85 -13.1213 95.8073
v 205.608 -12.7849 95.8073
v 210.367 -12.413 95.8073
v 215.126 -12.0053 95.8073
v 219.885 -11.562 95.8073
v 224.644 -11.0828 95.8073
v 229.403 -10.5677 95.8073
v 234.162 -10.0167 95.8073
v 238.921 -9.4295 95.8073
v 243.68 -8.8062 95.8073
v 248.439 -8.1466 95.8073
v 253.198 -7.4506 95.8073
v 257.957 -6.7181 95.8073
v 262.716 -5.949 95.8073
v 267.475 -5.143 95.8073
v 272.234 -4.3002 95.8073
v 48.5634 -5.3065 100.141
v 43.8044 -4.4638 100.141
v 53.3223 -6.1122 100.141
v 58.0813 -6.8812 100.141
v 62.8402 -7.6135 100.141
v 67.5991 -8.3093 100.141
v 72.3581 -8.9687 100.141
v 77.117 -9.5919 100.141
v 81.876 -10.1789 100.141
v 86.6349 -10.7298 100.141
v 91.3939 -11.2447 100.141
v 96.1528 -11.7238 100.141
v 100.912 -12.167 100.141
v 105.671 -12.5745 100.141
v 110.43 -12.9464 100.141
v 115.189 -13.2827 100.141
v 119.948 -13.5834 100.141
v 124.707 -13.8486 100.141
v 129.465 -14.0784 100.141
v 134.224 -14.2727 100.141
v 138.983 -14.4317 100.141
v 143.742 -14.5553 100.141
v 148.501 -14.6436 100.141
v 153.26 -14.6965 100.141
v 158.019 -14.7142 100.141
v 162.778 -14.6965 100.141
v 167.537 -14.6436 100.141
v 172.296 -14.5553 100.141
v 177.055 -14.4317 100.141
v 181.814 -14.2727 100.141
v 186.573 -14.0784 100.141
v 191.332 -13.8486 100.141
v 196.091 -13.5834 100.141
v 200.85 -13.2827 100.141
v 205.608 -12.9464 100.141
v 210.367 -12.5745 100.141
v 215.126 -12.167 100.141
v 219.885 -11.7238 100.141
v 224.644 -11.2447 100.141
v 229.403 -10.7298 100.141
v 234.162 -10.1789 100.141
v 238.921 -9.5919 100.141
v 243.68 -8.9687 100.141
v 248.439 -8.3093 100.141
v 253.198 -7.6135 100.141
v 257.957 -6.8812 100.141
v 262.716 -6.1122 100.141
v 267.475 -5.3065 100.141
v 272.234 -4.4638 100.141
v 48.5634 -5.4402 104.475
v 43.8044 -4.5977 104.475
v 53.3223 -6.2457 104.475
v 58.0813 -7.0145 104.475
v 62.8402 -7.7467 104.475
v 67.5991 -8.4423 104.475
v 72.3581 -9.1016 104.475
v 77.117 -9.7247 104.475
v 81.876 -10.3115 104.475
v 86.6349 -10.8623 104.475
v 91.3939 -11.3772 104.475
v 96.1528 -11.8561 104.475
v 100.912 -12.2993 104.475
v 105.671 -12.7067 104.475
v 110.43 -13.0785 104.475
v 115.189 -13.4147 104.475
v 119.948 -13.7153 104.475
v 124.707 -13.9805 104.475
v 129.465 -14.2102 104.475
v 134.224 -14.4045 104.475
v 138.983 -14.5635 104.475
v 143.742 -14.6871 104.475
v 148.501 -14.7753 104.475
v 153.26 -14.8283 104.475
v 158.019 -14.8459 104.475
v 162.778 -14.8283 104.475
v 167.537 -14.7753 104.475
v 172.296 -14.6871 104.475
v 177.055 -14.5635 104.475
v 181.814 -14.4045 104.475
v 186.573 -14.2102 104.475
v 191.332 -13.9805 104.475
v 196.091 -13.7153 104.475
v 200.85 -13.4147 104.475
v 205.608 -13.0785 104.475
v 210.367 -12.7067 104.475
v 215.126 -12.2993 104.475
v 219.885 -11.8561 104.475
v 224.644 -11.3772 104.475
v 229.403 -10.8623 104.475
v 234.162 -10.3115 104.475
v 238.921 -9.7247 104.475
v 243.68 -9.1016 104.475
v 248.439 -8.4423 104.475
v 253.198 -7.7467 104.475
v 257.957 -7.0145 104.475
v 262.716 -6.2457 104.475
v 267.475 -5.4402 104.475
v 272.234 -4.5977 104.475
v 48.5634 -5.5441 108.808
v 43.8044 -4.7018 108.808
v 53.3223 -6.3496 108.808
v 58.0813 -7.1182 108.808
v 62.8402 -7.8503 108.808
v 67.5991 -8.5458 108.808
v 72.3581 -9.205 108.808
v 77.117 -9.8279 108.808
v 81.876 -10.4147 108.808
v 86.6349 -10.9654 108.808
v 91.3939 -11.4802 108.808
v 96.1528 -11.959 108.808
v 100.912 -12.4021 108.808
v 105.671 -12.8095 108.808
v 110.43 -13.1812 108.808
v 115.189 -13.5174 108.808
v 119.948 -13.818 108.808
v 124.707 -14.0831 108.808
v 129.465 -14.3128 108.808
v 134.224 -14.507 108.808
v 138.983 -14.666 108.808
v 143.742 -14.7895 108.808
v 148.501 -14.8778 108.808
v 153.26 -14.9307 108.808
v 158.019 -14.9484 108.808
v 162.778 -14.9307 108.808
v 167.537 -14.8778 108.808
v 172.296 -14.7895 108.808
v 177.055 -14.666 108.808
v 181.814 -14.507 108.808
v 186.573 -14.3128 108.808
v 191.332 -14.0831 108.808
v 196.091 -13.818 108.808
v 200.85 -13.5174 108.808
v 205.608 -13.1812 108.808
v 210.367 -12.8095 108.808
v 215.126 -12.4021 108.808
v 219.885 -11.959 108.808
v 224.644 -11.4802 108.808
v 229.403 -10.9654 108.808
v 234.162 -10.4147 108.808
v 238.921 -9.8279 108.808
v 243.68 -9.205 108.808
v 248.439 -8.5458 108.808
v 253.198 -7.8503 108.808
v 257.957 -7.1182 108.808
v 262.716 -6.3496 108.808
v 267.475 -5.5441 108.808
v 272.234 -4.7018 108.808
v 48.5634 -5.6184 113.142
v 43.8044 -4.7762 113.142
v 53.3223 -6.4237 113.142
v 58.0813 -7.1923 113.142
v 62.8402 -7.9243 113.142
v 67.5991 -8.6197 113.142
v 72.3581 -9.2788 113.142
v 77.117 -9.9017 113.142
v 81.876 -10.4884 113.142
v 86.6349 -11.039 113.142
v 91.3939 -11.5537 113.142
v 96.1528 -12.0326 113.142
v 100.912 -12.4756 113.142
v 105.671 -12.8829 113.142
v 110.43 -13.2546 113.142
v 115.189 -13.5907 113.142
v 119.948 -13.8913 113.142
v 124.707 -14.1563 113.142
v 129.465 -14.386 113.142
v 134.224 -14.5803 113.142
v 138.983 -14.7392 113.142
v 143.742 -14.8627 113.142
v 148.501 -14.951 113.142
v 153.26 -15.0039 113.142
v 158.019 -15.0215 113.142
v 162.778 -15.0039 113.142
v 167.537 -14.951 113.142
v 172.296 -14.8627 113.142
v 177.055 -14.7392 113.142
v 181.814 -14.5803 113.142
v 186.573 -14.386 113.142
v 191.332 -14.1563 113.142
v 196.091 -13.8913 113.142
v 200.85 -13.5907 113.142
v 205.608 -13.2546 113.142
v 210.367 -12.8829 113.142
v 215.126 -12.4756 113.142
v 219.885 -12.0326 113.142
v 224.644 -11.5537 113.142
v 229.403 -11.039 113.142
v 234.162 -10.4884 113.142
v 238.921 -9.9017 113.142
v 243.68 -9.2788 113.142
v 248.439 -8.6197 113.142
v 253.198 -7.9243 113.142
v 257.957 -7.1923 113.142
v 262.716 -6.4237 113.142
v 267.475 -5.6184 113.142
v 272.234 -4.7762 113.142
v 48.5634 -5.6629 117.475
v 43.8044 -4.8208 117.475
v 53.3223 -6.4682 117.475
v 58.0813 -7.2367 117.475
v 62.8402 -7.9686 117.475
v 67.5991 -8.6641 117.475
v 72.3581 -9.3231 117.475
v 77.117 -9.9459 117.475
v 81.876 -10.5326 117.475
v 86.6349 -11.0832 117.475
v 91.3939 -11.5979 117.475
v 96.1528 -12.0767 117.475
v 100.912 -12.5197 117.475
v 105.671 -12.927 117.475
v 110.43 -13.2986 117.475
v 115.189 -13.6347 117.475
v 119.948 -13.9352 117.475
v 124.707 -14.2003 117.475
v 129.465 -14.4299 117.475
v 134.224 -14.6242 117.475
v 138.983 -14.7831 117.475
v 143.742 -14.9066 117.475
v 148.501 -14.9949 117.475
v 153.26 -15.0478 117.475
v 158.019 -15.0654 117.475
v 162.778 -15.0478 117.475
v 167.537 -14.9949 117.475
v 172.296 -14.9066 117.475
v 177.055 -14.7831 117.475
v 181.814 -14.6242 117.475
v 186.573 -14.4299 117.475
v 191.332 -14.2003 117.475
v 196.091 -13.9352 117.475
v 200.85 -13.6347 117.475
v 205.608 -13.2986 117.475
v 210.367 -12.927 117.475
v 215.126 -12.5197 117.475
v 219.885 -12.0767 117.475
v 224.644 -11.5979 117.475
v 229.403 -11.0832 117.475
v 234.162 -10.5326 117.475
v 238.921 -9.9459 117.475
v 243.68 -9.3231 117.475
v 248.439 -8.6641 117.475
v 253.198 -7.9686 117.475
v 257.957 -7.2367 117.475
v 262.716 -6.4682 117.475
v 267.475 -5.6629 117.475
v 272.234 -4.8208 117.475
v 48.5634 -5.6778 121.809
v 43.8044 -4.8356 121.809
v 53.3223 -6.483 121.809
v 58.0813 -7.2515 121.809
v 62.8402 -7.9834 121.809
v 67.5991 -8.6788 121.809
v 72.3581 -9.3379 121.809
v 77.117 -9.9607 121.809
v 81.876 -10.5473 121.809
v 86.6349 -11.0979 121.809
v 91.3939 -11.6126 121.809
v 96.1528 -12.0914 121.809
v 100.912 -12.5343 121.809
v 105.671 -12.9416 121.809
v 110.43 -13.3133 121.809
v 115.189 -13.6493 121.809
v 119.948 -13.9499 121.809
v 124.707 -14.2149 121.809
v 129.465 -14.4446 121.809
v 134.224 -14.6388 121.809
v 138.983 -14.7977 121.809
v 143.742 -14.9213 121.809
v 148.501 -15.0095 121.809
v 153.26 -15.0624 121.809
v 158.019 -15.0801 121.809
v 162.778 -15.0624 121.809
v 167.537 -15.0095 121.809
v 172.296 -14.9213 121.809
v 177.055 -14.7977 121.809
v 181.814 -14.6388 121.809
v 186.573 -14.4446 121.809
v 191.332 -14.2149 121.809
v 196.091 -13.9499 121.809
v 200.85 -13.6493 121.809
v 205.608 -13.3133 121.809
v 210.367 -12.9416 121.809
v 215.126 -12.5343 121.809
v 219.885 -12.0914 121.809
v 224.644 -11.6126 121.809
v 229.403 -11.0979 121.809
v 234.162 -10.5473 121.809
v 238.921 -9.9607 121.809
v 243.68 -9.3379 121.809
v 248.439 -8.6788 121.809
v 253.198 -7.9834 121.809
v 257.957 -7.2515 121.809
v 262.716 -6.483 121.809
v 267.475 -5.6778 121.809
v 272.234 -4.8356 121.809
v 48.5634 -5.6629 126.142
v 43.8044 -4.8208 126.142
v 53.3223 -6.4682 126.142
v 58.0813 -7.2367 126.142
v 62.8402 -7.9686 126.142
v 67.5991 -8.6641 126.142
v 72.3581 -9.3231 126.142
v 77.117 -9.9459 126.142
v 81.876 -10.5326 126.142
v 86.6349 -11.0832 126.142
v 91.3939 -11.5979 126.142
v 96.1528 -12.0767 126.142
v 100.912 -12.5197 126.142
v 105.671 -12.927 126.142
v 110.43 -13.2986 126.142
v 115.189 -13.6347 126.142
v 119.948 -13.9352 126.142
v 124.707 -14.2003 126.142
v 129.465 -14.4299 126.142
v 134.224 -14.6242 126.142
v 138.983 -14.7831 126.142
v 143.742 -14.9066 126.142
v 148.501 -14.9949 126.142
v 153.26 -15.0478 126.142
v 158.019 -15.0654 126.142
v 162.778 -15.0478 126.142
v 167.537 -14.9949 126.142
v 172.296 -14.9066 126.142
v 177.055 -14.7831 126.142
v 181.814 -14.6242 126.142
v 186.573 -14.4299 126.142
v 191.332 -14.2003 126.142
v 196.091 -13.9352 126.142
v 200.85 -13.6347 126.142
v 205.608 -13.2986 126.142
v 210.367 -12.927 126.142
v 215.126 -12.5197 126.142
v 219.885 -12.0767 126.142
v 224.644 -11.5979 126.142
v 229.403 -11.0832 126.142
v 234.162 -10.5326 126.142
v 238.921 -9.9459 126.142
v 243.68 -9.3231 126.142
v 248.439 -8.6641 126.142
v 253.198 -7.9686 126.142
v 257.957 -7.2367 126.142
v 262.716 -6.4682 126.142
v 267.475 -5.6629 126.142
v 272.234 -4.8208 126.142
v 48.5634 -5.6184 130.476
v 43.8044 -4.7762 130.476
v 53.3223 -6.4237 130.476
v 58.0813 -7.1923 130.476
v 62.8402 -7.9243 130.476
v 67.5991 -8.6197 130.476
v 72.3581 -9.2788 130.476
v 77.117 -9.9017 130.476
v 81.876 -10.4884 130.476
v 86.6349 -11.039 130.476
v 91.3939 -11.5537 130.476
v 96.1528 -12.0326 130.476
v 100.912 -12.4756 130.476
v 105.671 -12.8829 130.476
v 110.43 -13.2546 130.476
v 115.189 -13.5907 130.476
v 119.948 -13.8913 130.476
v 124.707 -14.1563 130.476
v 129.465 -14.386 130.476
v 134.224 -14.5803 130.476
v 138.983 -14.7392 130.476
v 143.742 -14.8627 130.476
v 148.501 -14.951 130.476
v 153.26 -15.0039 130.476
v 158.019 -15.0215 130.476
v 162.778 -15.0039 130.476
v 167.537 -14.951 130.476
v 172.296 -14.8627 130.476
v 177.055 -14.7392 130.476
v 181.814 -14.5803 130.476
v 186.573 -14.386 130.476
v 191.332 -14.1563 130.476
v 196.091 -13.8913 130.476
v 200.85 -13.5907 130.476
v 205.608 -13.2546 130.476
v 210.367 -12.8829 130.476
v 215.126 -12.4756 130.476
v 219.885 -12.0326 130.476
v 224.644 -11.5537 130.476
v 229.403 -11.039 130.476
v 234.162 -10.4884 130.476
v 238.921 -9.9017 130.476
v 243.68 -9.2788 130.476
v 248.439 -8.6197 130.476
v 253.198 -7.9243 130.476
v 257.957 -7.1923 130.476
v 262.716 -6.4237 130.476
v 267.475 -5.6184 130.476
v 272.234 -4.7762 130.476
v 48.5634 -5.5441 134.81
v 43.8044 -4.7018 134.81
v 53.3223 -6.3496 134.81
v 58.0813 -7.1182 134.81
v 62.8402 -7.8503 134.81
v 67.5991 -8.5458 134.81
v 72.3581 -9.205 134.81
v 77.117 -9.8279 134.81
v 81.876 -10.4147 134.81
v 86.6349 -10.9654 134.81
v 91.3939 -11.4802 134.81
v 96.1528 -11.959 134.81
v 100.912 -12.4021 134.81
v 105.671 -12.8095 134.81
v 110.43 -13.1812 134.81
v 115.189 -13.5174 134.81
v 119.948 -13.818 134.81
v 124.707 -14.0831 134.81
v 129.465 -14.3128 134.81
v 134.224 -14.507 134.81
v 138.983 -14.666 134.81
v 143.742 -14.7895 134.81
v 148.501 -14.8778 134.81
v 153.26 -14.9307 134.81
v 158.019 -14.9484 134.81
v 162.778 -14.9307 134.81
v 167.537 -14.8778 134.81
v 172.296 -14.7895 134.81
v 177.055 -14.666 134.81
v 181.814 -14.507 134.81
v 186.573 -14.3128 134.81
v 191.332 -14.0831 134.81
v 196.091 -13.818 134.81
v 200.85 -13.5174 134.81
v 205.608 -13.1812 134.81
v 210.367 -12.8095 134.81
v 215.126 -12.4021 134.81
v 219.885 -11.959 134.81
v 224.644 -11.4802 134.81
v 229.403 -10.9654 134.81
v 234.162 -10.4147 134.81
v 238.921 -9.8279 134.81
v 243.68 -9.205 134.81
v 248.439 -8.5458 134.81
v 253.198 -7.8503 134.81
v 257.957 -7.1182 134.81
v 262.716 -6.3496 134.81
v 267.475 -5.5441 134.81
v 272.234 -4.7018 134.81
v 48.5634 -5.4402 139.143
v 43.8044 -4.5977 139.143
v 53.3223 -6.2457 139.143
v 58.0813 -7.0145 139.143
v 62.8402 -7.7467 139.143
v 67.5991 -8.4423 139.143
v 72.3581 -9.1016 139.143
v 77.117 -9.7247 139.143
v 81.876 -10.3115 139.143
v 86.6349 -10.8623 139.143
v 91.3939 -11.3772 139.143
v 96.1528 -11.8561 139.143
v 100.912 -12.2993 139.143
v 105.671 -12.7067 139.143
v 110.43 -13.0785 139.143
v 115.189 -13.4147 139.143
v 119.948 -13.7153 139.143
v 124.707 -13.9805 139.143
v 129.465 -14.2102 139.143
v 134.224 -14.4045 139.143
v 138.983 -14.5635 139.143
v 143.742 -14.6871 139.143
v 148.501 -14.7753 139.143
v 153.26 -14.8283 139.143
v 158.019 -14.8459 139.143
v 162.778 -14.8283 139.143
v 167.537 -14.7753 139.143
v 172.296 -14.6871 139.143
v 177.055 -14.5635 139.143
v 181.814 -14.4045 139.143
v 186.573 -14.2102 139.143
v 191.332 -13.9805 139.143
v 196.091 -13.7153 139.143
v 200.85 -13.4147 139.143
v 205.608 -13.0785 139.143
v 210.367 -12.7067 139.143
v 215.126 -12.2993 139.143
v 219.885 -11.8561 139.143
v 224.644 -11.3772 139.143
v 229.403 -10.8623 139.143
v 234.162 -10.3115 139.143
v 238.921 -9.7247 139.143
v 243.68 -9.1016 139.143
v 248.439 -8.4423 139.143
v 253.198 -7.7467 139.143
v 257.957 -7.0145 139.143
v 262.716 -6.2457 139.143
v 267.475 -5.4402 139.143
v 272.234 -4.5977 139.143
v 48.5634 -5.3065 143.477
v 43.8044 -4.4638 143.477
v 53.3223 -6.1122 143.477
v 58.0813 -6.8812 143.477
v 62.8402 -7.6135 143.477
v 67.5991 -8.3093 143.477
v 72.3581 -8.9687 143.477
v 77.117 -9.5919 143.477
v 81.876 -10.1789 143.477
v 86.6349 -10.7298 143.477
v 91.3939 -11.2447 143.477
v 96.1528 -11.7238 143.477
v 100.912 -12.167 143.477
v 105.671 -12.5745 143.477
v 110.43 -12.9464 143.477
v 115.189 -13.2827 143.477
v 119.948 -13.5834 143.477
v 124.707 -13.8486 143.477
v 129.465 -14.0784 143.477
v 134.224 -14.2727 143.477
v 138.983 -14.4317 143.477
v 143.742 -14.5553 143.477
v 148.501 -14.6436 143.477
v 153.26 -14.6965 143.477
v 158.019 -14.7142 143.477
v 162.778 -14.6965 143.477
v 167.537 -14.6436 143.477
v 172.296 -14.5553 143.477
v 177.055 -14.4317 143.477
v 181.814 -14.2727 143.477
v 186.573 -14.0784 143.477
v 191.332 -13.8486 143.477
v 196.091 -13.5834 143.477
v 200.85 -13.2827 143.477
v 205.608 -12.9464 143.477
v 210.367 -12.5745 143.477
v 215.126 -12.167 143.477
v 219.885 -11.7238 143.477
v 224.644 -11.2447 143.477
v 229.403 -10.7298 143.477
v 234.162 -10.1789 143.477
v 238.921 -9.5919 143.477
v 243.68 -8.9687 143.477
v 248.439 -8.3093 143.477
v 253.198 -7.6135 143.477
v 257.957 -6.8812 143.477
v 262.716 -6.1122 143.477
v 267.475 -5.3065 143.477
v 272.234 -4.4638 143.477
v 48.5634 -5.143 147.81
v 43.8044 -4.3002 147.81
v 53.3223 -5.949 147.81
v 58.0813 -6.7181 147.81
v 62.8402 -7.4506 147.81
v 67.5991 -8.1466 147.81
v 72.3581 -8.8062 147.81
v 77.117 -9.4295 147.81
v 81.876 -10.0167 147.81
v 86.6349 -10.5677 147.81
v 91.3939 -11.0828 147.81
v 96.1528 -11.562 147.81
v 100.912 -12.0053 147.81
v 105.671 -12.413 147.81
v 110.43 -12.7849 147.81
v 115.189 -13.1213 147.81
v 119.948 -13.422 147.81
v 124.707 -13.6873 147.81
v 129.465 -13.9171 147.81
v 134.224 -14.1115 147.81
v 138.983 -14.2706 147.81
v 143.742 -14.3942 147.81
v 148.501 -14.4825 147.81
v 153.26 -14.5355 147.81
v 158.019 -14.5532 147.81
v 162.778 -14.5355 147.81
v 167.537 -14.4825 147.81
v 172.296 -14.3942 147.81
v 177.055 -14.2706 147.81
v 181.814 -14.1115 147.81
v 186.573 -13.9171 147.81
v 191.332 -13.6873 147.81
v 196.091 -13.422 147.81
v 200.85 -13.1213 147.81
v 205.608 -12.7849 147.81
v 210.367 -12.413 147.81
v 215.126 -12.0053 147.81
v 219.885 -11.562 147.81
v 224.644 -11.0828 147.81
v 229.403 -10.5677 147.81
v 234.162 -10.0167 147.81
v 238.921 -9.4295 147.81
v 243.68 -8.8062 147.81
v 248.439 -8.1466 147.81
v 253.198 -7.4506 147.81
v 257.957 -6.7181 147.81
v 262.716 -5.949 147.81
v 267.475 -5.143 147.81
v 272.234 -4.3002 147.81
v 48.5634 -4.9498 152.144
v 43.8044 -4.1067 152.144
v 53.3223 -5.756 152.144
v 58.0813 -6.5254 152.144
v 62.8402 -7.2581 152.144
v 67.5991 -7.9543 152.144
v 72.3581 -8.6141 152.144
v 77.117 -9.2376 152.144
v 81.876 -9.8249 152.144
v 86.6349 -10.3761 152.144
v 91.3939 -10.8914 152.144
v 96.1528 -11.3707 152.144
v 100.912 -11.8142 152.144
v 105.671 -12.2219 152.144
v 110.43 -12.594 152.144
v 115.189 -12.9304 152.144
v 119.948 -13.2313 152.144
v 124.707 -13.4967 152.144
v 129.465 -13.7266 152.144
v 134.224 -13.921 152.144
v 138.983 -14.0801 152.144
v 143.742 -14.2038 152.144
v 148.501 -14.2921 152.144
v 153.26 -14.3451 152.144
v 158.019 -14.3628 152.144
v 162.778 -14.3451 152.144
v 167.537 -14.2921 152.144
v 172.296 -14.2038 152.144
v 177.055 -14.0801 152.144
v 181.814 -13.921 152.144
v 186.573 -13.7266 152.144
v 191.332 -13.4967 152.144
v 196.091 -13.2313 152.144
v 200.85 -12.9304 152.144
v 205.608 -12.594 152.144
v 210.367 -12.2219 152.144
v 215.126 -11.8142 152.144
v 219.885 -11.3707 152.144
v 224.644 -10.8914 152.144
v 229.403 -10.3761 152.144
v 234.162 -9.8249 152.144
v 238.921 -9.2376 152.144
v 243.68 -8.6141 152.144
v 248.439 -7.9543 152.144
v 253.198 -7.2581 152.144
v 257.957 -6.5254 152.144
v 262.716 -5.756 152.144
v 267.475 -4.9498 152.144
v 272.234 -4.1067 152.144
v 48.5634 -4.7268 156.477
v 43.8044 -3.8834 156.477
v 53.3223 -5.5333 156.477
v 58.0813 -6.3029 156.477
v 62.8402 -7.0359 156.477
v 67.5991 -7.7324 156.477
v 72.3581 -8.3924 156.477
v 77.117 -9.0161 156.477
v 81.876 -9.6036 156.477
v 86.6349 -10.155 156.477
v 91.3939 -10.6704 156.477
v 96.1528 -11.1499 156.477
v 100.912 -11.5936 156.477
v 105.671 -12.0015 156.477
v 110.43 -12.3737 156.477
v 115.189 -12.7102 156.477
v 119.948 -13.0112 156.477
v 124.707 -13.2767 156.477
v 129.465 -13.5066 156.477
v 134.224 -13.7011 156.477
v 138.983 -13.8603 156.477
v 143.742 -13.984 156.477
v 148.501 -14.0724 156.477
v 153.26 -14.1254 156.477
v 158.019 -14.143 156.477
v 162.778 -14.1254 156.477
v 167.537 -14.0724 156.477
v 172.296 -13.984 156.477
v 177.055 -13.8603 156.477
v 181.814 -13.7011 156.477
v 186.573 -13.5066 156.477
v 191.332 -13.2767 156.477
v 196.091 -13.0112 156.477
v 200.85 -12.7102 156.477
v 205.608 -12.3737 156.477
v 210.367 -12.0015 156.477
v 215.126 -11.5936 156.477
v 219.885 -11.1499 156.477
v 224.644 -10.6704 156.477
v 229.403 -10.155 156.477
v 234.162 -9.6036 156.477
v 238.921 -9.0161 156.477
v 243.68 -8.3924 156.477
v 248.439 -7.7324 156.477
v 253.198 -7.0359 156.477
v 257.957 -6.3029 156.477
v 262.716 -5.5333 156.477
v 267.475 -4.7268 156.477
v 272.234 -3.8834 156.477
v 48.5634 -4.474 160.811
v 43.8044 -3.6302 160.811
v 53.3223 -5.2807 160.811
v 58.0813 -6.0507 160.811
v 62.8402 -6.784 160.811
v 67.5991 -7.4807 160.811
v 72.3581 -8.141 160.811
v 77.117 -8.765 160.811
v 81.876 -9.3527 160.811
v 86.6349 -9.9043 160.811
v 91.3939 -10.42 160.811
v 96.1528 -10.8996 160.811
v 100.912 -11.3435 160.811
v 105.671 -11.7515 160.811
v 110.43 -12.1238 160.811
v 115.189 -12.4605 160.811
v 119.948 -12.7616 160.811
v 124.707 -13.0272 160.811
v 129.465 -13.2572 160.811
v 134.224 -13.4518 160.811
v 138.983 -13.611 160.811
v 143.742 -13.7348 160.811
v 148.501 -13.8232 160.811
v 153.26 -13.8762 160.811
v 158.019 -13.8939 160.811
v 162.778 -13.8762 160.811
v 167.537 -13.8232 160.811
v 172.296 -13.7348 160.811
v 177.055 -13.611 160.811
v 181.814 -13.4518 160.811
v 186.573 -13.2572 160.811
v 191.332 -13.0272 160.811
v 196.091 -12.7616 160.811
v 200.85 -12.4605 160.811
v 205.608 -12.1238 160.811
v 210.367 -11.7515 160.811
v 215.126 -11.3435 160.811
v 219.885 -10.8996 160.811
v 224.644 -10.42 160.811
v 229.403 -9.9043 160.811
v 234.162 -9.3527 160.811
v 238.921 -8.765 160.811
v 243.68 -8.141 160.811
v 248.439 -7.4807 160.811
v 253.198 -6.784 160.811
v 257.957 -6.0507 160.811
v 262.716 -5.2807 160.811
v 267.475 -4.474 160.811
v 272.234 -3.6302 160.811
v 48.5634 -4.1912 165.144
v 43.8044 -3.3471 165.144
v 53.3223 -4.9984 165.144
v 58.0813 -5.7687 165.144
v 62.8402 -6.5023 165.144
v 67.5991 -7.1993 165.144
v 72.3581 -7.8599 165.144
v 77.117 -8.4842 165.144
v 81.876 -9.0722 165.144
v 86.6349 -9.624 165.144
v 91.3939 -10.1399 165.144
v 96.1528 -10.6198 165.144
v 100.912 -11.0638 165.144
v 105.671 -11.472 165.144
v 110.43 -11.8445 165.144
v 115.189 -12.1814 165.144
v 119.948 -12.4826 165.144
v 124.707 -12.7483 165.144
v 129.465 -12.9784 165.144
v 134.224 -13.1731 165.144
v 138.983 -13.3323 165.144
v 143.742 -13.4562 165.144
v 148.501 -13.5446 165.144
v 153.26 -13.5977 165.144
v 158.019 -13.6154 165.144
v 162.778 -13.5977 165.144
v 167.537 -13.5446 165.144
v 172.296 -13.4562 165.144
v 177.055 -13.3323 165.144
v 181.814 -13.1731 165.144
v 186.573 -12.9784 165.144
v 191.332 -12.7483 165.144
v 196.091 -12.4826 165.144
v 200.85 -12.1814 165.144
v 205.608 -11.8445 165.144
v 210.367 -11.472 165.144
v 215.126 -11.0638 165.144
v 219.885 -10.6198 165.144
v 224.644 -10.1399 165.144
v 229.403 -9.624 165.144
v 234.162 -9.0722 165.144
v 238.921 -8.4842 165.144
v 243.68 -7.8599 165.144
v 248.439 -7.1993 165.144
v 253.198 -6.5023 165.144
v 257.957 -5.7687 165.144
v 262.716 -4.9984 165.144
v 267.475 -4.1912 165.144
v 272.234 -3.3471 165.144
v 48.5634 -3.8786 169.478
v 43.8044 -3.0341 169.478
v 53.3223 -4.6862 169.478
v 58.0813 -5.4569 169.478
v 62.8402 -6.1908 169.478
v 67.5991 -6.8882 169.478
v 72.3581 -7.5491 169.478
v 77.117 -8.1737 169.478
v 81.876 -8.762 169.478
v 86.6349 -9.3141 169.478
v 91.3939 -9.8302 169.478
v 96.1528 -10.3103 169.478
v 100.912 -10.7545 169.478
v 105.671 -11.163 169.478
v 110.43 -11.5356 169.478
v 115.189 -11.8726 169.478
v 119.948 -12.174 169.478
v 124.707 -12.4398 169.478
v 129.465 -12.6701 169.478
v 134.224 -12.8649 169.478
v 138.983 -13.0242 169.478
v 143.742 -13.1481 169.478
v 148.501 -13.2366 169.478
v 153.26 -13.2896 169.478
v 158.019 -13.3073 169.478
v 162.778 -13.2896 169.478
v 167.537 -13.2366 169.478
v 172.296 -13.1481 169.478
v 177.055 -13.0242 169.478
v 181.814 -12.8649 169.478
v 186.573 -12.6701 169.478
v 191.332 -12.4398 169.478
v 196.091 -12.174 169.478
v 200.85 -11.8726 169.478
v 205.608 -11.5356 169.478
v 210.367 -11.163 169.478
v 215.126 -10.7545 169.478
v 219.885 -10.3103 169.478
v 224.644 -9.8302 169.478
v 229.403 -9.3141 169.478
v 234.162 -8.762 169.478
v 238.921 -8.1737 169.478
v 243.68 -7.5491 169.478
v 248.439 -6.8882 169.478
v 253.198 -6.1908 169.478
v 257.957 -5.4569 169.478
v 262.716 -4.6862 169.478
v 267.475 -3.8786 169.478
v 272.234 -3.0341 169.478
v 48.5634 -3.5361 173.812
v 43.8044 -2.6911 173.812
v 53.3223 -4.344 173.812
v 58.0813 -5.1151 173.812
v 62.8402 -5.8495 173.812
v 67.5991 -6.5473 173.812
v 72.3581 -7.2085 173.812
v 77.117 -7.8334 173.812
v 81.876 -8.422 173.812
v 86.6349 -8.9745 173.812
v 91.3939 -9.4908 173.812
v 96.1528 -9.9712 173.812
v 100.912 -10.4157 173.812
v 105.671 -10.8243 173.812
v 110.43 -11.1972 173.812
v 115.189 -11.5344 173.812
v 119.948 -11.8359 173.812
v 124.707 -12.1018 173.812
v 129.465 -12.3322 173.812
v 134.224 -12.5271 173.812
v 138.983 -12.6865 173.812
v 143.742 -12.8105 173.812
v 148.501 -12.899 173.812
v 153.26 -12.9521 173.812
v 158.019 -12.9698 173.812
v 162.778 -12.9521 173.812
v 167.537 -12.899 173.812
v 172.296 -12.8105 173.812
v 177.055 -12.6865 173.812
v 181.814 -12.5271 173.812
v 186.573 -12.3322 173.812
v 191.332 -12.1018 173.812
v 196.091 -11.8359 173.812
v 200.85 -11.5344 173.812
v 205.608 -11.1972 173.812
v 210.367 -10.8243 173.812
v 215.126 -10.4157 173.812
v 219.885 -9.9712 173.812
v 224.644 -9.4908 173.812
v 229.403 -8.9745 173.812
v 234.162 -8.422 173.812
v 238.921 -7.8334 173.812
v 243.68 -7.2085 173.812
v 248.439 -6.5473 173.812
v 253.198 -5.8495 173.812
v 257.957 -5.1151 173.812
v 262.716 -4.344 173.812
v 267.475 -3.5361 173.812
v 272.234 -2.6911 173.812
v 48.5634 -3.1635 178.145
v 43.8044 -2.318 178.145
v 53.3223 -3.9719 178.145
v 58.0813 -4.7435 178.145
v 62.8402 -5.4783 178.145
v 67.5991 -6.1765 178.145
v 72.3581 -6.8381 178.145
v 77.117 -7.4634 178.145
v 81.876 -8.0523 178.145
v 86.6349 -8.6051 178.145
v 91.3939 -9.1217 178.145
v 96.1528 -9.6024 178.145
v 100.912 -10.0471 178.145
v 105.671 -10.456 178.145
v 110.43 -10.8291 178.145
v 115.189 -11.1665 178.145
v 119.948 -11.4682 178.145
v 124.707 -11.7343 178.145
v 129.465 -11.9648 178.145
v 134.224 -12.1598 178.145
v 138.983 -12.3193 178.145
v 143.742 -12.4433 178.145
v 148.501 -12.5319 178.145
v 153.26 -12.585 178.145
v 158.019 -12.6027 178.145
v 162.778 -12.585 178.145
v 167.537 -12.5319 178.145
v 172.296 -12.4433 178.145
v 177.055 -12.3193 178.145
v 181.814 -12.1598 178.145
v 186.573 -11.9648 178.145
v 191.332 -11.7343 178.145
v 196.091 -11.4682 178.145
v 200.85 -11.1665 178.145
v 205.608 -10.8291 178.145
v 210.367 -10.456 178.145
v 215.126 -10.0471 178.145
v 219.885 -9.6024 178.145
v 224.644 -9.1217 178.145
v 229.403 -8.6051 178.145
v 234.162 -8.0523 178.145
v 238.921 -7.4634 178.145
v 243.68 -6.8381 178.145
v 248.439 -6.1765 178.145
v 253.198 -5.4783 178.145
v 257.957 -4.7435 178.145
v 262.716 -3.9719 178.145
v 267.475 -3.1635 178.145
v 272.234 -2.318 178.145
v 48.5634 -2.7609 182.479
v 43.8044 -1.9148 182.479
v 53.3223 -3.5698 182.479
v 58.0813 -4.3419 182.479
v 62.8402 -5.0772 182.479
v 67.5991 -5.7758 182.479
v 72.3581 -6.4378 182.479
v 77.117 -7.0635 182.479
v 81.876 -7.6528 182.479
v 86.6349 -8.2059 182.479
v 91.3939 -8.7229 182.479
v 96.1528 -9.2039 182.479
v 100.912 -9.6489 182.479
v 105.671 -10.058 182.479
v 110.43 -10.4313 182.479
v 115.189 -10.7689 182.479
v 119.948 -11.0708 182.479
v 124.707 -11.3371 182.479
v 129.465 -11.5677 182.479
v 134.224 -11.7628 182.479
v 138.983 -11.9224 182.479
v 143.742 -12.0465 182.479
v 148.501 -12.1352 182.479
v 153.26 -12.1883 182.479
v 158.019 -12.2061 182.479
v 162.778 -12.1883 182.479
v 167.537 -12.1352 182.479
v 172.296 -12.0465 182.479
v 177.055 -11.9224 182.479
v 181.814 -11.7628 182.479
v 186.573 -11.5677 182.479
v 191.332 -11.3371 182.479
v 196.091 -11.0708 182.479
v 200.85 -10.7689 182.479
v 205.608 -10.4313 182.479
v 210.367 -10.058 182.479
v 215.126 -9.6489 182.479
v 219.885 -9.2039 182.479
v 224.644 -8.7229 182.479
v 229.403 -8.2059 182.479
v 234.162 -7.6528 182.479
v 238.921 -7.0635 182.479
v 243.68 -6.4378 182.479
v 248.439 -5.7758 182.479
v 253.198 -5.0772 182.479
v 257.957 -4.3419 182.479
v 262.716 -3.5698 182.479
v 267.475 -2.7609 182.479
v 272.234 -1.9148 182.479
v 48.5634 -2.3281 186.812
v 43.8044 -1.4815 186.812
v 53.3223 -3.1377 186.812
v 58.0813 -3.9102 186.812
v 62.8402 -4.646 186.812
v 67.5991 -5.3451 186.812
v 72.3581 -6.0076 186.812
v 77.117 -6.6337 186.812
v 81.876 -7.2234 186.812
v 86.6349 -7.7769 186.812
v 91.3939 -8.2942 186.812
v 96.1528 -8.7755 186.812
v 100.912 -9.2208 186.812
v 105.671 -9.6302 186.812
v 110.43 -10.0038 186.812
v 115.189 -10.3416 186.812
v 119.948 -10.6437 186.812
v 124.707 -10.9101 186.812
v 129.465 -11.141 186.812
v 134.224 -11.3362 186.812
v 138.983 -11.4959 186.812
v 143.742 -11.6201 186.812
v 148.501 -11.7088 186.812
v 153.26 -11.762 186.812
v 158.019 -11.7797 186.812
v 162.778 -11.762 186.812
v 167.537 -11.7088 186.812
v 172.296 -11.6201 186.812
v 177.055 -11.4959 186.812
v 181.814 -11.3362 186.812
v 186.573 -11.141 186.812
v 191.332 -10.9101 186.812
v 196.091 -10.6437 186.812
v 200.85 -10.3416 186.812
v 205.608 -10.0038 186.812
v 210.367 -9.6302 186.812
v 215.126 -9.2208 186.812
v 219.885 -8.7755 186.812
v 224.644 -8.2942 186.812
v 229.403 -7.7769 186.812
v 234.162 -7.2234 186.812
v 238.921 -6.6337 186.812
v 243.68 -6.0076 186.812
v 248.439 -5.3451 186.812
v 253.198 -4.646 186.812
v 257.957 -3.9102 186.812
v 262.716 -3.1377 186.812
v 267.475 -2.3281 186.812
v 272.234 -1.4815 186.812
v 48.5634 -1.8652 191.146
v 43.8044 -1.018 191.146
v 53.3223 -2.6754 191.146
v 58.0813 -3.4485 191.146
v 62.8402 -4.1848 191.146
v 67.5991 -4.8844 191.146
v 72.3581 -5.5474 191.146
v 77.117 -6.1739 191.146
v 81.876 -6.7641 191.146
v 86.6349 -7.318 191.146
v 91.3939 -7.8357 191.146
v 96.1528 -8.3173 191.146
v 100.912 -8.7629 191.146
v 105.671 -9.1726 191.146
v 110.43 -9.5465 191.146
v 115.189 -9.8845 191.146
v 119.948 -10.1868 191.146
v 124.707 -10.4535 191.146
v 129.465 -10.6845 191.146
v 134.224 -10.8799 191.146
v 138.983 -11.0397 191.146
v 143.742 -11.1639 191.146
v 148.501 -11.2527 191.146
v 153.26 -11.3059 191.146
v 158.019 -11.3237 191.146
v 162.778 -11.3059 191.146
v 167.537 -11.2527 191.146
v 172.296 -11.1639 191.146
v 177.055 -11.0397 191.146
v 181.814 -10.8799 191.146
v 186.573 -10.6845 191.146
v 191.332 -10.4535 191.146
v 196.091 -10.1868 191.146
v 200.85 -9.8845 191.146
v 205.608 -9.5465 191.146
v 210.367 -9.1726 191.146
v 215.126 -8.7629 191.146
v 219.885 -8.3173 191.146
v 224.644 -7.8357 191.146
v 229.403 -7.318 191.146
v 234.162 -6.7641 191.146
v 238.921 -6.1739 191.146
v 243.68 -5.5474 191.146
v 248.439 -4.8844 191.146
v 253.198 -4.1848 191.146
v 257.957 -3.4485 191.146
v 262.716 -2.6754 191.146
v 267.475 -1.8652 191.146
v 272.234 -1.018 191.146
v 48.5634 -1.3721 195.48
v 43.8044 -0.5242 195.48
v 53.3223 -2.1828 195.48
v 58.0813 -2.9566 195.48
v 62.8402 -3.6935 195.48
v 67.5991 -4.3936 195.48
v 72.3581 -5.0571 195.48
v 77.117 -5.6841 195.48
v 81.876 -6.2747 195.48
v 86.6349 -6.8291 195.48
v 91.3939 -7.3472 195.48
v 96.1528 -7.8292 195.48
v 100.912 -8.2751 195.48
v 105.671 -8.6852 195.48
v 110.43 -9.0593 195.48
v 115.189 -9.3976 195.48
v 119.948 -9.7001 195.48
v 124.707 -9.967 195.48
v 129.465 -10.1981 195.48
v 134.224 -10.3937 195.48
v 138.983 -10.5536 195.48
v 143.742 -10.678 195.48
v 148.501 -10.7668 195.48
v 153.26 -10.8201 195.48
v 158.019 -10.8379 195.48
v 162.778 -10.8201 195.48
v 167.537 -10.7668 195.48
v 172.296 -10.678 195.48
v 177.055 -10.5536 195.48
v 181.814 -10.3937 195.48
v 186.573 -10.1981 195.48
v 191.332 -9.967 195.48
v 196.091 -9.7001 195.48
v 200.85 -9.3976 195.48
v 205.608 -9.0593 195.48
v 210.367 -8.6852 195.48
v 215.126 -8.2751 195.48
v 219.885 -7.8292 195.48
v 224.644 -7.3472 195.48
v 229.403 -6.8291 195.48
v 234.162 -6.2747 195.48
v 238.921 -5.6841 195.48
v 243.68 -5.0571 195.48
v 248.439 -4.3936 195.48
v 253.198 -3.6935 195.48
v 257.957 -2.9566 195.48
v 262.716 -2.1828 195.48
v 267.475 -1.3721 195.48
v 272.234 -0.5242 195.48
v 48.5634 -0.8486 199.813
v 43.8044 0 199.813
v 53.3223 -1.6601 199.813
v 58.0813 -2.4345 199.813
v 62.8402 -3.1719 199.813
v 67.5991 -3.8727 199.813
v 72.3581 -4.5367 199.813
v 77.117 -5.1642 199.813
v 81.876 -5.7553 199.813
v 86.6349 -6.3101 199.813
v 91.3939 -6.8286 199.813
v 96.1528 -7.311 199.813
v 100.912 -7.7574 199.813
v 105.671 -8.1677 199.813
v 110.43 -8.5422 199.813
v 115.189 -8.8808 199.813
v 119.948 -9.1835 199.813
v 124.707 -9.4506 199.813
v 129.465 -9.6819 199.813
v 134.224 -9.8776 199.813
v 138.983 -10.0377 199.813
v 143.742 -10.1622 199.813
v 148.501 -10.2511 199.813
v 153.26 -10.3044 199.813
v 158.019 -10.3222 199.813
v 162.778 -10.3044 199.813
v 167.537 -10.2511 199.813
v 172.296 -10.1622 199.813
v 177.055 -10.0377 199.813
v 181.814 -9.8776 199.813
v 186.573 -9.6819 199.813
v 191.332 -9.4506 199.813
v 196.091 -9.1835 199.813
v 200.85 -8.8808 199.813
v 205.608 -8.5422 199.813
v 210.367 -8.1677 199.813
v 215.126 -7.7574 199.813
v 219.885 -7.311 199.813
v 224.644 -6.8286 199.813
v 229.403 -6.3101 199.813
v 234.162 -5.7553 199.813
v 238.921 -5.1642 199.813
v 243.68 -4.5367 199.813
v 248.439 -3.8727 199.813
v 253.198 -3.1719 199.813
v 257.957 -2.4345 199.813
v 262.716 -1.6601 199.813
v 267.475 -0.8486 199.813
v 272.234 0 199.813
usemtl mat_0
f 1 2 3
f 1 4 2
f 5 6 7
f 8 9 10
f 11 12 13
f 11 13 14
f 11 14 15
f 11 15 16
f 17 11 18
f 19 20 21
f 19 21 22
f 19 22 8
f 23 17 24
f 25 23 26
f 27 28 29
f 27 29 19
f 30 25 31
f 32 33 27
f 34 32 27
f 3 19 8
f 3 27 19
f 3 34 27
f 3 8 10
f 35 11 17
f 35 25 30
f 35 17 23
f 35 23 25
f 35 10 5
f 35 7 12
f 35 30 36
f 35 3 10
f 35 5 7
f 35 12 11
f 37 3 35
f 38 39 1
f 40 38 1
f 41 42 40
f 43 41 40
f 43 40 1
f 44 45 43
f 46 44 43
f 46 43 1
f 47 48 46
f 47 46 1
f 49 47 1
f 50 51 49
f 50 52 51
f 53 49 1
f 53 50 49
f 54 1 3
f 54 3 37
f 55 56 53
f 55 53 1
f 57 55 1
f 58 57 1
f 59 58 1
f 60 59 1
f 61 60 1
f 62 63 64
f 65 64 61
f 65 61 1
f 65 62 64
f 66 67 65
f 66 65 1
f 68 69 66
f 70 66 1
f 70 68 66
f 70 1 54
f 71 35 72
f 71 37 35
f 73 70 54
f 74 70 73
f 74 71 72
f 74 73 71
f 75 34 3
f 75 3 2
f 76 32 34
f 76 34 75
f 77 33 32
f 77 27 33
f 77 32 76
f 78 27 77
f 79 28 27
f 79 27 78
f 80 29 28
f 80 28 79
f 81 19 29
f 81 29 80
f 82 20 19
f 82 19 81
f 83 20 82
f 83 21 20
f 83 22 21
f 84 22 83
f 85 22 84
f 85 8 22
f 86 9 8
f 86 8 85
f 87 10 9
f 87 9 86
f 88 5 10
f 88 10 87
f 89 6 5
f 89 5 88
f 90 7 6
f 90 6 89
f 91 12 7
f 91 7 90
f 92 13 12
f 92 12 91
f 93 14 13
f 93 13 92
f 94 15 14
f 94 14 93
f 95 16 15
f 95 15 94
f 96 11 16
f 96 16 95
f 97 18 11
f 97 11 96
f 98 17 18
f 98 24 17
f 98 18 97
f 99 24 98
f 99 23 24
f 100 23 99
f 101 26 23
f 101 25 26
f 101 23 100
f 102 25 101
f 103 31 25
f 103 25 102
f 104 30 31
f 104 31 103
f 105 36 30
f 105 30 104
f 106 35 36
f 106 36 105
f 107 1 39
f 107 4 1
f 108 39 38
f 108 38 40
f 108 107 39
f 109 108 40
f 110 40 42
f 110 42 41
f 110 109 40
f 111 110 41
f 112 41 43
f 112 43 45
f 112 111 41
f 113 112 45
f 114 113 45
f 114 45 44
f 115 114 44
f 115 44 46
f 115 46 48
f 116 115 48
f 117 116 48
f 117 48 47
f 118 47 49
f 118 117 47
f 119 49 51
f 119 118 49
f 120 51 52
f 120 119 51
f 121 52 50
f 121 120 52
f 122 50 53
f 122 121 50
f 123 53 56
f 123 122 53
f 124 56 55
f 124 123 56
f 125 55 57
f 125 124 55
f 126 57 58
f 126 125 57
f 127 58 59
f 127 59 60
f 127 126 58
f 128 127 60
f 129 60 61
f 129 128 60
f 130 61 64
f 130 64 63
f 130 129 61
f 131 63 62
f 131 130 63
f 132 131 62
f 133 62 65
f 133 65 67
f 133 132 62
f 134 133 67
f 135 67 66
f 135 66 69
f 135 134 67
f 136 135 69
f 137 69 68
f 137 136 69
f 138 68 70
f 138 137 68
f 87 89 88
f 87 90 89
f 85 87 86
f 83 85 84
f 98 92 91
f 98 93 92
f 98 94 93
f 98 95 94
f 98 96 95
f 98 97 96
f 100 99 98
f 79 81 80
f 79 82 81
f 79 83 82
f 78 83 79
f 78 85 83
f 2 76 75
f 2 77 76
f 2 78 77
f 2 91 90
f 2 87 85
f 2 90 87
f 2 98 91
f 2 100 98
f 2 85 78
f 106 101 100
f 106 102 101
f 106 103 102
f 106 104 103
f 106 105 104
f 106 100 2
f 108 4 107
f 109 4 108
f 111 4 109
f 111 109 110
f 112 4 111
f 113 4 112
f 115 113 114
f 117 4 113
f 117 113 115
f 117 115 116
f 118 4 117
f 120 4 118
f 120 118 119
f 124 4 120
f 124 120 121
f 124 121 122
f 124 122 123
f 125 4 124
f 126 4 125
f 127 4 126
f 128 4 127
f 129 4 128
f 131 4 129
f 131 129 130
f 133 4 131
f 133 131 132
f 135 4 133
f 135 133 134
f 137 135 136
f 138 106 2
f 138 2 4
f 138 4 135
f 138 135 137
f 139 106 138
f 140 141 139
f 142 140 139
f 143 142 139
f 144 145 143
f 146 147 144
f 146 144 143
f 148 146 143
f 149 143 139
f 149 148 143
f 150 151 152
f 153 154 155
f 153 155 156
f 153 156 150
f 157 152 149
f 157 149 139
f 157 150 152
f 157 153 150
f 158 157 139
f 159 160 161
f 159 161 158
f 162 159 158
f 162 158 139
f 163 164 162
f 165 166 163
f 165 162 139
f 165 163 162
f 167 168 169
f 167 169 165
f 170 171 167
f 170 165 139
f 170 167 165
f 172 139 138
f 173 170 139
f 173 139 172
f 174 175 176
f 174 177 175
f 178 179 180
f 178 181 179
f 178 182 181
f 183 177 174
f 183 172 177
f 184 172 183
f 185 173 172
f 185 178 180
f 185 180 173
f 185 186 178
f 187 172 184
f 188 189 185
f 188 190 189
f 191 192 193
f 194 192 191
f 195 192 194
f 195 187 192
f 196 188 185
f 196 197 188
f 196 198 197
f 199 172 187
f 199 187 195
f 200 172 199
f 200 199 201
f 202 203 196
f 204 185 172
f 204 196 185
f 204 202 196
f 204 172 200
f 205 35 106
f 205 72 35
f 206 207 208
f 139 208 205
f 139 205 106
f 139 206 208
f 74 72 205
f 74 205 209
f 209 70 74
f 210 211 212
f 213 138 70
f 213 209 211
f 213 70 209
f 213 211 210
f 214 215 216
f 172 213 214
f 172 138 213
f 216 172 214
f 217 54 218
f 217 73 54
f 54 37 219
f 54 219 218
f 73 220 71
f 73 217 220
f 220 219 37
f 220 37 71
f 171 221 222
f 171 170 221
f 167 222 223
f 167 171 222
f 168 223 224
f 168 224 225
f 168 167 223
f 169 168 225
f 165 225 226
f 165 169 225
f 166 226 227
f 166 165 226
f 163 227 228
f 163 166 227
f 164 228 229
f 164 163 228
f 162 164 229
f 162 229 230
f 162 230 231
f 159 162 231
f 160 159 231
f 160 231 232
f 161 232 233
f 161 160 232
f 158 233 234
f 158 161 233
f 157 234 235
f 157 158 234
f 153 235 236
f 153 157 235
f 154 236 237
f 154 153 236
f 155 237 238
f 155 154 237
f 156 238 239
f 156 155 238
f 150 239 240
f 150 156 239
f 151 240 241
f 151 150 240
f 152 241 242
f 152 151 241
f 149 242 243
f 149 152 242
f 148 243 244
f 148 149 243
f 146 244 245
f 146 245 246
f 146 148 244
f 147 146 246
f 147 246 247
f 144 147 247
f 145 247 248
f 145 248 249
f 145 144 247
f 143 145 249
f 142 249 250
f 142 143 249
f 140 250 251
f 140 142 250
f 141 251 252
f 141 140 251
f 139 252 206
f 139 141 252
f 253 221 170
f 253 170 173
f 180 254 253
f 180 253 173
f 179 255 254
f 179 256 255
f 179 254 180
f 181 256 179
f 182 257 256
f 182 258 257
f 182 256 181
f 178 258 182
f 186 259 258
f 186 260 259
f 186 258 178
f 185 260 186
f 189 260 185
f 189 261 260
f 190 261 189
f 190 262 261
f 190 263 262
f 188 263 190
f 197 263 188
f 197 264 263
f 198 265 264
f 198 264 197
f 196 266 265
f 196 265 198
f 203 267 266
f 203 266 196
f 202 268 267
f 202 267 203
f 204 269 268
f 204 268 202
f 200 270 269
f 200 269 204
f 201 271 270
f 201 270 200
f 199 272 271
f 199 271 201
f 195 273 272
f 195 272 199
f 194 274 273
f 194 275 274
f 194 273 195
f 191 275 194
f 193 276 275
f 193 275 191
f 192 277 276
f 192 278 277
f 192 276 193
f 187 279 278
f 187 278 192
f 184 279 187
f 183 280 279
f 183 281 280
f 183 279 184
f 174 281 183
f 176 282 281
f 176 283 282
f 176 281 174
f 175 283 176
f 177 284 283
f 177 283 175
f 172 216 284
f 172 284 177
f 250 252 251
f 249 206 252
f 249 252 250
f 246 248 247
f 245 249 248
f 245 206 249
f 245 248 246
f 244 206 245
f 242 244 243
f 241 206 244
f 241 244 242
f 240 206 241
f 238 206 240
f 238 240 239
f 236 238 237
f 235 238 236
f 234 238 235
f 233 238 234
f 232 206 238
f 232 238 233
f 230 232 231
f 228 206 232
f 228 232 230
f 228 230 229
f 225 227 226
f 224 227 225
f 224 228 227
f 223 228 224
f 222 206 228
f 222 228 223
f 221 207 206
f 221 206 222
f 285 207 221
f 212 207 285
f 210 212 285
f 286 285 221
f 253 215 286
f 216 215 253
f 281 282 283
f 281 283 284
f 281 284 216
f 258 255 256
f 258 256 257
f 280 281 216
f 259 253 254
f 259 254 255
f 259 255 258
f 277 278 279
f 276 279 280
f 276 277 279
f 264 260 261
f 264 261 262
f 264 262 263
f 274 275 276
f 265 260 264
f 273 276 280
f 273 274 276
f 266 259 260
f 266 260 265
f 272 273 280
f 267 259 266
f 267 253 259
f 271 272 280
f 270 271 280
f 270 280 216
f 269 270 216
f 269 267 268
f 269 216 253
f 269 253 267
f 253 286 221
f 212 208 207
f 212 211 208
f 211 205 208
f 211 209 205
f 215 287 286
f 215 214 287
f 287 213 288
f 214 213 287
f 210 285 288
f 210 288 213
f 217 219 220
f 217 218 219
f 286 288 285
f 287 288 286
usemtl mat_1
f 289 290 220
f 289 220 217
f 217 220 219
f 217 219 218
f 291 219 292
f 291 218 219
f 220 292 219
f 220 290 292
f 217 218 291
f 217 291 289
f 291 293 294
f 291 292 293
f 290 293 292
f 295 293 290
f 289 294 296
f 289 296 295
f 289 291 294
f 289 295 290
f 295 297 293
f 298 297 295
f 299 298 295
f 296 299 295
f 296 294 300
f 299 296 300
f 300 293 297
f 294 293 300
f 298 300 297
f 299 300 298
usemtl mat_2
f 301 302 303
f 301 304 302
f 305 306 307
f 308 309 310
f 308 310 311
f 312 313 314
f 312 314 305
f 312 305 307
f 315 316 312
f 317 307 318
f 317 318 309
f 317 308 319
f 317 319 320
f 317 309 308
f 321 317 322
f 323 324 325
f 326 321 327
f 328 329 323
f 328 323 325
f 330 326 331
f 332 333 328
f 334 332 328
f 303 325 315
f 303 334 328
f 303 315 312
f 303 328 325
f 335 317 321
f 335 326 330
f 335 321 326
f 335 303 312
f 335 330 336
f 335 312 307
f 335 307 317
f 337 303 335
f 338 303 337
f 339 337 335
f 340 339 335
f 341 303 338
f 342 340 335
f 343 303 341
f 344 342 335
f 345 303 343
f 346 303 345
f 347 344 335
f 348 347 335
f 349 303 346
f 350 303 349
f 351 348 335
f 352 351 335
f 353 303 350
f 354 303 353
f 355 352 335
f 356 303 354
f 357 355 335
f 358 303 356
f 359 357 335
f 360 303 358
f 361 359 335
f 362 303 360
f 363 361 335
f 364 303 362
f 365 363 335
f 366 303 364
f 367 365 335
f 368 303 366
f 369 367 335
f 370 301 303
f 370 303 368
f 371 301 370
f 372 301 371
f 373 301 372
f 374 375 301
f 374 376 375
f 374 377 376
f 378 301 373
f 379 301 378
f 380 374 301
f 380 381 374
f 382 301 379
f 383 301 382
f 384 301 383
f 385 386 380
f 385 387 386
f 388 301 384
f 389 301 388
f 390 391 385
f 392 301 389
f 393 380 301
f 393 390 385
f 393 385 380
f 394 301 392
f 395 301 394
f 396 397 393
f 398 301 395
f 399 396 393
f 400 301 398
f 401 301 400
f 402 403 399
f 402 399 393
f 404 393 301
f 404 402 393
f 405 404 301
f 406 407 405
f 408 409 406
f 408 406 405
f 410 408 405
f 411 410 405
f 412 413 411
f 414 415 412
f 414 412 411
f 416 411 405
f 416 414 411
f 417 416 405
f 417 401 418
f 417 418 419
f 417 419 420
f 417 420 421
f 417 421 422
f 417 422 423
f 417 423 424
f 417 424 425
f 417 425 426
f 417 426 427
f 417 427 428
f 417 428 429
f 417 429 430
f 417 430 431
f 417 431 432
f 417 301 401
f 417 433 416
f 417 405 301
f 434 417 432
f 435 436 369
f 435 369 335
f 437 436 435
f 438 435 439
f 440 437 435
f 441 440 435
f 442 438 443
f 442 435 438
f 444 441 435
f 445 444 435
f 446 442 447
f 446 435 442
f 448 445 435
f 449 435 446
f 450 448 435
f 451 435 449
f 452 450 435
f 453 452 435
f 454 451 455
f 454 435 451
f 456 453 435
f 457 456 435
f 458 454 459
f 460 457 435
f 461 454 458
f 462 460 435
f 463 462 435
f 464 461 465
f 464 454 461
f 466 463 435
f 467 466 435
f 468 464 469
f 468 454 464
f 470 468 471
f 470 454 468
f 472 454 470
f 472 435 454
f 473 474 475
f 473 435 472
f 473 472 474
f 476 473 477
f 478 476 479
f 478 473 476
f 480 478 481
f 480 473 478
f 482 480 483
f 484 435 473
f 484 473 480
f 484 480 482
f 484 485 486
f 484 486 487
f 484 487 488
f 484 488 489
f 484 489 490
f 484 490 491
f 484 491 492
f 484 492 493
f 484 493 494
f 484 494 495
f 484 495 496
f 484 496 497
f 484 497 498
f 484 498 499
f 484 499 500
f 484 500 467
f 484 467 435
f 501 417 434
f 502 503 504
f 502 505 503
f 502 506 505
f 502 507 506
f 502 508 507
f 502 509 508
f 502 510 509
f 502 511 510
f 502 512 511
f 502 513 512
f 502 514 513
f 502 515 514
f 502 516 515
f 502 517 516
f 502 518 517
f 502 501 518
f 502 417 501
f 519 502 504
f 519 520 521
f 519 522 520
f 519 523 522
f 519 524 523
f 519 525 524
f 519 526 525
f 519 527 526
f 519 528 527
f 519 529 528
f 519 530 529
f 519 531 530
f 519 532 531
f 519 504 532
f 519 485 484
f 519 533 485
f 519 534 533
f 519 535 534
f 519 521 535
f 536 537 538
f 536 538 502
f 539 519 540
f 539 540 541
f 542 519 539
f 543 536 502
f 543 544 536
f 545 543 502
f 546 519 542
f 546 542 547
f 546 547 548
f 549 545 502
f 550 549 502
f 550 551 549
f 552 502 519
f 552 550 502
f 553 554 555
f 556 557 552
f 558 554 553
f 558 559 554
f 560 519 546
f 560 552 519
f 560 556 552
f 560 546 561
f 560 561 559
f 562 560 559
f 562 563 560
f 564 559 558
f 564 558 565
f 566 562 559
f 566 559 564
f 302 334 303
f 567 332 334
f 567 334 302
f 568 332 567
f 569 333 332
f 569 328 333
f 569 332 568
f 570 329 328
f 570 328 569
f 571 329 570
f 572 323 329
f 572 329 571
f 573 324 323
f 573 323 572
f 574 325 324
f 574 324 573
f 575 325 574
f 575 315 325
f 576 316 315
f 576 315 575
f 577 312 316
f 577 313 312
f 577 316 576
f 578 313 577
f 579 314 313
f 579 305 314
f 579 313 578
f 580 306 305
f 580 305 579
f 581 306 580
f 582 307 306
f 582 306 581
f 583 318 307
f 583 309 318
f 583 307 582
f 584 309 583
f 585 310 309
f 585 309 584
f 586 311 310
f 586 310 585
f 587 308 311
f 587 311 586
f 588 319 308
f 588 308 587
f 589 320 319
f 589 319 588
f 590 317 320
f 590 320 589
f 591 322 317
f 591 317 590
f 592 321 322
f 592 322 591
f 593 327 321
f 593 326 327
f 593 321 592
f 594 326 593
f 595 331 326
f 595 330 331
f 595 326 594
f 596 330 595
f 597 336 330
f 597 330 596
f 598 335 336
f 598 336 597
f 599 301 375
f 599 304 301
f 600 375 376
f 600 376 377
f 600 599 375
f 601 600 377
f 602 377 374
f 602 601 377
f 603 374 381
f 603 381 380
f 603 602 374
f 604 603 380
f 605 380 386
f 605 604 380
f 606 386 387
f 606 387 385
f 606 605 386
f 607 606 385
f 608 385 391
f 608 391 390
f 608 607 385
f 609 608 390
f 610 390 393
f 610 393 397
f 610 609 390
f 611 610 397
f 612 397 396
f 612 611 397
f 613 396 399
f 613 612 396
f 614 399 403
f 614 613 399
f 615 403 402
f 615 402 404
f 615 614 403
f 616 615 404
f 617 404 405
f 617 616 404
f 618 405 407
f 618 617 405
f 619 407 406
f 619 618 407
f 620 406 409
f 620 619 406
f 621 409 408
f 621 620 409
f 622 408 410
f 622 621 408
f 623 410 411
f 623 622 410
f 624 411 413
f 624 623 411
f 625 413 412
f 625 624 413
f 626 412 415
f 626 625 412
f 627 415 414
f 627 626 415
f 628 414 416
f 628 416 433
f 628 627 414
f 629 433 417
f 629 628 433
f 630 629 417
f 580 582 581
f 587 585 584
f 587 586 585
f 577 579 578
f 577 580 579
f 577 582 580
f 575 577 576
f 590 583 582
f 590 584 583
f 590 588 587
f 590 589 588
f 590 587 584
f 592 591 590
f 572 574 573
f 594 593 592
f 570 572 571
f 570 574 572
f 596 595 594
f 568 570 569
f 567 570 568
f 302 570 567
f 302 575 574
f 302 577 575
f 302 574 570
f 598 597 596
f 598 592 590
f 598 582 577
f 598 590 582
f 598 594 592
f 598 596 594
f 598 577 302
f 631 598 302
f 304 631 302
f 602 304 599
f 602 599 600
f 602 600 601
f 604 304 602
f 604 602 603
f 607 604 605
f 607 605 606
f 609 607 608
f 610 304 604
f 610 604 607
f 610 607 609
f 612 610 611
f 613 610 612
f 632 631 304
f 615 610 613
f 615 613 614
f 616 610 615
f 616 304 610
f 617 304 616
f 619 617 618
f 621 617 619
f 621 619 620
f 622 617 621
f 623 617 622
f 625 623 624
f 627 625 626
f 627 623 625
f 628 617 623
f 628 623 627
f 630 632 304
f 630 304 617
f 630 617 628
f 630 628 629
f 633 598 631
f 634 635 633
f 636 637 634
f 636 634 633
f 638 639 636
f 638 636 633
f 640 638 633
f 641 640 633
f 642 643 641
f 642 641 633
f 644 645 642
f 646 644 642
f 647 646 642
f 647 648 646
f 649 633 631
f 650 651 647
f 650 647 642
f 652 650 642
f 652 653 650
f 654 652 642
f 654 642 633
f 655 656 657
f 655 657 654
f 655 654 633
f 658 659 655
f 660 661 658
f 660 658 655
f 662 663 660
f 662 660 655
f 664 665 662
f 666 633 649
f 666 655 633
f 666 664 662
f 666 662 655
f 667 668 632
f 667 632 630
f 669 668 667
f 669 649 668
f 669 666 649
f 670 671 672
f 670 667 671
f 673 674 669
f 673 675 674
f 676 673 669
f 677 667 670
f 677 670 678
f 679 667 677
f 680 676 669
f 680 681 676
f 680 682 681
f 683 667 679
f 684 667 683
f 684 683 685
f 686 669 667
f 686 667 684
f 687 688 689
f 690 686 691
f 692 689 693
f 692 687 689
f 694 680 669
f 694 695 680
f 694 693 695
f 694 669 686
f 694 686 690
f 696 694 697
f 696 693 694
f 698 699 692
f 698 692 693
f 700 698 693
f 700 693 696
f 633 335 598
f 633 435 335
f 666 484 482
f 664 482 483
f 664 666 482
f 665 664 483
f 662 483 480
f 662 480 481
f 662 665 483
f 663 481 478
f 663 662 481
f 660 663 478
f 661 478 479
f 661 660 478
f 658 479 476
f 658 661 479
f 659 476 477
f 659 658 476
f 655 659 477
f 655 477 473
f 656 473 475
f 656 655 473
f 657 475 474
f 657 474 472
f 657 656 475
f 654 657 472
f 652 472 470
f 652 470 471
f 652 654 472
f 653 471 468
f 653 652 471
f 650 653 468
f 651 468 469
f 651 650 468
f 647 469 464
f 647 464 465
f 647 651 469
f 648 647 465
f 646 465 461
f 646 648 465
f 644 461 458
f 644 646 461
f 645 458 459
f 645 644 458
f 642 459 454
f 642 645 459
f 643 454 455
f 643 642 454
f 641 455 451
f 641 643 455
f 640 451 449
f 640 641 451
f 638 449 446
f 638 640 449
f 639 446 447
f 639 447 442
f 639 638 446
f 636 639 442
f 637 442 443
f 637 443 438
f 637 636 442
f 634 637 438
f 635 438 439
f 635 634 438
f 633 439 435
f 633 635 439
f 519 484 666
f 519 666 669
f 674 540 519
f 674 519 669
f 675 541 540
f 675 539 541
f 675 540 674
f 673 539 675
f 676 542 539
f 676 539 673
f 681 547 542
f 681 548 547
f 681 542 676
f 682 548 681
f 680 546 548
f 680 548 682
f 695 561 546
f 695 559 561
f 695 546 680
f 693 559 695
f 689 554 559
f 689 555 554
f 689 559 693
f 688 555 689
f 687 553 555
f 687 558 553
f 687 555 688
f 692 558 687
f 699 565 558
f 699 558 692
f 698 564 565
f 698 565 699
f 700 566 564
f 700 564 698
f 696 562 566
f 696 563 562
f 696 566 700
f 697 563 696
f 694 560 563
f 694 563 697
f 690 556 560
f 690 560 694
f 691 557 556
f 691 556 690
f 686 552 557
f 686 557 691
f 684 550 552
f 684 552 686
f 685 551 550
f 685 550 684
f 683 549 551
f 683 551 685
f 679 545 549
f 679 549 683
f 677 543 545
f 677 545 679
f 678 544 543
f 678 543 677
f 670 536 544
f 670 544 678
f 672 537 536
f 672 538 537
f 672 536 670
f 671 502 538
f 671 538 672
f 667 502 671
f 667 630 417
f 667 417 502
f 701 368 366
f 702 366 364
f 702 701 366
f 703 364 362
f 703 702 364
f 704 703 362
f 705 362 360
f 705 704 362
f 706 360 358
f 706 705 360
f 707 358 356
f 707 706 358
f 708 356 354
f 708 354 353
f 708 707 356
f 709 353 350
f 709 708 353
f 710 709 350
f 711 350 349
f 711 349 346
f 711 710 350
f 712 346 345
f 712 711 346
f 713 345 343
f 713 712 345
f 714 343 341
f 714 713 343
f 715 714 341
f 716 341 338
f 716 338 337
f 716 715 341
f 717 716 337
f 718 337 339
f 718 339 340
f 718 717 337
f 719 718 340
f 720 340 342
f 720 342 344
f 720 719 340
f 721 720 344
f 721 344 347
f 722 721 347
f 723 347 348
f 723 722 347
f 724 348 351
f 724 723 348
f 725 724 351
f 725 351 352
f 725 352 355
f 726 355 357
f 726 725 355
f 727 726 357
f 727 357 359
f 728 359 361
f 728 727 359
f 729 728 361
f 729 361 363
f 730 363 365
f 730 729 363
f 731 730 365
f 732 365 367
f 732 367 369
f 732 731 365
f 733 732 369
f 701 370 368
f 701 734 370
f 735 434 432
f 736 735 432
f 737 736 432
f 737 431 430
f 737 432 431
f 738 737 430
f 739 738 430
f 739 429 428
f 739 430 429
f 740 739 428
f 740 428 427
f 741 740 427
f 742 427 426
f 742 741 427
f 743 742 426
f 743 426 425
f 744 743 425
f 744 424 423
f 744 425 424
f 745 744 423
f 746 423 422
f 746 745 423
f 747 746 422
f 747 422 421
f 748 420 419
f 748 421 420
f 748 747 421
f 749 748 419
f 750 418 401
f 750 419 418
f 750 749 419
f 751 750 401
f 752 401 400
f 752 751 401
f 753 398 395
f 753 400 398
f 753 752 400
f 754 753 395
f 755 394 392
f 755 395 394
f 755 754 395
f 756 755 392
f 757 389 388
f 757 392 389
f 757 756 392
f 758 757 388
f 759 388 384
f 759 758 388
f 760 384 383
f 760 759 384
f 761 382 379
f 761 383 382
f 761 760 383
f 762 761 379
f 763 378 373
f 763 379 378
f 763 762 379
f 764 763 373
f 765 373 372
f 765 764 373
f 766 371 370
f 766 372 371
f 766 765 372
f 734 766 370
f 735 501 434
f 735 767 501
f 768 533 534
f 768 769 533
f 770 534 535
f 770 768 534
f 771 535 521
f 771 521 520
f 771 770 535
f 772 771 520
f 773 520 522
f 773 522 523
f 773 772 520
f 774 773 523
f 775 523 524
f 775 524 525
f 775 774 523
f 776 775 525
f 777 525 526
f 777 776 525
f 778 526 527
f 778 777 526
f 779 527 528
f 779 528 529
f 779 778 527
f 780 529 530
f 780 779 529
f 781 780 530
f 782 530 531
f 782 531 532
f 782 781 530
f 783 782 532
f 784 532 504
f 784 783 532
f 785 504 503
f 785 784 504
f 786 785 503
f 786 503 505
f 786 505 506
f 787 506 507
f 787 786 506
f 788 787 507
f 789 507 508
f 789 788 507
f 790 789 508
f 790 508 509
f 791 509 510
f 791 790 509
f 792 791 510
f 792 510 511
f 793 511 512
f 793 792 511
f 794 793 512
f 794 512 513
f 795 513 514
f 795 794 513
f 796 795 514
f 796 514 515
f 797 515 516
f 797 796 515
f 798 797 516
f 798 516 517
f 798 517 518
f 799 518 501
f 799 798 518
f 767 799 501
f 769 485 533
f 769 800 485
f 801 437 440
f 801 436 437
f 801 802 436
f 803 801 440
f 804 803 440
f 804 441 444
f 804 440 441
f 805 804 444
f 805 444 445
f 806 805 445
f 807 806 445
f 807 445 448
f 808 807 448
f 808 450 452
f 808 448 450
f 809 808 452
f 809 452 453
f 810 809 453
f 810 453 456
f 811 810 456
f 812 456 457
f 812 811 456
f 813 812 457
f 813 460 462
f 813 457 460
f 814 813 462
f 815 463 466
f 815 462 463
f 815 814 462
f 816 466 467
f 816 815 466
f 817 816 467
f 818 500 499
f 818 467 500
f 818 817 467
f 819 499 498
f 819 818 499
f 820 498 497
f 820 819 498
f 821 497 496
f 821 820 497
f 822 821 496
f 823 495 494
f 823 496 495
f 823 822 496
f 824 494 493
f 824 823 494
f 825 824 493
f 826 493 492
f 826 825 493
f 827 492 491
f 827 826 492
f 828 491 490
f 828 827 491
f 829 490 489
f 829 828 490
f 830 489 488
f 830 829 489
f 831 488 487
f 831 830 488
f 832 487 486
f 832 831 487
f 800 486 485
f 800 832 486
f 802 369 436
f 802 733 369
f 632 735 833
f 668 767 735
f 668 834 767
f 668 735 632
f 800 649 835
f 769 668 649
f 769 649 800
f 834 668 769
f 631 836 733
f 649 733 802
f 649 802 835
f 649 631 733
f 701 836 631
f 734 631 632
f 734 701 631
f 833 734 632
f 718 836 717
f 716 717 836
f 715 716 836
f 719 836 718
f 720 836 719
f 714 715 836
f 713 714 836
f 721 836 720
f 712 713 836
f 722 836 721
f 711 712 836
f 723 836 722
f 710 711 836
f 724 836 723
f 709 710 836
f 725 836 724
f 708 709 836
f 726 836 725
f 707 708 836
f 727 836 726
f 706 707 836
f 728 836 727
f 705 706 836
f 704 705 836
f 703 704 836
f 733 836 732
f 732 836 731
f 731 836 730
f 730 836 729
f 729 836 728
f 836 701 702
f 836 702 703
f 833 764 765
f 833 763 764
f 833 762 763
f 833 761 762
f 833 760 761
f 833 759 760
f 833 758 759
f 833 757 758
f 833 756 757
f 833 755 756
f 833 754 755
f 833 753 754
f 833 752 753
f 833 751 752
f 750 751 833
f 749 750 833
f 748 749 833
f 747 748 833
f 746 747 833
f 745 746 833
f 744 745 833
f 743 744 833
f 742 743 833
f 741 742 833
f 740 741 833
f 734 833 766
f 766 833 765
f 833 735 736
f 833 736 737
f 833 737 738
f 833 738 739
f 833 739 740
f 834 776 777
f 834 777 778
f 834 778 779
f 834 779 780
f 834 780 781
f 834 781 782
f 834 782 783
f 834 783 784
f 834 784 785
f 834 785 786
f 834 786 787
f 834 787 788
f 834 788 789
f 834 789 790
f 834 790 791
f 834 791 792
f 834 792 793
f 834 793 794
f 834 794 795
f 834 795 796
f 834 769 768
f 834 768 770
f 834 770 771
f 834 771 772
f 834 772 773
f 834 773 774
f 834 774 775
f 834 775 776
f 767 834 799
f 799 834 798
f 798 834 797
f 797 834 796
f 835 816 817
f 835 815 816
f 835 814 815
f 835 813 814
f 835 812 813
f 835 811 812
f 835 810 811
f 835 809 810
f 835 808 809
f 835 807 808
f 835 806 807
f 835 805 806
f 818 835 817
f 819 835 818
f 820 835 819
f 821 835 820
f 822 835 821
f 823 835 822
f 824 835 823
f 825 835 824
f 835 802 801
f 835 801 803
f 835 803 804
f 835 804 805
f 800 835 832
f 832 835 831
f 831 835 830
f 830 835 829
f 829 835 828
f 828 835 827
f 827 835 826
f 826 835 825
usemtl mat_3
f 837 838 839
f 837 840 838
f 841 842 843
f 844 845 846
f 847 848 849
f 850 844 851
f 852 853 854
f 852 854 847
f 855 850 856
f 857 858 852
f 859 860 861
f 859 861 862
f 859 862 863
f 859 863 864
f 859 864 865
f 859 865 845
f 859 855 866
f 859 866 867
f 859 867 868
f 859 844 850
f 859 845 844
f 859 850 855
f 839 869 870
f 839 870 857
f 839 849 841
f 839 843 871
f 839 871 872
f 839 872 860
f 839 841 843
f 839 847 849
f 839 857 852
f 839 852 847
f 839 860 859
f 873 874 875
f 876 873 875
f 876 877 837
f 876 875 877
f 878 876 837
f 878 879 876
f 880 878 837
f 881 880 837
f 881 882 880
f 883 884 881
f 885 883 881
f 886 885 881
f 887 881 837
f 887 886 881
f 888 887 837
f 889 890 888
f 889 891 890
f 892 888 837
f 892 889 888
f 893 894 895
f 893 896 894
f 897 892 837
f 897 893 895
f 897 895 892
f 897 898 893
f 899 897 837
f 900 901 902
f 903 900 902
f 903 902 899
f 904 837 839
f 904 899 837
f 904 903 899
f 904 839 859
f 905 906 907
f 905 908 906
f 909 905 910
f 911 905 909
f 911 908 905
f 912 911 913
f 912 908 911
f 914 908 912
f 915 908 914
f 916 915 917
f 918 916 919
f 918 915 916
f 918 908 915
f 920 908 918
f 921 922 923
f 921 920 922
f 921 908 920
f 924 908 921
f 925 924 926
f 927 908 924
f 927 924 925
f 928 908 927
f 929 930 931
f 929 932 930
f 933 928 932
f 933 908 928
f 933 932 929
f 934 933 935
f 934 908 933
f 936 934 937
f 936 908 934
f 938 859 908
f 938 904 859
f 939 908 936
f 939 938 908
f 940 939 941
f 942 943 938
f 944 942 938
f 944 945 942
f 946 940 947
f 946 947 948
f 949 944 938
f 949 950 944
f 951 940 946
f 951 946 952
f 951 952 953
f 954 949 938
f 954 955 949
f 956 939 940
f 956 940 951
f 957 939 956
f 958 938 939
f 958 939 957
f 959 954 938
f 959 960 961
f 959 961 954
f 962 963 959
f 964 938 958
f 964 958 965
f 964 965 966
f 967 962 959
f 968 959 938
f 968 967 959
f 969 964 970
f 969 938 964
f 969 968 938
f 838 869 839
f 971 869 838
f 972 870 869
f 972 869 971
f 973 857 870
f 973 870 972
f 974 858 857
f 974 857 973
f 975 852 858
f 975 853 852
f 975 858 974
f 976 853 975
f 977 854 853
f 977 853 976
f 978 847 854
f 978 854 977
f 979 847 978
f 979 848 847
f 979 849 848
f 980 849 979
f 981 849 980
f 981 841 849
f 982 842 841
f 982 843 842
f 982 841 981
f 983 843 982
f 984 843 983
f 984 871 843
f 984 872 871
f 985 872 984
f 986 860 872
f 986 872 985
f 987 861 860
f 987 860 986
f 988 862 861
f 988 861 987
f 989 863 862
f 989 862 988
f 990 864 863
f 990 863 989
f 991 865 864
f 991 864 990
f 992 845 865
f 992 846 845
f 992 865 991
f 993 846 992
f 994 844 846
f 994 851 844
f 994 846 993
f 995 851 994
f 996 850 851
f 996 851 995
f 997 856 850
f 997 850 996
f 998 855 856
f 998 866 855
f 998 856 997
f 999 867 866
f 999 866 998
f 1000 867 999
f 1001 868 867
f 1001 867 1000
f 1002 859 868
f 1002 868 1001
f 1003 837 877
f 1003 840 837
f 1004 877 875
f 1004 1003 877
f 1005 875 874
f 1005 874 873
f 1005 1004 875
f 1006 1005 873
f 1007 873 876
f 1007 1006 873
f 1008 876 879
f 1008 879 878
f 1008 1007 876
f 1009 1008 878
f 1010 1009 878
f 1010 878 880
f 1011 1010 880
f 1011 880 882
f 1011 882 881
f 1012 1011 881
f 1013 1012 881
f 1013 881 884
f 1014 884 883
f 1014 883 885
f 1014 1013 884
f 1015 885 886
f 1015 1014 885
f 1016 1015 886
f 1017 886 887
f 1017 887 888
f 1017 1016 886
f 1018 888 890
f 1018 1017 888
f 1019 1018 890
f 1020 890 891
f 1020 1019 890
f 1021 891 889
f 1021 1020 891
f 1022 889 892
f 1022 1021 889
f 1023 892 895
f 1023 1022 892
f 1024 895 894
f 1024 1023 895
f 1025 894 896
f 1025 1024 894
f 1026 896 893
f 1026 893 898
f 1026 1025 896
f 1027 898 897
f 1027 1026 898
f 1028 1027 897
f 1029 897 899
f 1029 1028 897
f 1030 899 902
f 1030 1029 899
f 1031 902 901
f 1031 1030 902
f 1032 901 900
f 1032 900 903
f 1032 1031 901
f 1033 1032 903
f 1034 903 904
f 1034 1033 903
f 981 983 982
f 994 993 992
f 978 980 979
f 996 995 994
f 975 977 976
f 975 978 977
f 998 997 996
f 973 975 974
f 1002 987 986
f 1002 988 987
f 1002 989 988
f 1002 990 989
f 1002 991 990
f 1002 992 991
f 1002 999 998
f 1002 1000 999
f 1002 1001 1000
f 1002 996 994
f 1002 994 992
f 1002 998 996
f 838 972 971
f 838 973 972
f 838 981 980
f 838 984 983
f 838 985 984
f 838 986 985
f 838 983 981
f 838 980 978
f 838 975 973
f 838 978 975
f 838 1002 986
f 1006 1004 1005
f 1007 1004 1006
f 1007 840 1003
f 1007 1003 1004
f 1009 840 1007
f 1009 1007 1008
f 1010 840 1009
f 1012 840 1010
f 1012 1010 1011
f 1014 1012 1013
f 1015 1012 1014
f 1016 1012 1015
f 1017 840 1012
f 1017 1012 1016
f 1018 840 1017
f 1021 1018 1019
f 1021 1019 1020
f 1022 840 1018
f 1022 1018 1021
f 1026 1023 1024
f 1026 1024 1025
f 1028 840 1022
f 1028 1023 1026
f 1028 1022 1023
f 1028 1026 1027
f 1029 840 1028
f 1032 1030 1031
f 1033 1030 1032
f 1033 1029 1030
f 1034 838 840
f 1034 840 1029
f 1034 1029 1033
f 1034 1002 838
f 1035 1036 1037
f 1035 1037 1038
f 1039 1040 1035
f 1041 1039 1035
f 1041 1035 1038
f 1042 1043 1041
f 1042 1041 1038
f 1044 1042 1038
f 1045 1044 1038
f 1046 1047 1045
f 1048 1049 1046
f 1048 1046 1045
f 1048 1045 1038
f 1050 1048 1038
f 1051 1052 1053
f 1051 1053 1050
f 1051 1050 1038
f 1054 1051 1038
f 1055 1056 1054
f 1057 1054 1038
f 1057 1055 1054
f 1058 1057 1038
f 1059 1060 1061
f 1059 1061 1062
f 1063 1062 1058
f 1063 1058 1038
f 1063 1059 1062
f 1064 1065 1063
f 1064 1063 1038
f 1066 1067 1064
f 1066 1064 1038
f 1068 1038 1002
f 1068 1002 1034
f 1069 1066 1038
f 1069 1038 1068
f 1070 1071 1069
f 1072 1068 1073
f 1074 1068 1072
f 1074 1072 1075
f 1076 1077 1070
f 1076 1078 1077
f 1079 1068 1074
f 1079 1074 1080
f 1081 1076 1070
f 1081 1082 1076
f 1081 1083 1082
f 1084 1068 1079
f 1084 1079 1085
f 1086 1070 1069
f 1086 1081 1070
f 1087 1086 1069
f 1088 1069 1068
f 1088 1087 1069
f 1089 1068 1084
f 1089 1090 1091
f 1089 1084 1090
f 1092 1089 1093
f 1094 1088 1068
f 1094 1095 1088
f 1094 1096 1095
f 1097 1089 1092
f 1098 1068 1089
f 1098 1089 1097
f 1099 1100 1094
f 1099 1094 1068
f 1099 1068 1098
f 1038 859 1002
f 1038 908 859
f 1066 936 937
f 1067 1066 937
f 1064 937 934
f 1064 1067 937
f 1065 934 935
f 1065 1064 934
f 1063 935 933
f 1063 1065 935
f 1059 933 929
f 1059 929 931
f 1059 1063 933
f 1060 1059 931
f 1061 931 930
f 1061 1060 931
f 1062 930 932
f 1062 1061 930
f 1058 1062 932
f 1058 932 928
f 1058 928 927
f 1057 1058 927
f 1055 1057 927
f 1055 927 925
f 1056 925 926
f 1056 926 924
f 1056 1055 925
f 1054 1056 924
f 1051 1054 924
f 1051 924 921
f 1051 921 923
f 1052 1051 923
f 1053 923 922
f 1053 1052 923
f 1050 922 920
f 1050 1053 922
f 1048 920 918
f 1048 1050 920
f 1049 918 919
f 1049 1048 918
f 1046 919 916
f 1046 1049 919
f 1047 916 917
f 1047 1046 916
f 1045 917 915
f 1045 915 914
f 1045 1047 917
f 1044 1045 914
f 1042 914 912
f 1042 912 913
f 1042 1044 914
f 1043 1042 913
f 1041 913 911
f 1041 1043 913
f 1039 911 909
f 1039 1041 911
f 1040 909 910
f 1040 910 905
f 1040 1039 909
f 1035 905 907
f 1035 1040 905
f 1036 1035 907
f 1037 907 906
f 1037 1036 907
f 1038 906 908
f 1038 1037 906
f 939 936 1066
f 939 1066 1069
f 1071 941 939
f 1071 939 1069
f 1070 940 941
f 1070 941 1071
f 1077 947 940
f 1077 948 947
f 1077 940 1070
f 1078 948 1077
f 1076 946 948
f 1076 948 1078
f 1082 952 946
f 1082 953 952
f 1082 946 1076
f 1083 953 1082
f 1081 953 1083
f 1081 951 953
f 1086 951 1081
f 1086 956 951
f 1086 957 956
f 1087 957 1086
f 1088 957 1087
f 1088 958 957
f 1095 965 958
f 1095 966 965
f 1095 958 1088
f 1096 964 966
f 1096 966 1095
f 1094 964 1096
f 1100 970 964
f 1100 969 970
f 1100 964 1094
f 1099 968 969
f 1099 969 1100
f 1098 968 1099
f 1097 967 968
f 1097 968 1098
f 1092 962 967
f 1092 967 1097
f 1093 963 962
f 1093 962 1092
f 1089 959 963
f 1089 963 1093
f 1091 960 959
f 1091 959 1089
f 1090 961 960
f 1090 960 1091
f 1084 954 961
f 1084 955 954
f 1084 961 1090
f 1085 949 955
f 1085 955 1084
f 1079 949 1085
f 1080 950 949
f 1080 949 1079
f 1074 944 950
f 1074 950 1080
f 1075 945 944
f 1075 944 1074
f 1072 942 945
f 1072 943 942
f 1072 945 1075
f 1073 943 1072
f 1068 938 943
f 1068 943 1073
f 1068 1034 904
f 1068 904 938
usemtl mat_4
f 1101 1102 1103
f 1101 1104 1102
f 1105 1106 1107
f 1105 1107 1108
f 1105 1103 1106
f 1105 1101 1103
f 1108 1107 1102
f 1108 1102 1104
f 1106 1103 1102
f 1107 1106 1102
f 1105 1104 1101
f 1108 1104 1105
usemtl mat_5
f 1109 1110 1111
f 1109 1112 1110
f 1113 1114 1115
f 1113 1115 1111
f 1109 1115 1116
f 1109 1111 1115
f 1117 1109 1116
f 1118 1109 1117
f 1118 1114 1113
f 1118 1117 1114
f 1119 1112 1109
f 1119 1109 1118
f 1120 1121 1122
f 1120 1110 1121
f 1112 1123 1121
f 1112 1121 1110
f 1124 1123 1112
f 1119 1124 1112
f 1119 1120 1122
f 1119 1122 1124
f 1120 1111 1110
f 1120 1113 1111
f 1118 1113 1120
f 1118 1120 1119
f 1124 1116 1123
f 1124 1117 1116
f 1117 1122 1114
f 1117 1124 1122
f 1122 1121 1115
f 1122 1115 1114
f 1116 1115 1121
f 1116 1121 1123
usemtl mat_6
f 1125 1126 1127
f 1125 1127 1128
f 1129 1128 1130
f 1129 1125 1128
f 1131 1130 1132
f 1131 1129 1130
f 1133 1132 1134
f 1133 1131 1132
f 1135 1134 1136
f 1135 1133 1134
f 1137 1136 1138
f 1137 1135 1136
f 1139 1138 1140
f 1139 1137 1138
f 1141 1140 1142
f 1141 1139 1140
f 1143 1142 1144
f 1143 1141 1142
f 1145 1144 1146
f 1145 1143 1144
f 1147 1145 1146
f 1147 1146 1148
f 1149 1147 1148
f 1149 1148 1150
f 1151 1149 1150
f 1151 1150 1152
f 1151 1152 1153
f 1154 1151 1153
f 1154 1153 1155
f 1156 1154 1155
f 1157 1156 1155
f 1157 1155 1158
f 1157 1158 1159
f 1160 1157 1159
f 1161 1160 1159
f 1161 1159 1162
f 1163 1161 1162
f 1163 1162 1164
f 1165 1163 1164
f 1165 1164 1166
f 1167 1165 1166
f 1167 1166 1168
f 1169 1167 1168
f 1169 1168 1170
f 1171 1170 1172
f 1171 1169 1170
f 1173 1172 1174
f 1173 1171 1172
f 1175 1174 1176
f 1175 1173 1174
f 1177 1176 1178
f 1177 1175 1176
f 1179 1178 1180
f 1179 1177 1178
f 1181 1180 1182
f 1181 1179 1180
f 1183 1182 1184
f 1183 1181 1182
f 1185 1184 1186
f 1185 1183 1184
f 1187 1186 1188
f 1187 1185 1186
f 1189 1188 1190
f 1189 1187 1188
f 1191 1190 1192
f 1191 1192 1193
f 1191 1189 1190
f 1194 1191 1193
f 1195 1193 1196
f 1195 1194 1193
f 1197 1196 1198
f 1197 1195 1196
f 1199 1197 1198
f 1199 1198 1200
f 1201 1199 1200
f 1201 1200 1202
f 1201 1202 1203
f 1204 1201 1203
f 1205 1204 1203
f 1205 1203 1206
f 1207 1205 1206
f 1207 1206 1208
f 1209 1207 1208
f 1209 1208 1210
f 1211 1209 1210
f 1211 1210 1212
f 1213 1211 1212
f 1213 1212 1214
f 1215 1213 1214
f 1215 1214 1216
f 1217 1215 1216
f 1217 1216 1218
f 1219 1217 1218
f 1219 1218 1220
f 1221 1219 1220
f 1221 1220 1222
f 1223 1221 1222
f 1223 1222 1224
f 1225 1223 1224
f 1225 1224 1226
f 1227 1225 1226
f 1227 1226 1228
f 1229 1227 1228
f 1229 1228 1230
f 1229 1230 1231
f 1232 1229 1231
f 1233 1232 1231
f 1233 1231 1234
f 1235 1233 1234
f 1235 1234 1236
f 1237 1235 1236
f 1237 1236 1238
f 1239 1237 1238
f 1239 1238 1240
f 1241 1240 1242
f 1241 1239 1240
f 1243 1242 1244
f 1243 1241 1242
f 1245 1244 1246
f 1245 1243 1244
f 1247 1246 1248
f 1247 1245 1246
f 1249 1247 1248
f 1249 1248 1250
f 1251 1249 1250
f 1251 1250 1252
f 1253 1251 1252
f 1253 1252 1254
f 1255 1253 1254
f 1255 1254 1256
f 1257 1255 1256
f 1257 1256 1258
f 1259 1257 1258
f 1259 1258 1260
f 1261 1259 1260
f 1261 1260 1262
f 1263 1261 1262
f 1263 1262 1264
f 1265 1263 1264
f 1265 1264 1266
f 1267 1265 1266
f 1267 1266 1268
f 1269 1267 1268
f 1269 1268 1270
f 1271 1269 1270
f 1271 1270 1272
f 1273 1271 1272
f 1273 1272 1274
f 1275 1274 1276
f 1275 1273 1274
f 1277 1276 1278
f 1277 1275 1276
f 1279 1278 1280
f 1279 1277 1278
f 1281 1280 1282
f 1281 1279 1280
f 1283 1282 1284
f 1283 1281 1282
f 1285 1284 1286
f 1285 1283 1284
f 1287 1286 1288
f 1287 1285 1286
f 1289 1288 1290
f 1289 1287 1288
f 1291 1290 1292
f 1291 1289 1290
f 1293 1292 1294
f 1293 1291 1292
f 1295 1294 1296
f 1295 1293 1294
f 1297 1296 1298
f 1297 1295 1296
f 1299 1298 1300
f 1299 1297 1298
f 1301 1299 1300
f 1301 1300 1302
f 1303 1301 1302
f 1303 1302 1304
f 1305 1303 1304
f 1305 1304 1306
f 1307 1305 1306
f 1307 1306 1308
f 1309 1308 1310
f 1309 1307 1308
f 1311 1310 1312
f 1311 1309 1310
f 1313 1312 1314
f 1313 1311 1312
f 1315 1314 1316
f 1315 1313 1314
f 1317 1316 1318
f 1317 1315 1316
f 1319 1318 1320
f 1319 1317 1318
f 1321 1320 1322
f 1321 1319 1320
f 1323 1322 1324
f 1323 1321 1322
f 1325 1324 1326
f 1325 1323 1324
f 1327 1326 1328
f 1327 1325 1326
f 1329 1328 1330
f 1329 1327 1328
f 1331 1330 1332
f 1331 1329 1330
f 1333 1332 1334
f 1333 1331 1332
f 1335 1334 1336
f 1335 1333 1334
f 1337 1336 1338
f 1337 1335 1336
f 1339 1338 1340
f 1339 1337 1338
f 1341 1340 1342
f 1341 1339 1340
f 1343 1342 1344
f 1343 1341 1342
f 1345 1344 1346
f 1345 1343 1344
f 1347 1346 1348
f 1347 1345 1346
f 1349 1347 1348
f 1349 1348 1350
f 1351 1349 1350
f 1351 1350 1352
f 1353 1351 1352
f 1353 1352 1354
f 1355 1353 1354
f 1355 1354 1356
f 1357 1355 1356
f 1357 1356 1358
f 1359 1357 1358
f 1359 1358 1360
f 1361 1359 1360
f 1361 1360 1362
f 1363 1361 1362
f 1363 1362 1364
f 1365 1363 1364
f 1365 1364 1366
f 1367 1365 1366
f 1367 1366 1368
f 1369 1367 1368
f 1369 1368 1370
f 1371 1369 1370
f 1371 1370 1372
f 1373 1371 1372
f 1373 1372 1374
f 1375 1374 1376
f 1375 1373 1374
f 1126 1376 1127
f 1126 1375 1376
f 1377 1281 1283
f 1377 1283 1378
f 1379 1283 1285
f 1379 1378 1283
f 1380 1281 1377
f 1380 1277 1279
f 1380 1279 1281
f 1381 1379 1285
f 1381 1285 1287
f 1382 1277 1380
f 1382 1275 1277
f 1383 1381 1287
f 1383 1287 1289
f 1384 1275 1382
f 1384 1273 1275
f 1385 1383 1289
f 1385 1289 1291
f 1386 1273 1384
f 1386 1271 1273
f 1387 1291 1293
f 1387 1385 1291
f 1388 1271 1386
f 1389 1387 1293
f 1389 1293 1295
f 1390 1271 1388
f 1390 1269 1271
f 1391 1295 1297
f 1391 1389 1295
f 1392 1269 1390
f 1392 1265 1267
f 1392 1267 1269
f 1393 1391 1297
f 1393 1297 1299
f 1394 1265 1392
f 1395 1393 1299
f 1395 1299 1301
f 1395 1301 1303
f 1396 1265 1394
f 1396 1263 1265
f 1397 1395 1303
f 1398 1263 1396
f 1398 1261 1263
f 1399 1397 1303
f 1399 1303 1305
f 1400 1257 1259
f 1400 1261 1398
f 1400 1259 1261
f 1401 1399 1305
f 1401 1305 1307
f 1402 1255 1257
f 1402 1257 1400
f 1403 1401 1307
f 1403 1307 1309
f 1404 1255 1402
f 1405 1403 1309
f 1405 1309 1311
f 1406 1255 1404
f 1406 1251 1253
f 1406 1253 1255
f 1407 1311 1313
f 1407 1405 1311
f 1408 1251 1406
f 1409 1407 1313
f 1409 1313 1315
f 1409 1315 1317
f 1410 1249 1251
f 1410 1251 1408
f 1411 1409 1317
f 1411 1317 1319
f 1412 1247 1249
f 1412 1249 1410
f 1413 1411 1319
f 1414 1247 1412
f 1414 1245 1247
f 1415 1413 1319
f 1415 1319 1321
f 1416 1245 1414
f 1416 1243 1245
f 1417 1415 1321
f 1417 1321 1323
f 1418 1243 1416
f 1418 1241 1243
f 1419 1417 1323
f 1419 1323 1325
f 1420 1241 1418
f 1420 1239 1241
f 1421 1325 1327
f 1421 1419 1325
f 1422 1239 1420
f 1422 1235 1237
f 1422 1237 1239
f 1423 1421 1327
f 1423 1327 1329
f 1424 1235 1422
f 1425 1329 1331
f 1425 1423 1329
f 1426 1235 1424
f 1426 1233 1235
f 1427 1331 1333
f 1427 1333 1335
f 1427 1425 1331
f 1428 1232 1233
f 1428 1233 1426
f 1429 1427 1335
f 1430 1229 1232
f 1430 1232 1428
f 1431 1335 1337
f 1431 1337 1339
f 1431 1429 1335
f 1432 1227 1229
f 1432 1229 1430
f 1433 1431 1339
f 1341 1433 1339
f 1434 1225 1227
f 1434 1227 1432
f 1435 1433 1341
f 1436 1223 1225
f 1436 1225 1434
f 1437 1341 1343
f 1437 1435 1341
f 1221 1223 1436
f 1438 1221 1436
f 1439 1343 1345
f 1439 1437 1343
f 1219 1221 1438
f 1219 1438 1440
f 1441 1439 1345
f 1347 1441 1345
f 1442 1219 1440
f 1217 1219 1442
f 1349 1441 1347
f 1349 1443 1441
f 1444 1443 1349
f 1215 1217 1442
f 1215 1442 1445
f 1351 1444 1349
f 1213 1215 1445
f 1213 1445 1446
f 1353 1444 1351
f 1353 1447 1444
f 1211 1213 1446
f 1211 1446 1448
f 1355 1449 1447
f 1355 1447 1353
f 1209 1211 1448
f 1209 1448 1450
f 1357 1449 1355
f 1357 1451 1449
f 1207 1209 1450
f 1207 1450 1452
f 1359 1453 1451
f 1359 1454 1453
f 1359 1451 1357
f 1205 1207 1452
f 1205 1455 1456
f 1205 1452 1455
f 1361 1454 1359
f 1204 1205 1456
f 1363 1457 1454
f 1363 1458 1457
f 1363 1454 1361
f 1201 1456 1459
f 1201 1204 1456
f 1365 1458 1363
f 1199 1459 1460
f 1199 1201 1459
f 1367 1461 1458
f 1367 1458 1365
f 1197 1199 1460
f 1197 1462 1463
f 1197 1460 1462
f 1369 1464 1461
f 1369 1465 1464
f 1369 1461 1367
f 1195 1197 1463
f 1371 1465 1369
f 1194 1195 1463
f 1194 1463 1466
f 1373 1465 1371
f 1373 1467 1465
f 1191 1194 1466
f 1191 1466 1468
f 1375 1467 1373
f 1375 1469 1467
f 1189 1191 1468
f 1189 1468 1470
f 1126 1471 1469
f 1126 1469 1375
f 1187 1472 1473
f 1187 1470 1472
f 1187 1189 1470
f 1125 1474 1471
f 1125 1475 1474
f 1125 1471 1126
f 1185 1473 1476
f 1185 1187 1473
f 1129 1475 1125
f 1183 1185 1476
f 1131 1477 1475
f 1131 1475 1129
f 1181 1183 1476
f 1181 1476 1478
f 1133 1479 1477
f 1133 1477 1131
f 1179 1181 1478
f 1179 1478 1480
f 1135 1481 1479
f 1135 1482 1481
f 1135 1479 1133
f 1177 1179 1480
f 1177 1480 1483
f 1137 1484 1482
f 1137 1482 1135
f 1175 1177 1483
f 1175 1483 1485
f 1139 1484 1137
f 1173 1175 1485
f 1173 1485 1486
f 1141 1487 1484
f 1141 1488 1487
f 1141 1484 1139
f 1171 1173 1486
f 1171 1486 1489
f 1143 1488 1141
f 1143 1490 1488
f 1169 1171 1489
f 1169 1491 1492
f 1169 1489 1491
f 1145 1490 1143
f 1145 1493 1490
f 1167 1169 1492
f 1147 1493 1145
f 1147 1494 1493
f 1165 1167 1492
f 1165 1492 1495
f 1149 1494 1147
f 1163 1165 1495
f 1163 1495 1496
f 1151 1494 1149
f 1151 1497 1494
f 1161 1163 1496
f 1161 1496 1498
f 1154 1497 1151
f 1154 1499 1497
f 1160 1498 1500
f 1160 1161 1498
f 1156 1501 1499
f 1156 1502 1501
f 1156 1499 1154
f 1157 1500 1502
f 1157 1502 1156
f 1157 1160 1500
f 1503 1284 1282
f 1503 1504 1284
f 1505 1286 1284
f 1505 1284 1504
f 1506 1503 1282
f 1506 1280 1278
f 1506 1282 1280
f 1507 1286 1505
f 1507 1288 1286
f 1508 1506 1278
f 1508 1278 1276
f 1509 1288 1507
f 1509 1290 1288
f 1510 1508 1276
f 1510 1276 1274
f 1511 1290 1509
f 1511 1292 1290
f 1512 1510 1274
f 1512 1274 1272
f 1513 1294 1292
f 1513 1292 1511
f 1514 1512 1272
f 1515 1294 1513
f 1515 1296 1294
f 1516 1514 1272
f 1516 1272 1270
f 1517 1298 1296
f 1517 1296 1515
f 1518 1516 1270
f 1518 1268 1266
f 1518 1270 1268
f 1519 1298 1517
f 1519 1300 1298
f 1520 1518 1266
f 1521 1300 1519
f 1521 1302 1300
f 1521 1304 1302
f 1522 1520 1266
f 1522 1266 1264
f 1523 1304 1521
f 1524 1522 1264
f 1524 1264 1262
f 1525 1304 1523
f 1525 1306 1304
f 1526 1260 1258
f 1526 1524 1262
f 1526 1262 1260
f 1527 1306 1525
f 1527 1308 1306
f 1528 1258 1256
f 1528 1526 1258
f 1529 1308 1527
f 1529 1310 1308
f 1530 1528 1256
f 1531 1310 1529
f 1531 1312 1310
f 1532 1530 1256
f 1532 1254 1252
f 1532 1256 1254
f 1533 1314 1312
f 1533 1312 1531
f 1534 1532 1252
f 1535 1314 1533
f 1535 1316 1314
f 1535 1318 1316
f 1536 1252 1250
f 1536 1534 1252
f 1537 1318 1535
f 1537 1320 1318
f 1538 1250 1248
f 1538 1536 1250
f 1539 1320 1537
f 1540 1538 1248
f 1540 1248 1246
f 1541 1320 1539
f 1541 1322 1320
f 1542 1540 1246
f 1542 1246 1244
f 1543 1322 1541
f 1543 1324 1322
f 1544 1542 1244
f 1544 1244 1242
f 1545 1324 1543
f 1545 1326 1324
f 1546 1544 1242
f 1546 1242 1240
f 1547 1328 1326
f 1547 1326 1545
f 1548 1546 1240
f 1548 1238 1236
f 1548 1240 1238
f 1549 1328 1547
f 1549 1330 1328
f 1550 1548 1236
f 1551 1332 1330
f 1551 1330 1549
f 1552 1550 1236
f 1552 1236 1234
f 1553 1334 1332
f 1553 1336 1334
f 1553 1332 1551
f 1554 1234 1231
f 1554 1552 1234
f 1555 1336 1553
f 1556 1231 1230
f 1556 1554 1231
f 1557 1338 1336
f 1557 1340 1338
f 1557 1336 1555
f 1558 1230 1228
f 1558 1556 1230
f 1559 1340 1557
f 1342 1340 1559
f 1560 1228 1226
f 1560 1558 1228
f 1561 1342 1559
f 1562 1226 1224
f 1562 1560 1226
f 1563 1344 1342
f 1563 1342 1561
f 1222 1562 1224
f 1564 1562 1222
f 1565 1346 1344
f 1565 1344 1563
f 1220 1564 1222
f 1220 1566 1564
f 1567 1346 1565
f 1348 1346 1567
f 1568 1566 1220
f 1218 1568 1220
f 1350 1348 1567
f 1350 1567 1569
f 1570 1350 1569
f 1216 1568 1218
f 1216 1571 1568
f 1352 1350 1570
f 1214 1571 1216
f 1214 1572 1571
f 1354 1352 1570
f 1354 1570 1573
f 1212 1572 1214
f 1212 1574 1572
f 1356 1573 1575
f 1356 1354 1573
f 1210 1574 1212
f 1210 1576 1574
f 1358 1356 1575
f 1358 1575 1577
f 1208 1576 1210
f 1208 1578 1576
f 1360 1577 1579
f 1360 1579 1580
f 1360 1358 1577
f 1206 1578 1208
f 1206 1581 1582
f 1206 1582 1578
f 1362 1360 1580
f 1203 1581 1206
f 1364 1580 1583
f 1364 1583 1584
f 1364 1362 1580
f 1202 1585 1581
f 1202 1581 1203
f 1366 1364 1584
f 1200 1586 1585
f 1200 1585 1202
f 1368 1584 1587
f 1368 1366 1584
f 1198 1586 1200
f 1198 1588 1589
f 1198 1589 1586
f 1370 1587 1590
f 1370 1590 1591
f 1370 1368 1587
f 1196 1588 1198
f 1372 1370 1591
f 1193 1588 1196
f 1193 1592 1588
f 1374 1372 1591
f 1374 1591 1593
f 1192 1592 1193
f 1192 1594 1592
f 1376 1374 1593
f 1376 1593 1595
f 1190 1594 1192
f 1190 1596 1594
f 1127 1595 1597
f 1127 1376 1595
f 1188 1598 1599
f 1188 1599 1596
f 1188 1596 1190
f 1128 1597 1600
f 1128 1600 1601
f 1128 1127 1597
f 1186 1602 1598
f 1186 1598 1188
f 1130 1128 1601
f 1184 1602 1186
f 1132 1601 1603
f 1132 1130 1601
f 1182 1602 1184
f 1182 1604 1602
f 1134 1603 1605
f 1134 1132 1603
f 1180 1604 1182
f 1180 1606 1604
f 1136 1605 1607
f 1136 1607 1608
f 1136 1134 1605
f 1178 1606 1180
f 1178 1609 1606
f 1138 1608 1610
f 1138 1136 1608
f 1176 1609 1178
f 1176 1611 1609
f 1140 1138 1610
f 1174 1611 1176
f 1174 1612 1611
f 1142 1610 1613
f 1142 1613 1614
f 1142 1140 1610
f 1172 1612 1174
f 1172 1615 1612
f 1144 1142 1614
f 1144 1614 1616
f 1170 1615 1172
f 1170 1617 1618
f 1170 1618 1615
f 1146 1144 1616
f 1146 1616 1619
f 1168 1617 1170
f 1148 1146 1619
f 1148 1619 1620
f 1166 1617 1168
f 1166 1621 1617
f 1150 1148 1620
f 1164 1621 1166
f 1164 1622 1621
f 1152 1150 1620
f 1152 1620 1623
f 1162 1622 1164
f 1162 1624 1622
f 1153 1152 1623
f 1153 1623 1625
f 1159 1626 1624
f 1159 1624 1162
f 1155 1625 1627
f 1155 1627 1628
f 1155 1153 1625
f 1158 1628 1626
f 1158 1155 1628
f 1158 1626 1159
f 1474 1597 1471
f 1474 1600 1597
f 1475 1601 1600
f 1475 1600 1474
f 1477 1603 1601
f 1477 1601 1475
f 1479 1605 1603
f 1479 1603 1477
f 1481 1607 1605
f 1481 1605 1479
f 1482 1608 1607
f 1482 1610 1608
f 1482 1607 1481
f 1484 1610 1482
f 1487 1613 1610
f 1487 1614 1613
f 1487 1610 1484
f 1488 1614 1487
f 1490 1616 1614
f 1490 1614 1488
f 1493 1616 1490
f 1493 1619 1616
f 1494 1619 1493
f 1494 1620 1619
f 1497 1620 1494
f 1497 1623 1620
f 1499 1623 1497
f 1499 1625 1623
f 1501 1625 1499
f 1501 1627 1625
f 1502 1627 1501
f 1502 1628 1627
f 1502 1626 1628
f 1500 1626 1502
f 1498 1626 1500
f 1498 1624 1626
f 1496 1624 1498
f 1496 1622 1624
f 1495 1622 1496
f 1495 1621 1622
f 1492 1621 1495
f 1492 1617 1621
f 1492 1618 1617
f 1491 1618 1492
f 1489 1615 1618
f 1489 1618 1491
f 1486 1612 1615
f 1486 1615 1489
f 1485 1611 1612
f 1485 1609 1611
f 1485 1612 1486
f 1483 1606 1609
f 1483 1609 1485
f 1480 1606 1483
f 1478 1604 1606
f 1478 1606 1480
f 1476 1602 1604
f 1476 1604 1478
f 1473 1598 1602
f 1473 1602 1476
f 1472 1599 1598
f 1472 1598 1473
f 1470 1596 1599
f 1470 1599 1472
f 1468 1594 1596
f 1468 1596 1470
f 1466 1592 1594
f 1466 1594 1468
f 1463 1588 1592
f 1463 1592 1466
f 1462 1589 1588
f 1462 1588 1463
f 1460 1589 1462
f 1460 1586 1589
f 1459 1586 1460
f 1459 1585 1586
f 1456 1585 1459
f 1456 1581 1585
f 1455 1581 1456
f 1455 1582 1581
f 1452 1582 1455
f 1452 1578 1582
f 1450 1578 1452
f 1450 1576 1578
f 1448 1576 1450
f 1448 1574 1576
f 1446 1574 1448
f 1446 1572 1574
f 1445 1572 1446
f 1445 1571 1572
f 1442 1571 1445
f 1442 1568 1571
f 1440 1568 1442
f 1440 1566 1568
f 1438 1566 1440
f 1438 1564 1566
f 1436 1564 1438
f 1436 1562 1564
f 1434 1562 1436
f 1434 1560 1562
f 1432 1560 1434
f 1432 1558 1560
f 1430 1558 1432
f 1430 1556 1558
f 1430 1554 1556
f 1428 1554 1430
f 1426 1554 1428
f 1426 1552 1554
f 1424 1552 1426
f 1424 1550 1552
f 1422 1550 1424
f 1422 1548 1550
f 1420 1548 1422
f 1420 1546 1548
f 1418 1544 1546
f 1418 1546 1420
f 1416 1542 1544
f 1416 1544 1418
f 1414 1540 1542
f 1414 1542 1416
f 1412 1538 1540
f 1412 1540 1414
f 1410 1538 1412
f 1410 1536 1538
f 1408 1536 1410
f 1408 1534 1536
f 1406 1534 1408
f 1406 1532 1534
f 1404 1532 1406
f 1404 1530 1532
f 1402 1530 1404
f 1402 1528 1530
f 1400 1528 1402
f 1400 1526 1528
f 1398 1526 1400
f 1398 1524 1526
f 1396 1524 1398
f 1396 1522 1524
f 1394 1522 1396
f 1394 1520 1522
f 1392 1520 1394
f 1392 1518 1520
f 1390 1518 1392
f 1390 1516 1518
f 1388 1516 1390
f 1388 1514 1516
f 1386 1514 1388
f 1386 1512 1514
f 1384 1510 1512
f 1384 1512 1386
f 1382 1508 1510
f 1382 1510 1384
f 1380 1506 1508
f 1380 1508 1382
f 1377 1503 1506
f 1377 1506 1380
f 1378 1504 1503
f 1378 1503 1377
f 1379 1505 1504
f 1379 1504 1378
f 1381 1507 1505
f 1381 1505 1379
f 1383 1509 1507
f 1383 1507 1381
f 1385 1511 1509
f 1385 1509 1383
f 1387 1513 1511
f 1387 1511 1385
f 1389 1515 1513
f 1389 1513 1387
f 1391 1517 1515
f 1391 1515 1389
f 1393 1519 1517
f 1393 1517 1391
f 1395 1519 1393
f 1395 1521 1519
f 1397 1521 1395
f 1397 1523 1521
f 1397 1525 1523
f 1399 1525 1397
f 1401 1525 1399
f 1401 1527 1525
f 1403 1529 1527
f 1403 1527 1401
f 1405 1531 1529
f 1405 1529 1403
f 1407 1533 1531
f 1407 1531 1405
f 1409 1535 1533
f 1409 1533 1407
f 1411 1537 1535
f 1411 1535 1409
f 1413 1539 1537
f 1413 1537 1411
f 1415 1541 1539
f 1415 1539 1413
f 1417 1543 1541
f 1417 1541 1415
f 1419 1545 1543
f 1419 1543 1417
f 1421 1547 1545
f 1421 1545 1419
f 1423 1549 1547
f 1423 1547 1421
f 1425 1551 1549
f 1425 1549 1423
f 1427 1553 1551
f 1427 1551 1425
f 1429 1555 1553
f 1429 1553 1427
f 1431 1557 1555
f 1431 1555 1429
f 1433 1559 1557
f 1433 1557 1431
f 1435 1561 1559
f 1435 1559 1433
f 1437 1563 1561
f 1437 1561 1435
f 1439 1565 1563
f 1439 1563 1437
f 1441 1567 1565
f 1441 1565 1439
f 1443 1567 1441
f 1443 1569 1567
f 1444 1569 1443
f 1444 1570 1569
f 1447 1570 1444
f 1447 1573 1570
f 1449 1573 1447
f 1449 1575 1573
f 1451 1575 1449
f 1451 1577 1575
f 1453 1577 1451
f 1453 1579 1577
f 1454 1579 1453
f 1454 1580 1579
f 1457 1580 1454
f 1457 1583 1580
f 1458 1583 1457
f 1458 1584 1583
f 1461 1584 1458
f 1461 1587 1584
f 1464 1587 1461
f 1464 1590 1587
f 1465 1590 1464
f 1465 1591 1590
f 1467 1591 1465
f 1467 1593 1591
f 1469 1595 1593
f 1469 1593 1467
f 1469 1597 1595
f 1471 1597 1469
usemtl mat_7
f 1629 1630 1631
f 1629 1632 1630
f 1633 1634 1635
f 1633 1635 1636
f 1633 1631 1634
f 1633 1629 1631
f 1636 1635 1630
f 1636 1630 1632
f 1635 1631 1630
f 1635 1634 1631
f 1636 1632 1629
f 1636 1629 1633
usemtl mat_8
f 1637 1638 1639
f 1637 1640 1638
f 1641 1642 1643
f 1641 1643 1644
f 1641 1639 1642
f 1641 1637 1639
f 1644 1643 1638
f 1644 1638 1640
f 1638 1642 1639
f 1643 1642 1638
f 1640 1637 1641
f 1644 1640 1641
usemtl mat_9
f 1645 1646 1647
f 1645 1648 1646
f 1649 1650 1651
f 1649 1651 1652
f 1645 1647 1650
f 1649 1645 1650
f 1648 1651 1646
f 1652 1651 1648
f 1650 1647 1646
f 1651 1650 1646
f 1649 1648 1645
f 1652 1648 1649
usemtl mat_10
f 1653 1654 1655
f 1653 1656 1654
f 1657 1658 1659
f 1657 1659 1660
f 1657 1655 1658
f 1657 1653 1655
f 1660 1659 1654
f 1660 1654 1656
f 1659 1655 1654
f 1659 1658 1655
f 1660 1656 1653
f 1660 1653 1657
usemtl mat_11
f 1661 1662 1663
f 1661 1664 1662
f 1665 1666 1667
f 1665 1667 1668
f 1665 1663 1666
f 1665 1661 1663
f 1668 1667 1662
f 1668 1662 1664
f 1667 1663 1662
f 1667 1666 1663
f 1668 1664 1661
f 1668 1661 1665
usemtl mat_12
f 1669 1670 1671
f 1669 1672 1670
f 1673 1674 1675
f 1673 1675 1676
f 1673 1671 1674
f 1673 1669 1671
f 1676 1675 1670
f 1676 1670 1672
f 1675 1671 1670
f 1675 1674 1671
f 1676 1672 1669
f 1676 1669 1673
usemtl mat_13
f 1677 1678 1679
f 1677 1680 1678
f 1681 1682 1683
f 1681 1683 1684
f 1681 1679 1682
f 1681 1677 1679
f 1684 1683 1678
f 1684 1678 1680
f 1683 1679 1678
f 1683 1682 1679
f 1684 1680 1677
f 1684 1677 1681
usemtl mat_14
f 1685 1686 1687
f 1685 1688 1686
f 1689 1690 1691
f 1689 1691 1692
f 1689 1687 1690
f 1689 1685 1687
f 1692 1691 1686
f 1692 1686 1688
f 1691 1687 1686
f 1691 1690 1687
f 1692 1688 1685
f 1692 1685 1689
usemtl mat_15
f 1693 1694 1695
f 1693 1696 1694
f 1697 1698 1699
f 1697 1699 1700
f 1697 1695 1698
f 1697 1693 1695
f 1700 1699 1694
f 1700 1694 1696
f 1699 1695 1694
f 1699 1698 1695
f 1700 1696 1693
f 1700 1693 1697
usemtl mat_16
f 1701 1702 1703
f 1701 1704 1702
f 1705 1706 1707
f 1705 1707 1708
f 1705 1703 1706
f 1705 1701 1703
f 1708 1707 1702
f 1708 1702 1704
f 1707 1703 1702
f 1707 1706 1703
f 1708 1704 1701
f 1708 1701 1705
usemtl mat_17
f 1709 1710 1711
f 1709 1712 1710
f 1713 1714 1715
f 1713 1715 1716
f 1713 1711 1714
f 1713 1709 1711
f 1716 1715 1710
f 1716 1710 1712
f 1715 1711 1710
f 1715 1714 1711
f 1716 1712 1709
f 1716 1709 1713
usemtl mat_18
f 1717 1718 1719
f 1717 1720 1718
f 1721 1722 1723
f 1721 1723 1724
f 1721 1719 1722
f 1721 1717 1719
f 1724 1723 1718
f 1724 1718 1720
f 1723 1719 1718
f 1723 1722 1719
f 1724 1720 1717
f 1724 1717 1721
usemtl mat_19
f 1725 1726 1727
f 1725 1727 1728
f 1726 1729 1730
f 1726 1730 1727
f 1729 1731 1732
f 1729 1732 1730
f 1731 1733 1734
f 1731 1734 1732
f 1733 1735 1736
f 1733 1736 1734
f 1735 1737 1738
f 1735 1738 1736
f 1737 1739 1740
f 1737 1740 1738
f 1739 1741 1742
f 1739 1742 1740
f 1741 1743 1744
f 1741 1744 1742
f 1743 1745 1746
f 1743 1746 1744
f 1745 1747 1748
f 1745 1748 1746
f 1747 1749 1750
f 1747 1750 1748
f 1749 1751 1752
f 1749 1752 1750
f 1751 1753 1754
f 1751 1754 1752
f 1753 1755 1756
f 1753 1756 1754
f 1755 1757 1758
f 1755 1758 1756
f 1757 1759 1760
f 1757 1760 1758
f 1759 1761 1762
f 1759 1762 1760
f 1761 1763 1764
f 1761 1764 1762
f 1763 1765 1766
f 1763 1766 1764
f 1765 1767 1768
f 1765 1768 1766
f 1767 1769 1770
f 1767 1770 1768
f 1769 1771 1772
f 1769 1772 1770
f 1771 1773 1774
f 1771 1774 1772
f 1773 1775 1776
f 1773 1776 1774
f 1775 1777 1778
f 1775 1778 1776
f 1777 1779 1780
f 1777 1780 1778
f 1779 1781 1782
f 1779 1782 1780
f 1781 1783 1784
f 1781 1784 1782
f 1783 1785 1786
f 1783 1786 1784
f 1785 1787 1788
f 1785 1788 1786
f 1787 1789 1790
f 1787 1790 1788
f 1789 1791 1792
f 1789 1792 1790
f 1791 1793 1794
f 1791 1794 1792
f 1793 1795 1796
f 1793 1796 1794
f 1795 1797 1798
f 1795 1798 1796
f 1797 1799 1800
f 1797 1800 1798
f 1799 1801 1802
f 1799 1802 1800
f 1801 1803 1804
f 1801 1804 1802
f 1803 1805 1806
f 1803 1806 1804
f 1805 1807 1808
f 1805 1808 1806
f 1807 1809 1810
f 1807 1810 1808
f 1809 1811 1812
f 1809 1812 1810
f 1811 1813 1814
f 1811 1814 1812
f 1813 1815 1816
f 1813 1816 1814
f 1815 1817 1818
f 1815 1818 1816
f 1817 1819 1820
f 1817 1820 1818
f 1819 1821 1822
f 1819 1822 1820
f 1728 1727 1823
f 1728 1823 1824
f 1727 1730 1825
f 1727 1825 1823
f 1730 1732 1826
f 1730 1826 1825
f 1732 1734 1827
f 1732 1827 1826
f 1734 1736 1828
f 1734 1828 1827
f 1736 1738 1829
f 1736 1829 1828
f 1738 1740 1830
f 1738 1830 1829
f 1740 1742 1831
f 1740 1831 1830
f 1742 1744 1832
f 1742 1832 1831
f 1744 1746 1833
f 1744 1833 1832
f 1746 1748 1834
f 1746 1834 1833
f 1748 1750 1835
f 1748 1835 1834
f 1750 1752 1836
f 1750 1836 1835
f 1752 1754 1837
f 1752 1837 1836
f 1754 1756 1838
f 1754 1838 1837
f 1756 1758 1839
f 1756 1839 1838
f 1758 1760 1840
f 1758 1840 1839
f 1760 1762 1841
f 1760 1841 1840
f 1762 1764 1842
f 1762 1842 1841
f 1764 1766 1843
f 1764 1843 1842
f 1766 1768 1844
f 1766 1844 1843
f 1768 1770 1845
f 1768 1845 1844
f 1770 1772 1846
f 1770 1846 1845
f 1772 1774 1847
f 1772 1847 1846
f 1774 1776 1848
f 1774 1848 1847
f 1776 1778 1849
f 1776 1849 1848
f 1778 1780 1850
f 1778 1850 1849
f 1780 1782 1851
f 1780 1851 1850
f 1782 1784 1852
f 1782 1852 1851
f 1784 1786 1853
f 1784 1853 1852
f 1786 1788 1854
f 1786 1854 1853
f 1788 1790 1855
f 1788 1855 1854
f 1790 1792 1856
f 1790 1856 1855
f 1792 1794 1857
f 1792 1857 1856
f 1794 1796 1858
f 1794 1858 1857
f 1796 1798 1859
f 1796 1859 1858
f 1798 1800 1860
f 1798 1860 1859
f 1800 1802 1861
f 1800 1861 1860
f 1802 1804 1862
f 1802 1862 1861
f 1804 1806 1863
f 1804 1863 1862
f 1806 1808 1864
f 1806 1864 1863
f 1808 1810 1865
f 1808 1865 1864
f 1810 1812 1866
f 1810 1866 1865
f 1812 1814 1867
f 1812 1867 1866
f 1814 1816 1868
f 1814 1868 1867
f 1816 1818 1869
f 1816 1869 1868
f 1818 1820 1870
f 1818 1870 1869
f 1820 1822 1871
f 1820 1871 1870
f 1824 1823 1872
f 1824 1872 1873
f 1823 1825 1874
f 1823 1874 1872
f 1825 1826 1875
f 1825 1875 1874
f 1826 1827 1876
f 1826 1876 1875
f 1827 1828 1877
f 1827 1877 1876
f 1828 1829 1878
f 1828 1878 1877
f 1829 1830 1879
f 1829 1879 1878
f 1830 1831 1880
f 1830 1880 1879
f 1831 1832 1881
f 1831 1881 1880
f 1832 1833 1882
f 1832 1882 1881
f 1833 1834 1883
f 1833 1883 1882
f 1834 1835 1884
f 1834 1884 1883
f 1835 1836 1885
f 1835 1885 1884
f 1836 1837 1886
f 1836 1886 1885
f 1837 1838 1887
f 1837 1887 1886
f 1838 1839 1888
f 1838 1888 1887
f 1839 1840 1889
f 1839 1889 1888
f 1840 1841 1890
f 1840 1890 1889
f 1841 1842 1891
f 1841 1891 1890
f 1842 1843 1892
f 1842 1892 1891
f 1843 1844 1893
f 1843 1893 1892
f 1844 1845 1894
f 1844 1894 1893
f 1845 1846 1895
f 1845 1895 1894
f 1846 1847 1896
f 1846 1896 1895
f 1847 1848 1897
f 1847 1897 1896
f 1848 1849 1898
f 1848 1898 1897
f 1849 1850 1899
f 1849 1899 1898
f 1850 1851 1900
f 1850 1900 1899
f 1851 1852 1901
f 1851 1901 1900
f 1852 1853 1902
f 1852 1902 1901
f 1853 1854 1903
f 1853 1903 1902
f 1854 1855 1904
f 1854 1904 1903
f 1855 1856 1905
f 1855 1905 1904
f 1856 1857 1906
f 1856 1906 1905
f 1857 1858 1907
f 1857 1907 1906
f 1858 1859 1908
f 1858 1908 1907
f 1859 1860 1909
f 1859 1909 1908
f 1860 1861 1910
f 1860 1910 1909
f 1861 1862 1911
f 1861 1911 1910
f 1862 1863 1912
f 1862 1912 1911
f 1863 1864 1913
f 1863 1913 1912
f 1864 1865 1914
f 1864 1914 1913
f 1865 1866 1915
f 1865 1915 1914
f 1866 1867 1916
f 1866 1916 1915
f 1867 1868 1917
f 1867 1917 1916
f 1868 1869 1918
f 1868 1918 1917
f 1869 1870 1919
f 1869 1919 1918
f 1870 1871 1920
f 1870 1920 1919
f 1873 1872 1921
f 1873 1921 1922
f 1872 1874 1923
f 1872 1923 1921
f 1874 1875 1924
f 1874 1924 1923
f 1875 1876 1925
f 1875 1925 1924
f 1876 1877 1926
f 1876 1926 1925
f 1877 1878 1927
f 1877 1927 1926
f 1878 1879 1928
f 1878 1928 1927
f 1879 1880 1929
f 1879 1929 1928
f 1880 1881 1930
f 1880 1930 1929
f 1881 1882 1931
f 1881 1931 1930
f 1882 1883 1932
f 1882 1932 1931
f 1883 1884 1933
f 1883 1933 1932
f 1884 1885 1934
f 1884 1934 1933
f 1885 1886 1935
f 1885 1935 1934
f 1886 1887 1936
f 1886 1936 1935
f 1887 1888 1937
f 1887 1937 1936
f 1888 1889 1938
f 1888 1938 1937
f 1889 1890 1939
f 1889 1939 1938
f 1890 1891 1940
f 1890 1940 1939
f 1891 1892 1941
f 1891 1941 1940
f 1892 1893 1942
f 1892 1942 1941
f 1893 1894 1943
f 1893 1943 1942
f 1894 1895 1944
f 1894 1944 1943
f 1895 1896 1945
f 1895 1945 1944
f 1896 1897 1946
f 1896 1946 1945
f 1897 1898 1947
f 1897 1947 1946
f 1898 1899 1948
f 1898 1948 1947
f 1899 1900 1949
f 1899 1949 1948
f 1900 1901 1950
f 1900 1950 1949
f 1901 1902 1951
f 1901 1951 1950
f 1902 1903 1952
f 1902 1952 1951
f 1903 1904 1953
f 1903 1953 1952
f 1904 1905 1954
f 1904 1954 1953
f 1905 1906 1955
f 1905 1955 1954
f 1906 1907 1956
f 1906 1956 1955
f 1907 1908 1957
f 1907 1957 1956
f 1908 1909 1958
f 1908 1958 1957
f 1909 1910 1959
f 1909 1959 1958
f 1910 1911 1960
f 1910 1960 1959
f 1911 1912 1961
f 1911 1961 1960
f 1912 1913 1962
f 1912 1962 1961
f 1913 1914 1963
f 1913 1963 1962
f 1914 1915 1964
f 1914 1964 1963
f 1915 1916 1965
f 1915 1965 1964
f 1916 1917 1966
f 1916 1966 1965
f 1917 1918 1967
f 1917 1967 1966
f 1918 1919 1968
f 1918 1968 1967
f 1919 1920 1969
f 1919 1969 1968
f 1922 1921 1970
f 1922 1970 1971
f 1921 1923 1972
f 1921 1972 1970
f 1923 1924 1973
f 1923 1973 1972
f 1924 1925 1974
f 1924 1974 1973
f 1925 1926 1975
f 1925 1975 1974
f 1926 1927 1976
f 1926 1976 1975
f 1927 1928 1977
f 1927 1977 1976
f 1928 1929 1978
f 1928 1978 1977
f 1929 1930 1979
f 1929 1979 1978
f 1930 1931 1980
f 1930 1980 1979
f 1931 1932 1981
f 1931 1981 1980
f 1932 1933 1982
f 1932 1982 1981
f 1933 1934 1983
f 1933 1983 1982
f 1934 1935 1984
f 1934 1984 1983
f 1935 1936 1985
f 1935 1985 1984
f 1936 1937 1986
f 1936 1986 1985
f 1937 1938 1987
f 1937 1987 1986
f 1938 1939 1988
f 1938 1988 1987
f 1939 1940 1989
f 1939 1989 1988
f 1940 1941 1990
f 1940 1990 1989
f 1941 1942 1991
f 1941 1991 1990
f 1942 1943 1992
f 1942 1992 1991
f 1943 1944 1993
f 1943 1993 1992
f 1944 1945 1994
f 1944 1994 1993
f 1945 1946 1995
f 1945 1995 1994
f 1946 1947 1996
f 1946 1996 1995
f 1947 1948 1997
f 1947 1997 1996
f 1948 1949 1998
f 1948 1998 1997
f 1949 1950 1999
f 1949 1999 1998
f 1950 1951 2000
f 1950 2000 1999
f 1951 1952 2001
f 1951 2001 2000
f 1952 1953 2002
f 1952 2002 2001
f 1953 1954 2003
f 1953 2003 2002
f 1954 1955 2004
f 1954 2004 2003
f 1955 1956 2005
f 1955 2005 2004
f 1956 1957 2006
f 1956 2006 2005
f 1957 1958 2007
f 1957 2007 2006
f 1958 1959 2008
f 1958 2008 2007
f 1959 1960 2009
f 1959 2009 2008
f 1960 1961 2010
f 1960 2010 2009
f 1961 1962 2011
f 1961 2011 2010
f 1962 1963 2012
f 1962 2012 2011
f 1963 1964 2013
f 1963 2013 2012
f 1964 1965 2014
f 1964 2014 2013
f 1965 1966 2015
f 1965 2015 2014
f 1966 1967 2016
f 1966 2016 2015
f 1967 1968 2017
f 1967 2017 2016
f 1968 1969 2018
f 1968 2018 2017
f 1971 1970 2019
f 1971 2019 2020
f 1970 1972 2021
f 1970 2021 2019
f 1972 1973 2022
f 1972 2022 2021
f 1973 1974 2023
f 1973 2023 2022
f 1974 1975 2024
f 1974 2024 2023
f 1975 1976 2025
f 1975 2025 2024
f 1976 1977 2026
f 1976 2026 2025
f 1977 1978 2027
f 1977 2027 2026
f 1978 1979 2028
f 1978 2028 2027
f 1979 1980 2029
f 1979 2029 2028
f 1980 1981 2030
f 1980 2030 2029
f 1981 1982 2031
f 1981 2031 2030
f 1982 1983 2032
f 1982 2032 2031
f 1983 1984 2033
f 1983 2033 2032
f 1984 1985 2034
f 1984 2034 2033
f 1985 1986 2035
f 1985 2035 2034
f 1986 1987 2036
f 1986 2036 2035
f 1987 1988 2037
f 1987 2037 2036
f 1988 1989 2038
f 1988 2038 2037
f 1989 1990 2039
f 1989 2039 2038
f 1990 1991 2040
f 1990 2040 2039
f 1991 1992 2041
f 1991 2041 2040
f 1992 1993 2042
f 1992 2042 2041
f 1993 1994 2043
f 1993 2043 2042
f 1994 1995 2044
f 1994 2044 2043
f 1995 1996 2045
f 1995 2045 2044
f 1996 1997 2046
f 1996 2046 2045
f 1997 1998 2047
f 1997 2047 2046
f 1998 1999 2048
f 1998 2048 2047
f 1999 2000 2049
f 1999 2049 2048
f 2000 2001 2050
f 2000 2050 2049
f 2001 2002 2051
f 2001 2051 2050
f 2002 2003 2052
f 2002 2052 2051
f 2003 2004 2053
f 2003 2053 2052
f 2004 2005 2054
f 2004 2054 2053
f 2005 2006 2055
f 2005 2055 2054
f 2006 2007 2056
f 2006 2056 2055
f 2007 2008 2057
f 2007 2057 2056
f 2008 2009 2058
f 2008 2058 2057
f 2009 2010 2059
f 2009 2059 2058
f 2010 2011 2060
f 2010 2060 2059
f 2011 2012 2061
f 2011 2061 2060
f 2012 2013 2062
f 2012 2062 2061
f 2013 2014 2063
f 2013 2063 2062
f 2014 2015 2064
f 2014 2064 2063
f 2015 2016 2065
f 2015 2065 2064
f 2016 2017 2066
f 2016 2066 2065
f 2017 2018 2067
f 2017 2067 2066
f 2020 2019 2068
f 2020 2068 2069
f 2019 2021 2070
f 2019 2070 2068
f 2021 2022 2071
f 2021 2071 2070
f 2022 2023 2072
f 2022 2072 2071
f 2023 2024 2073
f 2023 2073 2072
f 2024 2025 2074
f 2024 2074 2073
f 2025 2026 2075
f 2025 2075 2074
f 2026 2027 2076
f 2026 2076 2075
f 2027 2028 2077
f 2027 2077 2076
f 2028 2029 2078
f 2028 2078 2077
f 2029 2030 2079
f 2029 2079 2078
f 2030 2031 2080
f 2030 2080 2079
f 2031 2032 2081
f 2031 2081 2080
f 2032 2033 2082
f 2032 2082 2081
f 2033 2034 2083
f 2033 2083 2082
f 2034 2035 2084
f 2034 2084 2083
f 2035 2036 2085
f 2035 2085 2084
f 2036 2037 2086
f 2036 2086 2085
f 2037 2038 2087
f 2037 2087 2086
f 2038 2039 2088
f 2038 2088 2087
f 2039 2040 2089
f 2039 2089 2088
f 2040 2041 2090
f 2040 2090 2089
f 2041 2042 2091
f 2041 2091 2090
f 2042 2043 2092
f 2042 2092 2091
f 2043 2044 2093
f 2043 2093 2092
f 2044 2045 2094
f 2044 2094 2093
f 2045 2046 2095
f 2045 2095 2094
f 2046 2047 2096
f 2046 2096 2095
f 2047 2048 2097
f 2047 2097 2096
f 2048 2049 2098
f 2048 2098 2097
f 2049 2050 2099
f 2049 2099 2098
f 2050 2051 2100
f 2050 2100 2099
f 2051 2052 2101
f 2051 2101 2100
f 2052 2053 2102
f 2052 2102 2101
f 2053 2054 2103
f 2053 2103 2102
f 2054 2055 2104
f 2054 2104 2103
f 2055 2056 2105
f 2055 2105 2104
f 2056 2057 2106
f 2056 2106 2105
f 2057 2058 2107
f 2057 2107 2106
f 2058 2059 2108
f 2058 2108 2107
f 2059 2060 2109
f 2059 2109 2108
f 2060 2061 2110
f 2060 2110 2109
f 2061 2062 2111
f 2061 2111 2110
f 2062 2063 2112
f 2062 2112 2111
f 2063 2064 2113
f 2063 2113 2112
f 2064 2065 2114
f 2064 2114 2113
f 2065 2066 2115
f 2065 2115 2114
f 2066 2067 2116
f 2066 2116 2115
f 2069 2068 2117
f 2069 2117 2118
f 2068 2070 2119
f 2068 2119 2117
f 2070 2071 2120
f 2070 2120 2119
f 2071 2072 2121
f 2071 2121 2120
f 2072 2073 2122
f 2072 2122 2121
f 2073 2074 2123
f 2073 2123 2122
f 2074 2075 2124
f 2074 2124 2123
f 2075 2076 2125
f 2075 2125 2124
f 2076 2077 2126
f 2076 2126 2125
f 2077 2078 2127
f 2077 2127 2126
f 2078 2079 2128
f 2078 2128 2127
f 2079 2080 2129
f 2079 2129 2128
f 2080 2081 2130
f 2080 2130 2129
f 2081 2082 2131
f 2081 2131 2130
f 2082 2083 2132
f 2082 2132 2131
f 2083 2084 2133
f 2083 2133 2132
f 2084 2085 2134
f 2084 2134 2133
f 2085 2086 2135
f 2085 2135 2134
f 2086 2087 2136
f 2086 2136 2135
f 2087 2088 2137
f 2087 2137 2136
f 2088 2089 2138
f 2088 2138 2137
f 2089 2090 2139
f 2089 2139 2138
f 2090 2091 2140
f 2090 2140 2139
f 2091 2092 2141
f 2091 2141 2140
f 2092 2093 2142
f 2092 2142 2141
f 2093 2094 2143
f 2093 2143 2142
f 2094 2095 2144
f 2094 2144 2143
f 2095 2096 2145
f 2095 2145 2144
f 2096 2097 2146
f 2096 2146 2145
f 2097 2098 2147
f 2097 2147 2146
f 2098 2099 2148
f 2098 2148 2147
f 2099 2100 2149
f 2099 2149 2148
f 2100 2101 2150
f 2100 2150 2149
f 2101 2102 2151
f 2101 2151 2150
f 2102 2103 2152
f 2102 2152 2151
f 2103 2104 2153
f 2103 2153 2152
f 2104 2105 2154
f 2104 2154 2153
f 2105 2106 2155
f 2105 2155 2154
f 2106 2107 2156
f 2106 2156 2155
f 2107 2108 2157
f 2107 2157 2156
f 2108 2109 2158
f 2108 2158 2157
f 2109 2110 2159
f 2109 2159 2158
f 2110 2111 2160
f 2110 2160 2159
f 2111 2112 2161
f 2111 2161 2160
f 2112 2113 2162
f 2112 2162 2161
f 2113 2114 2163
f 2113 2163 2162
f 2114 2115 2164
f 2114 2164 2163
f 2115 2116 2165
f 2115 2165 2164
f 2118 2117 2166
f 2118 2166 2167
f 2117 2119 2168
f 2117 2168 2166
f 2119 2120 2169
f 2119 2169 2168
f 2120 2121 2170
f 2120 2170 2169
f 2121 2122 2171
f 2121 2171 2170
f 2122 2123 2172
f 2122 2172 2171
f 2123 2124 2173
f 2123 2173 2172
f 2124 2125 2174
f 2124 2174 2173
f 2125 2126 2175
f 2125 2175 2174
f 2126 2127 2176
f 2126 2176 2175
f 2127 2128 2177
f 2127 2177 2176
f 2128 2129 2178
f 2128 2178 2177
f 2129 2130 2179
f 2129 2179 2178
f 2130 2131 2180
f 2130 2180 2179
f 2131 2132 2181
f 2131 2181 2180
f 2132 2133 2182
f 2132 2182 2181
f 2133 2134 2183
f 2133 2183 2182
f 2134 2135 2184
f 2134 2184 2183
f 2135 2136 2185
f 2135 2185 2184
f 2136 2137 2186
f 2136 2186 2185
f 2137 2138 2187
f 2137 2187 2186
f 2138 2139 2188
f 2138 2188 2187
f 2139 2140 2189
f 2139 2189 2188
f 2140 2141 2190
f 2140 2190 2189
f 2141 2142 2191
f 2141 2191 2190
f 2142 2143 2192
f 2142 2192 2191
f 2143 2144 2193
f 2143 2193 2192
f 2144 2145 2194
f 2144 2194 2193
f 2145 2146 2195
f 2145 2195 2194
f 2146 2147 2196
f 2146 2196 2195
f 2147 2148 2197
f 2147 2197 2196
f 2148 2149 2198
f 2148 2198 2197
f 2149 2150 2199
f 2149 2199 2198
f 2150 2151 2200
f 2150 2200 2199
f 2151 2152 2201
f 2151 2201 2200
f 2152 2153 2202
f 2152 2202 2201
f 2153 2154 2203
f 2153 2203 2202
f 2154 2155 2204
f 2154 2204 2203
f 2155 2156 2205
f 2155 2205 2204
f 2156 2157 2206
f 2156 2206 2205
f 2157 2158 2207
f 2157 2207 2206
f 2158 2159 2208
f 2158 2208 2207
f 2159 2160 2209
f 2159 2209 2208
f 2160 2161 2210
f 2160 2210 2209
f 2161 2162 2211
f 2161 2211 2210
f 2162 2163 2212
f 2162 2212 2211
f 2163 2164 2213
f 2163 2213 2212
f 2164 2165 2214
f 2164 2214 2213
f 2167 2166 2215
f 2167 2215 2216
f 2166 2168 2217
f 2166 2217 2215
f 2168 2169 2218
f 2168 2218 2217
f 2169 2170 2219
f 2169 2219 2218
f 2170 2171 2220
f 2170 2220 2219
f 2171 2172 2221
f 2171 2221 2220
f 2172 2173 2222
f 2172 2222 2221
f 2173 2174 2223
f 2173 2223 2222
f 2174 2175 2224
f 2174 2224 2223
f 2175 2176 2225
f 2175 2225 2224
f 2176 2177 2226
f 2176 2226 2225
f 2177 2178 2227
f 2177 2227 2226
f 2178 2179 2228
f 2178 2228 2227
f 2179 2180 2229
f 2179 2229 2228
f 2180 2181 2230
f 2180 2230 2229
f 2181 2182 2231
f 2181 2231 2230
f 2182 2183 2232
f 2182 2232 2231
f 2183 2184 2233
f 2183 2233 2232
f 2184 2185 2234
f 2184 2234 2233
f 2185 2186 2235
f 2185 2235 2234
f 2186 2187 2236
f 2186 2236 2235
f 2187 2188 2237
f 2187 2237 2236
f 2188 2189 2238
f 2188 2238 2237
f 2189 2190 2239
f 2189 2239 2238
f 2190 2191 2240
f 2190 2240 2239
f 2191 2192 2241
f 2191 2241 2240
f 2192 2193 2242
f 2192 2242 2241
f 2193 2194 2243
f 2193 2243 2242
f 2194 2195 2244
f 2194 2244 2243
f 2195 2196 2245
f 2195 2245 2244
f 2196 2197 2246
f 2196 2246 2245
f 2197 2198 2247
f 2197 2247 2246
f 2198 2199 2248
f 2198 2248 2247
f 2199 2200 2249
f 2199 2249 2248
f 2200 2201 2250
f 2200 2250 2249
f 2201 2202 2251
f 2201 2251 2250
f 2202 2203 2252
f 2202 2252 2251
f 2203 2204 2253
f 2203 2253 2252
f 2204 2205 2254
f 2204 2254 2253
f 2205 2206 2255
f 2205 2255 2254
f 2206 2207 2256
f 2206 2256 2255
f 2207 2208 2257
f 2207 2257 2256
f 2208 2209 2258
f 2208 2258 2257
f 2209 2210 2259
f 2209 2259 2258
f 2210 2211 2260
f 2210 2260 2259
f 2211 2212 2261
f 2211 2261 2260
f 2212 2213 2262
f 2212 2262 2261
f 2213 2214 2263
f 2213 2263 2262
f 2216 2215 2264
f 2216 2264 2265
f 2215 2217 2266
f 2215 2266 2264
f 2217 2218 2267
f 2217 2267 2266
f 2218 2219 2268
f 2218 2268 2267
f 2219 2220 2269
f 2219 2269 2268
f 2220 2221 2270
f 2220 2270 2269
f 2221 2222 2271
f 2221 2271 2270
f 2222 2223 2272
f 2222 2272 2271
f 2223 2224 2273
f 2223 2273 2272
f 2224 2225 2274
f 2224 2274 2273
f 2225 2226 2275
f 2225 2275 2274
f 2226 2227 2276
f 2226 2276 2275
f 2227 2228 2277
f 2227 2277 2276
f 2228 2229 2278
f 2228 2278 2277
f 2229 2230 2279
f 2229 2279 2278
f 2230 2231 2280
f 2230 2280 2279
f 2231 2232 2281
f 2231 2281 2280
f 2232 2233 2282
f 2232 2282 2281
f 2233 2234 2283
f 2233 2283 2282
f 2234 2235 2284
f 2234 2284 2283
f 2235 2236 2285
f 2235 2285 2284
f 2236 2237 2286
f 2236 2286 2285
f 2237 2238 2287
f 2237 2287 2286
f 2238 2239 2288
f 2238 2288 2287
f 2239 2240 2289
f 2239 2289 2288
f 2240 2241 2290
f 2240 2290 2289
f 2241 2242 2291
f 2241 2291 2290
f 2242 2243 2292
f 2242 2292 2291
f 2243 2244 2293
f 2243 2293 2292
f 2244 2245 2294
f 2244 2294 2293
f 2245 2246 2295
f 2245 2295 2294
f 2246 2247 2296
f 2246 2296 2295
f 2247 2248 2297
f 2247 2297 2296
f 2248 2249 2298
f 2248 2298 2297
f 2249 2250 2299
f 2249 2299 2298
f 2250 2251 2300
f 2250 2300 2299
f 2251 2252 2301
f 2251 2301 2300
f 2252 2253 2302
f 2252 2302 2301
f 2253 2254 2303
f 2253 2303 2302
f 2254 2255 2304
f 2254 2304 2303
f 2255 2256 2305
f 2255 2305 2304
f 2256 2257 2306
f 2256 2306 2305
f 2257 2258 2307
f 2257 2307 2306
f 2258 2259 2308
f 2258 2308 2307
f 2259 2260 2309
f 2259 2309 2308
f 2260 2261 2310
f 2260 2310 2309
f 2261 2262 2311
f 2261 2311 2310
f 2262 2263 2312
f 2262 2312 2311
f 2265 2264 2313
f 2265 2313 2314
f 2264 2266 2315
f 2264 2315 2313
f 2266 2267 2316
f 2266 2316 2315
f 2267 2268 2317
f 2267 2317 2316
f 2268 2269 2318
f 2268 2318 2317
f 2269 2270 2319
f 2269 2319 2318
f 2270 2271 2320
f 2270 2320 2319
f 2271 2272 2321
f 2271 2321 2320
f 2272 2273 2322
f 2272 2322 2321
f 2273 2274 2323
f 2273 2323 2322
f 2274 2275 2324
f 2274 2324 2323
f 2275 2276 2325
f 2275 2325 2324
f 2276 2277 2326
f 2276 2326 2325
f 2277 2278 2327
f 2277 2327 2326
f 2278 2279 2328
f 2278 2328 2327
f 2279 2280 2329
f 2279 2329 2328
f 2280 2281 2330
f 2280 2330 2329
f 2281 2282 2331
f 2281 2331 2330
f 2282 2283 2332
f 2282 2332 2331
f 2283 2284 2333
f 2283 2333 2332
f 2284 2285 2334
f 2284 2334 2333
f 2285 2286 2335
f 2285 2335 2334
f 2286 2287 2336
f 2286 2336 2335
f 2287 2288 2337
f 2287 2337 2336
f 2288 2289 2338
f 2288 2338 2337
f 2289 2290 2339
f 2289 2339 2338
f 2290 2291 2340
f 2290 2340 2339
f 2291 2292 2341
f 2291 2341 2340
f 2292 2293 2342
f 2292 2342 2341
f 2293 2294 2343
f 2293 2343 2342
f 2294 2295 2344
f 2294 2344 2343
f 2295 2296 2345
f 2295 2345 2344
f 2296 2297 2346
f 2296 2346 2345
f 2297 2298 2347
f 2297 2347 2346
f 2298 2299 2348
f 2298 2348 2347
f 2299 2300 2349
f 2299 2349 2348
f 2300 2301 2350
f 2300 2350 2349
f 2301 2302 2351
f 2301 2351 2350
f 2302 2303 2352
f 2302 2352 2351
f 2303 2304 2353
f 2303 2353 2352
f 2304 2305 2354
f 2304 2354 2353
f 2305 2306 2355
f 2305 2355 2354
f 2306 2307 2356
f 2306 2356 2355
f 2307 2308 2357
f 2307 2357 2356
f 2308 2309 2358
f 2308 2358 2357
f 2309 2310 2359
f 2309 2359 2358
f 2310 2311 2360
f 2310 2360 2359
f 2311 2312 2361
f 2311 2361 2360
f 2314 2313 2362
f 2314 2362 2363
f 2313 2315 2364
f 2313 2364 2362
f 2315 2316 2365
f 2315 2365 2364
f 2316 2317 2366
f 2316 2366 2365
f 2317 2318 2367
f 2317 2367 2366
f 2318 2319 2368
f 2318 2368 2367
f 2319 2320 2369
f 2319 2369 2368
f 2320 2321 2370
f 2320 2370 2369
f 2321 2322 2371
f 2321 2371 2370
f 2322 2323 2372
f 2322 2372 2371
f 2323 2324 2373
f 2323 2373 2372
f 2324 2325 2374
f 2324 2374 2373
f 2325 2326 2375
f 2325 2375 2374
f 2326 2327 2376
f 2326 2376 2375
f 2327 2328 2377
f 2327 2377 2376
f 2328 2329 2378
f 2328 2378 2377
f 2329 2330 2379
f 2329 2379 2378
f 2330 2331 2380
f 2330 2380 2379
f 2331 2332 2381
f 2331 2381 2380
f 2332 2333 2382
f 2332 2382 2381
f 2333 2334 2383
f 2333 2383 2382
f 2334 2335 2384
f 2334 2384 2383
f 2335 2336 2385
f 2335 2385 2384
f 2336 2337 2386
f 2336 2386 2385
f 2337 2338 2387
f 2337 2387 2386
f 2338 2339 2388
f 2338 2388 2387
f 2339 2340 2389
f 2339 2389 2388
f 2340 2341 2390
f 2340 2390 2389
f 2341 2342 2391
f 2341 2391 2390
f 2342 2343 2392
f 2342 2392 2391
f 2343 2344 2393
f 2343 2393 2392
f 2344 2345 2394
f 2344 2394 2393
f 2345 2346 2395
f 2345 2395 2394
f 2346 2347 2396
f 2346 2396 2395
f 2347 2348 2397
f 2347 2397 2396
f 2348 2349 2398
f 2348 2398 2397
f 2349 2350 2399
f 2349 2399 2398
f 2350 2351 2400
f 2350 2400 2399
f 2351 2352 2401
f 2351 2401 2400
f 2352 2353 2402
f 2352 2402 2401
f 2353 2354 2403
f 2353 2403 2402
f 2354 2355 2404
f 2354 2404 2403
f 2355 2356 2405
f 2355 2405 2404
f 2356 2357 2406
f 2356 2406 2405
f 2357 2358 2407
f 2357 2407 2406
f 2358 2359 2408
f 2358 2408 2407
f 2359 2360 2409
f 2359 2409 2408
f 2360 2361 2410
f 2360 2410 2409
f 2363 2362 2411
f 2363 2411 2412
f 2362 2364 2413
f 2362 2413 2411
f 2364 2365 2414
f 2364 2414 2413
f 2365 2366 2415
f 2365 2415 2414
f 2366 2367 2416
f 2366 2416 2415
f 2367 2368 2417
f 2367 2417 2416
f 2368 2369 2418
f 2368 2418 2417
f 2369 2370 2419
f 2369 2419 2418
f 2370 2371 2420
f 2370 2420 2419
f 2371 2372 2421
f 2371 2421 2420
f 2372 2373 2422
f 2372 2422 2421
f 2373 2374 2423
f 2373 2423 2422
f 2374 2375 2424
f 2374 2424 2423
f 2375 2376 2425
f 2375 2425 2424
f 2376 2377 2426
f 2376 2426 2425
f 2377 2378 2427
f 2377 2427 2426
f 2378 2379 2428
f 2378 2428 2427
f 2379 2380 2429
f 2379 2429 2428
f 2380 2381 2430
f 2380 2430 2429
f 2381 2382 2431
f 2381 2431 2430
f 2382 2383 2432
f 2382 2432 2431
f 2383 2384 2433
f 2383 2433 2432
f 2384 2385 2434
f 2384 2434 2433
f 2385 2386 2435
f 2385 2435 2434
f 2386 2387 2436
f 2386 2436 2435
f 2387 2388 2437
f 2387 2437 2436
f 2388 2389 2438
f 2388 2438 2437
f 2389 2390 2439
f 2389 2439 2438
f 2390 2391 2440
f 2390 2440 2439
f 2391 2392 2441
f 2391 2441 2440
f 2392 2393 2442
f 2392 2442 2441
f 2393 2394 2443
f 2393 2443 2442
f 2394 2395 2444
f 2394 2444 2443
f 2395 2396 2445
f 2395 2445 2444
f 2396 2397 2446
f 2396 2446 2445
f 2397 2398 2447
f 2397 2447 2446
f 2398 2399 2448
f 2398 2448 2447
f 2399 2400 2449
f 2399 2449 2448
f 2400 2401 2450
f 2400 2450 2449
f 2401 2402 2451
f 2401 2451 2450
f 2402 2403 2452
f 2402 2452 2451
f 2403 2404 2453
f 2403 2453 2452
f 2404 2405 2454
f 2404 2454 2453
f 2405 2406 2455
f 2405 2455 2454
f 2406 2407 2456
f 2406 2456 2455
f 2407 2408 2457
f 2407 2457 2456
f 2408 2409 2458
f 2408 2458 2457
f 2409 2410 2459
f 2409 2459 2458
f 2412 2411 2460
f 2412 2460 2461
f 2411 2413 2462
f 2411 2462 2460
f 2413 2414 2463
f 2413 2463 2462
f 2414 2415 2464
f 2414 2464 2463
f 2415 2416 2465
f 2415 2465 2464
f 2416 2417 2466
f 2416 2466 2465
f 2417 2418 2467
f 2417 2467 2466
f 2418 2419 2468
f 2418 2468 2467
f 2419 2420 2469
f 2419 2469 2468
f 2420 2421 2470
f 2420 2470 2469
f 2421 2422 2471
f 2421 2471 2470
f 2422 2423 2472
f 2422 2472 2471
f 2423 2424 2473
f 2423 2473 2472
f 2424 2425 2474
f 2424 2474 2473
f 2425 2426 2475
f 2425 2475 2474
f 2426 2427 2476
f 2426 2476 2475
f 2427 2428 2477
f 2427 2477 2476
f 2428 2429 2478
f 2428 2478 2477
f 2429 2430 2479
f 2429 2479 2478
f 2430 2431 2480
f 2430 2480 2479
f 2431 2432 2481
f 2431 2481 2480
f 2432 2433 2482
f 2432 2482 2481
f 2433 2434 2483
f 2433 2483 2482
f 2434 2435 2484
f 2434 2484 2483
f 2435 2436 2485
f 2435 2485 2484
f 2436 2437 2486
f 2436 2486 2485
f 2437 2438 2487
f 2437 2487 2486
f 2438 2439 2488
f 2438 2488 2487
f 2439 2440 2489
f 2439 2489 2488
f 2440 2441 2490
f 2440 2490 2489
f 2441 2442 2491
f 2441 2491 2490
f 2442 2443 2492
f 2442 2492 2491
f 2443 2444 2493
f 2443 2493 2492
f 2444 2445 2494
f 2444 2494 2493
f 2445 2446 2495
f 2445 2495 2494
f 2446 2447 2496
f 2446 2496 2495
f 2447 2448 2497
f 2447 2497 2496
f 2448 2449 2498
f 2448 2498 2497
f 2449 2450 2499
f 2449 2499 2498
f 2450 2451 2500
f 2450 2500 2499
f 2451 2452 2501
f 2451 2501 2500
f 2452 2453 2502
f 2452 2502 2501
f 2453 2454 2503
f 2453 2503 2502
f 2454 2455 2504
f 2454 2504 2503
f 2455 2456 2505
f 2455 2505 2504
f 2456 2457 2506
f 2456 2506 2505
f 2457 2458 2507
f 2457 2507 2506
f 2458 2459 2508
f 2458 2508 2507
f 2461 2460 2509
f 2461 2509 2510
f 2460 2462 2511
f 2460 2511 2509
f 2462 2463 2512
f 2462 2512 2511
f 2463 2464 2513
f 2463 2513 2512
f 2464 2465 2514
f 2464 2514 2513
f 2465 2466 2515
f 2465 2515 2514
f 2466 2467 2516
f 2466 2516 2515
f 2467 2468 2517
f 2467 2517 2516
f 2468 2469 2518
f 2468 2518 2517
f 2469 2470 2519
f 2469 2519 2518
f 2470 2471 2520
f 2470 2520 2519
f 2471 2472 2521
f 2471 2521 2520
f 2472 2473 2522
f 2472 2522 2521
f 2473 2474 2523
f 2473 2523 2522
f 2474 2475 2524
f 2474 2524 2523
f 2475 2476 2525
f 2475 2525 2524
f 2476 2477 2526
f 2476 2526 2525
f 2477 2478 2527
f 2477 2527 2526
f 2478 2479 2528
f 2478 2528 2527
f 2479 2480 2529
f 2479 2529 2528
f 2480 2481 2530
f 2480 2530 2529
f 2481 2482 2531
f 2481 2531 2530
f 2482 2483 2532
f 2482 2532 2531
f 2483 2484 2533
f 2483 2533 2532
f 2484 2485 2534
f 2484 2534 2533
f 2485 2486 2535
f 2485 2535 2534
f 2486 2487 2536
f 2486 2536 2535
f 2487 2488 2537
f 2487 2537 2536
f 2488 2489 2538
f 2488 2538 2537
f 2489 2490 2539
f 2489 2539 2538
f 2490 2491 2540
f 2490 2540 2539
f 2491 2492 2541
f 2491 2541 2540
f 2492 2493 2542
f 2492 2542 2541
f 2493 2494 2543
f 2493 2543 2542
f 2494 2495 2544
f 2494 2544 2543
f 2495 2496 2545
f 2495 2545 2544
f 2496 2497 2546
f 2496 2546 2545
f 2497 2498 2547
f 2497 2547 2546
f 2498 2499 2548
f 2498 2548 2547
f 2499 2500 2549
f 2499 2549 2548
f 2500 2501 2550
f 2500 2550 2549
f 2501 2502 2551
f 2501 2551 2550
f 2502 2503 2552
f 2502 2552 2551
f 2503 2504 2553
f 2503 2553 2552
f 2504 2505 2554
f 2504 2554 2553
f 2505 2506 2555
f 2505 2555 2554
f 2506 2507 2556
f 2506 2556 2555
f 2507 2508 2557
f 2507 2557 2556
f 2510 2509 2558
f 2510 2558 2559
f 2509 2511 2560
f 2509 2560 2558
f 2511 2512 2561
f 2511 2561 2560
f 2512 2513 2562
f 2512 2562 2561
f 2513 2514 2563
f 2513 2563 2562
f 2514 2515 2564
f 2514 2564 2563
f 2515 2516 2565
f 2515 2565 2564
f 2516 2517 2566
f 2516 2566 2565
f 2517 2518 2567
f 2517 2567 2566
f 2518 2519 2568
f 2518 2568 2567
f 2519 2520 2569
f 2519 2569 2568
f 2520 2521 2570
f 2520 2570 2569
f 2521 2522 2571
f 2521 2571 2570
f 2522 2523 2572
f 2522 2572 2571
f 2523 2524 2573
f 2523 2573 2572
f 2524 2525 2574
f 2524 2574 2573
f 2525 2526 2575
f 2525 2575 2574
f 2526 2527 2576
f 2526 2576 2575
f 2527 2528 2577
f 2527 2577 2576
f 2528 2529 2578
f 2528 2578 2577
f 2529 2530 2579
f 2529 2579 2578
f 2530 2531 2580
f 2530 2580 2579
f 2531 2532 2581
f 2531 2581 2580
f 2532 2533 2582
f 2532 2582 2581
f 2533 2534 2583
f 2533 2583 2582
f 2534 2535 2584
f 2534 2584 2583
f 2535 2536 2585
f 2535 2585 2584
f 2536 2537 2586
f 2536 2586 2585
f 2537 2538 2587
f 2537 2587 2586
f 2538 2539 2588
f 2538 2588 2587
f 2539 2540 2589
f 2539 2589 2588
f 2540 2541 2590
f 2540 2590 2589
f 2541 2542 2591
f 2541 2591 2590
f 2542 2543 2592
f 2542 2592 2591
f 2543 2544 2593
f 2543 2593 2592
f 2544 2545 2594
f 2544 2594 2593
f 2545 2546 2595
f 2545 2595 2594
f 2546 2547 2596
f 2546 2596 2595
f 2547 2548 2597
f 2547 2597 2596
f 2548 2549 2598
f 2548 2598 2597
f 2549 2550 2599
f 2549 2599 2598
f 2550 2551 2600
f 2550 2600 2599
f 2551 2552 2601
f 2551 2601 2600
f 2552 2553 2602
f 2552 2602 2601
f 2553 2554 2603
f 2553 2603 2602
f 2554 2555 2604
f 2554 2604 2603
f 2555 2556 2605
f 2555 2605 2604
f 2556 2557 2606
f 2556 2606 2605
f 2559 2558 2607
f 2559 2607 2608
f 2558 2560 2609
f 2558 2609 2607
f 2560 2561 2610
f 2560 2610 2609
f 2561 2562 2611
f 2561 2611 2610
f 2562 2563 2612
f 2562 2612 2611
f 2563 2564 2613
f 2563 2613 2612
f 2564 2565 2614
f 2564 2614 2613
f 2565 2566 2615
f 2565 2615 2614
f 2566 2567 2616
f 2566 2616 2615
f 2567 2568 2617
f 2567 2617 2616
f 2568 2569 2618
f 2568 2618 2617
f 2569 2570 2619
f 2569 2619 2618
f 2570 2571 2620
f 2570 2620 2619
f 2571 2572 2621
f 2571 2621 2620
f 2572 2573 2622
f 2572 2622 2621
f 2573 2574 2623
f 2573 2623 2622
f 2574 2575 2624
f 2574 2624 2623
f 2575 2576 2625
f 2575 2625 2624
f 2576 2577 2626
f 2576 2626 2625
f 2577 2578 2627
f 2577 2627 2626
f 2578 2579 2628
f 2578 2628 2627
f 2579 2580 2629
f 2579 2629 2628
f 2580 2581 2630
f 2580 2630 2629
f 2581 2582 2631
f 2581 2631 2630
f 2582 2583 2632
f 2582 2632 2631
f 2583 2584 2633
f 2583 2633 2632
f 2584 2585 2634
f 2584 2634 2633
f 2585 2586 2635
f 2585 2635 2634
f 2586 2587 2636
f 2586 2636 2635
f 2587 2588 2637
f 2587 2637 2636
f 2588 2589 2638
f 2588 2638 2637
f 2589 2590 2639
f 2589 2639 2638
f 2590 2591 2640
f 2590 2640 2639
f 2591 2592 2641
f 2591 2641 2640
f 2592 2593 2642
f 2592 2642 2641
f 2593 2594 2643
f 2593 2643 2642
f 2594 2595 2644
f 2594 2644 2643
f 2595 2596 2645
f 2595 2645 2644
f 2596 2597 2646
f 2596 2646 2645
f 2597 2598 2647
f 2597 2647 2646
f 2598 2599 2648
f 2598 2648 2647
f 2599 2600 2649
f 2599 2649 2648
f 2600 2601 2650
f 2600 2650 2649
f 2601 2602 2651
f 2601 2651 2650
f 2602 2603 2652
f 2602 2652 2651
f 2603 2604 2653
f 2603 2653 2652
f 2604 2605 2654
f 2604 2654 2653
f 2605 2606 2655
f 2605 2655 2654
f 2608 2607 2656
f 2608 2656 2657
f 2607 2609 2658
f 2607 2658 2656
f 2609 2610 2659
f 2609 2659 2658
f 2610 2611 2660
f 2610 2660 2659
f 2611 2612 2661
f 2611 2661 2660
f 2612 2613 2662
f 2612 2662 2661
f 2613 2614 2663
f 2613 2663 2662
f 2614 2615 2664
f 2614 2664 2663
f 2615 2616 2665
f 2615 2665 2664
f 2616 2617 2666
f 2616 2666 2665
f 2617 2618 2667
f 2617 2667 2666
f 2618 2619 2668
f 2618 2668 2667
f 2619 2620 2669
f 2619 2669 2668
f 2620 2621 2670
f 2620 2670 2669
f 2621 2622 2671
f 2621 2671 2670
f 2622 2623 2672
f 2622 2672 2671
f 2623 2624 2673
f 2623 2673 2672
f 2624 2625 2674
f 2624 2674 2673
f 2625 2626 2675
f 2625 2675 2674
f 2626 2627 2676
f 2626 2676 2675
f 2627 2628 2677
f 2627 2677 2676
f 2628 2629 2678
f 2628 2678 2677
f 2629 2630 2679
f 2629 2679 2678
f 2630 2631 2680
f 2630 2680 2679
f 2631 2632 2681
f 2631 2681 2680
f 2632 2633 2682
f 2632 2682 2681
f 2633 2634 2683
f 2633 2683 2682
f 2634 2635 2684
f 2634 2684 2683
f 2635 2636 2685
f 2635 2685 2684
f 2636 2637 2686
f 2636 2686 2685
f 2637 2638 2687
f 2637 2687 2686
f 2638 2639 2688
f 2638 2688 2687
f 2639 2640 2689
f 2639 2689 2688
f 2640 2641 2690
f 2640 2690 2689
f 2641 2642 2691
f 2641 2691 2690
f 2642 2643 2692
f 2642 2692 2691
f 2643 2644 2693
f 2643 2693 2692
f 2644 2645 2694
f 2644 2694 2693
f 2645 2646 2695
f 2645 2695 2694
f 2646 2647 2696
f 2646 2696 2695
f 2647 2648 2697
f 2647 2697 2696
f 2648 2649 2698
f 2648 2698 2697
f 2649 2650 2699
f 2649 2699 2698
f 2650 2651 2700
f 2650 2700 2699
f 2651 2652 2701
f 2651 2701 2700
f 2652 2653 2702
f 2652 2702 2701
f 2653 2654 2703
f 2653 2703 2702
f 2654 2655 2704
f 2654 2704 2703
f 2657 2656 2705
f 2657 2705 2706
f 2656 2658 2707
f 2656 2707 2705
f 2658 2659 2708
f 2658 2708 2707
f 2659 2660 2709
f 2659 2709 2708
f 2660 2661 2710
f 2660 2710 2709
f 2661 2662 2711
f 2661 2711 2710
f 2662 2663 2712
f 2662 2712 2711
f 2663 2664 2713
f 2663 2713 2712
f 2664 2665 2714
f 2664 2714 2713
f 2665 2666 2715
f 2665 2715 2714
f 2666 2667 2716
f 2666 2716 2715
f 2667 2668 2717
f 2667 2717 2716
f 2668 2669 2718
f 2668 2718 2717
f 2669 2670 2719
f 2669 2719 2718
f 2670 2671 2720
f 2670 2720 2719
f 2671 2672 2721
f 2671 2721 2720
f 2672 2673 2722
f 2672 2722 2721
f 2673 2674 2723
f 2673 2723 2722
f 2674 2675 2724
f 2674 2724 2723
f 2675 2676 2725
f 2675 2725 2724
f 2676 2677 2726
f 2676 2726 2725
f 2677 2678 2727
f 2677 2727 2726
f 2678 2679 2728
f 2678 2728 2727
f 2679 2680 2729
f 2679 2729 2728
f 2680 2681 2730
f 2680 2730 2729
f 2681 2682 2731
f 2681 2731 2730
f 2682 2683 2732
f 2682 2732 2731
f 2683 2684 2733
f 2683 2733 2732
f 2684 2685 2734
f 2684 2734 2733
f 2685 2686 2735
f 2685 2735 2734
f 2686 2687 2736
f 2686 2736 2735
f 2687 2688 2737
f 2687 2737 2736
f 2688 2689 2738
f 2688 2738 2737
f 2689 2690 2739
f 2689 2739 2738
f 2690 2691 2740
f 2690 2740 2739
f 2691 2692 2741
f 2691 2741 2740
f 2692 2693 2742
f 2692 2742 2741
f 2693 2694 2743
f 2693 2743 2742
f 2694 2695 2744
f 2694 2744 2743
f 2695 2696 2745
f 2695 2745 2744
f 2696 2697 2746
f 2696 2746 2745
f 2697 2698 2747
f 2697 2747 2746
f 2698 2699 2748
f 2698 2748 2747
f 2699 2700 2749
f 2699 2749 2748
f 2700 2701 2750
f 2700 2750 2749
f 2701 2702 2751
f 2701 2751 2750
f 2702 2703 2752
f 2702 2752 2751
f 2703 2704 2753
f 2703 2753 2752
f 2706 2705 2754
f 2706 2754 2755
f 2705 2707 2756
f 2705 2756 2754
f 2707 2708 2757
f 2707 2757 2756
f 2708 2709 2758
f 2708 2758 2757
f 2709 2710 2759
f 2709 2759 2758
f 2710 2711 2760
f 2710 2760 2759
f 2711 2712 2761
f 2711 2761 2760
f 2712 2713 2762
f 2712 2762 2761
f 2713 2714 2763
f 2713 2763 2762
f 2714 2715 2764
f 2714 2764 2763
f 2715 2716 2765
f 2715 2765 2764
f 2716 2717 2766
f 2716 2766 2765
f 2717 2718 2767
f 2717 2767 2766
f 2718 2719 2768
f 2718 2768 2767
f 2719 2720 2769
f 2719 2769 2768
f 2720 2721 2770
f 2720 2770 2769
f 2721 2722 2771
f 2721 2771 2770
f 2722 2723 2772
f 2722 2772 2771
f 2723 2724 2773
f 2723 2773 2772
f 2724 2725 2774
f 2724 2774 2773
f 2725 2726 2775
f 2725 2775 2774
f 2726 2727 2776
f 2726 2776 2775
f 2727 2728 2777
f 2727 2777 2776
f 2728 2729 2778
f 2728 2778 2777
f 2729 2730 2779
f 2729 2779 2778
f 2730 2731 2780
f 2730 2780 2779
f 2731 2732 2781
f 2731 2781 2780
f 2732 2733 2782
f 2732 2782 2781
f 2733 2734 2783
f 2733 2783 2782
f 2734 2735 2784
f 2734 2784 2783
f 2735 2736 2785
f 2735 2785 2784
f 2736 2737 2786
f 2736 2786 2785
f 2737 2738 2787
f 2737 2787 2786
f 2738 2739 2788
f 2738 2788 2787
f 2739 2740 2789
f 2739 2789 2788
f 2740 2741 2790
f 2740 2790 2789
f 2741 2742 2791
f 2741 2791 2790
f 2742 2743 2792
f 2742 2792 2791
f 2743 2744 2793
f 2743 2793 2792
f 2744 2745 2794
f 2744 2794 2793
f 2745 2746 2795
f 2745 2795 2794
f 2746 2747 2796
f 2746 2796 2795
f 2747 2748 2797
f 2747 2797 2796
f 2748 2749 2798
f 2748 2798 2797
f 2749 2750 2799
f 2749 2799 2798
f 2750 2751 2800
f 2750 2800 2799
f 2751 2752 2801
f 2751 2801 2800
f 2752 2753 2802
f 2752 2802 2801
f 2755 2754 2803
f 2755 2803 2804
f 2754 2756 2805
f 2754 2805 2803
f 2756 2757 2806
f 2756 2806 2805
f 2757 2758 2807
f 2757 2807 2806
f 2758 2759 2808
f 2758 2808 2807
f 2759 2760 2809
f 2759 2809 2808
f 2760 2761 2810
f 2760 2810 2809
f 2761 2762 2811
f 2761 2811 2810
f 2762 2763 2812
f 2762 2812 2811
f 2763 2764 2813
f 2763 2813 2812
f 2764 2765 2814
f 2764 2814 2813
f 2765 2766 2815
f 2765 2815 2814
f 2766 2767 2816
f 2766 2816 2815
f 2767 2768 2817
f 2767 2817 2816
f 2768 2769 2818
f 2768 2818 2817
f 2769 2770 2819
f 2769 2819 2818
f 2770 2771 2820
f 2770 2820 2819
f 2771 2772 2821
f 2771 2821 2820
f 2772 2773 2822
f 2772 2822 2821
f 2773 2774 2823
f 2773 2823 2822
f 2774 2775 2824
f 2774 2824 2823
f 2775 2776 2825
f 2775 2825 2824
f 2776 2777 2826
f 2776 2826 2825
f 2777 2778 2827
f 2777 2827 2826
f 2778 2779 2828
f 2778 2828 2827
f 2779 2780 2829
f 2779 2829 2828
f 2780 2781 2830
f 2780 2830 2829
f 2781 2782 2831
f 2781 2831 2830
f 2782 2783 2832
f 2782 2832 2831
f 2783 2784 2833
f 2783 2833 2832
f 2784 2785 2834
f 2784 2834 2833
f 2785 2786 2835
f 2785 2835 2834
f 2786 2787 2836
f 2786 2836 2835
f 2787 2788 2837
f 2787 2837 2836
f 2788 2789 2838
f 2788 2838 2837
f 2789 2790 2839
f 2789 2839 2838
f 2790 2791 2840
f 2790 2840 2839
f 2791 2792 2841
f 2791 2841 2840
f 2792 2793 2842
f 2792 2842 2841
f 2793 2794 2843
f 2793 2843 2842
f 2794 2795 2844
f 2794 2844 2843
f 2795 2796 2845
f 2795 2845 2844
f 2796 2797 2846
f 2796 2846 2845
f 2797 2798 2847
f 2797 2847 2846
f 2798 2799 2848
f 2798 2848 2847
f 2799 2800 2849
f 2799 2849 2848
f 2800 2801 2850
f 2800 2850 2849
f 2801 2802 2851
f 2801 2851 2850
f 2804 2803 2852
f 2804 2852 2853
f 2803 2805 2854
f 2803 2854 2852
f 2805 2806 2855
f 2805 2855 2854
f 2806 2807 2856
f 2806 2856 2855
f 2807 2808 2857
f 2807 2857 2856
f 2808 2809 2858
f 2808 2858 2857
f 2809 2810 2859
f 2809 2859 2858
f 2810 2811 2860
f 2810 2860 2859
f 2811 2812 2861
f 2811 2861 2860
f 2812 2813 2862
f 2812 2862 2861
f 2813 2814 2863
f 2813 2863 2862
f 2814 2815 2864
f 2814 2864 2863
f 2815 2816 2865
f 2815 2865 2864
f 2816 2817 2866
f 2816 2866 2865
f 2817 2818 2867
f 2817 2867 2866
f 2818 2819 2868
f 2818 2868 2867
f 2819 2820 2869
f 2819 2869 2868
f 2820 2821 2870
f 2820 2870 2869
f 2821 2822 2871
f 2821 2871 2870
f 2822 2823 2872
f 2822 2872 2871
f 2823 2824 2873
f 2823 2873 2872
f 2824 2825 2874
f 2824 2874 2873
f 2825 2826 2875
f 2825 2875 2874
f 2826 2827 2876
f 2826 2876 2875
f 2827 2828 2877
f 2827 2877 2876
f 2828 2829 2878
f 2828 2878 2877
f 2829 2830 2879
f 2829 2879 2878
f 2830 2831 2880
f 2830 2880 2879
f 2831 2832 2881
f 2831 2881 2880
f 2832 2833 2882
f 2832 2882 2881
f 2833 2834 2883
f 2833 2883 2882
f 2834 2835 2884
f 2834 2884 2883
f 2835 2836 2885
f 2835 2885 2884
f 2836 2837 2886
f 2836 2886 2885
f 2837 2838 2887
f 2837 2887 2886
f 2838 2839 2888
f 2838 2888 2887
f 2839 2840 2889
f 2839 2889 2888
f 2840 2841 2890
f 2840 2890 2889
f 2841 2842 2891
f 2841 2891 2890
f 2842 2843 2892
f 2842 2892 2891
f 2843 2844 2893
f 2843 2893 2892
f 2844 2845 2894
f 2844 2894 2893
f 2845 2846 2895
f 2845 2895 2894
f 2846 2847 2896
f 2846 2896 2895
f 2847 2848 2897
f 2847 2897 2896
f 2848 2849 2898
f 2848 2898 2897
f 2849 2850 2899
f 2849 2899 2898
f 2850 2851 2900
f 2850 2900 2899
f 2853 2852 2901
f 2853 2901 2902
f 2852 2854 2903
f 2852 2903 2901
f 2854 2855 2904
f 2854 2904 2903
f 2855 2856 2905
f 2855 2905 2904
f 2856 2857 2906
f 2856 2906 2905
f 2857 2858 2907
f 2857 2907 2906
f 2858 2859 2908
f 2858 2908 2907
f 2859 2860 2909
f 2859 2909 2908
f 2860 2861 2910
f 2860 2910 2909
f 2861 2862 2911
f 2861 2911 2910
f 2862 2863 2912
f 2862 2912 2911
f 2863 2864 2913
f 2863 2913 2912
f 2864 2865 2914
f 2864 2914 2913
f 2865 2866 2915
f 2865 2915 2914
f 2866 2867 2916
f 2866 2916 2915
f 2867 2868 2917
f 2867 2917 2916
f 2868 2869 2918
f 2868 2918 2917
f 2869 2870 2919
f 2869 2919 2918
f 2870 2871 2920
f 2870 2920 2919
f 2871 2872 2921
f 2871 2921 2920
f 2872 2873 2922
f 2872 2922 2921
f 2873 2874 2923
f 2873 2923 2922
f 2874 2875 2924
f 2874 2924 2923
f 2875 2876 2925
f 2875 2925 2924
f 2876 2877 2926
f 2876 2926 2925
f 2877 2878 2927
f 2877 2927 2926
f 2878 2879 2928
f 2878 2928 2927
f 2879 2880 2929
f 2879 2929 2928
f 2880 2881 2930
f 2880 2930 2929
f 2881 2882 2931
f 2881 2931 2930
f 2882 2883 2932
f 2882 2932 2931
f 2883 2884 2933
f 2883 2933 2932
f 2884 2885 2934
f 2884 2934 2933
f 2885 2886 2935
f 2885 2935 2934
f 2886 2887 2936
f 2886 2936 2935
f 2887 2888 2937
f 2887 2937 2936
f 2888 2889 2938
f 2888 2938 2937
f 2889 2890 2939
f 2889 2939 2938
f 2890 2891 2940
f 2890 2940 2939
f 2891 2892 2941
f 2891 2941 2940
f 2892 2893 2942
f 2892 2942 2941
f 2893 2894 2943
f 2893 2943 2942
f 2894 2895 2944
f 2894 2944 2943
f 2895 2896 2945
f 2895 2945 2944
f 2896 2897 2946
f 2896 2946 2945
f 2897 2898 2947
f 2897 2947 2946
f 2898 2899 2948
f 2898 2948 2947
f 2899 2900 2949
f 2899 2949 2948
f 2902 2901 2950
f 2902 2950 2951
f 2901 2903 2952
f 2901 2952 2950
f 2903 2904 2953
f 2903 2953 2952
f 2904 2905 2954
f 2904 2954 2953
f 2905 2906 2955
f 2905 2955 2954
f 2906 2907 2956
f 2906 2956 2955
f 2907 2908 2957
f 2907 2957 2956
f 2908 2909 2958
f 2908 2958 2957
f 2909 2910 2959
f 2909 2959 2958
f 2910 2911 2960
f 2910 2960 2959
f 2911 2912 2961
f 2911 2961 2960
f 2912 2913 2962
f 2912 2962 2961
f 2913 2914 2963
f 2913 2963 2962
f 2914 2915 2964
f 2914 2964 2963
f 2915 2916 2965
f 2915 2965 2964
f 2916 2917 2966
f 2916 2966 2965
f 2917 2918 2967
f 2917 2967 2966
f 2918 2919 2968
f 2918 2968 2967
f 2919 2920 2969
f 2919 2969 2968
f 2920 2921 2970
f 2920 2970 2969
f 2921 2922 2971
f 2921 2971 2970
f 2922 2923 2972
f 2922 2972 2971
f 2923 2924 2973
f 2923 2973 2972
f 2924 2925 2974
f 2924 2974 2973
f 2925 2926 2975
f 2925 2975 2974
f 2926 2927 2976
f 2926 2976 2975
f 2927 2928 2977
f 2927 2977 2976
f 2928 2929 2978
f 2928 2978 2977
f 2929 2930 2979
f 2929 2979 2978
f 2930 2931 2980
f 2930 2980 2979
f 2931 2932 2981
f 2931 2981 2980
f 2932 2933 2982
f 2932 2982 2981
f 2933 2934 2983
f 2933 2983 2982
f 2934 2935 2984
f 2934 2984 2983
f 2935 2936 2985
f 2935 2985 2984
f 2936 2937 2986
f 2936 2986 2985
f 2937 2938 2987
f 2937 2987 2986
f 2938 2939 2988
f 2938 2988 2987
f 2939 2940 2989
f 2939 2989 2988
f 2940 2941 2990
f 2940 2990 2989
f 2941 2942 2991
f 2941 2991 2990
f 2942 2943 2992
f 2942 2992 2991
f 2943 2944 2993
f 2943 2993 2992
f 2944 2945 2994
f 2944 2994 2993
f 2945 2946 2995
f 2945 2995 2994
f 2946 2947 2996
f 2946 2996 2995
f 2947 2948 2997
f 2947 2997 2996
f 2948 2949 2998
f 2948 2998 2997
f 2951 2950 2999
f 2951 2999 3000
f 2950 2952 3001
f 2950 3001 2999
f 2952 2953 3002
f 2952 3002 3001
f 2953 2954 3003
f 2953 3003 3002
f 2954 2955 3004
f 2954 3004 3003
f 2955 2956 3005
f 2955 3005 3004
f 2956 2957 3006
f 2956 3006 3005
f 2957 2958 3007
f 2957 3007 3006
f 2958 2959 3008
f 2958 3008 3007
f 2959 2960 3009
f 2959 3009 3008
f 2960 2961 3010
f 2960 3010 3009
f 2961 2962 3011
f 2961 3011 3010
f 2962 2963 3012
f 2962 3012 3011
f 2963 2964 3013
f 2963 3013 3012
f 2964 2965 3014
f 2964 3014 3013
f 2965 2966 3015
f 2965 3015 3014
f 2966 2967 3016
f 2966 3016 3015
f 2967 2968 3017
f 2967 3017 3016
f 2968 2969 3018
f 2968 3018 3017
f 2969 2970 3019
f 2969 3019 3018
f 2970 2971 3020
f 2970 3020 3019
f 2971 2972 3021
f 2971 3021 3020
f 2972 2973 3022
f 2972 3022 3021
f 2973 2974 3023
f 2973 3023 3022
f 2974 2975 3024
f 2974 3024 3023
f 2975 2976 3025
f 2975 3025 3024
f 2976 2977 3026
f 2976 3026 3025
f 2977 2978 3027
f 2977 3027 3026
f 2978 2979 3028
f 2978 3028 3027
f 2979 2980 3029
f 2979 3029 3028
f 2980 2981 3030
f 2980 3030 3029
f 2981 2982 3031
f 2981 3031 3030
f 2982 2983 3032
f 2982 3032 3031
f 2983 2984 3033
f 2983 3033 3032
f 2984 2985 3034
f 2984 3034 3033
f 2985 2986 3035
f 2985 3035 3034
f 2986 2987 3036
f 2986 3036 3035
f 2987 2988 3037
f 2987 3037 3036
f 2988 2989 3038
f 2988 3038 3037
f 2989 2990 3039
f 2989 3039 3038
f 2990 2991 3040
f 2990 3040 3039
f 2991 2992 3041
f 2991 3041 3040
f 2992 2993 3042
f 2992 3042 3041
f 2993 2994 3043
f 2993 3043 3042
f 2994 2995 3044
f 2994 3044 3043
f 2995 2996 3045
f 2995 3045 3044
f 2996 2997 3046
f 2996 3046 3045
f 2997 2998 3047
f 2997 3047 3046
f 3000 2999 3048
f 3000 3048 3049
f 2999 3001 3050
f 2999 3050 3048
f 3001 3002 3051
f 3001 3051 3050
f 3002 3003 3052
f 3002 3052 3051
f 3003 3004 3053
f 3003 3053 3052
f 3004 3005 3054
f 3004 3054 3053
f 3005 3006 3055
f 3005 3055 3054
f 3006 3007 3056
f 3006 3056 3055
f 3007 3008 3057
f 3007 3057 3056
f 3008 3009 3058
f 3008 3058 3057
f 3009 3010 3059
f 3009 3059 3058
f 3010 3011 3060
f 3010 3060 3059
f 3011 3012 3061
f 3011 3061 3060
f 3012 3013 3062
f 3012 3062 3061
f 3013 3014 3063
f 3013 3063 3062
f 3014 3015 3064
f 3014 3064 3063
f 3015 3016 3065
f 3015 3065 3064
f 3016 3017 3066
f 3016 3066 3065
f 3017 3018 3067
f 3017 3067 3066
f 3018 3019 3068
f 3018 3068 3067
f 3019 3020 3069
f 3019 3069 3068
f 3020 3021 3070
f 3020 3070 3069
f 3021 3022 3071
f 3021 3071 3070
f 3022 3023 3072
f 3022 3072 3071
f 3023 3024 3073
f 3023 3073 3072
f 3024 3025 3074
f 3024 3074 3073
f 3025 3026 3075
f 3025 3075 3074
f 3026 3027 3076
f 3026 3076 3075
f 3027 3028 3077
f 3027 3077 3076
f 3028 3029 3078
f 3028 3078 3077
f 3029 3030 3079
f 3029 3079 3078
f 3030 3031 3080
f 3030 3080 3079
f 3031 3032 3081
f 3031 3081 3080
f 3032 3033 3082
f 3032 3082 3081
f 3033 3034 3083
f 3033 3083 3082
f 3034 3035 3084
f 3034 3084 3083
f 3035 3036 3085
f 3035 3085 3084
f 3036 3037 3086
f 3036 3086 3085
f 3037 3038 3087
f 3037 3087 3086
f 3038 3039 3088
f 3038 3088 3087
f 3039 3040 3089
f 3039 3089 3088
f 3040 3041 3090
f 3040 3090 3089
f 3041 3042 3091
f 3041 3091 3090
f 3042 3043 3092
f 3042 3092 3091
f 3043 3044 3093
f 3043 3093 3092
f 3044 3045 3094
f 3044 3094 3093
f 3045 3046 3095
f 3045 3095 3094
f 3046 3047 3096
f 3046 3096 3095
f 3049 3048 3097
f 3049 3097 3098
f 3048 3050 3099
f 3048 3099 3097
f 3050 3051 3100
f 3050 3100 3099
f 3051 3052 3101
f 3051 3101 3100
f 3052 3053 3102
f 3052 3102 3101
f 3053 3054 3103
f 3053 3103 3102
f 3054 3055 3104
f 3054 3104 3103
f 3055 3056 3105
f 3055 3105 3104
f 3056 3057 3106
f 3056 3106 3105
f 3057 3058 3107
f 3057 3107 3106
f 3058 3059 3108
f 3058 3108 3107
f 3059 3060 3109
f 3059 3109 3108
f 3060 3061 3110
f 3060 3110 3109
f 3061 3062 3111
f 3061 3111 3110
f 3062 3063 3112
f 3062 3112 3111
f 3063 3064 3113
f 3063 3113 3112
f 3064 3065 3114
f 3064 3114 3113
f 3065 3066 3115
f 3065 3115 3114
f 3066 3067 3116
f 3066 3116 3115
f 3067 3068 3117
f 3067 3117 3116
f 3068 3069 3118
f 3068 3118 3117
f 3069 3070 3119
f 3069 3119 3118
f 3070 3071 3120
f 3070 3120 3119
f 3071 3072 3121
f 3071 3121 3120
f 3072 3073 3122
f 3072 3122 3121
f 3073 3074 3123
f 3073 3123 3122
f 3074 3075 3124
f 3074 3124 3123
f 3075 3076 3125
f 3075 3125 3124
f 3076 3077 3126
f 3076 3126 3125
f 3077 3078 3127
f 3077 3127 3126
f 3078 3079 3128
f 3078 3128 3127
f 3079 3080 3129
f 3079 3129 3128
f 3080 3081 3130
f 3080 3130 3129
f 3081 3082 3131
f 3081 3131 3130
f 3082 3083 3132
f 3082 3132 3131
f 3083 3084 3133
f 3083 3133 3132
f 3084 3085 3134
f 3084 3134 3133
f 3085 3086 3135
f 3085 3135 3134
f 3086 3087 3136
f 3086 3136 3135
f 3087 3088 3137
f 3087 3137 3136
f 3088 3089 3138
f 3088 3138 3137
f 3089 3090 3139
f 3089 3139 3138
f 3090 3091 3140
f 3090 3140 3139
f 3091 3092 3141
f 3091 3141 3140
f 3092 3093 3142
f 3092 3142 3141
f 3093 3094 3143
f 3093 3143 3142
f 3094 3095 3144
f 3094 3144 3143
f 3095 3096 3145
f 3095 3145 3144
f 3098 3097 3146
f 3098 3146 3147
f 3097 3099 3148
f 3097 3148 3146
f 3099 3100 3149
f 3099 3149 3148
f 3100 3101 3150
f 3100 3150 3149
f 3101 3102 3151
f 3101 3151 3150
f 3102 3103 3152
f 3102 3152 3151
f 3103 3104 3153
f 3103 3153 3152
f 3104 3105 3154
f 3104 3154 3153
f 3105 3106 3155
f 3105 3155 3154
f 3106 3107 3156
f 3106 3156 3155
f 3107 3108 3157
f 3107 3157 3156
f 3108 3109 3158
f 3108 3158 3157
f 3109 3110 3159
f 3109 3159 3158
f 3110 3111 3160
f 3110 3160 3159
f 3111 3112 3161
f 3111 3161 3160
f 3112 3113 3162
f 3112 3162 3161
f 3113 3114 3163
f 3113 3163 3162
f 3114 3115 3164
f 3114 3164 3163
f 3115 3116 3165
f 3115 3165 3164
f 3116 3117 3166
f 3116 3166 3165
f 3117 3118 3167
f 3117 3167 3166
f 3118 3119 3168
f 3118 3168 3167
f 3119 3120 3169
f 3119 3169 3168
f 3120 3121 3170
f 3120 3170 3169
f 3121 3122 3171
f 3121 3171 3170
f 3122 3123 3172
f 3122 3172 3171
f 3123 3124 3173
f 3123 3173 3172
f 3124 3125 3174
f 3124 3174 3173
f 3125 3126 3175
f 3125 3175 3174
f 3126 3127 3176
f 3126 3176 3175
f 3127 3128 3177
f 3127 3177 3176
f 3128 3129 3178
f 3128 3178 3177
f 3129 3130 3179
f 3129 3179 3178
f 3130 3131 3180
f 3130 3180 3179
f 3131 3132 3181
f 3131 3181 3180
f 3132 3133 3182
f 3132 3182 3181
f 3133 3134 3183
f 3133 3183 3182
f 3134 3135 3184
f 3134 3184 3183
f 3135 3136 3185
f 3135 3185 3184
f 3136 3137 3186
f 3136 3186 3185
f 3137 3138 3187
f 3137 3187 3186
f 3138 3139 3188
f 3138 3188 3187
f 3139 3140 3189
f 3139 3189 3188
f 3140 3141 3190
f 3140 3190 3189
f 3141 3142 3191
f 3141 3191 3190
f 3142 3143 3192
f 3142 3192 3191
f 3143 3144 3193
f 3143 3193 3192
f 3144 3145 3194
f 3144 3194 3193
f 3147 3146 3195
f 3147 3195 3196
f 3146 3148 3197
f 3146 3197 3195
f 3148 3149 3198
f 3148 3198 3197
f 3149 3150 3199
f 3149 3199 3198
f 3150 3151 3200
f 3150 3200 3199
f 3151 3152 3201
f 3151 3201 3200
f 3152 3153 3202
f 3152 3202 3201
f 3153 3154 3203
f 3153 3203 3202
f 3154 3155 3204
f 3154 3204 3203
f 3155 3156 3205
f 3155 3205 3204
f 3156 3157 3206
f 3156 3206 3205
f 3157 3158 3207
f 3157 3207 3206
f 3158 3159 3208
f 3158 3208 3207
f 3159 3160 3209
f 3159 3209 3208
f 3160 3161 3210
f 3160 3210 3209
f 3161 3162 3211
f 3161 3211 3210
f 3162 3163 3212
f 3162 3212 3211
f 3163 3164 3213
f 3163 3213 3212
f 3164 3165 3214
f 3164 3214 3213
f 3165 3166 3215
f 3165 3215 3214
f 3166 3167 3216
f 3166 3216 3215
f 3167 3168 3217
f 3167 3217 3216
f 3168 3169 3218
f 3168 3218 3217
f 3169 3170 3219
f 3169 3219 3218
f 3170 3171 3220
f 3170 3220 3219
f 3171 3172 3221
f 3171 3221 3220
f 3172 3173 3222
f 3172 3222 3221
f 3173 3174 3223
f 3173 3223 3222
f 3174 3175 3224
f 3174 3224 3223
f 3175 3176 3225
f 3175 3225 3224
f 3176 3177 3226
f 3176 3226 3225
f 3177 3178 3227
f 3177 3227 3226
f 3178 3179 3228
f 3178 3228 3227
f 3179 3180 3229
f 3179 3229 3228
f 3180 3181 3230
f 3180 3230 3229
f 3181 3182 3231
f 3181 3231 3230
f 3182 3183 3232
f 3182 3232 3231
f 3183 3184 3233
f 3183 3233 3232
f 3184 3185 3234
f 3184 3234 3233
f 3185 3186 3235
f 3185 3235 3234
f 3186 3187 3236
f 3186 3236 3235
f 3187 3188 3237
f 3187 3237 3236
f 3188 3189 3238
f 3188 3238 3237
f 3189 3190 3239
f 3189 3239 3238
f 3190 3191 3240
f 3190 3240 3239
f 3191 3192 3241
f 3191 3241 3240
f 3192 3193 3242
f 3192 3242 3241
f 3193 3194 3243
f 3193 3243 3242
f 3196 3195 3244
f 3196 3244 3245
f 3195 3197 3246
f 3195 3246 3244
f 3197 3198 3247
f 3197 3247 3246
f 3198 3199 3248
f 3198 3248 3247
f 3199 3200 3249
f 3199 3249 3248
f 3200 3201 3250
f 3200 3250 3249
f 3201 3202 3251
f 3201 3251 3250
f 3202 3203 3252
f 3202 3252 3251
f 3203 3204 3253
f 3203 3253 3252
f 3204 3205 3254
f 3204 3254 3253
f 3205 3206 3255
f 3205 3255 3254
f 3206 3207 3256
f 3206 3256 3255
f 3207 3208 3257
f 3207 3257 3256
f 3208 3209 3258
f 3208 3258 3257
f 3209 3210 3259
f 3209 3259 3258
f 3210 3211 3260
f 3210 3260 3259
f 3211 3212 3261
f 3211 3261 3260
f 3212 3213 3262
f 3212 3262 3261
f 3213 3214 3263
f 3213 3263 3262
f 3214 3215 3264
f 3214 3264 3263
f 3215 3216 3265
f 3215 3265 3264
f 3216 3217 3266
f 3216 3266 3265
f 3217 3218 3267
f 3217 3267 3266
f 3218 3219 3268
f 3218 3268 3267
f 3219 3220 3269
f 3219 3269 3268
f 3220 3221 3270
f 3220 3270 3269
f 3221 3222 3271
f 3221 3271 3270
f 3222 3223 3272
f 3222 3272 3271
f 3223 3224 3273
f 3223 3273 3272
f 3224 3225 3274
f 3224 3274 3273
f 3225 3226 3275
f 3225 3275 3274
f 3226 3227 3276
f 3226 3276 3275
f 3227 3228 3277
f 3227 3277 3276
f 3228 3229 3278
f 3228 3278 3277
f 3229 3230 3279
f 3229 3279 3278
f 3230 3231 3280
f 3230 3280 3279
f 3231 3232 3281
f 3231 3281 3280
f 3232 3233 3282
f 3232 3282 3281
f 3233 3234 3283
f 3233 3283 3282
f 3234 3235 3284
f 3234 3284 3283
f 3235 3236 3285
f 3235 3285 3284
f 3236 3237 3286
f 3236 3286 3285
f 3237 3238 3287
f 3237 3287 3286
f 3238 3239 3288
f 3238 3288 3287
f 3239 3240 3289
f 3239 3289 3288
f 3240 3241 3290
f 3240 3290 3289
f 3241 3242 3291
f 3241 3291 3290
f 3242 3243 3292
f 3242 3292 3291
f 3245 3244 3293
f 3245 3293 3294
f 3244 3246 3295
f 3244 3295 3293
f 3246 3247 3296
f 3246 3296 3295
f 3247 3248 3297
f 3247 3297 3296
f 3248 3249 3298
f 3248 3298 3297
f 3249 3250 3299
f 3249 3299 3298
f 3250 3251 3300
f 3250 3300 3299
f 3251 3252 3301
f 3251 3301 3300
f 3252 3253 3302
f 3252 3302 3301
f 3253 3254 3303
f 3253 3303 3302
f 3254 3255 3304
f 3254 3304 3303
f 3255 3256 3305
f 3255 3305 3304
f 3256 3257 3306
f 3256 3306 3305
f 3257 3258 3307
f 3257 3307 3306
f 3258 3259 3308
f 3258 3308 3307
f 3259 3260 3309
f 3259 3309 3308
f 3260 3261 3310
f 3260 3310 3309
f 3261 3262 3311
f 3261 3311 3310
f 3262 3263 3312
f 3262 3312 3311
f 3263 3264 3313
f 3263 3313 3312
f 3264 3265 3314
f 3264 3314 3313
f 3265 3266 3315
f 3265 3315 3314
f 3266 3267 3316
f 3266 3316 3315
f 3267 3268 3317
f 3267 3317 3316
f 3268 3269 3318
f 3268 3318 3317
f 3269 3270 3319
f 3269 3319 3318
f 3270 3271 3320
f 3270 3320 3319
f 3271 3272 3321
f 3271 3321 3320
f 3272 3273 3322
f 3272 3322 3321
f 3273 3274 3323
f 3273 3323 3322
f 3274 3275 3324
f 3274 3324 3323
f 3275 3276 3325
f 3275 3325 3324
f 3276 3277 3326
f 3276 3326 3325
f 3277 3278 3327
f 3277 3327 3326
f 3278 3279 3328
f 3278 3328 3327
f 3279 3280 3329
f 3279 3329 3328
f 3280 3281 3330
f 3280 3330 3329
f 3281 3282 3331
f 3281 3331 3330
f 3282 3283 3332
f 3282 3332 3331
f 3283 3284 3333
f 3283 3333 3332
f 3284 3285 3334
f 3284 3334 3333
f 3285 3286 3335
f 3285 3335 3334
f 3286 3287 3336
f 3286 3336 3335
f 3287 3288 3337
f 3287 3337 3336
f 3288 3289 3338
f 3288 3338 3337
f 3289 3290 3339
f 3289 3339 3338
f 3290 3291 3340
f 3290 3340 3339
f 3291 3292 3341
f 3291 3341 3340
f 3294 3293 3342
f 3294 3342 3343
f 3293 3295 3344
f 3293 3344 3342
f 3295 3296 3345
f 3295 3345 3344
f 3296 3297 3346
f 3296 3346 3345
f 3297 3298 3347
f 3297 3347 3346
f 3298 3299 3348
f 3298 3348 3347
f 3299 3300 3349
f 3299 3349 3348
f 3300 3301 3350
f 3300 3350 3349
f 3301 3302 3351
f 3301 3351 3350
f 3302 3303 3352
f 3302 3352 3351
f 3303 3304 3353
f 3303 3353 3352
f 3304 3305 3354
f 3304 3354 3353
f 3305 3306 3355
f 3305 3355 3354
f 3306 3307 3356
f 3306 3356 3355
f 3307 3308 3357
f 3307 3357 3356
f 3308 3309 3358
f 3308 3358 3357
f 3309 3310 3359
f 3309 3359 3358
f 3310 3311 3360
f 3310 3360 3359
f 3311 3312 3361
f 3311 3361 3360
f 3312 3313 3362
f 3312 3362 3361
f 3313 3314 3363
f 3313 3363 3362
f 3314 3315 3364
f 3314 3364 3363
f 3315 3316 3365
f 3315 3365 3364
f 3316 3317 3366
f 3316 3366 3365
f 3317 3318 3367
f 3317 3367 3366
f 3318 3319 3368
f 3318 3368 3367
f 3319 3320 3369
f 3319 3369 3368
f 3320 3321 3370
f 3320 3370 3369
f 3321 3322 3371
f 3321 3371 3370
f 3322 3323 3372
f 3322 3372 3371
f 3323 3324 3373
f 3323 3373 3372
f 3324 3325 3374
f 3324 3374 3373
f 3325 3326 3375
f 3325 3375 3374
f 3326 3327 3376
f 3326 3376 3375
f 3327 3328 3377
f 3327 3377 3376
f 3328 3329 3378
f 3328 3378 3377
f 3329 3330 3379
f 3329 3379 3378
f 3330 3331 3380
f 3330 3380 3379
f 3331 3332 3381
f 3331 3381 3380
f 3332 3333 3382
f 3332 3382 3381
f 3333 3334 3383
f 3333 3383 3382
f 3334 3335 3384
f 3334 3384 3383
f 3335 3336 3385
f 3335 3385 3384
f 3336 3337 3386
f 3336 3386 3385
f 3337 3338 3387
f 3337 3387 3386
f 3338 3339 3388
f 3338 3388 3387
f 3339 3340 3389
f 3339 3389 3388
f 3340 3341 3390
f 3340 3390 3389
f 3343 3342 3391
f 3343 3391 3392
f 3342 3344 3393
f 3342 3393 3391
f 3344 3345 3394
f 3344 3394 3393
f 3345 3346 3395
f 3345 3395 3394
f 3346 3347 3396
f 3346 3396 3395
f 3347 3348 3397
f 3347 3397 3396
f 3348 3349 3398
f 3348 3398 3397
f 3349 3350 3399
f 3349 3399 3398
f 3350 3351 3400
f 3350 3400 3399
f 3351 3352 3401
f 3351 3401 3400
f 3352 3353 3402
f 3352 3402 3401
f 3353 3354 3403
f 3353 3403 3402
f 3354 3355 3404
f 3354 3404 3403
f 3355 3356 3405
f 3355 3405 3404
f 3356 3357 3406
f 3356 3406 3405
f 3357 3358 3407
f 3357 3407 3406
f 3358 3359 3408
f 3358 3408 3407
f 3359 3360 3409
f 3359 3409 3408
f 3360 3361 3410
f 3360 3410 3409
f 3361 3362 3411
f 3361 3411 3410
f 3362 3363 3412
f 3362 3412 3411
f 3363 3364 3413
f 3363 3413 3412
f 3364 3365 3414
f 3364 3414 3413
f 3365 3366 3415
f 3365 3415 3414
f 3366 3367 3416
f 3366 3416 3415
f 3367 3368 3417
f 3367 3417 3416
f 3368 3369 3418
f 3368 3418 3417
f 3369 3370 3419
f 3369 3419 3418
f 3370 3371 3420
f 3370 3420 3419
f 3371 3372 3421
f 3371 3421 3420
f 3372 3373 3422
f 3372 3422 3421
f 3373 3374 3423
f 3373 3423 3422
f 3374 3375 3424
f 3374 3424 3423
f 3375 3376 3425
f 3375 3425 3424
f 3376 3377 3426
f 3376 3426 3425
f 3377 3378 3427
f 3377 3427 3426
f 3378 3379 3428
f 3378 3428 3427
f 3379 3380 3429
f 3379 3429 3428
f 3380 3381 3430
f 3380 3430 3429
f 3381 3382 3431
f 3381 3431 3430
f 3382 3383 3432
f 3382 3432 3431
f 3383 3384 3433
f 3383 3433 3432
f 3384 3385 3434
f 3384 3434 3433
f 3385 3386 3435
f 3385 3435 3434
f 3386 3387 3436
f 3386 3436 3435
f 3387 3388 3437
f 3387 3437 3436
f 3388 3389 3438
f 3388 3438 3437
f 3389 3390 3439
f 3389 3439 3438
f 3392 3391 3440
f 3392 3440 3441
f 3391 3393 3442
f 3391 3442 3440
f 3393 3394 3443
f 3393 3443 3442
f 3394 3395 3444
f 3394 3444 3443
f 3395 3396 3445
f 3395 3445 3444
f 3396 3397 3446
f 3396 3446 3445
f 3397 3398 3447
f 3397 3447 3446
f 3398 3399 3448
f 3398 3448 3447
f 3399 3400 3449
f 3399 3449 3448
f 3400 3401 3450
f 3400 3450 3449
f 3401 3402 3451
f 3401 3451 3450
f 3402 3403 3452
f 3402 3452 3451
f 3403 3404 3453
f 3403 3453 3452
f 3404 3405 3454
f 3404 3454 3453
f 3405 3406 3455
f 3405 3455 3454
f 3406 3407 3456
f 3406 3456 3455
f 3407 3408 3457
f 3407 3457 3456
f 3408 3409 3458
f 3408 3458 3457
f 3409 3410 3459
f 3409 3459 3458
f 3410 3411 3460
f 3410 3460 3459
f 3411 3412 3461
f 3411 3461 3460
f 3412 3413 3462
f 3412 3462 3461
f 3413 3414 3463
f 3413 3463 3462
f 3414 3415 3464
f 3414 3464 3463
f 3415 3416 3465
f 3415 3465 3464
f 3416 3417 3466
f 3416 3466 3465
f 3417 3418 3467
f 3417 3467 3466
f 3418 3419 3468
f 3418 3468 3467
f 3419 3420 3469
f 3419 3469 3468
f 3420 3421 3470
f 3420 3470 3469
f 3421 3422 3471
f 3421 3471 3470
f 3422 3423 3472
f 3422 3472 3471
f 3423 3424 3473
f 3423 3473 3472
f 3424 3425 3474
f 3424 3474 3473
f 3425 3426 3475
f 3425 3475 3474
f 3426 3427 3476
f 3426 3476 3475
f 3427 3428 3477
f 3427 3477 3476
f 3428 3429 3478
f 3428 3478 3477
f 3429 3430 3479
f 3429 3479 3478
f 3430 3431 3480
f 3430 3480 3479
f 3431 3432 3481
f 3431 3481 3480
f 3432 3433 3482
f 3432 3482 3481
f 3433 3434 3483
f 3433 3483 3482
f 3434 3435 3484
f 3434 3484 3483
f 3435 3436 3485
f 3435 3485 3484
f 3436 3437 3486
f 3436 3486 3485
f 3437 3438 3487
f 3437 3487 3486
f 3438 3439 3488
f 3438 3488 3487
f 3441 3440 3489
f 3441 3489 3490
f 3440 3442 3491
f 3440 3491 3489
f 3442 3443 3492
f 3442 3492 3491
f 3443 3444 3493
f 3443 3493 3492
f 3444 3445 3494
f 3444 3494 3493
f 3445 3446 3495
f 3445 3495 3494
f 3446 3447 3496
f 3446 3496 3495
f 3447 3448 3497
f 3447 3497 3496
f 3448 3449 3498
f 3448 3498 3497
f 3449 3450 3499
f 3449 3499 3498
f 3450 3451 3500
f 3450 3500 3499
f 3451 3452 3501
f 3451 3501 3500
f 3452 3453 3502
f 3452 3502 3501
f 3453 3454 3503
f 3453 3503 3502
f 3454 3455 3504
f 3454 3504 3503
f 3455 3456 3505
f 3455 3505 3504
f 3456 3457 3506
f 3456 3506 3505
f 3457 3458 3507
f 3457 3507 3506
f 3458 3459 3508
f 3458 3508 3507
f 3459 3460 3509
f 3459 3509 3508
f 3460 3461 3510
f 3460 3510 3509
f 3461 3462 3511
f 3461 3511 3510
f 3462 3463 3512
f 3462 3512 3511
f 3463 3464 3513
f 3463 3513 3512
f 3464 3465 3514
f 3464 3514 3513
f 3465 3466 3515
f 3465 3515 3514
f 3466 3467 3516
f 3466 3516 3515
f 3467 3468 3517
f 3467 3517 3516
f 3468 3469 3518
f 3468 3518 3517
f 3469 3470 3519
f 3469 3519 3518
f 3470 3471 3520
f 3470 3520 3519
f 3471 3472 3521
f 3471 3521 3520
f 3472 3473 3522
f 3472 3522 3521
f 3473 3474 3523
f 3473 3523 3522
f 3474 3475 3524
f 3474 3524 3523
f 3475 3476 3525
f 3475 3525 3524
f 3476 3477 3526
f 3476 3526 3525
f 3477 3478 3527
f 3477 3527 3526
f 3478 3479 3528
f 3478 3528 3527
f 3479 3480 3529
f 3479 3529 3528
f 3480 3481 3530
f 3480 3530 3529
f 3481 3482 3531
f 3481 3531 3530
f 3482 3483 3532
f 3482 3532 3531
f 3483 3484 3533
f 3483 3533 3532
f 3484 3485 3534
f 3484 3534 3533
f 3485 3486 3535
f 3485 3535 3534
f 3486 3487 3536
f 3486 3536 3535
f 3487 3488 3537
f 3487 3537 3536
