mtllib Monitor2c.mtl
v 187.4 233.48 66.46
v 163.9 225.88 66.46
v 163.9 233.48 66.46
v 187.4 225.88 66.46
v 163.9 225.88 78.1075
v 163.9 233.48 78.1075
v 187.4 233.48 78.1075
v 187.4 225.88 78.1075
v 169.142 233.48 82.01
v 168.752 233.48 82.96
v 164.85 233.48 77.718
v 164.85 233.48 67.41
v 182.158 233.48 82.01
v 182.548 233.48 82.96
v 186.45 233.48 77.718
v 186.45 233.48 67.41
v 168.752 225.88 82.96
v 182.548 225.88 82.96
v 186.45 227.38 67.41
v 186.45 227.38 77.718
v 182.158 227.38 82.01
v 169.142 227.38 82.01
v 164.85 227.38 77.718
v 164.85 227.38 67.41
v 168.65 225.68 74.46
v 168.65 230.68 69.96
v 168.65 225.68 69.96
v 168.65 230.68 74.46
v 170.65 225.68 74.46
v 170.65 225.68 69.96
v 170.65 230.68 69.96
v 170.65 230.68 74.46
v 174.65 225.68 79.96
v 174.65 230.68 75.46
v 174.65 225.68 75.46
v 174.65 230.68 79.96
v 176.65 225.68 79.96
v 176.65 225.68 75.46
v 176.65 230.68 75.46
v 176.65 230.68 79.96
v 180.65 225.68 74.46
v 180.65 230.68 69.96
v 180.65 225.68 69.96
v 180.65 230.68 74.46
v 182.65 225.68 74.46
v 182.65 225.68 69.96
v 182.65 230.68 69.96
v 182.65 230.68 74.46
v 134.276 243.68 78.8631
v 133.65 243.68 78.91
v 133.65 232.18 78.91
v 134.276 232.18 78.8631
v 134.888 243.68 78.7234
v 134.888 232.18 78.7234
v 135.472 232.18 78.4941
v 135.472 243.68 78.4941
v 136.016 243.68 78.1802
v 136.016 232.18 78.1802
v 136.507 232.18 77.7888
v 136.507 243.68 77.7888
v 136.934 243.68 77.3287
v 136.934 232.18 77.3287
v 137.287 243.68 76.81
v 137.287 232.18 76.81
v 137.56 243.68 76.2444
v 137.56 232.18 76.2444
v 137.745 243.68 75.6446
v 137.745 232.18 75.6446
v 137.838 243.68 75.0239
v 137.838 232.18 75.0239
v 137.838 243.68 74.3961
v 137.838 232.18 74.3961
v 137.745 243.68 73.7754
v 137.745 232.18 73.7754
v 137.56 243.68 73.1756
v 137.56 232.18 73.1756
v 137.287 243.68 72.61
v 137.287 232.18 72.61
v 136.934 232.18 72.0913
v 136.934 243.68 72.0913
v 136.507 243.68 71.6312
v 136.507 232.18 71.6312
v 136.016 243.68 71.2398
v 136.016 232.18 71.2398
v 135.472 232.18 70.9259
v 135.472 243.68 70.9259
v 134.888 243.68 70.6966
v 134.888 232.18 70.6966
v 134.276 243.68 70.5569
v 134.276 232.18 70.5569
v 133.65 232.18 70.51
v 133.65 243.68 70.51
v 133.024 243.68 70.5569
v 133.024 232.18 70.5569
v 132.412 232.18 70.6966
v 132.412 243.68 70.6966
v 131.828 243.68 70.9259
v 131.828 232.18 70.9259
v 131.284 243.68 71.2398
v 131.284 232.18 71.2398
v 130.793 243.68 71.6312
v 130.793 232.18 71.6312
v 130.366 243.68 72.0913
v 130.366 232.18 72.0913
v 130.013 243.68 72.61
v 130.013 232.18 72.61
v 129.74 232.18 73.1756
v 129.74 243.68 73.1756
v 129.555 243.68 73.7754
v 129.555 232.18 73.7754
v 129.462 243.68 74.3961
v 129.462 232.18 74.3961
v 129.462 232.18 75.0239
v 129.462 243.68 75.0239
v 129.555 243.68 75.6446
v 129.555 232.18 75.6446
v 129.74 232.18 76.2444
v 129.74 243.68 76.2444
v 130.013 243.68 76.81
v 130.013 232.18 76.81
v 130.366 232.18 77.3287
v 130.366 243.68 77.3287
v 130.793 232.18 77.7888
v 130.793 243.68 77.7888
v 131.284 243.68 78.1802
v 131.284 232.18 78.1802
v 131.828 232.18 78.4941
v 131.828 243.68 78.4941
v 132.412 232.18 78.7234
v 132.412 243.68 78.7234
v 133.024 243.68 78.8631
v 133.024 232.18 78.8631
v 108.276 243.68 78.8631
v 107.65 243.68 78.91
v 107.65 232.18 78.91
v 108.276 232.18 78.8631
v 108.888 243.68 78.7234
v 108.888 232.18 78.7234
v 109.472 232.18 78.4941
v 109.472 243.68 78.4941
v 110.016 243.68 78.1802
v 110.016 232.18 78.1802
v 110.507 232.18 77.7888
v 110.507 243.68 77.7888
v 110.934 243.68 77.3287
v 110.934 232.18 77.3287
v 111.287 243.68 76.81
v 111.287 232.18 76.81
v 111.56 243.68 76.2444
v 111.56 232.18 76.2444
v 111.745 243.68 75.6446
v 111.745 232.18 75.6446
v 111.838 243.68 75.0239
v 111.838 232.18 75.0239
v 111.838 243.68 74.3961
v 111.838 232.18 74.3961
v 111.745 243.68 73.7754
v 111.745 232.18 73.7754
v 111.56 243.68 73.1756
v 111.56 232.18 73.1756
v 111.287 243.68 72.61
v 111.287 232.18 72.61
v 110.934 232.18 72.0913
v 110.934 243.68 72.0913
v 110.507 243.68 71.6312
v 110.507 232.18 71.6312
v 110.016 243.68 71.2398
v 110.016 232.18 71.2398
v 109.472 232.18 70.9259
v 109.472 243.68 70.9259
v 108.888 243.68 70.6966
v 108.888 232.18 70.6966
v 108.276 243.68 70.5569
v 108.276 232.18 70.5569
v 107.65 232.18 70.51
v 107.65 243.68 70.51
v 107.024 243.68 70.5569
v 107.024 232.18 70.5569
v 106.412 232.18 70.6966
v 106.412 243.68 70.6966
v 105.828 243.68 70.9259
v 105.828 232.18 70.9259
v 105.284 243.68 71.2398
v 105.284 232.18 71.2398
v 104.793 243.68 71.6312
v 104.793 232.18 71.6312
v 104.366 243.68 72.0913
v 104.366 232.18 72.0913
v 104.013 243.68 72.61
v 104.013 232.18 72.61
v 103.74 232.18 73.1756
v 103.74 243.68 73.1756
v 103.555 243.68 73.7754
v 103.555 232.18 73.7754
v 103.462 243.68 74.3961
v 103.462 232.18 74.3961
v 103.462 232.18 75.0239
v 103.462 243.68 75.0239
v 103.555 243.68 75.6446
v 103.555 232.18 75.6446
v 103.74 232.18 76.2444
v 103.74 243.68 76.2444
v 104.013 243.68 76.81
v 104.013 232.18 76.81
v 104.366 232.18 77.3287
v 104.366 243.68 77.3287
v 104.793 232.18 77.7888
v 104.793 243.68 77.7888
v 105.284 243.68 78.1802
v 105.284 232.18 78.1802
v 105.828 232.18 78.4941
v 105.828 243.68 78.4941
v 106.412 232.18 78.7234
v 106.412 243.68 78.7234
v 107.024 243.68 78.8631
v 107.024 232.18 78.8631
v 82.276 243.68 78.8631
v 81.65 243.68 78.91
v 81.65 232.18 78.91
v 82.276 232.18 78.8631
v 82.888 243.68 78.7234
v 82.888 232.18 78.7234
v 83.4723 232.18 78.4941
v 83.4723 243.68 78.4941
v 84.0159 243.68 78.1802
v 84.0159 232.18 78.1802
v 84.5067 232.18 77.7888
v 84.5067 243.68 77.7888
v 84.9337 243.68 77.3287
v 84.9337 232.18 77.3287
v 85.2873 243.68 76.81
v 85.2873 232.18 76.81
v 85.5597 243.68 76.2444
v 85.5597 232.18 76.2444
v 85.7447 243.68 75.6446
v 85.7447 232.18 75.6446
v 85.8383 243.68 75.0239
v 85.8383 232.18 75.0239
v 85.8383 243.68 74.3961
v 85.8383 232.18 74.3961
v 85.7447 243.68 73.7754
v 85.7447 232.18 73.7754
v 85.5597 243.68 73.1756
v 85.5597 232.18 73.1756
v 85.2873 243.68 72.61
v 85.2873 232.18 72.61
v 84.9337 232.18 72.0913
v 84.9337 243.68 72.0913
v 84.5067 243.68 71.6312
v 84.5067 232.18 71.6312
v 84.0159 243.68 71.2398
v 84.0159 232.18 71.2398
v 83.4723 232.18 70.9259
v 83.4723 243.68 70.9259
v 82.888 243.68 70.6966
v 82.888 232.18 70.6966
v 82.276 243.68 70.5569
v 82.276 232.18 70.5569
v 81.65 232.18 70.51
v 81.65 243.68 70.51
v 81.024 243.68 70.5569
v 81.024 232.18 70.5569
v 80.412 232.18 70.6966
v 80.412 243.68 70.6966
v 79.8277 243.68 70.9259
v 79.8277 232.18 70.9259
v 79.2841 243.68 71.2398
v 79.2841 232.18 71.2398
v 78.7933 243.68 71.6312
v 78.7933 232.18 71.6312
v 78.3663 243.68 72.0913
v 78.3663 232.18 72.0913
v 78.0127 243.68 72.61
v 78.0127 232.18 72.61
v 77.7403 232.18 73.1756
v 77.7403 243.68 73.1756
v 77.5553 243.68 73.7754
v 77.5553 232.18 73.7754
v 77.4617 243.68 74.3961
v 77.4617 232.18 74.3961
v 77.4617 232.18 75.0239
v 77.4617 243.68 75.0239
v 77.5553 243.68 75.6446
v 77.5553 232.18 75.6446
v 77.7403 232.18 76.2444
v 77.7403 243.68 76.2444
v 78.0127 243.68 76.81
v 78.0127 232.18 76.81
v 78.3663 232.18 77.3287
v 78.3663 243.68 77.3287
v 78.7933 232.18 77.7888
v 78.7933 243.68 77.7888
v 79.2841 243.68 78.1802
v 79.2841 232.18 78.1802
v 79.8277 232.18 78.4941
v 79.8277 243.68 78.4941
v 80.412 232.18 78.7234
v 80.412 243.68 78.7234
v 81.024 243.68 78.8631
v 81.024 232.18 78.8631
v 54.3356 238.18 79.2586
v 53.65 238.18 79.31
v 53.65 233.68 79.31
v 54.3356 233.68 79.2586
v 55.0059 238.18 79.1056
v 55.0059 233.68 79.1056
v 55.6459 233.68 78.8545
v 55.6459 238.18 78.8545
v 56.2413 238.18 78.5107
v 56.2413 233.68 78.5107
v 56.7788 238.18 78.082
v 56.7788 233.68 78.082
v 57.2464 233.68 77.5781
v 57.2464 238.18 77.5781
v 57.6337 238.18 77.01
v 57.6337 233.68 77.01
v 57.932 233.68 76.3906
v 57.932 238.18 76.3906
v 58.1347 238.18 75.7336
v 58.1347 233.68 75.7336
v 58.2371 238.18 75.0538
v 58.2371 233.68 75.0538
v 58.2371 238.18 74.3662
v 58.2371 233.68 74.3662
v 58.1347 233.68 73.6864
v 58.1347 238.18 73.6864
v 57.932 238.18 73.0294
v 57.932 233.68 73.0294
v 57.6337 238.18 72.41
v 57.6337 233.68 72.41
v 57.2464 233.68 71.8419
v 57.2464 238.18 71.8419
v 56.7788 238.18 71.338
v 56.7788 233.68 71.338
v 56.2413 238.18 70.9093
v 56.2413 233.68 70.9093
v 55.6459 238.18 70.5655
v 55.6459 233.68 70.5655
v 55.0059 233.68 70.3144
v 55.0059 238.18 70.3144
v 54.3356 233.68 70.1614
v 54.3356 238.18 70.1614
v 53.65 238.18 70.11
v 53.65 233.68 70.11
v 52.9644 233.68 70.1614
v 52.9644 238.18 70.1614
v 52.2941 238.18 70.3144
v 52.2941 233.68 70.3144
v 51.6541 233.68 70.5655
v 51.6541 238.18 70.5655
v 51.0587 233.68 70.9093
v 51.0587 238.18 70.9093
v 50.5212 238.18 71.338
v 50.5212 233.68 71.338
v 50.0536 233.68 71.8419
v 50.0536 238.18 71.8419
v 49.6663 238.18 72.41
v 49.6663 233.68 72.41
v 49.368 238.18 73.0294
v 49.368 233.68 73.0294
v 49.1653 238.18 73.6864
v 49.1653 233.68 73.6864
v 49.0629 238.18 74.3662
v 49.0629 233.68 74.3662
v 49.0629 233.68 75.0538
v 49.0629 238.18 75.0538
v 49.1653 233.68 75.7336
v 49.1653 238.18 75.7336
v 49.368 238.18 76.3906
v 49.368 233.68 76.3906
v 49.6663 233.68 77.01
v 49.6663 238.18 77.01
v 50.0536 233.68 77.5781
v 50.0536 238.18 77.5781
v 50.5212 233.68 78.082
v 50.5212 238.18 78.082
v 51.0587 233.68 78.5107
v 51.0587 238.18 78.5107
v 51.6541 238.18 78.8545
v 51.6541 233.68 78.8545
v 52.2941 233.68 79.1056
v 52.2941 238.18 79.1056
v 52.9644 238.18 79.2586
v 52.9644 233.68 79.2586
v 54.0971 238.78 77.6765
v 53.65 238.78 77.71
v 53.65 233.68 77.71
v 54.0971 233.68 77.6765
v 54.5343 238.78 77.5767
v 54.5343 233.68 77.5767
v 54.9517 238.78 77.4129
v 54.9517 233.68 77.4129
v 55.34 238.78 77.1887
v 55.34 233.68 77.1887
v 55.6905 238.78 76.9092
v 55.6905 233.68 76.9092
v 55.9955 238.78 76.5805
v 55.9955 233.68 76.5805
v 56.2481 238.78 76.21
v 56.2481 233.68 76.21
v 56.4426 238.78 75.806
v 56.4426 233.68 75.806
v 56.5748 233.68 75.3776
v 56.5748 238.78 75.3776
v 56.6416 238.78 74.9342
v 56.6416 233.68 74.9342
v 56.6416 238.78 74.4858
v 56.6416 233.68 74.4858
v 56.5748 238.78 74.0424
v 56.5748 233.68 74.0424
v 56.4426 238.78 73.614
v 56.4426 233.68 73.614
v 56.2481 238.78 73.21
v 56.2481 233.68 73.21
v 55.9955 238.78 72.8395
v 55.9955 233.68 72.8395
v 55.6905 238.78 72.5108
v 55.6905 233.68 72.5108
v 55.34 233.68 72.2313
v 55.34 238.78 72.2313
v 54.9517 238.78 72.0071
v 54.9517 233.68 72.0071
v 54.5343 238.78 71.8433
v 54.5343 233.68 71.8433
v 54.0971 238.78 71.7435
v 54.0971 233.68 71.7435
v 53.65 238.78 71.71
v 53.65 233.68 71.71
v 53.2029 238.78 71.7435
v 53.2029 233.68 71.7435
v 52.7657 238.78 71.8433
v 52.7657 233.68 71.8433
v 52.3483 238.78 72.0071
v 52.3483 233.68 72.0071
v 51.96 238.78 72.2313
v 51.96 233.68 72.2313
v 51.6095 238.78 72.5108
v 51.6095 233.68 72.5108
v 51.3045 238.78 72.8395
v 51.3045 233.68 72.8395
v 51.0519 238.78 73.21
v 51.0519 233.68 73.21
v 50.8574 238.78 73.614
v 50.8574 233.68 73.614
v 50.7252 238.78 74.0424
v 50.7252 233.68 74.0424
v 50.6584 238.78 74.4858
v 50.6584 233.68 74.4858
v 50.6584 238.78 74.9342
v 50.6584 233.68 74.9342
v 50.7252 233.68 75.3776
v 50.7252 238.78 75.3776
v 50.8574 238.78 75.806
v 50.8574 233.68 75.806
v 51.0519 233.68 76.21
v 51.0519 238.78 76.21
v 51.3045 238.78 76.5805
v 51.3045 233.68 76.5805
v 51.6095 238.78 76.9092
v 51.6095 233.68 76.9092
v 51.96 238.78 77.1887
v 51.96 233.68 77.1887
v 52.3483 233.68 77.4129
v 52.3483 238.78 77.4129
v 52.7657 238.78 77.5767
v 52.7657 233.68 77.5767
v 53.2029 238.78 77.6765
v 53.2029 233.68 77.6765
v 53.8438 239.18 75.9955
v 53.65 239.18 76.01
v 53.65 233.68 76.01
v 53.8438 233.68 75.9955
v 54.0332 239.18 75.9522
v 54.0332 233.68 75.9522
v 54.214 233.68 75.8813
v 54.214 239.18 75.8813
v 54.3823 239.18 75.7841
v 54.3823 233.68 75.7841
v 54.5342 239.18 75.663
v 54.5342 233.68 75.663
v 54.6664 239.18 75.5205
v 54.6664 233.68 75.5205
v 54.7758 239.18 75.36
v 54.7758 233.68 75.36
v 54.8601 239.18 75.1849
v 54.8601 233.68 75.1849
v 54.9174 233.68 74.9993
v 54.9174 239.18 74.9993
v 54.9464 239.18 74.8071
v 54.9464 233.68 74.8071
v 54.9464 239.18 74.6129
v 54.9464 233.68 74.6129
v 54.9174 233.68 74.4207
v 54.9174 239.18 74.4207
v 54.8601 239.18 74.2351
v 54.8601 233.68 74.2351
v 54.7758 239.18 74.06
v 54.7758 233.68 74.06
v 54.6664 239.18 73.8995
v 54.6664 233.68 73.8995
v 54.5342 239.18 73.757
v 54.5342 233.68 73.757
v 54.3823 233.68 73.6359
v 54.3823 239.18 73.6359
v 54.214 239.18 73.5387
v 54.214 233.68 73.5387
v 54.0332 239.18 73.4678
v 54.0332 233.68 73.4678
v 53.8438 239.18 73.4245
v 53.8438 233.68 73.4245
v 53.65 239.18 73.41
v 53.65 233.68 73.41
v 53.4562 239.18 73.4245
v 53.4562 233.68 73.4245
v 53.2668 239.18 73.4678
v 53.2668 233.68 73.4678
v 53.086 239.18 73.5387
v 53.086 233.68 73.5387
v 52.9177 239.18 73.6359
v 52.9177 233.68 73.6359
v 52.7658 239.18 73.757
v 52.7658 233.68 73.757
v 52.6336 239.18 73.8995
v 52.6336 233.68 73.8995
v 52.5242 239.18 74.06
v 52.5242 233.68 74.06
v 52.4399 239.18 74.2351
v 52.4399 233.68 74.2351
v 52.3826 239.18 74.4207
v 52.3826 233.68 74.4207
v 52.3536 239.18 74.6129
v 52.3536 233.68 74.6129
v 52.3536 239.18 74.8071
v 52.3536 233.68 74.8071
v 52.3826 239.18 74.9993
v 52.3826 233.68 74.9993
v 52.4399 233.68 75.1849
v 52.4399 239.18 75.1849
v 52.5242 239.18 75.36
v 52.5242 233.68 75.36
v 52.6336 239.18 75.5205
v 52.6336 233.68 75.5205
v 52.7658 239.18 75.663
v 52.7658 233.68 75.663
v 52.9177 239.18 75.7841
v 52.9177 233.68 75.7841
v 53.086 233.68 75.8813
v 53.086 239.18 75.8813
v 53.2668 239.18 75.9522
v 53.2668 233.68 75.9522
v 53.4562 239.18 75.9955
v 53.4562 233.68 75.9955
v 46.0618 129.084 36.71
v 39.65 249.563 36.71
v 46.0618 249.563 36.71
v 39.65 121.768 36.71
v 48.2618 129.084 36.71
v 57.3676 129.084 36.71
v 48.2618 249.563 36.71
v 57.3676 249.563 36.71
v 59.5676 129.084 36.71
v 68.6735 129.084 36.71
v 59.5676 249.563 36.71
v 68.6735 249.563 36.71
v 70.8735 129.084 36.71
v 79.9794 129.084 36.71
v 70.8735 249.563 36.71
v 79.9794 249.563 36.71
v 82.1794 129.084 36.71
v 82.1794 249.563 36.71
v 91.2853 249.563 36.71
v 91.2853 129.084 36.71
v 102.591 129.084 36.71
v 93.4853 129.084 36.71
v 93.4853 249.563 36.71
v 102.591 249.563 36.71
v 104.791 129.084 36.71
v 104.791 249.563 36.71
v 113.897 249.563 36.71
v 113.897 129.084 36.71
v 116.097 129.084 36.71
v 116.097 249.563 36.71
v 125.203 249.563 36.71
v 125.203 129.084 36.71
v 136.509 129.084 36.71
v 127.403 129.084 36.71
v 127.403 249.563 36.71
v 136.509 249.563 36.71
v 147.815 129.084 36.71
v 138.709 129.084 36.71
v 138.709 249.563 36.71
v 147.815 249.563 36.71
v 159.121 129.084 36.71
v 150.015 129.084 36.71
v 150.015 249.563 36.71
v 159.121 249.563 36.71
v 161.321 129.084 36.71
v 161.321 249.563 36.71
v 170.427 249.563 36.71
v 170.427 129.084 36.71
v 181.732 129.084 36.71
v 172.626 129.084 36.71
v 172.626 249.563 36.71
v 181.732 249.563 36.71
v 183.932 129.084 36.71
v 183.932 249.563 36.71
v 193.038 249.563 36.71
v 193.038 129.084 36.71
v 195.238 129.084 36.71
v 195.238 249.563 36.71
v 201.65 249.563 36.71
v 201.65 121.768 36.71
v 215.65 121.768 50.71
v 215.62 249.563 49.7979
v 215.65 249.563 50.71
v 215.617 121.768 49.7546
v 215.531 249.563 48.8897
v 215.52 121.768 48.8037
v 215.383 249.563 47.9892
v 215.357 121.768 47.8616
v 215.177 249.563 47.1003
v 215.131 121.768 46.9328
v 214.913 129.084 46.2267
v 214.913 249.563 46.2267
v 214.842 121.768 46.0217
v 214.829 129.084 45.9875
v 214.742 129.084 45.7499
v 214.65 129.084 45.5138
v 214.491 121.768 45.1324
v 214.65 249.563 45.5138
v 214.258 249.563 44.6242
v 214.08 121.768 44.2691
v 213.805 249.563 43.7639
v 213.612 121.768 43.4358
v 213.294 249.563 42.9372
v 213.088 121.768 42.6365
v 212.726 249.563 42.1479
v 212.51 121.768 41.8748
v 212.106 249.563 41.3998
v 211.882 121.768 41.1543
v 211.434 249.563 40.6967
v 211.206 121.768 40.4783
v 210.716 249.563 40.0418
v 210.485 121.768 39.85
v 209.954 249.563 39.4384
v 209.724 121.768 39.2724
v 209.151 249.563 38.8893
v 208.924 121.768 38.7481
v 208.313 249.563 38.3973
v 208.091 121.768 38.2796
v 207.443 249.563 37.9646
v 207.228 121.768 37.869
v 206.544 129.084 37.5933
v 206.544 249.563 37.5933
v 206.338 121.768 37.5183
v 205.822 129.084 37.3462
v 205.427 121.768 37.2292
v 205.088 129.084 37.1388
v 204.498 121.768 37.0028
v 204.344 129.084 36.9717
v 203.452 249.563 36.8265
v 204.344 249.563 36.9717
v 203.556 121.768 36.8404
v 202.605 121.768 36.7426
v 202.553 249.563 36.7392
v 201.65 249.563 38.71
v 195.238 249.563 38.71
v 202.469 249.563 38.738
v 203.284 249.563 38.8218
v 204.344 249.563 38.71
v 204.091 249.563 38.961
v 204.888 249.563 39.155
v 206.544 249.563 38.71
v 205.669 249.563 39.4029
v 206.431 249.563 39.7035
v 207.171 249.563 40.0554
v 207.885 249.563 40.457
v 208.57 249.563 40.9064
v 209.223 249.563 41.4015
v 209.841 249.563 41.94
v 210.42 249.563 42.5194
v 210.958 249.563 43.1369
v 211.454 249.563 43.7898
v 211.903 249.563 44.475
v 212.305 249.563 45.1892
v 212.656 249.563 45.9292
v 214.65 249.563 46.2267
v 212.957 249.563 46.6914
v 213.205 249.563 47.4724
v 213.399 249.563 48.2685
v 213.538 249.563 49.076
v 213.622 249.563 49.8911
v 213.65 249.563 50.71
v 214.65 249.563 53.5433
v 215.65 249.563 53.5433
v 214.65 249.563 55.7433
v 215.65 249.563 63.06
v 215.65 249.563 55.7433
v 214.65 249.563 63.06
v 215.65 249.563 72.5767
v 215.65 249.563 65.26
v 214.65 249.563 65.26
v 214.65 249.563 72.5767
v 215.65 249.563 82.0933
v 215.65 249.563 74.7767
v 214.65 249.563 74.7767
v 214.65 249.563 82.0933
v 214.65 249.563 91.61
v 215.65 249.563 84.2933
v 214.65 249.563 84.2933
v 215.65 249.563 91.61
v 215.65 249.563 101.127
v 214.65 249.563 93.81
v 214.65 249.563 101.127
v 215.65 249.563 93.81
v 215.65 249.563 110.643
v 215.65 249.563 103.327
v 214.65 249.563 103.327
v 214.65 249.563 110.643
v 215.65 249.563 120.16
v 214.65 249.563 112.843
v 214.65 249.563 120.16
v 215.65 249.563 112.843
v 215.65 249.563 129.677
v 214.65 249.563 122.36
v 214.65 249.563 129.677
v 215.65 249.563 122.36
v 213.65 249.563 134.71
v 214.65 249.563 131.877
v 201.65 249.563 148.71
v 201.65 249.563 146.71
v 195.238 249.563 146.71
v 195.238 249.563 148.71
v 215.65 249.563 134.71
v 215.65 249.563 131.877
v 204.344 249.563 146.71
v 204.091 249.563 146.459
v 203.284 249.563 146.598
v 204.888 249.563 146.265
v 202.553 249.563 148.681
v 202.469 249.563 146.682
v 215.62 249.563 135.622
v 213.622 249.563 135.529
v 203.452 249.563 148.594
v 215.531 249.563 136.53
v 213.538 249.563 136.344
v 204.344 249.563 148.448
v 215.383 249.563 137.431
v 213.399 249.563 137.151
v 206.544 249.563 146.71
v 207.171 249.563 145.365
v 206.431 249.563 145.716
v 205.669 249.563 146.017
v 215.177 249.563 138.32
v 213.205 249.563 137.948
v 214.65 249.563 139.193
v 212.957 249.563 138.729
v 212.656 249.563 139.491
v 214.913 249.563 139.193
v 214.65 249.563 139.906
v 207.443 249.563 147.455
v 206.544 249.563 147.827
v 214.258 249.563 140.796
v 212.305 249.563 140.231
v 208.313 249.563 147.023
v 207.885 249.563 144.963
v 213.805 249.563 141.656
v 211.903 249.563 140.945
v 209.151 249.563 146.531
v 208.57 249.563 144.514
v 213.294 249.563 142.483
v 211.454 249.563 141.63
v 209.954 249.563 145.982
v 209.223 249.563 144.018
v 212.726 249.563 143.272
v 210.958 249.563 142.283
v 210.716 249.563 145.378
v 209.841 249.563 143.48
v 212.106 249.563 144.02
v 210.42 249.563 142.901
v 211.434 249.563 144.723
v 195.238 129.084 38.71
v 193.038 129.084 38.71
v 193.038 249.563 38.71
v 183.932 249.563 38.71
v 183.932 129.084 38.71
v 181.732 129.084 38.71
v 181.732 249.563 38.71
v 172.626 249.563 38.71
v 172.626 129.084 38.71
v 170.427 129.084 38.71
v 170.427 249.563 38.71
v 161.321 249.563 38.71
v 161.321 129.084 38.71
v 159.121 129.084 38.71
v 159.121 249.563 38.71
v 150.015 249.563 38.71
v 150.015 129.084 38.71
v 147.815 129.084 38.71
v 147.815 249.563 38.71
v 138.709 249.563 38.71
v 138.709 129.084 38.71
v 136.509 129.084 38.71
v 136.509 249.563 38.71
v 127.403 249.563 38.71
v 127.403 129.084 38.71
v 125.203 129.084 38.71
v 125.203 249.563 38.71
v 116.097 249.563 38.71
v 116.097 129.084 38.71
v 113.897 129.084 38.71
v 113.897 249.563 38.71
v 104.791 249.563 38.71
v 104.791 129.084 38.71
v 102.591 129.084 38.71
v 102.591 249.563 38.71
v 93.4853 249.563 38.71
v 93.4853 129.084 38.71
v 91.2853 129.084 38.71
v 91.2853 249.563 38.71
v 82.1794 249.563 38.71
v 82.1794 129.084 38.71
v 79.9794 129.084 38.71
v 79.9794 249.563 38.71
v 70.8735 249.563 38.71
v 70.8735 129.084 38.71
v 68.6735 129.084 38.71
v 68.6735 249.563 38.71
v 59.5676 249.563 38.71
v 59.5676 129.084 38.71
v 57.3676 129.084 38.71
v 57.3676 249.563 38.71
v 48.2618 249.563 38.71
v 48.2618 129.084 38.71
v 46.0618 129.084 38.71
v 46.0618 249.563 38.71
v 27.65 249.563 44.0267
v 27.809 249.563 43.2407
v 27.3482 249.563 44.0267
v 31.4594 249.563 41.94
v 30.131 249.563 40.4441
v 29.4834 249.563 41.085
v 30.88 249.563 42.5194
v 28.8788 249.563 41.7667
v 34.7559 249.563 38.71
v 33.9131 249.563 37.9394
v 33.0946 249.563 38.3396
v 34.7559 249.563 37.5933
v 30.3415 249.563 43.1369
v 28.3199 249.563 42.4863
v 32.0769 249.563 41.4015
v 30.8189 249.563 39.8467
v 31.5442 249.563 39.2953
v 29.8464 249.563 43.7898
v 32.7298 249.563 40.9064
v 32.3038 249.563 38.7922
v 29.397 249.563 44.475
v 33.415 249.563 40.457
v 27.65 249.563 46.2267
v 26.3873 249.563 46.2267
v 26.1234 249.563 47.1003
v 28.9954 249.563 45.1892
v 34.1292 249.563 40.0554
v 28.6435 249.563 45.9292
v 34.8692 249.563 39.7035
v 28.3429 249.563 46.6914
v 35.6314 249.563 39.4029
v 28.095 249.563 47.4724
v 36.4124 249.563 39.155
v 36.9559 249.563 38.71
v 37.8477 249.563 36.8265
v 36.9559 249.563 36.9717
v 27.901 249.563 48.2685
v 25.9169 249.563 47.9892
v 37.2085 249.563 38.961
v 27.7618 249.563 49.076
v 25.7688 249.563 48.8897
v 38.016 249.563 38.8218
v 27.678 249.563 49.8911
v 25.6797 249.563 49.7979
v 38.8311 249.563 38.738
v 38.747 249.563 36.7392
v 27.65 249.563 50.71
v 25.65 249.563 50.71
v 39.65 249.563 38.71
v 27.65 249.563 53.5433
v 25.65 249.563 53.5433
v 25.65 121.768 50.71
v 25.6826 121.768 49.7546
v 25.7804 121.768 48.8037
v 25.9428 121.768 47.8616
v 26.1692 121.768 46.9328
v 26.3873 129.084 46.2267
v 26.4583 121.768 46.0217
v 26.6654 129.084 45.4754
v 26.809 121.768 45.1324
v 26.9861 129.084 44.7413
v 27.2196 121.768 44.2691
v 27.3482 129.084 44.0267
v 27.6881 121.768 43.4358
v 28.2124 121.768 42.6365
v 28.79 121.768 41.8748
v 29.4183 121.768 41.1543
v 30.0943 121.768 40.4783
v 30.8148 121.768 39.85
v 31.5765 121.768 39.2724
v 32.3758 121.768 38.7481
v 33.2091 121.768 38.2796
v 34.0724 121.768 37.869
v 34.7559 129.084 37.5933
v 34.9617 121.768 37.5183
v 35.4776 129.084 37.3462
v 35.8728 121.768 37.2292
v 36.2116 129.084 37.1388
v 36.8016 121.768 37.0028
v 36.9559 129.084 36.9717
v 37.7437 121.768 36.8404
v 38.6946 121.768 36.7426
v 9.5196 121.768 178.601
v 8.3298 121.768 177.633
v 8.9081 121.768 178.137
v 6.8193 121.768 175.9
v 7.2829 121.768 176.512
v 7.7872 121.768 177.09
v 10.83 121.768 179.398
v 10.1612 121.768 179.022
v 6.0224 121.768 174.59
v 6.3985 121.768 175.259
v 11.523 121.768 179.727
v 5.4113 121.768 173.183
v 5.6928 121.768 173.897
v 12.9682 121.768 180.241
v 12.2368 121.768 180.009
v 4.9975 121.768 171.706
v 5.1792 121.768 172.452
v 14.4698 121.768 180.553
v 13.7137 121.768 180.423
v 15.2331 121.768 180.631
v 16 121.768 180.657
v 4.7625 121.768 169.42
v 4.8672 121.768 170.95
v 4.7887 121.768 170.187
v 29.4183 121.768 144.266
v 30.0943 121.768 144.942
v 30.8148 121.768 145.57
v 28.79 121.768 143.545
v 31.5765 121.768 146.148
v 28.2124 121.768 142.784
v 32.3758 121.768 146.672
v 27.6881 121.768 141.984
v 33.2091 121.768 147.14
v 27.2196 121.768 141.151
v 34.0724 121.768 147.551
v 26.809 121.768 140.288
v 34.9617 121.768 147.902
v 26.4583 121.768 139.398
v 35.8728 121.768 148.191
v 26.1692 121.768 138.487
v 36.8016 121.768 148.417
v 25.9428 121.768 137.558
v 37.7437 121.768 148.58
v 25.7804 121.768 136.616
v 38.6946 121.768 148.677
v 25.6826 121.768 135.665
v 39.65 121.768 148.71
v 25.65 121.768 134.71
v 67.265 121.768 169.515
v 67.5547 121.768 169.805
v 67.8635 121.768 170.074
v 66.9957 121.768 169.207
v 68.1899 121.768 170.322
v 66.7482 121.768 168.88
v 68.5325 121.768 170.547
v 66.5235 121.768 168.537
v 68.8896 121.768 170.747
v 66.3227 121.768 168.18
v 69.2596 121.768 170.923
v 66.1467 121.768 167.81
v 69.6407 121.768 171.074
v 65.9964 121.768 167.429
v 70.0312 121.768 171.197
v 65.8725 121.768 167.039
v 70.4293 121.768 171.294
v 65.7755 121.768 166.641
v 70.833 121.768 171.364
v 65.7059 121.768 166.237
v 71.2405 121.768 171.406
v 65.664 121.768 165.829
v 71.65 121.768 171.42
v 65.65 121.768 165.42
v 65.65 121.768 159.42
v 65.664 121.768 159.011
v 65.7059 121.768 158.603
v 65.7755 121.768 158.199
v 65.8725 121.768 157.801
v 65.9964 121.768 157.411
v 66.1467 121.768 157.03
v 66.3227 121.768 156.66
v 66.5235 121.768 156.303
v 66.7482 121.768 155.96
v 66.9957 121.768 155.633
v 67.265 121.768 155.325
v 67.5547 121.768 155.035
v 67.8635 121.768 154.766
v 68.1899 121.768 154.518
v 68.5325 121.768 154.293
v 68.8896 121.768 154.093
v 69.2596 121.768 153.917
v 69.6407 121.768 153.766
v 70.0312 121.768 153.643
v 70.4293 121.768 153.546
v 4.7625 121.768 16
v 4.9975 121.768 13.7137
v 4.8672 121.768 14.4698
v 4.7887 121.768 15.2331
v 5.1792 121.768 12.9682
v 5.4113 121.768 12.2368
v 5.6928 121.768 11.523
v 6.3985 121.768 10.1612
v 6.0224 121.768 10.83
v 7.2829 121.768 8.9081
v 6.8193 121.768 9.5196
v 7.7872 121.768 8.3298
v 8.3298 121.768 7.7872
v 8.9081 121.768 7.2829
v 10.1612 121.768 6.3985
v 9.5196 121.768 6.8193
v 11.523 121.768 5.6928
v 10.83 121.768 6.0224
v 12.2368 121.768 5.4113
v 15.2331 121.768 4.7887
v 12.9682 121.768 5.1792
v 13.7137 121.768 4.9975
v 14.4698 121.768 4.8672
v 16 121.768 4.7625
v 225.3 121.768 180.657
v 170.06 121.768 171.406
v 169.65 121.768 171.42
v 170.467 121.768 171.364
v 170.871 121.768 171.294
v 171.269 121.768 171.197
v 171.659 121.768 171.074
v 172.04 121.768 170.923
v 172.41 121.768 170.747
v 172.768 121.768 170.547
v 173.11 121.768 170.322
v 173.436 121.768 170.074
v 173.745 121.768 169.805
v 174.035 121.768 169.515
v 174.304 121.768 169.207
v 174.552 121.768 168.88
v 174.776 121.768 168.537
v 174.977 121.768 168.18
v 175.153 121.768 167.81
v 175.304 121.768 167.429
v 175.428 121.768 167.039
v 230.47 121.768 179.398
v 229.063 121.768 180.009
v 229.777 121.768 179.727
v 228.332 121.768 180.241
v 227.586 121.768 180.423
v 226.83 121.768 180.553
v 226.067 121.768 180.631
v 201.65 121.768 148.71
v 175.636 121.768 159.011
v 175.65 121.768 159.42
v 175.594 121.768 158.603
v 175.524 121.768 158.199
v 175.428 121.768 157.801
v 175.304 121.768 157.411
v 175.153 121.768 157.03
v 174.977 121.768 156.66
v 174.776 121.768 156.303
v 174.552 121.768 155.96
v 174.304 121.768 155.633
v 174.035 121.768 155.325
v 173.745 121.768 155.035
v 173.436 121.768 154.766
v 173.11 121.768 154.518
v 172.768 121.768 154.293
v 172.41 121.768 154.093
v 172.04 121.768 153.917
v 171.659 121.768 153.766
v 171.269 121.768 153.643
v 170.871 121.768 153.546
v 175.65 121.768 165.42
v 175.524 121.768 166.641
v 175.594 121.768 166.237
v 175.636 121.768 165.829
v 231.78 121.768 178.601
v 231.139 121.768 179.022
v 202.605 121.768 148.677
v 232.392 121.768 178.137
v 203.556 121.768 148.58
v 232.97 121.768 177.633
v 204.498 121.768 148.417
v 233.513 121.768 177.09
v 205.427 121.768 148.191
v 234.017 121.768 176.512
v 206.338 121.768 147.902
v 234.901 121.768 175.259
v 234.481 121.768 175.9
v 207.228 121.768 147.551
v 208.091 121.768 147.14
v 235.607 121.768 173.897
v 235.278 121.768 174.59
v 208.924 121.768 146.672
v 236.433 121.768 170.95
v 236.121 121.768 172.452
v 236.303 121.768 171.706
v 236.511 121.768 170.187
v 235.889 121.768 173.183
v 236.537 121.768 169.42
v 211.206 121.768 144.942
v 210.485 121.768 145.57
v 209.724 121.768 146.148
v 211.882 121.768 144.266
v 212.51 121.768 143.545
v 213.088 121.768 142.784
v 213.612 121.768 141.984
v 214.08 121.768 141.151
v 214.491 121.768 140.288
v 214.842 121.768 139.398
v 215.131 121.768 138.487
v 215.357 121.768 137.558
v 215.52 121.768 136.616
v 215.617 121.768 135.665
v 215.65 121.768 134.71
v 236.537 121.768 16
v 225.3 121.768 4.7625
v 227.586 121.768 4.9975
v 226.067 121.768 4.7887
v 226.83 121.768 4.8672
v 236.121 121.768 12.9682
v 236.433 121.768 14.4698
v 236.303 121.768 13.7137
v 228.332 121.768 5.1792
v 235.889 121.768 12.2368
v 236.511 121.768 15.2331
v 230.47 121.768 6.0224
v 229.063 121.768 5.4113
v 229.777 121.768 5.6928
v 234.901 121.768 10.1612
v 235.607 121.768 11.523
v 235.278 121.768 10.83
v 234.481 121.768 9.5196
v 231.78 121.768 6.8193
v 231.139 121.768 6.3985
v 233.513 121.768 8.3298
v 234.017 121.768 8.9081
v 232.97 121.768 7.7872
v 232.392 121.768 7.2829
v 71.65 121.768 153.42
v 71.2405 121.768 153.434
v 70.833 121.768 153.476
v 169.65 121.768 153.42
v 170.06 121.768 153.434
v 170.467 121.768 153.476
v 204.344 129.084 38.71
v 206.544 129.084 38.71
v 214.65 129.084 46.2267
v 215.65 129.084 53.5433
v 215.65 129.084 55.7433
v 215.65 129.084 63.06
v 215.65 129.084 65.26
v 215.65 129.084 72.5767
v 215.65 129.084 74.7767
v 215.65 129.084 82.0933
v 215.65 129.084 91.61
v 215.65 129.084 84.2933
v 215.65 129.084 93.81
v 215.65 129.084 101.127
v 215.65 129.084 103.327
v 215.65 129.084 110.643
v 215.65 129.084 120.16
v 215.65 129.084 112.843
v 215.65 129.084 122.36
v 215.65 129.084 129.677
v 215.65 129.084 131.877
v 39.65 251.763 38.71
v 201.65 251.763 38.71
v 214.65 129.084 53.5433
v 214.65 129.084 55.7433
v 214.65 129.084 63.06
v 214.65 129.084 65.26
v 214.65 129.084 72.5767
v 214.65 129.084 74.7767
v 214.65 129.084 82.0933
v 214.65 129.084 84.2933
v 214.65 129.084 91.61
v 214.65 129.084 93.81
v 214.65 129.084 101.127
v 214.65 129.084 103.327
v 214.65 129.084 110.643
v 214.65 129.084 112.843
v 214.65 129.084 120.16
v 214.65 129.084 122.36
v 214.65 129.084 129.677
v 214.65 129.084 131.877
v 214.913 129.084 139.193
v 214.829 129.084 139.433
v 214.742 129.084 139.67
v 214.65 129.084 139.906
v 206.544 129.084 147.827
v 205.822 129.084 148.074
v 205.088 129.084 148.281
v 204.344 129.084 148.448
v 214.65 129.084 139.193
v 206.544 129.084 146.71
v 204.344 129.084 146.71
v 195.238 129.084 148.71
v 193.038 129.084 148.71
v 183.932 129.084 148.71
v 193.038 249.563 148.71
v 183.932 249.563 148.71
v 181.732 129.084 148.71
v 181.732 249.563 148.71
v 172.626 249.563 148.71
v 172.626 129.084 148.71
v 170.427 129.084 148.71
v 161.321 129.084 148.71
v 170.427 249.563 148.71
v 161.321 249.563 148.71
v 150.015 129.084 148.71
v 159.121 129.084 148.71
v 159.121 249.563 148.71
v 150.015 249.563 148.71
v 138.709 129.084 148.71
v 147.815 129.084 148.71
v 147.815 249.563 148.71
v 138.709 249.563 148.71
v 127.403 129.084 148.71
v 136.509 129.084 148.71
v 136.509 249.563 148.71
v 127.403 249.563 148.71
v 116.097 129.084 148.71
v 125.203 129.084 148.71
v 125.203 249.563 148.71
v 116.097 249.563 148.71
v 113.897 129.084 148.71
v 113.897 249.563 148.71
v 104.791 249.563 148.71
v 104.791 129.084 148.71
v 102.591 129.084 148.71
v 102.591 249.563 148.71
v 93.4853 249.563 148.71
v 93.4853 129.084 148.71
v 82.1794 129.084 148.71
v 91.2853 129.084 148.71
v 91.2853 249.563 148.71
v 82.1794 249.563 148.71
v 79.9794 129.084 148.71
v 79.9794 249.563 148.71
v 70.8735 249.563 148.71
v 70.8735 129.084 148.71
v 59.5676 129.084 148.71
v 68.6735 129.084 148.71
v 68.6735 249.563 148.71
v 59.5676 249.563 148.71
v 57.3676 129.084 148.71
v 57.3676 249.563 148.71
v 48.2618 249.563 148.71
v 48.2618 129.084 148.71
v 46.0618 129.084 148.71
v 46.0618 249.563 148.71
v 39.65 249.563 148.71
v 195.238 129.084 146.71
v 201.65 251.763 146.71
v 193.038 249.563 146.71
v 183.932 249.563 146.71
v 181.732 249.563 146.71
v 172.626 249.563 146.71
v 170.427 249.563 146.71
v 161.321 249.563 146.71
v 159.121 249.563 146.71
v 150.015 249.563 146.71
v 193.038 129.084 146.71
v 181.732 129.084 146.71
v 183.932 129.084 146.71
v 170.427 129.084 146.71
v 172.626 129.084 146.71
v 39.65 251.763 146.71
v 48.2618 249.563 146.71
v 57.3676 249.563 146.71
v 59.5676 249.563 146.71
v 68.6735 249.563 146.71
v 70.8735 249.563 146.71
v 79.9794 249.563 146.71
v 82.1794 249.563 146.71
v 91.2853 249.563 146.71
v 46.0618 249.563 146.71
v 39.65 249.563 146.71
v 159.121 129.084 146.71
v 161.321 129.084 146.71
v 150.015 129.084 146.71
v 147.815 249.563 146.71
v 147.815 129.084 146.71
v 138.709 129.084 146.71
v 138.709 249.563 146.71
v 136.509 249.563 146.71
v 136.509 129.084 146.71
v 125.203 129.084 146.71
v 127.403 249.563 146.71
v 125.203 249.563 146.71
v 127.403 129.084 146.71
v 113.897 129.084 146.71
v 116.097 249.563 146.71
v 113.897 249.563 146.71
v 116.097 129.084 146.71
v 102.591 129.084 146.71
v 104.791 249.563 146.71
v 102.591 249.563 146.71
v 104.791 129.084 146.71
v 91.2853 129.084 146.71
v 93.4853 249.563 146.71
v 93.4853 129.084 146.71
v 79.9794 129.084 146.71
v 82.1794 129.084 146.71
v 68.6735 129.084 146.71
v 70.8735 129.084 146.71
v 59.5676 129.084 146.71
v 57.3676 129.084 146.71
v 48.2618 129.084 146.71
v 46.0618 129.084 146.71
v 213.65 251.763 134.71
v 213.622 251.763 135.529
v 213.538 251.763 136.344
v 213.399 251.763 137.151
v 213.205 251.763 137.948
v 212.957 251.763 138.729
v 212.656 251.763 139.491
v 212.305 251.763 140.231
v 211.903 251.763 140.945
v 211.454 251.763 141.63
v 210.958 251.763 142.283
v 210.42 251.763 142.901
v 209.841 251.763 143.48
v 209.223 251.763 144.018
v 208.57 251.763 144.514
v 207.885 251.763 144.963
v 207.171 251.763 145.365
v 206.431 251.763 145.716
v 205.669 251.763 146.017
v 204.888 251.763 146.265
v 204.091 251.763 146.459
v 203.284 251.763 146.598
v 202.469 251.763 146.682
v 213.65 251.763 50.71
v 213.622 251.763 49.8911
v 213.538 251.763 49.076
v 213.399 251.763 48.2685
v 213.205 251.763 47.4724
v 212.957 251.763 46.6914
v 212.305 251.763 45.1892
v 212.656 251.763 45.9292
v 211.903 251.763 44.475
v 210.958 251.763 43.1369
v 211.454 251.763 43.7898
v 210.42 251.763 42.5194
v 209.223 251.763 41.4015
v 209.841 251.763 41.94
v 207.885 251.763 40.457
v 208.57 251.763 40.9064
v 207.171 251.763 40.0554
v 206.431 251.763 39.7035
v 205.669 251.763 39.4029
v 204.888 251.763 39.155
v 203.284 251.763 38.8218
v 204.091 251.763 38.961
v 202.469 251.763 38.738
v 27.65 251.763 50.71
v 27.678 251.763 49.8911
v 27.7618 251.763 49.076
v 27.901 251.763 48.2685
v 28.095 251.763 47.4724
v 28.3429 251.763 46.6914
v 28.6435 251.763 45.9292
v 28.9954 251.763 45.1892
v 29.397 251.763 44.475
v 29.8464 251.763 43.7898
v 30.3415 251.763 43.1369
v 30.88 251.763 42.5194
v 31.4594 251.763 41.94
v 32.0769 251.763 41.4015
v 32.7298 251.763 40.9064
v 33.415 251.763 40.457
v 34.1292 251.763 40.0554
v 34.8692 251.763 39.7035
v 35.6314 251.763 39.4029
v 36.4124 251.763 39.155
v 37.2085 251.763 38.961
v 38.016 251.763 38.8218
v 38.8311 251.763 38.738
v 27.65 249.563 131.877
v 27.65 249.563 134.71
v 27.65 251.763 134.71
v 27.65 249.563 129.677
v 27.65 249.563 122.36
v 27.65 249.563 120.16
v 27.65 249.563 112.843
v 27.65 249.563 110.643
v 27.65 249.563 103.327
v 27.65 249.563 101.127
v 27.65 249.563 93.81
v 27.65 249.563 55.7433
v 27.65 249.563 63.06
v 27.65 249.563 65.26
v 27.65 249.563 72.5767
v 27.65 249.563 74.7767
v 27.65 249.563 82.0933
v 27.65 249.563 84.2933
v 27.65 249.563 91.61
v 27.65 129.084 129.677
v 27.65 129.084 131.877
v 27.65 129.084 120.16
v 27.65 129.084 122.36
v 27.65 129.084 110.643
v 27.65 129.084 112.843
v 27.65 129.084 101.127
v 27.65 129.084 103.327
v 27.65 129.084 91.61
v 27.65 129.084 93.81
v 27.65 129.084 82.0933
v 27.65 129.084 84.2933
v 27.65 129.084 74.7767
v 27.65 129.084 72.5767
v 27.65 129.084 63.06
v 27.65 129.084 65.26
v 27.65 129.084 53.5433
v 27.65 129.084 55.7433
v 25.65 129.084 53.5433
v 25.65 129.084 131.877
v 25.65 249.563 134.71
v 25.65 249.563 131.877
v 25.65 129.084 129.677
v 25.65 129.084 122.36
v 25.65 249.563 129.677
v 25.65 249.563 122.36
v 25.65 129.084 120.16
v 25.65 129.084 112.843
v 25.65 249.563 120.16
v 25.65 249.563 112.843
v 25.65 129.084 110.643
v 25.65 129.084 103.327
v 25.65 249.563 110.643
v 25.65 249.563 103.327
v 25.65 129.084 93.81
v 25.65 129.084 101.127
v 25.65 249.563 101.127
v 25.65 249.563 93.81
v 25.65 129.084 84.2933
v 25.65 129.084 91.61
v 25.65 249.563 91.61
v 25.65 249.563 84.2933
v 25.65 129.084 74.7767
v 25.65 129.084 82.0933
v 25.65 249.563 82.0933
v 25.65 249.563 74.7767
v 25.65 129.084 65.26
v 25.65 129.084 72.5767
v 25.65 249.563 72.5767
v 25.65 249.563 65.26
v 25.65 129.084 63.06
v 25.65 249.563 63.06
v 25.65 249.563 55.7433
v 25.65 129.084 55.7433
v 27.65 129.084 46.2267
v 27.65 129.084 44.0267
v 34.7559 129.084 38.71
v 36.9559 129.084 38.71
v 241.289 117.33 169.42
v 241.3 117.005 16
v 241.289 117.33 16
v 241.3 117.005 169.42
v 241.256 117.654 169.42
v 241.256 117.654 16
v 241.2 117.974 16
v 241.2 117.974 169.42
v 241.123 118.29 169.42
v 241.123 118.29 16
v 241.025 118.6 16
v 241.025 118.6 169.42
v 240.906 118.903 169.42
v 240.906 118.903 16
v 240.766 119.196 169.42
v 240.766 119.196 16
v 240.607 119.48 169.42
v 240.607 119.48 16
v 240.428 119.751 169.42
v 240.428 119.751 16
v 240.232 120.011 169.42
v 240.232 120.011 16
v 240.018 120.256 16
v 240.018 120.256 169.42
v 239.788 120.486 16
v 239.788 120.486 169.42
v 239.543 120.699 169.42
v 239.543 120.699 16
v 239.284 120.896 16
v 239.284 120.896 169.42
v 239.012 121.074 169.42
v 239.012 121.074 16
v 238.729 121.234 169.42
v 238.729 121.234 16
v 238.435 121.373 16
v 238.435 121.373 169.42
v 238.132 121.493 169.42
v 238.132 121.493 16
v 237.822 121.591 16
v 237.822 121.591 169.42
v 237.506 121.668 169.42
v 237.506 121.668 16
v 237.186 121.723 16
v 237.186 121.723 169.42
v 236.863 121.757 169.42
v 236.863 121.757 16
v 225.3 121.757 4.4375
v 226.391 117.33 0.0484
v 225.3 117.005 -0
v 225.3 117.33 0.0111
v 226.392 117.005 0.0373
v 226.389 117.654 0.0816
v 225.3 117.654 0.0444
v 226.385 117.974 0.1367
v 225.3 117.974 0.0996
v 227.477 117.33 0.16
v 227.479 117.005 0.149
v 226.38 118.29 0.2135
v 225.3 118.29 0.1766
v 227.473 117.654 0.193
v 226.373 118.6 0.3116
v 225.3 118.6 0.275
v 227.465 117.974 0.2477
v 226.365 118.903 0.4307
v 225.3 118.903 0.3943
v 228.553 117.33 0.3455
v 228.555 117.005 0.3347
v 227.455 118.29 0.324
v 226.355 119.196 0.57
v 225.3 119.196 0.5339
v 225.3 119.48 0.6933
v 228.546 117.654 0.3781
v 227.441 118.6 0.4214
v 226.345 119.48 0.729
v 228.535 117.974 0.4322
v 227.425 118.903 0.5396
v 226.332 119.751 0.9069
v 225.3 119.751 0.8717
v 229.614 117.33 0.604
v 229.617 117.005 0.5933
v 228.519 118.29 0.5076
v 227.406 119.196 0.678
v 226.319 120.011 1.103
v 225.3 120.011 1.0682
v 229.605 117.654 0.636
v 228.499 118.6 0.6039
v 227.384 119.48 0.8359
v 226.304 120.256 1.3162
v 225.3 120.256 1.2819
v 229.59 117.974 0.6892
v 228.475 118.903 0.7207
v 227.36 119.751 1.0126
v 226.289 120.486 1.5456
v 225.3 120.486 1.5118
v 225.3 120.699 1.7569
v 230.654 117.33 0.9343
v 230.658 117.005 0.9238
v 229.569 118.29 0.7634
v 228.447 119.196 0.8574
v 227.333 120.011 1.2073
v 226.272 120.699 1.7901
v 230.643 117.654 0.9656
v 229.543 118.6 0.8581
v 228.414 119.48 1.0135
v 227.304 120.256 1.419
v 226.254 120.896 2.0487
v 225.3 120.896 2.0161
v 230.625 117.974 1.0177
v 229.51 118.903 0.973
v 228.378 119.751 1.1881
v 227.273 120.486 1.6468
v 226.236 121.074 2.3199
v 225.3 121.074 2.288
v 231.67 117.33 1.3348
v 231.674 117.005 1.3246
v 230.599 118.29 1.0902
v 229.473 119.196 1.1075
v 228.338 120.011 1.3805
v 227.239 120.699 1.8896
v 226.216 121.234 2.6027
v 225.3 121.234 2.5714
v 231.657 117.654 1.3653
v 230.566 118.6 1.1829
v 229.43 119.48 1.2609
v 228.294 120.256 1.5897
v 227.204 120.896 2.1463
v 226.196 121.373 2.8957
v 225.3 121.373 2.8651
v 231.635 117.974 1.416
v 230.526 118.903 1.2953
v 229.382 119.751 1.4327
v 228.248 120.486 1.8149
v 227.167 121.074 2.4157
v 226.176 121.493 3.1976
v 225.3 121.493 3.1676
v 232.656 117.33 1.8037
v 232.661 117.005 1.7938
v 231.604 118.29 1.4866
v 230.479 119.196 1.4269
v 229.329 120.011 1.6219
v 228.198 120.699 2.0549
v 227.129 121.234 2.6965
v 226.155 121.591 3.5068
v 225.3 121.591 3.4776
v 232.641 117.654 1.8332
v 231.565 118.6 1.5768
v 230.426 119.48 1.5771
v 229.271 120.256 1.8277
v 228.145 120.896 2.3085
v 227.089 121.373 2.9875
v 226.133 121.668 3.822
v 225.3 121.668 3.7935
v 232.615 117.974 1.8823
v 231.517 118.903 1.6863
v 230.366 119.751 1.7452
v 229.209 120.486 2.0491
v 228.09 121.074 2.5748
v 227.047 121.493 3.2872
v 226.111 121.723 4.1417
v 225.3 121.723 4.114
v 233.608 117.33 2.3388
v 233.613 117.005 2.3293
v 232.58 118.29 1.9506
v 231.462 119.196 1.8144
v 230.3 120.011 1.9303
v 229.143 120.699 2.2851
v 228.032 121.234 2.8523
v 227.005 121.591 3.5942
v 226.089 121.757 4.4645
v 233.59 117.654 2.3672
v 232.535 118.6 2.038
v 231.398 119.48 1.9605
v 230.229 120.256 2.1317
v 229.073 120.896 2.5346
v 227.972 121.373 3.1398
v 226.962 121.668 3.9072
v 233.562 117.974 2.4144
v 232.48 118.903 2.1439
v 231.327 119.751 2.1241
v 230.152 120.486 2.3484
v 229 121.074 2.7965
v 227.911 121.493 3.436
v 226.918 121.723 4.2247
v 234.52 117.33 2.9376
v 234.527 117.005 2.9285
v 233.522 118.29 2.4802
v 232.415 119.196 2.2679
v 231.249 120.011 2.3044
v 230.07 120.699 2.5793
v 228.923 121.234 3.0694
v 227.848 121.591 3.7395
v 226.874 121.757 4.5452
v 234.501 117.654 2.9647
v 233.47 118.6 2.5642
v 232.342 119.48 2.4094
v 231.164 120.256 2.5004
v 229.983 120.896 2.8235
v 228.844 121.373 3.3522
v 227.784 121.668 4.0488
v 234.469 117.974 3.0099
v 233.409 118.903 2.6662
v 232.26 119.751 2.5678
v 231.072 120.486 2.7113
v 229.892 121.074 3.0797
v 228.762 121.493 3.6435
v 227.718 121.723 4.3626
v 235.39 117.33 3.5972
v 235.397 117.005 3.5886
v 234.425 118.29 3.0728
v 233.336 119.196 2.7855
v 232.17 120.011 2.7423
v 230.974 120.699 2.9361
v 229.797 121.234 3.3468
v 228.679 121.591 3.942
v 227.653 121.757 4.6793
v 235.369 117.654 3.623
v 234.368 118.6 3.1531
v 233.253 119.48 2.9217
v 232.071 120.256 2.932
v 230.871 120.896 3.1738
v 229.699 121.373 3.6235
v 228.593 121.668 4.2462
v 235.334 117.974 3.6659
v 234.299 118.903 3.2506
v 233.16 119.751 3.0741
v 231.965 120.486 3.1362
v 230.763 121.074 3.4232
v 229.597 121.493 3.9086
v 228.507 121.723 4.5548
v 236.213 117.33 4.3147
v 236.221 117.005 4.3066
v 235.286 118.29 3.7256
v 234.219 119.196 3.3647
v 233.058 120.011 3.242
v 231.853 120.699 3.3538
v 230.65 121.234 3.6832
v 229.494 121.591 4.2006
v 228.419 121.757 4.8663
v 236.191 117.654 4.339
v 235.224 118.6 3.8019
v 234.127 119.48 3.4949
v 232.947 120.256 3.4246
v 231.733 120.896 3.5839
v 230.533 121.373 3.9525
v 229.388 121.668 4.4983
v 236.153 117.974 4.3794
v 235.149 118.903 3.8945
v 234.024 119.751 3.6406
v 232.828 120.486 3.621
v 231.608 121.074 3.8253
v 230.412 121.493 4.23
v 229.28 121.723 4.8003
v 236.985 117.33 5.0867
v 236.993 117.005 5.0791
v 236.1 118.29 4.4357
v 235.06 119.196 4.0028
v 233.911 120.011 3.8011
v 232.701 120.699 3.8305
v 231.478 121.234 4.077
v 230.289 121.591 4.5143
v 229.172 121.757 5.1051
v 236.961 117.654 5.1094
v 236.033 118.6 4.5076
v 234.96 119.48 4.1264
v 233.788 120.256 3.9758
v 232.566 120.896 4.0519
v 231.343 121.373 4.3377
v 230.163 121.668 4.8041
v 236.921 117.974 5.1471
v 235.952 118.903 4.5948
v 234.847 119.751 4.2648
v 233.655 120.486 4.1636
v 232.424 121.074 4.2842
v 231.204 121.493 4.6063
v 230.035 121.723 5.098
v 237.703 117.33 5.9096
v 237.711 117.005 5.9026
v 236.864 118.29 5.1997
v 235.856 119.196 4.6969
v 234.723 120.011 4.4172
v 233.514 120.699 4.3639
v 232.277 121.234 4.5264
v 231.061 121.591 4.8815
v 229.906 121.757 5.3947
v 237.677 117.654 5.9306
v 236.792 118.6 5.2668
v 235.748 119.48 4.8133
v 234.588 120.256 4.583
v 233.364 120.896 4.5755
v 232.125 121.373 4.7773
v 230.916 121.668 5.1621
v 237.634 117.974 5.9655
v 236.705 118.903 5.3483
v 235.626 119.751 4.9437
v 234.443 120.486 4.7614
v 233.208 121.074 4.7977
v 231.968 121.493 5.0358
v 230.768 121.723 5.4466
v 238.362 117.33 6.7795
v 238.371 117.005 6.7731
v 238.971 117.005 7.6867
v 237.574 118.29 6.014
v 236.603 119.196 5.4436
v 235.492 120.011 5.0873
v 234.289 120.699 4.9515
v 233.044 121.234 5.0293
v 231.806 121.591 5.3006
v 230.619 121.757 5.7338
v 238.335 117.654 6.7987
v 237.498 118.6 6.0761
v 236.487 119.48 5.5524
v 235.346 120.256 5.2435
v 234.125 120.896 5.1525
v 232.875 121.373 5.2692
v 231.642 121.668 5.5706
v 238.29 117.974 6.8306
v 237.405 118.903 6.1514
v 236.356 119.751 5.6741
v 235.189 120.486 5.4115
v 233.953 121.074 5.3634
v 232.7 121.493 5.5163
v 231.476 121.723 5.8444
v 238.961 117.33 7.6924
v 238.227 118.29 6.875
v 237.297 119.196 6.2396
v 236.213 120.011 5.8082
v 235.022 120.699 5.5907
v 233.775 121.234 5.5833
v 232.521 121.591 5.7696
v 231.308 121.757 6.1208
v 238.933 117.654 7.7097
v 238.147 118.6 6.9317
v 237.174 119.48 6.3401
v 236.056 120.256 5.9541
v 234.845 120.896 5.78
v 233.589 121.373 5.8111
v 232.339 121.668 6.0277
v 238.886 117.974 7.7384
v 238.049 118.903 7.0005
v 237.035 119.751 6.4527
v 235.888 120.486 6.1111
v 234.659 121.074 5.9788
v 233.398 121.493 6.0458
v 232.154 121.723 6.2895
v 239.496 117.33 8.6441
v 239.506 117.005 8.639
v 238.82 118.29 7.7784
v 237.935 119.196 7.081
v 236.883 120.011 6.5767
v 235.709 120.699 6.2784
v 234.466 121.234 6.1859
v 233.203 121.591 6.2862
v 231.968 121.757 6.5538
v 239.467 117.654 8.6594
v 238.736 118.6 7.8295
v 237.805 119.48 7.1729
v 236.717 120.256 6.7116
v 235.52 120.896 6.4552
v 234.265 121.373 6.4006
v 233.003 121.668 6.5313
v 239.418 117.974 8.6848
v 238.634 118.903 7.8915
v 237.659 119.751 7.2758
v 236.539 120.486 6.8567
v 235.321 121.074 6.6408
v 234.059 121.493 6.6216
v 232.801 121.723 6.7799
v 239.965 117.33 9.63
v 239.975 117.005 9.6256
v 240.376 117.005 10.6419
v 239.349 118.29 8.7202
v 238.514 119.196 7.9641
v 237.499 120.011 7.3891
v 236.349 120.699 7.0114
v 235.114 121.234 6.8343
v 233.847 121.591 6.8482
v 232.597 121.757 7.0308
v 239.935 117.654 9.6433
v 239.262 118.6 8.7655
v 238.378 119.48 8.0469
v 237.324 120.256 7.5124
v 236.148 120.896 7.1749
v 234.899 121.373 7.0347
v 233.632 121.668 7.0791
v 239.884 117.974 9.6653
v 239.156 118.903 8.8204
v 238.226 119.751 8.1396
v 237.136 120.486 7.645
v 235.937 121.074 7.3465
v 234.678 121.493 7.2412
v 233.413 121.723 7.3133
v 240.366 117.33 10.6456
v 240.707 117.005 11.6833
v 239.813 118.29 9.6959
v 239.032 119.196 8.8846
v 238.058 120.011 8.2417
v 236.936 120.699 7.7863
v 235.717 121.234 7.5254
v 234.452 121.591 7.4528
v 233.192 121.757 7.5497
v 240.334 117.654 10.6568
v 239.723 118.6 9.7351
v 238.891 119.48 8.9579
v 237.875 120.256 8.3527
v 236.725 120.896 7.9357
v 235.489 121.373 7.7107
v 234.221 121.668 7.6684
v 240.282 117.974 10.6753
v 239.614 118.903 9.7827
v 238.732 119.751 9.04
v 237.679 120.486 8.4722
v 236.502 121.074 8.0925
v 235.254 121.493 7.9016
v 233.987 121.723 7.8872
v 240.696 117.33 11.6862
v 240.21 118.29 10.7011
v 239.486 119.196 9.8383
v 238.558 120.011 9.1304
v 237.47 120.699 8.5995
v 236.271 121.234 8.256
v 235.014 121.591 8.0973
v 233.75 121.757 8.108
v 240.664 117.654 11.6952
v 240.117 118.6 10.734
v 239.339 119.48 9.9018
v 238.368 120.256 9.2287
v 237.248 120.896 8.7342
v 236.031 121.373 8.4254
v 234.769 121.668 8.2967
v 240.611 117.974 11.7101
v 240.005 118.903 10.774
v 239.176 119.751 9.9729
v 238.164 120.486 9.3345
v 237.016 121.074 8.8755
v 235.784 121.493 8.5998
v 234.52 121.723 8.4989
v 240.954 117.33 12.747
v 240.965 117.005 12.7447
v 241.151 117.005 13.8213
v 240.537 118.29 11.7309
v 239.873 119.196 10.8207
v 238.996 120.011 10.0511
v 237.946 120.699 9.4473
v 236.774 121.234 9.0227
v 235.53 121.591 8.7786
v 234.269 121.757 8.703
v 240.922 117.654 12.7537
v 240.442 118.6 11.7574
v 239.723 119.48 10.8741
v 238.8 120.256 10.1363
v 237.716 120.896 9.5665
v 236.523 121.373 9.1753
v 235.272 121.668 8.9608
v 240.868 117.974 12.765
v 240.327 118.903 11.7896
v 239.555 119.751 10.9338
v 238.589 120.486 10.2279
v 237.475 121.074 9.6916
v 236.264 121.493 9.3325
v 235.011 121.723 9.1456
v 241.14 117.33 13.8228
v 240.792 118.29 12.7806
v 240.192 119.196 11.8273
v 239.37 120.011 10.9996
v 238.364 120.699 10.3256
v 237.223 121.234 9.822
v 235.999 121.591 9.4936
v 234.746 121.757 9.3321
v 241.107 117.654 13.8274
v 240.696 118.6 12.8007
v 240.039 119.48 11.8703
v 239.168 120.256 11.0712
v 238.126 120.896 10.4288
v 236.962 121.373 9.9571
v 235.729 121.668 9.6577
v 241.052 117.974 13.8349
v 240.579 118.903 12.8249
v 239.867 119.751 11.9184
v 238.952 120.486 11.1482
v 237.877 121.074 10.5371
v 236.694 121.493 10.0963
v 235.456 121.723 9.8242
v 241.252 117.33 14.9089
v 241.263 117.005 14.9081
v 240.976 118.29 13.8454
v 240.443 119.196 12.8533
v 239.678 120.011 11.9714
v 238.721 120.699 11.2303
v 237.617 121.234 10.65
v 236.418 121.591 10.2389
v 235.179 121.757 9.9923
v 241.218 117.654 14.9111
v 240.879 118.6 13.8588
v 240.286 119.48 12.8858
v 239.472 120.256 12.0291
v 238.476 120.896 11.3171
v 237.347 121.373 10.767
v 236.138 121.668 10.3842
v 241.163 117.974 14.9149
v 240.76 118.903 13.875
v 240.112 119.751 12.9221
v 239.251 120.486 12.0911
v 238.22 121.074 11.4081
v 237.07 121.493 10.8876
v 235.853 121.723 10.5317
v 241.087 118.29 14.9202
v 240.622 119.196 13.894
v 239.919 120.011 12.962
v 239.015 120.699 12.1573
v 237.953 121.234 11.503
v 236.786 121.591 11.0111
v 235.566 121.757 10.6805
v 240.988 118.6 14.9269
v 240.464 119.48 13.9157
v 239.71 120.256 13.0055
v 238.765 120.896 12.2272
v 237.677 121.373 11.6014
v 236.496 121.668 11.1369
v 240.869 118.903 14.935
v 240.287 119.751 13.94
v 239.485 120.486 13.0523
v 238.504 121.074 12.3005
v 237.391 121.493 11.7027
v 236.202 121.723 11.2646
v 240.73 119.196 14.9446
v 240.093 120.011 13.9668
v 239.245 120.699 13.1022
v 238.231 121.234 12.377
v 237.099 121.591 11.8065
v 235.905 121.757 11.3935
v 240.571 119.48 14.9554
v 239.881 120.256 13.9959
v 238.992 120.896 13.1549
v 237.948 121.373 12.4563
v 236.802 121.668 11.9123
v 240.393 119.751 14.9676
v 239.653 120.486 14.0272
v 238.725 121.074 13.2102
v 237.656 121.493 12.5379
v 236.5 121.723 12.0196
v 240.197 120.011 14.981
v 239.41 120.699 14.0606
v 238.448 121.234 13.2679
v 237.358 121.591 12.6215
v 236.195 121.757 12.128
v 239.984 120.256 14.9956
v 239.154 120.896 14.0959
v 238.16 121.373 13.3276
v 237.054 121.668 12.7067
v 239.754 120.486 15.0113
v 238.884 121.074 14.1329
v 237.864 121.493 13.3892
v 236.745 121.723 12.7932
v 239.51 120.699 15.028
v 238.603 121.234 14.1715
v 237.56 121.591 13.4522
v 236.434 121.757 12.8805
v 239.251 120.896 15.0457
v 238.312 121.373 14.2115
v 237.251 121.668 13.5165
v 238.98 121.074 15.0643
v 238.013 121.493 14.2527
v 236.937 121.723 13.5817
v 238.697 121.234 15.0836
v 237.706 121.591 14.2949
v 236.621 121.757 13.6475
v 238.404 121.373 15.1036
v 237.393 121.668 14.3379
v 238.102 121.493 15.1243
v 237.075 121.723 14.3815
v 237.793 121.591 15.1454
v 236.755 121.757 14.4256
v 237.478 121.668 15.167
v 237.158 121.723 15.1889
v 236.835 121.757 15.2109
v 225.3 117.33 185.409
v 225.3 117.005 185.42
v 226.392 117.005 185.383
v 241.252 117.33 170.511
v 241.263 117.005 170.512
v 241.218 117.654 170.509
v 241.163 117.974 170.505
v 241.14 117.33 171.597
v 241.151 117.005 171.599
v 241.087 118.29 170.5
v 241.107 117.654 171.593
v 240.988 118.6 170.493
v 241.052 117.974 171.585
v 240.869 118.903 170.485
v 240.954 117.33 172.673
v 240.965 117.005 172.675
v 240.707 117.005 173.737
v 240.976 118.29 171.575
v 240.73 119.196 170.475
v 240.922 117.654 172.666
v 240.879 118.6 171.561
v 240.571 119.48 170.465
v 240.868 117.974 172.655
v 240.76 118.903 171.545
v 240.393 119.751 170.452
v 240.696 117.33 173.734
v 240.792 118.29 172.639
v 240.622 119.196 171.526
v 240.197 120.011 170.439
v 240.664 117.654 173.725
v 240.696 118.6 172.619
v 240.464 119.48 171.504
v 239.984 120.256 170.424
v 240.611 117.974 173.71
v 240.579 118.903 172.595
v 240.287 119.751 171.48
v 239.754 120.486 170.409
v 240.366 117.33 174.774
v 240.376 117.005 174.778
v 240.537 118.29 173.689
v 240.443 119.196 172.567
v 240.093 120.011 171.453
v 239.51 120.699 170.392
v 240.334 117.654 174.763
v 240.442 118.6 173.663
v 240.286 119.48 172.534
v 239.881 120.256 171.424
v 239.251 120.896 170.374
v 240.282 117.974 174.745
v 240.327 118.903 173.63
v 240.112 119.751 172.498
v 239.653 120.486 171.393
v 238.98 121.074 170.356
v 239.965 117.33 175.79
v 239.975 117.005 175.794
v 240.21 118.29 174.719
v 240.192 119.196 173.593
v 239.919 120.011 172.458
v 239.41 120.699 171.359
v 238.697 121.234 170.336
v 239.935 117.654 175.777
v 240.117 118.6 174.686
v 240.039 119.48 173.55
v 239.71 120.256 172.415
v 239.154 120.896 171.324
v 238.404 121.373 170.316
v 239.884 117.974 175.755
v 240.005 118.903 174.646
v 239.867 119.751 173.502
v 239.485 120.486 172.368
v 238.884 121.074 171.287
v 238.102 121.493 170.296
v 239.496 117.33 176.776
v 239.506 117.005 176.781
v 238.971 117.005 177.733
v 239.813 118.29 175.724
v 239.873 119.196 174.599
v 239.678 120.011 173.449
v 239.245 120.699 172.318
v 238.603 121.234 171.249
v 237.793 121.591 170.275
v 239.467 117.654 176.761
v 239.723 118.6 175.685
v 239.723 119.48 174.546
v 239.472 120.256 173.391
v 238.992 120.896 172.265
v 238.312 121.373 171.208
v 237.478 121.668 170.253
v 239.418 117.974 176.735
v 239.614 118.903 175.637
v 239.555 119.751 174.486
v 239.251 120.486 173.329
v 238.725 121.074 172.21
v 238.013 121.493 171.167
v 237.158 121.723 170.231
v 238.961 117.33 177.728
v 239.349 118.29 176.7
v 239.486 119.196 175.582
v 239.37 120.011 174.42
v 239.015 120.699 173.263
v 238.448 121.234 172.152
v 237.706 121.591 171.125
v 236.835 121.757 170.209
v 238.933 117.654 177.71
v 239.262 118.6 176.655
v 239.339 119.48 175.518
v 239.168 120.256 174.349
v 238.765 120.896 173.193
v 238.16 121.373 172.092
v 237.393 121.668 171.082
v 238.886 117.974 177.682
v 239.156 118.903 176.6
v 239.176 119.751 175.447
v 238.952 120.486 174.272
v 238.504 121.074 173.119
v 237.864 121.493 172.031
v 237.075 121.723 171.038
v 238.362 117.33 178.641
v 238.371 117.005 178.647
v 238.82 118.29 177.642
v 239.032 119.196 176.535
v 238.996 120.011 175.369
v 238.721 120.699 174.19
v 238.231 121.234 173.043
v 237.56 121.591 171.968
v 236.755 121.757 170.994
v 238.335 117.654 178.621
v 238.736 118.6 177.59
v 238.891 119.48 176.462
v 238.8 120.256 175.284
v 238.476 120.896 174.103
v 237.948 121.373 172.964
v 237.251 121.668 171.904
v 238.29 117.974 178.589
v 238.634 118.903 177.529
v 238.732 119.751 176.38
v 238.589 120.486 175.192
v 238.22 121.074 174.012
v 237.656 121.493 172.882
v 236.937 121.723 171.838
v 237.703 117.33 179.51
v 237.711 117.005 179.517
v 238.227 118.29 178.545
v 238.514 119.196 177.456
v 238.558 120.011 176.29
v 238.364 120.699 175.094
v 237.953 121.234 173.917
v 237.358 121.591 172.798
v 236.621 121.757 171.773
v 237.677 117.654 179.489
v 238.147 118.6 178.488
v 238.378 119.48 177.373
v 238.368 120.256 176.191
v 238.126 120.896 174.991
v 237.677 121.373 173.819
v 237.054 121.668 172.713
v 237.634 117.974 179.454
v 238.049 118.903 178.419
v 238.226 119.751 177.28
v 238.164 120.486 176.085
v 237.877 121.074 174.883
v 237.391 121.493 173.717
v 236.745 121.723 172.627
v 236.985 117.33 180.333
v 236.993 117.005 180.341
v 237.574 118.29 179.406
v 237.935 119.196 178.339
v 238.058 120.011 177.178
v 237.946 120.699 175.973
v 237.617 121.234 174.77
v 237.099 121.591 173.613
v 236.434 121.757 172.54
v 236.961 117.654 180.311
v 237.498 118.6 179.344
v 237.805 119.48 178.247
v 237.875 120.256 177.067
v 237.716 120.896 175.853
v 237.347 121.373 174.653
v 236.802 121.668 173.508
v 236.921 117.974 180.273
v 237.405 118.903 179.269
v 237.659 119.751 178.144
v 237.679 120.486 176.948
v 237.475 121.074 175.728
v 237.07 121.493 174.532
v 236.5 121.723 173.4
v 236.213 117.33 181.105
v 236.221 117.005 181.113
v 236.864 118.29 180.22
v 237.297 119.196 179.18
v 237.499 120.011 178.031
v 237.47 120.699 176.821
v 237.223 121.234 175.598
v 236.786 121.591 174.409
v 236.195 121.757 173.292
v 236.191 117.654 181.081
v 236.792 118.6 180.153
v 237.174 119.48 179.08
v 237.324 120.256 177.908
v 237.248 120.896 176.686
v 236.962 121.373 175.463
v 236.496 121.668 174.283
v 236.153 117.974 181.041
v 236.705 118.903 180.072
v 237.035 119.751 178.967
v 237.136 120.486 177.775
v 237.016 121.074 176.544
v 236.694 121.493 175.324
v 236.202 121.723 174.155
v 235.39 117.33 181.823
v 235.397 117.005 181.831
v 236.1 118.29 180.984
v 236.603 119.196 179.976
v 236.883 120.011 178.843
v 236.936 120.699 177.634
v 236.774 121.234 176.397
v 236.418 121.591 175.181
v 235.905 121.757 174.026
v 235.369 117.654 181.797
v 236.033 118.6 180.912
v 236.487 119.48 179.868
v 236.717 120.256 178.708
v 236.725 120.896 177.484
v 236.523 121.373 176.245
v 236.138 121.668 175.036
v 235.334 117.974 181.754
v 235.952 118.903 180.825
v 236.356 119.751 179.746
v 236.539 120.486 178.563
v 236.502 121.074 177.327
v 236.264 121.493 176.088
v 235.853 121.723 174.888
v 234.52 117.33 182.482
v 234.527 117.005 182.492
v 233.613 117.005 183.091
v 235.286 118.29 181.694
v 235.856 119.196 180.723
v 236.213 120.011 179.612
v 236.349 120.699 178.409
v 236.271 121.234 177.164
v 235.999 121.591 175.926
v 235.566 121.757 174.739
v 234.501 117.654 182.455
v 235.224 118.6 181.618
v 235.748 119.48 180.607
v 236.056 120.256 179.466
v 236.148 120.896 178.245
v 236.031 121.373 176.995
v 235.729 121.668 175.762
v 234.469 117.974 182.41
v 235.149 118.903 181.525
v 235.626 119.751 180.476
v 235.888 120.486 179.309
v 235.937 121.074 178.073
v 235.784 121.493 176.82
v 235.456 121.723 175.596
v 233.608 117.33 183.081
v 234.425 118.29 182.347
v 235.06 119.196 181.417
v 235.492 120.011 180.333
v 235.709 120.699 179.142
v 235.717 121.234 177.895
v 235.53 121.591 176.641
v 235.179 121.757 175.428
v 233.59 117.654 183.053
v 234.368 118.6 182.267
v 234.96 119.48 181.294
v 235.346 120.256 180.177
v 235.52 120.896 178.965
v 235.489 121.373 177.709
v 235.272 121.668 176.459
v 233.562 117.974 183.006
v 234.299 118.903 182.169
v 234.847 119.751 181.155
v 235.189 120.486 180.008
v 235.321 121.074 178.779
v 235.254 121.493 177.518
v 235.011 121.723 176.274
v 232.656 117.33 183.616
v 232.661 117.005 183.626
v 233.522 118.29 182.94
v 234.219 119.196 182.055
v 234.723 120.011 181.003
v 235.022 120.699 179.829
v 235.114 121.234 178.586
v 235.014 121.591 177.323
v 234.746 121.757 176.088
v 232.641 117.654 183.587
v 233.47 118.6 182.856
v 234.127 119.48 181.925
v 234.588 120.256 180.837
v 234.845 120.896 179.64
v 234.899 121.373 178.385
v 234.769 121.668 177.123
v 232.615 117.974 183.538
v 233.409 118.903 182.754
v 234.024 119.751 181.779
v 234.443 120.486 180.659
v 234.659 121.074 179.441
v 234.678 121.493 178.179
v 234.52 121.723 176.921
v 231.67 117.33 184.085
v 231.674 117.005 184.095
v 232.58 118.29 183.469
v 233.336 119.196 182.635
v 233.911 120.011 181.619
v 234.289 120.699 180.469
v 234.466 121.234 179.234
v 234.452 121.591 177.967
v 234.269 121.757 176.717
v 231.657 117.654 184.055
v 232.535 118.6 183.382
v 233.253 119.48 182.498
v 233.788 120.256 181.444
v 234.125 120.896 180.268
v 234.265 121.373 179.019
v 234.221 121.668 177.752
v 231.635 117.974 184.004
v 232.48 118.903 183.276
v 233.16 119.751 182.346
v 233.655 120.486 181.256
v 233.953 121.074 180.057
v 234.059 121.493 178.798
v 233.987 121.723 177.533
v 230.654 117.33 184.486
v 230.658 117.005 184.496
v 229.617 117.005 184.827
v 231.604 118.29 183.933
v 232.415 119.196 183.152
v 233.058 120.011 182.178
v 233.514 120.699 181.056
v 233.775 121.234 179.837
v 233.847 121.591 178.572
v 233.75 121.757 177.312
v 230.643 117.654 184.454
v 231.565 118.6 183.843
v 232.342 119.48 183.011
v 232.947 120.256 181.995
v 233.364 120.896 180.845
v 233.589 121.373 179.609
v 233.632 121.668 178.341
v 230.625 117.974 184.402
v 231.517 118.903 183.734
v 232.26 119.751 182.852
v 232.828 120.486 181.799
v 233.208 121.074 180.622
v 233.398 121.493 179.374
v 233.413 121.723 178.107
v 229.614 117.33 184.816
v 228.555 117.005 185.085
v 230.599 118.29 184.33
v 231.462 119.196 183.606
v 232.17 120.011 182.678
v 232.701 120.699 181.589
v 233.044 121.234 180.391
v 233.203 121.591 179.134
v 233.192 121.757 177.87
v 229.605 117.654 184.784
v 230.566 118.6 184.237
v 231.398 119.48 183.459
v 232.071 120.256 182.488
v 232.566 120.896 181.368
v 232.875 121.373 180.151
v 233.003 121.668 178.889
v 229.59 117.974 184.731
v 230.526 118.903 184.125
v 231.327 119.751 183.296
v 231.965 120.486 182.284
v 232.424 121.074 181.136
v 232.7 121.493 179.904
v 232.801 121.723 178.64
v 228.553 117.33 185.075
v 229.569 118.29 184.657
v 230.479 119.196 183.993
v 231.249 120.011 183.116
v 231.853 120.699 182.066
v 232.277 121.234 180.894
v 232.521 121.591 179.65
v 232.597 121.757 178.389
v 228.546 117.654 185.042
v 229.543 118.6 184.562
v 230.426 119.48 183.843
v 231.164 120.256 182.92
v 231.733 120.896 181.836
v 232.125 121.373 180.643
v 232.339 121.668 179.392
v 228.535 117.974 184.988
v 229.51 118.903 184.447
v 230.366 119.751 183.675
v 231.072 120.486 182.709
v 231.608 121.074 181.595
v 231.968 121.493 180.384
v 232.154 121.723 179.131
v 227.477 117.33 185.26
v 227.479 117.005 185.271
v 228.519 118.29 184.912
v 229.473 119.196 184.312
v 230.3 120.011 183.49
v 230.974 120.699 182.484
v 231.478 121.234 181.343
v 231.806 121.591 180.119
v 231.968 121.757 178.866
v 227.473 117.654 185.227
v 228.499 118.6 184.816
v 229.43 119.48 184.159
v 230.229 120.256 183.288
v 230.871 120.896 182.246
v 231.343 121.373 181.082
v 231.642 121.668 179.849
v 227.465 117.974 185.172
v 228.475 118.903 184.699
v 229.382 119.751 183.987
v 230.152 120.486 183.072
v 230.763 121.074 181.997
v 231.204 121.493 180.814
v 231.476 121.723 179.576
v 226.391 117.33 185.372
v 227.455 118.29 185.096
v 228.447 119.196 184.563
v 229.329 120.011 183.798
v 230.07 120.699 182.841
v 230.65 121.234 181.737
v 231.061 121.591 180.538
v 231.308 121.757 179.299
v 226.389 117.654 185.338
v 225.3 117.654 185.376
v 227.441 118.6 184.999
v 228.414 119.48 184.406
v 229.271 120.256 183.592
v 229.983 120.896 182.596
v 230.533 121.373 181.468
v 230.916 121.668 180.258
v 226.385 117.974 185.283
v 225.3 117.974 185.32
v 227.425 118.903 184.88
v 228.378 119.751 184.232
v 229.209 120.486 183.371
v 229.892 121.074 182.34
v 230.412 121.493 181.19
v 230.768 121.723 179.973
v 226.38 118.29 185.207
v 225.3 118.29 185.243
v 227.406 119.196 184.742
v 228.338 120.011 184.04
v 229.143 120.699 183.135
v 229.797 121.234 182.073
v 230.289 121.591 180.906
v 230.619 121.757 179.686
v 226.373 118.6 185.108
v 225.3 118.6 185.145
v 227.384 119.48 184.584
v 228.294 120.256 183.83
v 229.073 120.896 182.885
v 229.699 121.373 181.797
v 230.163 121.668 180.616
v 226.365 118.903 184.989
v 225.3 118.903 185.026
v 227.36 119.751 184.407
v 228.248 120.486 183.605
v 229 121.074 182.624
v 229.597 121.493 181.511
v 230.035 121.723 180.322
v 226.355 119.196 184.85
v 225.3 119.196 184.886
v 227.333 120.011 184.213
v 228.198 120.699 183.365
v 228.923 121.234 182.351
v 229.494 121.591 181.219
v 229.906 121.757 180.025
v 226.345 119.48 184.691
v 225.3 119.48 184.727
v 227.304 120.256 184.001
v 228.145 120.896 183.112
v 228.844 121.373 182.068
v 229.388 121.668 180.922
v 226.332 119.751 184.513
v 225.3 119.751 184.548
v 227.273 120.486 183.773
v 228.09 121.074 182.845
v 228.762 121.493 181.776
v 229.28 121.723 180.62
v 226.319 120.011 184.317
v 225.3 120.011 184.352
v 227.239 120.699 183.53
v 228.032 121.234 182.568
v 228.679 121.591 181.478
v 229.172 121.757 180.315
v 226.304 120.256 184.104
v 225.3 120.256 184.138
v 227.204 120.896 183.274
v 227.972 121.373 182.28
v 228.593 121.668 181.174
v 226.289 120.486 183.874
v 225.3 120.486 183.908
v 227.167 121.074 183.004
v 227.911 121.493 181.984
v 228.507 121.723 180.865
v 226.272 120.699 183.63
v 225.3 120.699 183.663
v 227.129 121.234 182.724
v 227.848 121.591 181.68
v 228.419 121.757 180.554
v 226.254 120.896 183.371
v 225.3 120.896 183.404
v 227.089 121.373 182.433
v 227.784 121.668 181.371
v 226.236 121.074 183.1
v 225.3 121.074 183.132
v 227.047 121.493 182.133
v 227.718 121.723 181.057
v 226.216 121.234 182.817
v 225.3 121.234 182.849
v 227.005 121.591 181.826
v 227.653 121.757 180.741
v 226.196 121.373 182.524
v 225.3 121.373 182.555
v 226.962 121.668 181.513
v 226.176 121.493 182.222
v 225.3 121.493 182.252
v 225.3 121.591 181.942
v 226.918 121.723 181.195
v 226.155 121.591 181.913
v 226.874 121.757 180.875
v 226.133 121.668 181.598
v 225.3 121.668 181.626
v 226.111 121.723 181.278
v 225.3 121.723 181.306
v 226.089 121.757 180.956
v 225.3 121.757 180.982
v 16 117.005 0
v 16 117.33 0.0111
v 16 117.654 0.0444
v 16 117.974 0.0996
v 16 118.29 0.1766
v 16 118.6 0.275
v 16 118.903 0.3943
v 16 119.196 0.5339
v 16 119.48 0.6933
v 16 119.751 0.8717
v 16 120.011 1.0682
v 16 120.256 1.2819
v 16 120.486 1.5118
v 16 120.699 1.7569
v 16 120.896 2.0161
v 16 121.074 2.288
v 16 121.234 2.5714
v 16 121.373 2.8651
v 16 121.493 3.1676
v 16 121.591 3.4776
v 16 121.668 3.7935
v 16 121.723 4.114
v 16 121.757 4.4375
v 16 117.33 185.409
v 16 117.005 185.42
v 16 117.654 185.376
v 16 117.974 185.32
v 16 118.29 185.243
v 16 118.6 185.145
v 16 118.903 185.026
v 16 119.196 184.886
v 16 119.48 184.727
v 16 119.751 184.548
v 16 120.011 184.352
v 16 120.256 184.138
v 16 120.486 183.908
v 16 120.699 183.663
v 16 120.896 183.404
v 16 121.074 183.132
v 16 121.234 182.849
v 16 121.373 182.555
v 16 121.493 182.252
v 16 121.591 181.942
v 16 121.668 181.626
v 16 121.723 181.306
v 16 121.757 180.982
v 14.9081 117.005 0.0373
v 0.0484 117.33 14.9089
v -0 117.005 16
v 0.0111 117.33 16
v 0.0373 117.005 14.9081
v 0.0816 117.654 14.9111
v 0.0444 117.654 16
v 0.1367 117.974 14.9149
v 0.0996 117.974 16
v 0.16 117.33 13.8228
v 0.149 117.005 13.8213
v 0.2135 118.29 14.9202
v 0.1766 118.29 16
v 0.193 117.654 13.8274
v 0.3116 118.6 14.9269
v 0.275 118.6 16
v 0.2477 117.974 13.8349
v 0.4307 118.903 14.935
v 0.3943 118.903 16
v 0.3455 117.33 12.747
v 0.3347 117.005 12.7447
v 0.324 118.29 13.8454
v 0.57 119.196 14.9446
v 0.5339 119.196 16
v 0.3781 117.654 12.7537
v 0.4214 118.6 13.8588
v 0.729 119.48 14.9554
v 0.6933 119.48 16
v 0.4322 117.974 12.765
v 0.5396 118.903 13.875
v 0.9069 119.751 14.9676
v 0.8717 119.751 16
v 0.604 117.33 11.6862
v 0.5933 117.005 11.6833
v 0.5076 118.29 12.7806
v 0.678 119.196 13.894
v 1.103 120.011 14.981
v 1.0682 120.011 16
v 0.636 117.654 11.6952
v 0.6039 118.6 12.8007
v 0.8359 119.48 13.9157
v 1.3162 120.256 14.9956
v 1.2819 120.256 16
v 0.6892 117.974 11.7101
v 0.7207 118.903 12.8249
v 1.0126 119.751 13.94
v 1.5456 120.486 15.0113
v 1.5118 120.486 16
v 0.9343 117.33 10.6456
v 0.9238 117.005 10.6419
v 0.7634 118.29 11.7309
v 0.8574 119.196 12.8533
v 1.2073 120.011 13.9668
v 1.7901 120.699 15.028
v 1.7569 120.699 16
v 0.9656 117.654 10.6568
v 0.8581 118.6 11.7574
v 1.0135 119.48 12.8858
v 1.419 120.256 13.9959
v 2.0487 120.896 15.0457
v 2.0161 120.896 16
v 1.0177 117.974 10.6753
v 0.973 118.903 11.7896
v 1.1881 119.751 12.9221
v 1.6468 120.486 14.0272
v 2.3199 121.074 15.0643
v 2.288 121.074 16
v 2.5714 121.234 16
v 1.3348 117.33 9.63
v 1.3246 117.005 9.6256
v 1.7938 117.005 8.639
v 1.0902 118.29 10.7011
v 1.1075 119.196 11.8273
v 1.3805 120.011 12.962
v 1.8896 120.699 14.0606
v 2.6027 121.234 15.0836
v 1.3653 117.654 9.6433
v 1.1829 118.6 10.734
v 1.2609 119.48 11.8703
v 1.5897 120.256 13.0055
v 2.1463 120.896 14.0959
v 2.8957 121.373 15.1036
v 2.8651 121.373 16
v 3.1676 121.493 16
v 1.416 117.974 9.6653
v 1.2953 118.903 10.774
v 1.4327 119.751 11.9184
v 1.8149 120.486 13.0523
v 2.4157 121.074 14.1329
v 3.1976 121.493 15.1243
v 1.8037 117.33 8.6441
v 1.4866 118.29 9.6959
v 1.4269 119.196 10.8207
v 1.6219 120.011 11.9714
v 2.0549 120.699 13.1022
v 2.6965 121.234 14.1715
v 3.5068 121.591 15.1454
v 3.4776 121.591 16
v 1.8332 117.654 8.6594
v 1.5768 118.6 9.7351
v 1.5771 119.48 10.8741
v 1.8277 120.256 12.0291
v 2.3085 120.896 13.1549
v 2.9875 121.373 14.2115
v 3.822 121.668 15.167
v 3.7935 121.668 16
v 1.8823 117.974 8.6848
v 1.6863 118.903 9.7827
v 1.7452 119.751 10.9338
v 2.0491 120.486 12.0911
v 2.5748 121.074 13.2102
v 3.2872 121.493 14.2527
v 4.1417 121.723 15.1889
v 4.114 121.723 16
v 2.3388 117.33 7.6924
v 2.3293 117.005 7.6867
v 1.9506 118.29 8.7202
v 1.8144 119.196 9.8383
v 1.9303 120.011 10.9996
v 2.2851 120.699 12.1573
v 2.8523 121.234 13.2679
v 3.5942 121.591 14.2949
v 4.4645 121.757 15.2109
v 4.4375 121.757 16
v 2.3672 117.654 7.7097
v 2.038 118.6 8.7655
v 1.9605 119.48 9.9018
v 2.1317 120.256 11.0712
v 2.5346 120.896 12.2272
v 3.1398 121.373 13.3276
v 3.9072 121.668 14.3379
v 2.4144 117.974 7.7384
v 2.1439 118.903 8.8204
v 2.1241 119.751 9.9729
v 2.3484 120.486 11.1482
v 2.7965 121.074 12.3005
v 3.436 121.493 13.3892
v 4.2247 121.723 14.3815
v 2.9376 117.33 6.7795
v 2.9285 117.005 6.7731
v 2.4802 118.29 7.7784
v 2.2679 119.196 8.8846
v 2.3044 120.011 10.0511
v 2.5793 120.699 11.2303
v 3.0694 121.234 12.377
v 3.7395 121.591 13.4522
v 4.5452 121.757 14.4256
v 2.9647 117.654 6.7987
v 2.5642 118.6 7.8295
v 2.4094 119.48 8.9579
v 2.5004 120.256 10.1363
v 2.8235 120.896 11.3171
v 3.3522 121.373 12.4563
v 4.0488 121.668 13.5165
v 3.0099 117.974 6.8306
v 2.6662 118.903 7.8915
v 2.5678 119.751 9.04
v 2.7113 120.486 10.2279
v 3.0797 121.074 11.4081
v 3.6435 121.493 12.5379
v 4.3626 121.723 13.5817
v 3.5972 117.33 5.9096
v 3.5886 117.005 5.9026
v 3.0728 118.29 6.875
v 2.7855 119.196 7.9641
v 2.7423 120.011 9.1304
v 2.9361 120.699 10.3256
v 3.3468 121.234 11.503
v 3.942 121.591 12.6215
v 4.6793 121.757 13.6475
v 3.623 117.654 5.9306
v 3.1531 118.6 6.9317
v 2.9217 119.48 8.0469
v 2.932 120.256 9.2287
v 3.1738 120.896 10.4288
v 3.6235 121.373 11.6014
v 4.2462 121.668 12.7067
v 3.6659 117.974 5.9655
v 3.2506 118.903 7.0005
v 3.0741 119.751 8.1396
v 3.1362 120.486 9.3345
v 3.4232 121.074 10.5371
v 3.9086 121.493 11.7027
v 4.5548 121.723 12.7932
v 4.3147 117.33 5.0867
v 4.3066 117.005 5.0791
v 3.7256 118.29 6.014
v 3.3647 119.196 7.081
v 3.242 120.011 8.2417
v 3.3538 120.699 9.4473
v 3.6832 121.234 10.65
v 4.2006 121.591 11.8065
v 4.8663 121.757 12.8805
v 4.339 117.654 5.1094
v 3.8019 118.6 6.0761
v 3.4949 119.48 7.1729
v 3.4246 120.256 8.3527
v 3.5839 120.896 9.5665
v 3.9525 121.373 10.767
v 4.4983 121.668 11.9123
v 4.3794 117.974 5.1471
v 3.8945 118.903 6.1514
v 3.6406 119.751 7.2758
v 3.621 120.486 8.4722
v 3.8253 121.074 9.6916
v 4.23 121.493 10.8876
v 4.8003 121.723 12.0196
v 5.0867 117.33 4.3147
v 5.0791 117.005 4.3066
v 4.4357 118.29 5.1997
v 4.0028 119.196 6.2396
v 3.8011 120.011 7.3891
v 3.8305 120.699 8.5995
v 4.077 121.234 9.822
v 4.5143 121.591 11.0111
v 5.1051 121.757 12.128
v 5.1094 117.654 4.339
v 4.5076 118.6 5.2668
v 4.1264 119.48 6.3401
v 3.9758 120.256 7.5124
v 4.0519 120.896 8.7342
v 4.3377 121.373 9.9571
v 4.8041 121.668 11.1369
v 5.1471 117.974 4.3794
v 4.5948 118.903 5.3483
v 4.2648 119.751 6.4527
v 4.1636 120.486 7.645
v 4.2842 121.074 8.8755
v 4.6063 121.493 10.0963
v 5.098 121.723 11.2646
v 5.9096 117.33 3.5972
v 5.9026 117.005 3.5886
v 5.1997 118.29 4.4357
v 4.6969 119.196 5.4436
v 4.4172 120.011 6.5767
v 4.3639 120.699 7.7863
v 4.5264 121.234 9.0227
v 4.8815 121.591 10.2389
v 5.3947 121.757 11.3935
v 5.9306 117.654 3.623
v 5.2668 118.6 4.5076
v 4.8133 119.48 5.5524
v 4.583 120.256 6.7116
v 4.5755 120.896 7.9357
v 4.7773 121.373 9.1753
v 5.1621 121.668 10.3842
v 5.9655 117.974 3.6659
v 5.3483 118.903 4.5948
v 4.9437 119.751 5.6741
v 4.7614 120.486 6.8567
v 4.7977 121.074 8.0925
v 5.0358 121.493 9.3325
v 5.4466 121.723 10.5317
v 6.7795 117.33 2.9376
v 6.7731 117.005 2.9285
v 6.014 118.29 3.7256
v 5.4436 119.196 4.6969
v 5.0873 120.011 5.8082
v 4.9515 120.699 7.0114
v 5.0293 121.234 8.256
v 5.3006 121.591 9.4936
v 5.7338 121.757 10.6805
v 6.7987 117.654 2.9647
v 6.0761 118.6 3.8019
v 5.5524 119.48 4.8133
v 5.2435 120.256 5.9541
v 5.1525 120.896 7.1749
v 5.2692 121.373 8.4254
v 5.5706 121.668 9.6577
v 6.8306 117.974 3.0099
v 6.1514 118.903 3.8945
v 5.6741 119.751 4.9437
v 5.4115 120.486 6.1111
v 5.3634 121.074 7.3465
v 5.5163 121.493 8.5998
v 5.8444 121.723 9.8242
v 7.6924 117.33 2.3388
v 7.6867 117.005 2.3293
v 6.875 118.29 3.0728
v 6.2396 119.196 4.0028
v 5.8082 120.011 5.0873
v 5.5907 120.699 6.2784
v 5.5833 121.234 7.5254
v 5.7696 121.591 8.7786
v 6.1208 121.757 9.9923
v 7.7097 117.654 2.3672
v 6.9317 118.6 3.1531
v 6.3401 119.48 4.1264
v 5.9541 120.256 5.2435
v 5.78 120.896 6.4552
v 5.8111 121.373 7.7107
v 6.0277 121.668 8.9608
v 7.7384 117.974 2.4144
v 7.0005 118.903 3.2506
v 6.4527 119.751 4.2648
v 6.1111 120.486 5.4115
v 5.9788 121.074 6.6408
v 6.0458 121.493 7.9016
v 6.2895 121.723 9.1456
v 8.6441 117.33 1.8037
v 8.639 117.005 1.7938
v 7.7784 118.29 2.4802
v 7.081 119.196 3.3647
v 6.5767 120.011 4.4172
v 6.2784 120.699 5.5907
v 6.1859 121.234 6.8343
v 6.2862 121.591 8.0973
v 6.5538 121.757 9.3321
v 8.6594 117.654 1.8332
v 7.8295 118.6 2.5642
v 7.1729 119.48 3.4949
v 6.7116 120.256 4.583
v 6.4552 120.896 5.78
v 6.4006 121.373 7.0347
v 6.5313 121.668 8.2967
v 8.6848 117.974 1.8823
v 7.8915 118.903 2.6662
v 7.2758 119.751 3.6406
v 6.8567 120.486 4.7614
v 6.6408 121.074 5.9788
v 6.6216 121.493 7.2412
v 6.7799 121.723 8.4989
v 9.63 117.33 1.3348
v 9.6256 117.005 1.3246
v 8.7202 118.29 1.9506
v 7.9641 119.196 2.7855
v 7.3891 120.011 3.8011
v 7.0114 120.699 4.9515
v 6.8343 121.234 6.1859
v 6.8482 121.591 7.4528
v 7.0308 121.757 8.703
v 9.6433 117.654 1.3653
v 8.7655 118.6 2.038
v 8.0469 119.48 2.9217
v 7.5124 120.256 3.9758
v 7.1749 120.896 5.1525
v 7.0347 121.373 6.4006
v 7.0791 121.668 7.6684
v 9.6653 117.974 1.416
v 8.8204 118.903 2.1439
v 8.1396 119.751 3.0741
v 7.645 120.486 4.1636
v 7.3465 121.074 5.3634
v 7.2412 121.493 6.6216
v 7.3133 121.723 7.8872
v 10.6456 117.33 0.9343
v 10.6419 117.005 0.9238
v 9.6959 118.29 1.4866
v 8.8846 119.196 2.2679
v 8.2417 120.011 3.242
v 7.7863 120.699 4.3639
v 7.5254 121.234 5.5833
v 7.4528 121.591 6.8482
v 7.5497 121.757 8.108
v 10.6568 117.654 0.9656
v 9.7351 118.6 1.5768
v 8.9579 119.48 2.4094
v 8.3527 120.256 3.4246
v 7.9357 120.896 4.5755
v 7.7107 121.373 5.8111
v 7.6684 121.668 7.0791
v 10.6753 117.974 1.0177
v 9.7827 118.903 1.6863
v 9.04 119.751 2.5678
v 8.4722 120.486 3.621
v 8.0925 121.074 4.7977
v 7.9016 121.493 6.0458
v 7.8872 121.723 7.3133
v 11.6862 117.33 0.604
v 11.6833 117.005 0.5933
v 12.7447 117.005 0.3347
v 10.7011 118.29 1.0902
v 9.8383 119.196 1.8144
v 9.1304 120.011 2.7423
v 8.5995 120.699 3.8305
v 8.256 121.234 5.0293
v 8.0973 121.591 6.2862
v 8.108 121.757 7.5497
v 11.6952 117.654 0.636
v 10.734 118.6 1.1829
v 9.9018 119.48 1.9605
v 9.2287 120.256 2.932
v 8.7342 120.896 4.0519
v 8.4254 121.373 5.2692
v 8.2967 121.668 6.5313
v 11.7101 117.974 0.6892
v 10.774 118.903 1.2953
v 9.9729 119.751 2.1241
v 9.3345 120.486 3.1362
v 8.8755 121.074 4.2842
v 8.5998 121.493 5.5163
v 8.4989 121.723 6.7799
v 12.747 117.33 0.3455
v 11.7309 118.29 0.7634
v 10.8207 119.196 1.4269
v 10.0511 120.011 2.3044
v 9.4473 120.699 3.3538
v 9.0227 121.234 4.5264
v 8.7786 121.591 5.7696
v 8.703 121.757 7.0308
v 12.7537 117.654 0.3781
v 11.7574 118.6 0.8581
v 10.8741 119.48 1.5771
v 10.1363 120.256 2.5004
v 9.5665 120.896 3.5839
v 9.1753 121.373 4.7773
v 8.9608 121.668 6.0277
v 12.765 117.974 0.4322
v 11.7896 118.903 0.973
v 10.9338 119.751 1.7452
v 10.2279 120.486 2.7113
v 9.6916 121.074 3.8253
v 9.3325 121.493 5.0358
v 9.1456 121.723 6.2895
v 13.8228 117.33 0.16
v 13.8213 117.005 0.149
v 12.7806 118.29 0.5076
v 11.8273 119.196 1.1075
v 10.9996 120.011 1.9303
v 10.3256 120.699 2.9361
v 9.822 121.234 4.077
v 9.4936 121.591 5.3006
v 9.3321 121.757 6.5538
v 13.8274 117.654 0.193
v 12.8007 118.6 0.6039
v 11.8703 119.48 1.2609
v 11.0712 120.256 2.1317
v 10.4288 120.896 3.1738
v 9.9571 121.373 4.3377
v 9.6577 121.668 5.5706
v 13.8349 117.974 0.2477
v 12.8249 118.903 0.7207
v 11.9184 119.751 1.4327
v 11.1482 120.486 2.3484
v 10.5371 121.074 3.4232
v 10.0963 121.493 4.6063
v 9.8242 121.723 5.8444
v 14.9089 117.33 0.0484
v 13.8454 118.29 0.324
v 12.8533 119.196 0.8574
v 11.9714 120.011 1.6219
v 11.2303 120.699 2.5793
v 10.65 121.234 3.6832
v 10.2389 121.591 4.8815
v 9.9923 121.757 6.1208
v 14.9111 117.654 0.0816
v 13.8588 118.6 0.4214
v 12.8858 119.48 1.0135
v 12.0291 120.256 1.8277
v 11.3171 120.896 2.8235
v 10.767 121.373 3.9525
v 10.3842 121.668 5.1621
v 14.9149 117.974 0.1367
v 13.875 118.903 0.5396
v 12.9221 119.751 1.1881
v 12.0911 120.486 2.0491
v 11.4081 121.074 3.0797
v 10.8876 121.493 4.23
v 10.5317 121.723 5.4466
v 14.9202 118.29 0.2135
v 13.894 119.196 0.678
v 12.962 120.011 1.3805
v 12.1573 120.699 2.2851
v 11.503 121.234 3.3468
v 11.0111 121.591 4.5143
v 10.6805 121.757 5.7338
v 14.9269 118.6 0.3116
v 13.9157 119.48 0.8359
v 13.0055 120.256 1.5897
v 12.2272 120.896 2.5346
v 11.6014 121.373 3.6235
v 11.1369 121.668 4.8041
v 14.935 118.903 0.4307
v 13.94 119.751 1.0126
v 13.0523 120.486 1.8149
v 12.3005 121.074 2.7965
v 11.7027 121.493 3.9086
v 11.2646 121.723 5.098
v 14.9446 119.196 0.57
v 13.9668 120.011 1.2073
v 13.1022 120.699 2.0549
v 12.377 121.234 3.0694
v 11.8065 121.591 4.2006
v 11.3935 121.757 5.3947
v 14.9554 119.48 0.729
v 13.9959 120.256 1.419
v 13.1549 120.896 2.3085
v 12.4563 121.373 3.3522
v 11.9123 121.668 4.4983
v 14.9676 119.751 0.9069
v 14.0272 120.486 1.6468
v 13.2102 121.074 2.5748
v 12.5379 121.493 3.6435
v 12.0196 121.723 4.8003
v 14.981 120.011 1.103
v 14.0606 120.699 1.8896
v 13.2679 121.234 2.8523
v 12.6215 121.591 3.942
v 12.128 121.757 5.1051
v 14.9956 120.256 1.3162
v 14.0959 120.896 2.1463
v 13.3276 121.373 3.1398
v 12.7067 121.668 4.2462
v 15.0113 120.486 1.5456
v 14.1329 121.074 2.4157
v 13.3892 121.493 3.436
v 12.7932 121.723 4.5548
v 15.028 120.699 1.7901
v 14.1715 121.234 2.6965
v 13.4522 121.591 3.7395
v 12.8805 121.757 4.8663
v 15.0457 120.896 2.0487
v 14.2115 121.373 2.9875
v 13.5165 121.668 4.0488
v 15.0643 121.074 2.3199
v 14.2527 121.493 3.2872
v 13.5817 121.723 4.3626
v 15.0836 121.234 2.6027
v 14.2949 121.591 3.5942
v 13.6475 121.757 4.6793
v 15.1036 121.373 2.8957
v 14.3379 121.668 3.9072
v 15.1243 121.493 3.1976
v 14.3815 121.723 4.2247
v 15.1454 121.591 3.5068
v 14.4256 121.757 4.5452
v 15.167 121.668 3.822
v 15.1889 121.723 4.1417
v 15.2109 121.757 4.4645
v 0.0111 117.33 169.42
v 0 117.005 169.42
v 0.0373 117.005 170.512
v 14.9089 117.33 185.372
v 14.9081 117.005 185.383
v 14.9111 117.654 185.338
v 14.9149 117.974 185.283
v 13.8228 117.33 185.26
v 13.8213 117.005 185.271
v 14.9202 118.29 185.207
v 13.8274 117.654 185.227
v 14.9269 118.6 185.108
v 13.8349 117.974 185.172
v 14.935 118.903 184.989
v 12.747 117.33 185.075
v 12.7447 117.005 185.085
v 13.8454 118.29 185.096
v 14.9446 119.196 184.85
v 12.7537 117.654 185.042
v 13.8588 118.6 184.999
v 14.9554 119.48 184.691
v 12.765 117.974 184.988
v 13.875 118.903 184.88
v 14.9676 119.751 184.513
v 11.6862 117.33 184.816
v 11.6833 117.005 184.827
v 12.7806 118.29 184.912
v 13.894 119.196 184.742
v 14.981 120.011 184.317
v 11.6952 117.654 184.784
v 12.8007 118.6 184.816
v 13.9157 119.48 184.584
v 14.9956 120.256 184.104
v 11.7101 117.974 184.731
v 12.8249 118.903 184.699
v 13.94 119.751 184.407
v 15.0113 120.486 183.874
v 10.6456 117.33 184.486
v 10.6419 117.005 184.496
v 11.7309 118.29 184.657
v 12.8533 119.196 184.563
v 13.9668 120.011 184.213
v 15.028 120.699 183.63
v 10.6568 117.654 184.454
v 11.7574 118.6 184.562
v 12.8858 119.48 184.406
v 13.9959 120.256 184.001
v 15.0457 120.896 183.371
v 10.6753 117.974 184.402
v 11.7896 118.903 184.447
v 12.9221 119.751 184.232
v 14.0272 120.486 183.773
v 15.0643 121.074 183.1
v 9.63 117.33 184.085
v 9.6256 117.005 184.095
v 10.7011 118.29 184.33
v 11.8273 119.196 184.312
v 12.962 120.011 184.04
v 14.0606 120.699 183.53
v 15.0836 121.234 182.817
v 9.6433 117.654 184.055
v 10.734 118.6 184.237
v 11.8703 119.48 184.159
v 13.0055 120.256 183.83
v 14.0959 120.896 183.274
v 15.1036 121.373 182.524
v 9.6653 117.974 184.004
v 10.774 118.903 184.125
v 11.9184 119.751 183.987
v 13.0523 120.486 183.605
v 14.1329 121.074 183.004
v 15.1243 121.493 182.222
v 8.6441 117.33 183.616
v 8.639 117.005 183.626
v 9.6959 118.29 183.933
v 10.8207 119.196 183.993
v 11.9714 120.011 183.798
v 13.1022 120.699 183.365
v 14.1715 121.234 182.724
v 15.1454 121.591 181.913
v 8.6594 117.654 183.587
v 9.7351 118.6 183.843
v 10.8741 119.48 183.843
v 12.0291 120.256 183.592
v 13.1549 120.896 183.112
v 14.2115 121.373 182.433
v 15.167 121.668 181.598
v 8.6848 117.974 183.538
v 9.7827 118.903 183.734
v 10.9338 119.751 183.675
v 12.0911 120.486 183.371
v 13.2102 121.074 182.845
v 14.2527 121.493 182.133
v 15.1889 121.723 181.278
v 7.6924 117.33 183.081
v 7.6867 117.005 183.091
v 8.7202 118.29 183.469
v 9.8383 119.196 183.606
v 10.9996 120.011 183.49
v 12.1573 120.699 183.135
v 13.2679 121.234 182.568
v 14.2949 121.591 181.826
v 15.2109 121.757 180.956
v 7.7097 117.654 183.053
v 8.7655 118.6 183.382
v 9.9018 119.48 183.459
v 11.0712 120.256 183.288
v 12.2272 120.896 182.885
v 13.3276 121.373 182.28
v 14.3379 121.668 181.513
v 7.7384 117.974 183.006
v 8.8204 118.903 183.276
v 9.9729 119.751 183.296
v 11.1482 120.486 183.072
v 12.3005 121.074 182.624
v 13.3892 121.493 181.984
v 14.3815 121.723 181.195
v 6.7795 117.33 182.482
v 6.7731 117.005 182.492
v 7.7784 118.29 182.94
v 8.8846 119.196 183.152
v 10.0511 120.011 183.116
v 11.2303 120.699 182.841
v 12.377 121.234 182.351
v 13.4522 121.591 181.68
v 14.4256 121.757 180.875
v 6.7987 117.654 182.455
v 7.8295 118.6 182.856
v 8.9579 119.48 183.011
v 10.1363 120.256 182.92
v 11.3171 120.896 182.596
v 12.4563 121.373 182.068
v 13.5165 121.668 181.371
v 6.8306 117.974 182.41
v 7.8915 118.903 182.754
v 9.04 119.751 182.852
v 10.2279 120.486 182.709
v 11.4081 121.074 182.34
v 12.5379 121.493 181.776
v 13.5817 121.723 181.057
v 5.9096 117.33 181.823
v 5.9026 117.005 181.831
v 6.875 118.29 182.347
v 7.9641 119.196 182.635
v 9.1304 120.011 182.678
v 10.3256 120.699 182.484
v 11.503 121.234 182.073
v 12.6215 121.591 181.478
v 13.6475 121.757 180.741
v 5.9306 117.654 181.797
v 6.9317 118.6 182.267
v 8.0469 119.48 182.498
v 9.2287 120.256 182.488
v 10.4288 120.896 182.246
v 11.6014 121.373 181.797
v 12.7067 121.668 181.174
v 5.9655 117.974 181.754
v 7.0005 118.903 182.169
v 8.1396 119.751 182.346
v 9.3345 120.486 182.284
v 10.5371 121.074 181.997
v 11.7027 121.493 181.511
v 12.7932 121.723 180.865
v 5.0867 117.33 181.105
v 5.0791 117.005 181.113
v 6.014 118.29 181.694
v 7.081 119.196 182.055
v 8.2417 120.011 182.178
v 9.4473 120.699 182.066
v 10.65 121.234 181.737
v 11.8065 121.591 181.219
v 12.8805 121.757 180.554
v 5.1094 117.654 181.081
v 6.0761 118.6 181.618
v 7.1729 119.48 181.925
v 8.3527 120.256 181.995
v 9.5665 120.896 181.836
v 10.767 121.373 181.468
v 11.9123 121.668 180.922
v 5.1471 117.974 181.041
v 6.1514 118.903 181.525
v 7.2758 119.751 181.779
v 8.4722 120.486 181.799
v 9.6916 121.074 181.595
v 10.8876 121.493 181.19
v 12.0196 121.723 180.62
v 4.3147 117.33 180.333
v 4.3066 117.005 180.341
v 5.1997 118.29 180.984
v 6.2396 119.196 181.417
v 7.3891 120.011 181.619
v 8.5995 120.699 181.589
v 9.822 121.234 181.343
v 11.0111 121.591 180.906
v 12.128 121.757 180.315
v 4.339 117.654 180.311
v 5.2668 118.6 180.912
v 6.3401 119.48 181.294
v 7.5124 120.256 181.444
v 8.7342 120.896 181.368
v 9.9571 121.373 181.082
v 11.1369 121.668 180.616
v 4.3794 117.974 180.273
v 5.3483 118.903 180.825
v 6.4527 119.751 181.155
v 7.645 120.486 181.256
v 8.8755 121.074 181.136
v 10.0963 121.493 180.814
v 11.2646 121.723 180.322
v 3.5972 117.33 179.51
v 3.5886 117.005 179.517
v 4.4357 118.29 180.22
v 5.4436 119.196 180.723
v 6.5767 120.011 181.003
v 7.7863 120.699 181.056
v 9.0227 121.234 180.894
v 10.2389 121.591 180.538
v 11.3935 121.757 180.025
v 3.623 117.654 179.489
v 4.5076 118.6 180.153
v 5.5524 119.48 180.607
v 6.7116 120.256 180.837
v 7.9357 120.896 180.845
v 9.1753 121.373 180.643
v 10.3842 121.668 180.258
v 3.6659 117.974 179.454
v 4.5948 118.903 180.072
v 5.6741 119.751 180.476
v 6.8567 120.486 180.659
v 8.0925 121.074 180.622
v 9.3325 121.493 180.384
v 10.5317 121.723 179.973
v 2.9376 117.33 178.641
v 2.9285 117.005 178.647
v 3.7256 118.29 179.406
v 4.6969 119.196 179.976
v 5.8082 120.011 180.333
v 7.0114 120.699 180.469
v 8.256 121.234 180.391
v 9.4936 121.591 180.119
v 10.6805 121.757 179.686
v 2.9647 117.654 178.621
v 3.8019 118.6 179.344
v 4.8133 119.48 179.868
v 5.9541 120.256 180.177
v 7.1749 120.896 180.268
v 8.4254 121.373 180.151
v 9.6577 121.668 179.849
v 3.0099 117.974 178.589
v 3.8945 118.903 179.269
v 4.9437 119.751 179.746
v 6.1111 120.486 180.008
v 7.3465 121.074 180.057
v 8.5998 121.493 179.904
v 9.8242 121.723 179.576
v 2.3388 117.33 177.728
v 2.3293 117.005 177.733
v 3.0728 118.29 178.545
v 4.0028 119.196 179.18
v 5.0873 120.011 179.612
v 6.2784 120.699 179.829
v 7.5254 121.234 179.837
v 8.7786 121.591 179.65
v 9.9923 121.757 179.299
v 2.3672 117.654 177.71
v 3.1531 118.6 178.488
v 4.1264 119.48 179.08
v 5.2435 120.256 179.466
v 6.4552 120.896 179.64
v 7.7107 121.373 179.609
v 8.9608 121.668 179.392
v 2.4144 117.974 177.682
v 3.2506 118.903 178.419
v 4.2648 119.751 178.967
v 5.4115 120.486 179.309
v 6.6408 121.074 179.441
v 7.9016 121.493 179.374
v 9.1456 121.723 179.131
v 1.8037 117.33 176.776
v 1.7938 117.005 176.781
v 1.3246 117.005 175.794
v 2.4802 118.29 177.642
v 3.3647 119.196 178.339
v 4.4172 120.011 178.843
v 5.5907 120.699 179.142
v 6.8343 121.234 179.234
v 8.0973 121.591 179.134
v 9.3321 121.757 178.866
v 1.8332 117.654 176.761
v 2.5642 118.6 177.59
v 3.4949 119.48 178.247
v 4.583 120.256 178.708
v 5.78 120.896 178.965
v 7.0347 121.373 179.019
v 8.2967 121.668 178.889
v 1.8823 117.974 176.735
v 2.6662 118.903 177.529
v 3.6406 119.751 178.144
v 4.7614 120.486 178.563
v 5.9788 121.074 178.779
v 7.2412 121.493 178.798
v 8.4989 121.723 178.64
v 1.3348 117.33 175.79
v 1.9506 118.29 176.7
v 2.7855 119.196 177.456
v 3.8011 120.011 178.031
v 4.9515 120.699 178.409
v 6.1859 121.234 178.586
v 7.4528 121.591 178.572
v 8.703 121.757 178.389
v 1.3653 117.654 175.777
v 2.038 118.6 176.655
v 2.9217 119.48 177.373
v 3.9758 120.256 177.908
v 5.1525 120.896 178.245
v 6.4006 121.373 178.385
v 7.6684 121.668 178.341
v 1.416 117.974 175.755
v 2.1439 118.903 176.6
v 3.0741 119.751 177.28
v 4.1636 120.486 177.775
v 5.3634 121.074 178.073
v 6.6216 121.493 178.179
v 7.8872 121.723 178.107
v 0.9343 117.33 174.774
v 0.9238 117.005 174.778
v 0.5933 117.005 173.737
v 1.4866 118.29 175.724
v 2.2679 119.196 176.535
v 3.242 120.011 177.178
v 4.3639 120.699 177.634
v 5.5833 121.234 177.895
v 6.8482 121.591 177.967
v 8.108 121.757 177.87
v 0.9656 117.654 174.763
v 1.5768 118.6 175.685
v 2.4094 119.48 176.462
v 3.4246 120.256 177.067
v 4.5755 120.896 177.484
v 5.8111 121.373 177.709
v 7.0791 121.668 177.752
v 1.0177 117.974 174.745
v 1.6863 118.903 175.637
v 2.5678 119.751 176.38
v 3.621 120.486 176.948
v 4.7977 121.074 177.327
v 6.0458 121.493 177.518
v 7.3133 121.723 177.533
v 0.604 117.33 173.734
v 1.0902 118.29 174.719
v 1.8144 119.196 175.582
v 2.7423 120.011 176.29
v 3.8305 120.699 176.821
v 5.0293 121.234 177.164
v 6.2862 121.591 177.323
v 7.5497 121.757 177.312
v 0.636 117.654 173.725
v 1.1829 118.6 174.686
v 1.9605 119.48 175.518
v 2.932 120.256 176.191
v 4.0519 120.896 176.686
v 5.2692 121.373 176.995
v 6.5313 121.668 177.123
v 0.6892 117.974 173.71
v 1.2953 118.903 174.646
v 2.1241 119.751 175.447
v 3.1362 120.486 176.085
v 4.2842 121.074 176.544
v 5.5163 121.493 176.82
v 6.7799 121.723 176.921
v 0.3455 117.33 172.673
v 0.3347 117.005 172.675
v 0.7634 118.29 173.689
v 1.4269 119.196 174.599
v 2.3044 120.011 175.369
v 3.3538 120.699 175.973
v 4.5264 121.234 176.397
v 5.7696 121.591 176.641
v 7.0308 121.757 176.717
v 0.3781 117.654 172.666
v 0.8581 118.6 173.663
v 1.5771 119.48 174.546
v 2.5004 120.256 175.284
v 3.5839 120.896 175.853
v 4.7773 121.373 176.245
v 6.0277 121.668 176.459
v 0.4322 117.974 172.655
v 0.973 118.903 173.63
v 1.7452 119.751 174.486
v 2.7113 120.486 175.192
v 3.8253 121.074 175.728
v 5.0358 121.493 176.088
v 6.2895 121.723 176.274
v 0.16 117.33 171.597
v 0.149 117.005 171.599
v 0.5076 118.29 172.639
v 1.1075 119.196 173.593
v 1.9303 120.011 174.42
v 2.9361 120.699 175.094
v 4.077 121.234 175.598
v 5.3006 121.591 175.926
v 6.5538 121.757 176.088
v 0.193 117.654 171.593
v 0.6039 118.6 172.619
v 1.2609 119.48 173.55
v 2.1317 120.256 174.349
v 3.1738 120.896 174.991
v 4.3377 121.373 175.463
v 5.5706 121.668 175.762
v 0.2477 117.974 171.585
v 0.7207 118.903 172.595
v 1.4327 119.751 173.502
v 2.3484 120.486 174.272
v 3.4232 121.074 174.883
v 4.6063 121.493 175.324
v 5.8444 121.723 175.596
v 0.0484 117.33 170.511
v 0.324 118.29 171.575
v 0.8574 119.196 172.567
v 1.6219 120.011 173.449
v 2.5793 120.699 174.19
v 3.6832 121.234 174.77
v 4.8815 121.591 175.181
v 6.1208 121.757 175.428
v 0.0816 117.654 170.509
v 0.0444 117.654 169.42
v 0.0996 117.974 169.42
v 0.4214 118.6 171.561
v 1.0135 119.48 172.534
v 1.8277 120.256 173.391
v 2.8235 120.896 174.103
v 3.9525 121.373 174.653
v 5.1621 121.668 175.036
v 0.1367 117.974 170.505
v 0.1766 118.29 169.42
v 0.5396 118.903 171.545
v 1.1881 119.751 172.498
v 2.0491 120.486 173.329
v 3.0797 121.074 174.012
v 4.23 121.493 174.532
v 5.4466 121.723 174.888
v 0.2135 118.29 170.5
v 0.678 119.196 171.526
v 1.3805 120.011 172.458
v 2.2851 120.699 173.263
v 3.3468 121.234 173.917
v 4.5143 121.591 174.409
v 5.7338 121.757 174.739
v 0.3116 118.6 170.493
v 0.275 118.6 169.42
v 0.8359 119.48 171.504
v 1.5897 120.256 172.415
v 2.5346 120.896 173.193
v 3.6235 121.373 173.819
v 4.8041 121.668 174.283
v 0.4307 118.903 170.485
v 0.3943 118.903 169.42
v 1.0126 119.751 171.48
v 1.8149 120.486 172.368
v 2.7965 121.074 173.119
v 3.9086 121.493 173.717
v 5.098 121.723 174.155
v 0.57 119.196 170.475
v 0.5339 119.196 169.42
v 1.2073 120.011 171.453
v 2.0549 120.699 172.318
v 3.0694 121.234 173.043
v 4.2006 121.591 173.613
v 5.3947 121.757 174.026
v 0.729 119.48 170.465
v 0.6933 119.48 169.42
v 1.419 120.256 171.424
v 2.3085 120.896 172.265
v 3.3522 121.373 172.964
v 4.4983 121.668 173.508
v 0.9069 119.751 170.452
v 0.8717 119.751 169.42
v 1.6468 120.486 171.393
v 2.5748 121.074 172.21
v 3.6435 121.493 172.882
v 4.8003 121.723 173.4
v 1.103 120.011 170.439
v 1.0682 120.011 169.42
v 1.8896 120.699 171.359
v 2.8523 121.234 172.152
v 3.942 121.591 172.798
v 5.1051 121.757 173.292
v 1.3162 120.256 170.424
v 1.2819 120.256 169.42
v 2.1463 120.896 171.324
v 3.1398 121.373 172.092
v 4.2462 121.668 172.713
v 1.5456 120.486 170.409
v 1.5118 120.486 169.42
v 2.4157 121.074 171.287
v 3.436 121.493 172.031
v 4.5548 121.723 172.627
v 1.7901 120.699 170.392
v 1.7569 120.699 169.42
v 2.6965 121.234 171.249
v 3.7395 121.591 171.968
v 4.8663 121.757 172.54
v 2.0487 120.896 170.374
v 2.0161 120.896 169.42
v 2.9875 121.373 171.208
v 4.0488 121.668 171.904
v 2.3199 121.074 170.356
v 2.288 121.074 169.42
v 3.2872 121.493 171.167
v 4.3626 121.723 171.838
v 2.6027 121.234 170.336
v 2.5714 121.234 169.42
v 3.5942 121.591 171.125
v 4.6793 121.757 171.773
v 2.8957 121.373 170.316
v 2.8651 121.373 169.42
v 3.9072 121.668 171.082
v 3.1976 121.493 170.296
v 3.1676 121.493 169.42
v 3.4776 121.591 169.42
v 4.2247 121.723 171.038
v 3.5068 121.591 170.275
v 4.5452 121.757 170.994
v 3.822 121.668 170.253
v 3.7935 121.668 169.42
v 4.1417 121.723 170.231
v 4.114 121.723 169.42
v 4.4645 121.757 170.209
v 4.4375 121.757 169.42
v 65.65 105.768 165.42
v 65.664 105.768 165.829
v 65.7059 105.768 166.237
v 65.7755 105.768 166.641
v 65.8725 105.768 167.039
v 65.9964 105.768 167.429
v 66.1467 105.768 167.81
v 66.3227 105.768 168.18
v 66.5235 105.768 168.537
v 66.7482 105.768 168.88
v 66.9957 105.768 169.207
v 67.265 105.768 169.515
v 67.5547 105.768 169.805
v 67.8635 105.768 170.074
v 68.1899 105.768 170.322
v 68.5325 105.768 170.547
v 68.8896 105.768 170.747
v 69.2596 105.768 170.923
v 69.6407 105.768 171.074
v 70.0312 105.768 171.197
v 70.4293 105.768 171.294
v 70.833 105.768 171.364
v 71.2405 105.768 171.406
v 71.65 105.768 171.42
v 169.65 105.768 171.42
v 175.65 105.768 165.42
v 175.636 105.768 165.829
v 175.594 105.768 166.237
v 175.524 105.768 166.641
v 175.428 105.768 167.039
v 175.304 105.768 167.429
v 175.153 105.768 167.81
v 174.977 105.768 168.18
v 174.776 105.768 168.537
v 174.552 105.768 168.88
v 174.304 105.768 169.207
v 174.035 105.768 169.515
v 173.745 105.768 169.805
v 173.436 105.768 170.074
v 173.11 105.768 170.322
v 172.768 105.768 170.547
v 172.41 105.768 170.747
v 172.04 105.768 170.923
v 171.659 105.768 171.074
v 171.269 105.768 171.197
v 170.871 105.768 171.294
v 170.467 105.768 171.364
v 170.06 105.768 171.406
v 175.65 105.768 159.42
v 175.636 105.768 159.011
v 175.594 105.768 158.603
v 175.524 105.768 158.199
v 175.428 105.768 157.801
v 175.304 105.768 157.411
v 175.153 105.768 157.03
v 174.977 105.768 156.66
v 174.776 105.768 156.303
v 174.552 105.768 155.96
v 174.304 105.768 155.633
v 174.035 105.768 155.325
v 173.745 105.768 155.035
v 173.436 105.768 154.766
v 173.11 105.768 154.518
v 172.768 105.768 154.293
v 172.41 105.768 154.093
v 172.04 105.768 153.917
v 171.659 105.768 153.766
v 171.269 105.768 153.643
v 170.871 105.768 153.546
v 170.467 105.768 153.476
v 170.06 105.768 153.434
v 169.65 105.768 153.42
v 71.65 105.768 153.42
v 65.65 105.768 159.42
v 65.664 105.768 159.011
v 65.7059 105.768 158.603
v 65.7755 105.768 158.199
v 65.8725 105.768 157.801
v 65.9964 105.768 157.411
v 66.1467 105.768 157.03
v 66.3227 105.768 156.66
v 66.5235 105.768 156.303
v 66.7482 105.768 155.96
v 66.9957 105.768 155.633
v 67.265 105.768 155.325
v 67.5547 105.768 155.035
v 67.8635 105.768 154.766
v 68.1899 105.768 154.518
v 68.5325 105.768 154.293
v 68.8896 105.768 154.093
v 69.2596 105.768 153.917
v 69.6407 105.768 153.766
v 70.0312 105.768 153.643
v 70.4293 105.768 153.546
v 70.833 105.768 153.476
v 71.2405 105.768 153.434
v 25.6797 249.563 135.622
v 25.7688 249.563 136.53
v 25.9169 249.563 137.431
v 26.1234 249.563 138.32
v 26.3873 129.084 139.193
v 26.3873 249.563 139.193
v 26.6654 129.084 139.945
v 26.9861 129.084 140.679
v 27.3482 129.084 141.393
v 27.809 249.563 142.179
v 27.3482 249.563 141.393
v 28.3199 249.563 142.934
v 28.8788 249.563 143.653
v 29.4834 249.563 144.335
v 30.131 249.563 144.976
v 31.5442 249.563 146.125
v 30.8189 249.563 145.573
v 32.3038 249.563 146.628
v 33.0946 249.563 147.08
v 33.9131 249.563 147.481
v 34.7559 129.084 147.827
v 34.7559 249.563 147.827
v 35.4776 129.084 148.074
v 36.2116 129.084 148.281
v 36.9559 129.084 148.448
v 37.8477 249.563 148.594
v 36.9559 249.563 148.448
v 38.747 249.563 148.681
v 29.4183 251.763 41.1543
v 30.0943 251.763 40.4783
v 28.79 251.763 41.8748
v 30.8148 251.763 39.85
v 28.2124 251.763 42.6365
v 31.5765 251.763 39.2724
v 27.6881 251.763 43.4358
v 32.3758 251.763 38.7481
v 27.2196 251.763 44.2691
v 33.2091 251.763 38.2796
v 26.809 251.763 45.1324
v 34.0724 251.763 37.869
v 26.4583 251.763 46.0217
v 34.9617 251.763 37.5183
v 26.1692 251.763 46.9328
v 35.8728 251.763 37.2292
v 25.9428 251.763 47.8616
v 36.8016 251.763 37.0028
v 25.7804 251.763 48.8037
v 37.7437 251.763 36.8404
v 25.6826 251.763 49.7546
v 38.6946 251.763 36.7426
v 25.65 251.763 50.71
v 39.65 251.763 36.71
v 25.65 251.763 134.71
v 25.6826 251.763 135.665
v 27.678 251.763 135.529
v 25.7804 251.763 136.616
v 27.7618 251.763 136.344
v 25.9428 251.763 137.558
v 27.901 251.763 137.151
v 26.1692 251.763 138.487
v 28.095 251.763 137.948
v 26.4583 251.763 139.398
v 28.3429 251.763 138.729
v 26.809 251.763 140.288
v 28.6435 251.763 139.491
v 27.2196 251.763 141.151
v 28.9954 251.763 140.231
v 27.6881 251.763 141.984
v 29.397 251.763 140.945
v 28.2124 251.763 142.784
v 29.8464 251.763 141.63
v 28.79 251.763 143.545
v 30.3415 251.763 142.283
v 29.4183 251.763 144.266
v 30.88 251.763 142.901
v 30.0943 251.763 144.942
v 31.4594 251.763 143.48
v 32.0769 251.763 144.018
v 30.8148 251.763 145.57
v 32.7298 251.763 144.514
v 31.5765 251.763 146.148
v 33.415 251.763 144.963
v 32.3758 251.763 146.672
v 34.1292 251.763 145.365
v 33.2091 251.763 147.14
v 34.8692 251.763 145.716
v 34.0724 251.763 147.551
v 35.6314 251.763 146.017
v 34.9617 251.763 147.902
v 36.4124 251.763 146.265
v 35.8728 251.763 148.191
v 37.2085 251.763 146.459
v 36.8016 251.763 148.417
v 38.016 251.763 146.598
v 37.7437 251.763 148.58
v 38.8311 251.763 146.682
v 38.6946 251.763 148.677
v 39.65 251.763 148.71
v 201.65 251.763 36.71
v 202.605 251.763 36.7426
v 203.556 251.763 36.8404
v 204.498 251.763 37.0028
v 205.427 251.763 37.2292
v 206.338 251.763 37.5183
v 207.228 251.763 37.869
v 208.091 251.763 38.2796
v 208.924 251.763 38.7481
v 209.724 251.763 39.2724
v 210.485 251.763 39.85
v 211.206 251.763 40.4783
v 211.882 251.763 41.1543
v 212.51 251.763 41.8748
v 213.088 251.763 42.6365
v 213.612 251.763 43.4358
v 214.08 251.763 44.2691
v 214.491 251.763 45.1324
v 214.842 251.763 46.0217
v 215.131 251.763 46.9328
v 215.357 251.763 47.8616
v 215.52 251.763 48.8037
v 215.617 251.763 49.7546
v 215.65 251.763 50.71
v 201.65 251.763 148.71
v 215.65 251.763 134.71
v 202.605 251.763 148.677
v 215.617 251.763 135.665
v 203.556 251.763 148.58
v 215.52 251.763 136.616
v 204.498 251.763 148.417
v 215.357 251.763 137.558
v 205.427 251.763 148.191
v 215.131 251.763 138.487
v 206.338 251.763 147.902
v 214.842 251.763 139.398
v 207.228 251.763 147.551
v 214.491 251.763 140.288
v 208.091 251.763 147.14
v 214.08 251.763 141.151
v 208.924 251.763 146.672
v 213.612 251.763 141.984
v 209.724 251.763 146.148
v 213.088 251.763 142.784
v 210.485 251.763 145.57
v 212.51 251.763 143.545
v 211.882 251.763 144.266
v 211.206 251.763 144.942
v 27.678 249.563 135.529
v 27.7618 249.563 136.344
v 27.901 249.563 137.151
v 28.095 249.563 137.948
v 27.65 249.563 139.193
v 28.3429 249.563 138.729
v 28.6435 249.563 139.491
v 27.65 249.563 141.393
v 28.9954 249.563 140.231
v 29.397 249.563 140.945
v 29.8464 249.563 141.63
v 30.3415 249.563 142.283
v 30.88 249.563 142.901
v 31.4594 249.563 143.48
v 32.0769 249.563 144.018
v 32.7298 249.563 144.514
v 33.415 249.563 144.963
v 34.1292 249.563 145.365
v 34.7559 249.563 146.71
v 34.8692 249.563 145.716
v 35.6314 249.563 146.017
v 36.4124 249.563 146.265
v 37.2085 249.563 146.459
v 36.9559 249.563 146.71
v 38.016 249.563 146.598
v 38.8311 249.563 146.682
v 241.3 110.793 169.42
v 241.3 110.793 16
v 226.392 110.793 0.0373
v 225.3 110.793 0
v 227.479 110.793 0.149
v 229.617 110.793 0.5933
v 228.555 110.793 0.3347
v 230.658 110.793 0.9238
v 232.661 110.793 1.7938
v 231.674 110.793 1.3246
v 233.613 110.793 2.3293
v 234.527 110.793 2.9285
v 235.397 110.793 3.5886
v 236.221 110.793 4.3066
v 236.993 110.793 5.0791
v 238.371 110.793 6.7731
v 237.711 110.793 5.9026
v 239.506 110.793 8.639
v 238.971 110.793 7.6867
v 239.975 110.793 9.6256
v 240.376 110.793 10.6419
v 240.707 110.793 11.6833
v 240.965 110.793 12.7447
v 241.151 110.793 13.8213
v 241.263 110.793 14.9081
v 241.263 110.793 170.512
v 241.151 110.793 171.599
v 240.707 110.793 173.737
v 240.965 110.793 172.675
v 240.376 110.793 174.778
v 239.506 110.793 176.781
v 239.975 110.793 175.794
v 238.971 110.793 177.733
v 238.371 110.793 178.647
v 237.711 110.793 179.517
v 236.993 110.793 180.341
v 236.221 110.793 181.113
v 234.527 110.793 182.492
v 235.397 110.793 181.831
v 233.613 110.793 183.091
v 232.661 110.793 183.626
v 231.674 110.793 184.095
v 230.658 110.793 184.496
v 229.617 110.793 184.827
v 227.479 110.793 185.271
v 228.555 110.793 185.085
v 225.3 110.793 185.42
v 226.392 110.793 185.383
v 16 110.793 0
v 16 110.793 185.42
v 0.0373 110.793 14.9081
v 0 110.793 16
v 0.149 110.793 13.8213
v 0.3347 110.793 12.7447
v 0.5933 110.793 11.6833
v 0.9238 110.793 10.6419
v 1.3246 110.793 9.6256
v 1.7938 110.793 8.639
v 2.3293 110.793 7.6867
v 2.9285 110.793 6.7731
v 3.5886 110.793 5.9026
v 4.3066 110.793 5.0791
v 5.0791 110.793 4.3066
v 5.9026 110.793 3.5886
v 6.7731 110.793 2.9285
v 7.6867 110.793 2.3293
v 9.6256 110.793 1.3246
v 8.639 110.793 1.7938
v 10.6419 110.793 0.9238
v 12.7447 110.793 0.3347
v 11.6833 110.793 0.5933
v 13.8213 110.793 0.149
v 14.9081 110.793 0.0373
v 14.9081 110.793 185.383
v 13.8213 110.793 185.271
v 11.6833 110.793 184.827
v 12.7447 110.793 185.085
v 10.6419 110.793 184.496
v 8.639 110.793 183.626
v 9.6256 110.793 184.095
v 7.6867 110.793 183.091
v 6.7731 110.793 182.492
v 5.9026 110.793 181.831
v 5.0791 110.793 181.113
v 4.3066 110.793 180.341
v 2.9285 110.793 178.647
v 3.5886 110.793 179.517
v 1.7938 110.793 176.781
v 2.3293 110.793 177.733
v 1.3246 110.793 175.794
v 0.9238 110.793 174.778
v 0.5933 110.793 173.737
v 0.3347 110.793 172.675
v 0.149 110.793 171.599
v 0.0373 110.793 170.512
v 0 110.793 169.42
v 36.9559 129.084 146.71
v 34.7559 129.084 146.71
v 27.65 129.084 141.393
v 27.65 129.084 139.193
v 201.65 254.317 36.71
v 39.65 254.317 36.71
v 25.65 254.317 50.71
v 25.6826 254.317 49.7546
v 25.7804 254.317 48.8037
v 25.9428 254.317 47.8616
v 26.1692 254.317 46.9328
v 26.4583 254.317 46.0217
v 26.809 254.317 45.1324
v 27.2196 254.317 44.2691
v 27.6881 254.317 43.4358
v 28.2124 254.317 42.6365
v 28.79 254.317 41.8748
v 29.4183 254.317 41.1543
v 30.0943 254.317 40.4783
v 30.8148 254.317 39.85
v 31.5765 254.317 39.2724
v 32.3758 254.317 38.7481
v 33.2091 254.317 38.2796
v 34.0724 254.317 37.869
v 34.9617 254.317 37.5183
v 35.8728 254.317 37.2292
v 36.8016 254.317 37.0028
v 37.7437 254.317 36.8404
v 38.6946 254.317 36.7426
v 25.65 254.317 134.71
v 25.6826 254.317 135.665
v 25.7804 254.317 136.616
v 25.9428 254.317 137.558
v 26.1692 254.317 138.487
v 26.4583 254.317 139.398
v 26.809 254.317 140.288
v 27.2196 254.317 141.151
v 27.6881 254.317 141.984
v 28.2124 254.317 142.784
v 29.4183 254.317 144.266
v 28.79 254.317 143.545
v 30.0943 254.317 144.942
v 31.5765 254.317 146.148
v 30.8148 254.317 145.57
v 32.3758 254.317 146.672
v 34.0724 254.317 147.551
v 33.2091 254.317 147.14
v 34.9617 254.317 147.902
v 36.8016 254.317 148.417
v 35.8728 254.317 148.191
v 37.7437 254.317 148.58
v 38.6946 254.317 148.677
v 39.65 254.317 148.71
v 201.65 254.317 148.71
v 215.65 254.317 134.71
v 215.617 254.317 135.665
v 215.52 254.317 136.616
v 215.357 254.317 137.558
v 215.131 254.317 138.487
v 214.842 254.317 139.398
v 214.491 254.317 140.288
v 214.08 254.317 141.151
v 213.612 254.317 141.984
v 213.088 254.317 142.784
v 212.51 254.317 143.545
v 211.882 254.317 144.266
v 211.206 254.317 144.942
v 210.485 254.317 145.57
v 209.724 254.317 146.148
v 208.924 254.317 146.672
v 208.091 254.317 147.14
v 207.228 254.317 147.551
v 206.338 254.317 147.902
v 205.427 254.317 148.191
v 204.498 254.317 148.417
v 203.556 254.317 148.58
v 202.605 254.317 148.677
v 215.65 254.317 50.71
v 215.617 254.317 49.7546
v 215.52 254.317 48.8037
v 215.357 254.317 47.8616
v 215.131 254.317 46.9328
v 214.842 254.317 46.0217
v 214.491 254.317 45.1324
v 214.08 254.317 44.2691
v 213.088 254.317 42.6365
v 213.612 254.317 43.4358
v 212.51 254.317 41.8748
v 211.206 254.317 40.4783
v 211.882 254.317 41.1543
v 210.485 254.317 39.85
v 209.724 254.317 39.2724
v 208.924 254.317 38.7481
v 207.228 254.317 37.869
v 208.091 254.317 38.2796
v 206.338 254.317 37.5183
v 205.427 254.317 37.2292
v 203.556 254.317 36.8404
v 204.498 254.317 37.0028
v 202.605 254.317 36.7426
v 5.7683 110.793 6.4443
v 6.4443 110.793 5.7683
v 5.14 110.793 7.1648
v 7.1648 110.793 5.14
v 4.5624 110.793 7.9265
v 7.9265 110.793 4.5624
v 4.0381 110.793 8.7258
v 8.7258 110.793 4.0381
v 3.5696 110.793 9.5591
v 9.5591 110.793 3.5696
v 3.159 110.793 10.4224
v 10.4224 110.793 3.159
v 2.8083 110.793 11.3117
v 11.3117 110.793 2.8083
v 2.5192 110.793 12.2228
v 12.2228 110.793 2.5192
v 2.2928 110.793 13.1516
v 13.1516 110.793 2.2928
v 2.1304 110.793 14.0937
v 14.0937 110.793 2.1304
v 2.0326 110.793 15.0446
v 15.0446 110.793 2.0326
v 16 110.793 2
v 2 110.793 16
v 2 110.793 169.42
v 2.0326 110.793 170.375
v 2.1304 110.793 171.326
v 2.2928 110.793 172.268
v 2.5192 110.793 173.197
v 2.8083 110.793 174.108
v 3.159 110.793 174.998
v 3.5696 110.793 175.861
v 4.0381 110.793 176.694
v 4.5624 110.793 177.494
v 5.14 110.793 178.255
v 5.7683 110.793 178.976
v 6.4443 110.793 179.652
v 7.1648 110.793 180.28
v 7.9265 110.793 180.858
v 8.7258 110.793 181.382
v 9.5591 110.793 181.85
v 10.4224 110.793 182.261
v 11.3117 110.793 182.612
v 12.2228 110.793 182.901
v 13.1516 110.793 183.127
v 14.0937 110.793 183.29
v 15.0446 110.793 183.387
v 16 110.793 183.42
v 225.3 110.793 2
v 226.255 110.793 2.0326
v 227.206 110.793 2.1304
v 228.148 110.793 2.2928
v 229.077 110.793 2.5192
v 229.988 110.793 2.8083
v 230.878 110.793 3.159
v 231.741 110.793 3.5696
v 232.574 110.793 4.0381
v 233.374 110.793 4.5624
v 234.135 110.793 5.14
v 234.856 110.793 5.7683
v 235.532 110.793 6.4443
v 236.16 110.793 7.1648
v 236.738 110.793 7.9265
v 237.262 110.793 8.7258
v 237.73 110.793 9.5591
v 238.141 110.793 10.4224
v 238.492 110.793 11.3117
v 238.781 110.793 12.2228
v 239.007 110.793 13.1516
v 239.17 110.793 14.0937
v 239.267 110.793 15.0446
v 239.3 110.793 16
v 239.3 110.793 169.42
v 225.3 110.793 183.42
v 226.255 110.793 183.387
v 239.267 110.793 170.375
v 227.206 110.793 183.29
v 239.17 110.793 171.326
v 228.148 110.793 183.127
v 239.007 110.793 172.268
v 229.077 110.793 182.901
v 238.781 110.793 173.197
v 229.988 110.793 182.612
v 238.492 110.793 174.108
v 230.878 110.793 182.261
v 238.141 110.793 174.998
v 231.741 110.793 181.85
v 237.73 110.793 175.861
v 232.574 110.793 181.382
v 237.262 110.793 176.694
v 233.374 110.793 180.858
v 236.738 110.793 177.494
v 236.16 110.793 178.255
v 234.135 110.793 180.28
v 234.856 110.793 179.652
v 235.532 110.793 178.976
v 201.65 254.643 36.7211
v 39.65 254.643 36.7211
v 39.65 254.966 36.7544
v 201.65 254.966 36.7544
v 39.65 255.286 36.8096
v 201.65 255.286 36.8096
v 201.65 255.602 36.8866
v 39.65 255.602 36.8866
v 201.65 255.912 36.985
v 39.65 255.912 36.985
v 201.65 256.215 37.1043
v 39.65 256.215 37.1043
v 39.65 256.509 37.2439
v 201.65 256.509 37.2439
v 201.65 256.792 37.4033
v 39.65 256.792 37.4033
v 201.65 257.064 37.5817
v 39.65 257.064 37.5817
v 39.65 257.323 37.7782
v 201.65 257.323 37.7782
v 201.65 257.568 37.9919
v 39.65 257.568 37.9919
v 39.65 257.798 38.2218
v 201.65 257.798 38.2218
v 201.65 258.012 38.4669
v 39.65 258.012 38.4669
v 39.65 258.208 38.7261
v 201.65 258.208 38.7261
v 201.65 258.387 38.998
v 39.65 258.387 38.998
v 201.65 258.546 39.2814
v 39.65 258.546 39.2814
v 201.65 258.686 39.5751
v 39.65 258.686 39.5751
v 201.65 258.805 39.8776
v 39.65 258.805 39.8776
v 201.65 258.903 40.1876
v 39.65 258.903 40.1876
v 39.65 258.98 40.5035
v 201.65 258.98 40.5035
v 201.65 259.036 40.824
v 39.65 259.036 40.824
v 201.65 259.069 41.1475
v 39.65 259.069 41.1475
v 39.65 259.08 41.4725
v 201.65 259.08 41.4725
v 39.0196 259.08 41.494
v 25.6937 254.643 49.7554
v 25.6611 254.643 50.71
v 25.7269 254.966 49.7576
v 25.6944 254.966 50.71
v 25.782 255.286 49.7614
v 25.7496 255.286 50.71
v 25.7914 254.643 48.8052
v 25.8588 255.602 49.7667
v 25.8266 255.602 50.71
v 25.8243 254.966 48.8097
v 25.957 255.912 49.7734
v 25.925 255.912 50.71
v 25.8791 255.286 48.8172
v 26.076 256.215 49.7815
v 26.0443 256.215 50.71
v 25.9537 254.643 47.8639
v 25.9554 255.602 48.8277
v 26.2153 256.509 49.791
v 26.1839 256.509 50.71
v 25.9863 254.966 47.8706
v 26.0528 255.912 48.8411
v 26.3743 256.792 49.8019
v 26.3433 256.792 50.71
v 26.0404 255.286 47.8819
v 26.171 256.215 48.8574
v 26.1798 254.643 46.9358
v 26.5523 257.064 49.8141
v 26.5217 257.064 50.71
v 26.1157 255.602 47.8975
v 26.3094 256.509 48.8764
v 26.2119 254.966 46.9448
v 26.7483 257.323 49.8275
v 26.7182 257.323 50.71
v 26.2121 255.912 47.9176
v 26.4673 256.792 48.8981
v 26.2651 255.286 46.9597
v 26.9615 257.568 49.8421
v 26.9319 257.568 50.71
v 26.3289 256.215 47.9418
v 26.4688 254.643 46.0254
v 26.644 257.064 48.9224
v 26.3392 255.602 46.9805
v 27.191 257.798 49.8578
v 27.1618 257.798 50.71
v 26.4656 256.509 47.9703
v 26.5001 254.966 46.0365
v 26.8386 257.323 48.9491
v 26.4339 255.912 47.007
v 27.4355 258.012 49.8745
v 27.4069 258.012 50.71
v 26.6216 256.792 48.0027
v 26.5522 255.286 46.055
v 27.0504 257.568 48.9782
v 26.5488 256.215 47.0392
v 26.8192 254.643 45.1368
v 27.694 258.208 49.8922
v 27.6661 258.208 50.71
v 26.7963 257.064 48.039
v 26.6248 255.602 46.0808
v 27.2782 257.798 49.0095
v 26.6833 256.509 47.0769
v 26.8497 254.966 45.1501
v 27.9653 258.387 49.9107
v 27.938 258.387 50.71
v 26.9887 257.323 48.0789
v 26.7175 255.912 46.1138
v 27.521 258.012 49.0429
v 26.8368 256.792 47.1199
v 26.9004 255.286 45.1721
v 28.2481 258.546 49.9301
v 28.2214 258.546 50.71
v 27.1979 257.568 48.1224
v 26.8299 256.215 46.1537
v 27.2295 254.643 44.2742
v 27.7777 258.208 49.0782
v 27.0085 257.064 47.168
v 26.971 255.602 45.2027
v 28.5411 258.686 49.9501
v 28.5151 258.686 50.71
v 27.423 257.798 48.1692
v 26.9615 256.509 46.2005
v 27.259 254.966 44.2895
v 28.0471 258.387 49.1152
v 27.1977 257.323 47.221
v 27.0613 255.912 45.2419
v 28.8429 258.805 49.9708
v 28.8176 258.805 50.71
v 29.1276 258.903 50.71
v 27.663 258.012 48.2191
v 27.1116 256.792 46.2539
v 27.3081 255.286 44.3149
v 28.3279 258.546 49.1538
v 27.4035 257.568 47.2787
v 27.1707 256.215 45.2895
v 27.6976 254.643 43.4416
v 29.1521 258.903 49.9919
v 27.9167 258.208 48.2718
v 27.2797 257.064 46.3136
v 27.3764 255.602 44.3503
v 28.6188 258.686 49.1938
v 27.6249 257.798 47.3407
v 27.2988 256.509 45.3451
v 27.726 254.966 43.4589
v 29.4673 258.98 50.0135
v 29.4435 258.98 50.71
v 28.1829 258.387 48.3271
v 27.4648 257.323 46.3794
v 27.4638 255.912 44.3956
v 28.9185 258.805 49.235
v 27.8609 258.012 47.4069
v 27.445 256.792 45.4086
v 27.7732 255.286 43.4876
v 29.7871 259.036 50.0354
v 29.764 259.036 50.71
v 30.0875 259.069 50.71
v 28.4605 258.546 48.3848
v 27.6662 257.568 46.451
v 27.5697 256.215 44.4505
v 28.2215 254.643 42.6429
v 29.2256 258.903 49.2772
v 28.1105 258.208 47.4768
v 27.6086 257.064 45.4797
v 27.839 255.602 43.5276
v 30.1098 259.069 50.0574
v 30.4125 259.08 50.71
v 30.434 259.08 50.0796
v 28.748 258.686 48.4445
v 27.8829 257.798 46.528
v 27.6937 256.509 44.5147
v 28.2487 254.966 42.6621
v 29.5386 258.98 49.3202
v 28.3723 258.387 47.5501
v 27.7888 257.323 45.5579
v 27.9231 255.912 43.5787
v 29.0442 258.805 48.5061
v 28.1138 258.012 46.6101
v 27.8352 256.792 44.5881
v 28.2938 255.286 42.6939
v 29.8561 259.036 49.3639
v 28.6452 258.546 47.6266
v 27.9848 257.568 45.6431
v 28.025 256.215 43.6407
v 28.7987 254.643 41.8818
v 29.3477 258.903 48.5692
v 28.358 258.208 46.6968
v 27.9936 257.064 44.6701
v 28.3567 255.602 42.7383
v 30.1766 259.069 49.4079
v 30.4985 259.08 49.4522
v 28.928 258.686 47.7058
v 28.1957 257.798 45.7347
v 28.1443 256.509 43.7133
v 28.8245 254.966 41.9028
v 29.657 258.98 48.6334
v 28.6142 258.387 46.7879
v 28.168 257.323 44.7605
v 28.4371 255.912 42.7951
v 29.2193 258.805 47.7875
v 28.4205 258.012 45.8324
v 28.2805 256.792 43.7961
v 28.8673 255.286 41.9376
v 29.9708 259.036 48.6986
v 28.8813 258.546 46.8828
v 28.3578 257.568 44.8588
v 28.5345 256.215 42.8638
v 29.4264 254.643 41.1618
v 29.5178 258.903 47.8711
v 28.6582 258.208 45.9356
v 28.4329 257.064 43.8887
v 28.927 255.602 41.9862
v 30.2875 259.069 48.7645
v 30.6057 259.08 48.8306
v 29.158 258.686 46.9812
v 28.5619 257.798 44.9646
v 28.6486 256.509 42.9444
v 29.4507 254.966 41.1845
v 29.822 258.98 47.9563
v 28.9076 258.387 46.0439
v 28.6008 257.323 43.9908
v 29.0033 255.912 42.0483
v 29.4431 258.805 47.0825
v 28.7796 258.012 45.0774
v 28.7788 256.792 43.0363
v 29.4911 255.286 41.2222
v 30.1306 259.036 48.0428
v 29.1676 258.546 46.1568
v 28.7834 257.568 44.1019
v 29.0959 256.215 42.1236
v 30.1018 254.643 40.4864
v 29.7351 258.903 47.1863
v 29.0096 258.208 45.1966
v 28.9246 257.064 43.1392
v 29.5474 255.602 41.2748
v 30.4421 259.069 48.1301
v 30.7551 259.08 48.2178
v 29.437 258.686 46.2738
v 28.9799 257.798 44.2214
v 29.2042 256.509 42.2117
v 30.1245 254.966 40.5107
v 30.0329 258.98 47.2921
v 29.2511 258.387 45.3217
v 29.0851 257.323 43.2525
v 29.6193 255.912 41.3419
v 29.7144 258.805 46.3944
v 29.1893 258.012 44.3487
v 29.3279 256.792 42.3123
v 30.1622 255.286 40.5511
v 30.3348 259.036 47.3994
v 29.5028 258.546 45.4521
v 29.2597 257.568 43.3757
v 29.7065 256.215 41.4234
v 30.8218 254.643 39.8587
v 29.9987 258.903 46.5179
v 29.4107 258.208 44.4833
v 29.4662 257.064 42.4249
v 30.2148 255.602 40.6074
v 30.6396 259.069 47.5077
v 30.9459 259.08 47.6165
v 29.7635 258.686 45.5872
v 29.4475 257.798 43.5083
v 29.8085 256.509 41.5187
v 30.8428 254.966 39.8845
v 30.2885 258.98 46.6437
v 29.643 258.387 44.6246
v 29.6186 257.323 42.5489
v 30.2819 255.912 40.6793
v 30.0321 258.805 45.7264
v 29.6478 258.012 43.6497
v 29.925 256.792 41.6275
v 30.8776 255.286 39.9273
v 30.5825 259.036 46.7714
v 29.8852 258.546 44.7719
v 29.7844 257.568 42.6838
v 30.3634 256.215 40.7665
v 31.5829 254.643 39.2815
v 30.3073 258.903 45.869
v 29.8595 258.208 43.7991
v 30.0554 257.064 41.7492
v 30.9262 255.602 39.987
v 30.8792 259.069 46.9003
v 31.1773 259.08 47.0298
v 30.1361 258.686 44.9245
v 29.9628 257.798 42.8289
v 30.4587 256.509 40.8685
v 31.6021 254.966 39.3087
v 30.5878 258.98 46.0144
v 30.0816 258.387 43.9559
v 30.199 257.323 41.8833
v 30.9883 255.912 40.0633
v 30.3946 258.805 45.0817
v 30.1529 258.012 42.9836
v 30.5675 256.792 40.985
v 31.6339 255.286 39.3538
v 30.8724 259.036 46.1618
v 30.3132 258.546 44.1194
v 30.3552 257.568 42.0292
v 31.0636 256.215 40.1559
v 32.3816 254.643 38.7576
v 30.6595 258.903 45.2427
v 30.3539 258.208 43.1471
v 30.6892 257.064 41.1154
v 31.6783 255.602 39.4167
v 31.1596 259.069 46.3106
v 31.4482 259.08 46.4601
v 30.5531 258.686 44.2887
v 30.5232 257.798 42.1862
v 31.1517 256.509 40.2642
v 32.3989 254.966 38.786
v 30.9294 258.98 45.4069
v 30.5649 258.387 43.3187
v 30.8233 257.323 41.259
v 31.7351 255.912 39.4971
v 30.8003 258.805 44.4632
v 30.7023 258.012 42.3535
v 31.2523 256.792 40.3879
v 32.4276 255.286 38.8332
v 31.2032 259.036 45.5734
v 30.7847 258.546 43.4976
v 30.9692 257.568 41.4152
v 31.8038 256.215 39.5945
v 33.2142 254.643 38.2895
v 31.0535 258.903 44.6419
v 30.8917 258.208 42.5303
v 31.3649 257.064 40.5262
v 32.4676 255.602 38.899
v 31.4796 259.069 45.7415
v 31.7573 259.08 45.9103
v 31.0125 258.686 43.6829
v 31.1262 257.798 41.5832
v 31.8844 256.509 39.7086
v 33.2295 254.966 38.319
v 31.3116 258.98 44.8241
v 31.0904 258.387 42.7159
v 31.4889 257.323 40.6786
v 32.5187 255.912 38.9831
v 31.2472 258.805 43.8738
v 31.2935 258.012 41.7623
v 31.9763 256.792 39.8388
v 33.2549 255.286 38.3681
v 31.5734 259.036 45.0089
v 31.2976 258.546 42.9094
v 31.6238 257.568 40.8444
v 32.5807 256.215 39.085
v 34.0768 254.643 37.8792
v 31.4877 258.903 44.0694
v 31.4703 258.208 41.9517
v 32.0792 257.064 39.9846
v 33.2903 255.602 38.4364
v 31.8377 259.069 45.1955
v 32.1032 259.08 45.3829
v 32.4844 259.08 44.8803
v 31.5122 258.686 43.1098
v 31.7689 257.798 41.0228
v 32.6533 256.509 39.2043
v 34.0901 254.966 37.9097
v 31.7327 258.98 44.2688
v 31.6559 258.387 42.1504
v 32.1925 257.323 40.1451
v 33.3356 255.912 38.5238
v 31.7333 258.805 43.3163
v 31.9236 258.012 41.2129
v 32.7361 256.792 39.3405
v 34.1121 255.286 37.9604
v 31.9813 259.036 44.4711
v 31.8494 258.546 42.3576
v 32.3157 257.568 40.3197
v 33.3905 256.215 38.6297
v 34.9654 254.643 37.5288
v 31.9598 258.903 43.5279
v 32.0871 258.208 41.4139
v 32.8287 257.064 39.4929
v 34.1427 255.602 38.031
v 32.2323 259.069 44.6752
v 32.0498 258.686 42.5722
v 32.4483 257.798 40.5075
v 33.4547 256.509 38.7537
v 34.9765 254.966 37.5601
v 32.1908 258.98 43.7435
v 32.2587 258.387 41.6249
v 32.9308 257.323 39.6608
v 34.1819 255.912 38.1213
v 32.2563 258.805 42.7933
v 32.5897 258.012 40.7078
v 33.5281 256.792 38.8952
v 34.995 255.286 37.6122
v 32.425 259.036 43.9623
v 32.4376 258.546 41.8447
v 33.0419 257.568 39.8434
v 34.2295 256.215 38.2307
v 35.8758 254.643 37.2398
v 32.4679 258.903 43.0198
v 32.7391 258.208 40.9195
v 33.6101 257.064 39.0536
v 35.0208 255.602 37.6848
v 32.6614 259.069 44.1831
v 32.8989 259.08 44.4049
v 33.3449 259.08 43.9589
v 32.6229 258.686 42.0725
v 33.1614 257.798 40.0399
v 34.2851 256.509 38.3588
v 35.8848 254.966 37.2719
v 32.6835 258.98 43.2508
v 32.8959 258.387 41.1416
v 33.7005 257.323 39.228
v 35.0538 255.912 37.7775
v 32.8138 258.805 42.3072
v 33.2887 258.012 40.2493
v 34.3486 256.792 38.505
v 35.8997 255.286 37.3251
v 32.9023 259.036 43.485
v 33.0594 258.546 41.3732
v 33.7988 257.568 39.4178
v 35.0937 256.215 37.8899
v 36.8039 254.643 37.0137
v 33.0094 258.903 42.5477
v 33.4233 258.208 40.4707
v 34.4197 257.064 38.6686
v 35.9205 255.602 37.3992
v 33.1231 259.069 43.7214
v 33.2287 258.686 41.6131
v 33.9046 257.798 39.6219
v 35.1405 256.509 38.0215
v 36.8106 254.966 37.0463
v 33.2088 258.98 42.7927
v 33.5646 258.387 40.703
v 34.4979 257.323 38.8488
v 35.947 255.912 37.4939
v 33.4032 258.805 41.8603
v 34.0174 258.012 39.8396
v 35.1939 256.792 38.1716
v 36.8219 255.286 37.1004
v 33.4111 259.036 43.0413
v 33.7119 258.546 40.9452
v 34.5831 257.568 39.0448
v 35.9792 256.215 37.6088
v 37.7452 254.643 36.8514
v 33.5819 258.903 42.1135
v 34.1366 258.208 40.0696
v 35.2536 257.064 38.3397
v 36.8375 255.602 37.1757
v 33.6152 259.069 43.2923
v 33.8203 259.08 43.5444
v 33.8645 258.686 41.1961
v 34.6747 257.798 39.2557
v 36.0169 256.509 37.7433
v 37.7497 254.966 36.8843
v 33.7641 258.98 42.3716
v 34.2617 258.387 40.3111
v 35.3194 257.323 38.5248
v 36.8576 255.912 37.2721
v 34.0217 258.805 41.4546
v 34.7724 258.012 39.4805
v 36.0599 256.792 37.8968
v 37.7572 255.286 36.9391
v 33.9489 259.036 42.6334
v 34.3921 258.546 40.5628
v 35.391 257.568 38.7262
v 36.8818 256.215 37.3889
v 38.6954 254.643 36.7537
v 34.1827 258.903 41.7195
v 34.8756 258.208 39.7182
v 36.108 257.064 38.0685
v 37.7677 255.602 37.0154
v 34.1355 259.069 42.8977
v 34.3229 259.08 43.1632
v 34.5272 258.686 40.8235
v 35.468 257.798 38.9429
v 36.9103 256.509 37.5256
v 38.6976 254.966 36.7869
v 34.3469 258.98 41.9894
v 34.9839 258.387 39.9676
v 36.161 257.323 38.2577
v 37.7811 255.912 37.1128
v 34.6664 258.805 41.0921
v 35.5501 258.012 39.1738
v 36.9427 256.792 37.6816
v 38.7014 255.286 36.842
v 34.5134 259.036 42.2632
v 35.0968 258.546 40.2276
v 36.2187 257.568 38.4635
v 37.7974 256.215 37.231
v 34.809 258.903 41.3673
v 35.6368 258.208 39.418
v 36.979 257.064 37.8563
v 38.7067 255.602 36.9188
v 34.6815 259.069 42.5396
v 34.8503 259.08 42.8173
v 35.2138 258.686 40.497
v 36.2807 257.798 38.6849
v 37.8164 256.509 37.3694
v 34.9544 258.98 41.6478
v 35.7279 258.387 39.6742
v 37.0189 257.323 38.0487
v 38.7134 255.912 37.017
v 35.3344 258.805 40.7744
v 36.3469 258.012 38.9209
v 37.8381 256.792 37.5273
v 35.1018 259.036 41.9324
v 35.8228 258.546 39.9413
v 37.0624 257.568 38.2579
v 38.7215 256.215 37.136
v 35.4579 258.903 41.0587
v 36.4168 258.208 39.1705
v 37.8624 257.064 37.704
v 35.2506 259.069 42.2196
v 35.4001 259.08 42.5082
v 35.9212 258.686 40.218
v 37.1092 257.798 38.483
v 38.731 256.509 37.2753
v 35.5837 258.98 41.3485
v 36.4901 258.387 39.4323
v 37.8891 257.323 37.8986
v 36.0225 258.805 40.5031
v 37.1591 258.012 38.723
v 38.7419 256.792 37.4343
v 35.7114 259.036 41.6425
v 36.5666 258.546 39.7052
v 37.9182 257.568 38.1104
v 36.1263 258.903 40.7951
v 37.2118 258.208 38.9767
v 38.7541 257.064 37.6123
v 35.8403 259.069 41.9392
v 35.9698 259.08 42.2373
v 36.5565 259.08 42.0059
v 36.6458 258.686 39.988
v 37.9495 257.798 38.3382
v 36.2321 258.98 41.0929
v 37.2671 258.387 39.2429
v 38.7675 257.323 37.8083
v 36.7275 258.805 40.2793
v 37.9829 258.012 38.581
v 36.3394 259.036 41.3948
v 37.3248 258.546 39.5205
v 38.7821 257.568 38.0215
v 36.8111 258.903 40.5778
v 38.0182 258.208 38.8377
v 36.4477 259.069 41.6996
v 37.1578 259.08 41.8151
v 37.3845 258.686 39.808
v 38.7978 257.798 38.251
v 36.8963 258.98 40.882
v 38.0552 258.387 39.1071
v 37.4461 258.805 40.1042
v 38.8145 258.012 38.4955
v 36.9828 259.036 41.1906
v 38.0938 258.546 39.3879
v 37.5092 258.903 40.4077
v 38.8322 258.208 38.754
v 37.0701 259.069 41.5021
v 38.1338 258.686 39.6788
v 37.5734 258.98 40.717
v 38.8507 258.387 39.0253
v 38.175 258.805 39.9785
v 37.6386 259.036 41.0308
v 38.8701 258.546 39.3081
v 38.2172 258.903 40.2856
v 37.7045 259.069 41.3475
v 37.7706 259.08 41.6657
v 38.8901 258.686 39.6011
v 38.2602 258.98 40.5986
v 38.9108 258.805 39.9029
v 38.3039 259.036 40.9161
v 38.9319 258.903 40.2121
v 38.3479 259.069 41.2366
v 38.3922 259.08 41.5585
v 38.9535 258.98 40.5273
v 38.9754 259.036 40.8471
v 38.9974 259.069 41.1698
v 25.6611 254.643 134.71
v 25.6944 254.966 134.71
v 25.7496 255.286 134.71
v 25.8266 255.602 134.71
v 25.925 255.912 134.71
v 26.0443 256.215 134.71
v 26.1839 256.509 134.71
v 26.3433 256.792 134.71
v 26.5217 257.064 134.71
v 26.7182 257.323 134.71
v 26.9319 257.568 134.71
v 27.1618 257.798 134.71
v 27.4069 258.012 134.71
v 27.6661 258.208 134.71
v 27.938 258.387 134.71
v 28.2214 258.546 134.71
v 28.5151 258.686 134.71
v 28.8176 258.805 134.71
v 29.1276 258.903 134.71
v 29.4435 258.98 134.71
v 29.764 259.036 134.71
v 30.0875 259.069 134.71
v 30.4125 259.08 134.71
v 38.6954 254.643 148.666
v 39.65 254.643 148.699
v 38.6976 254.966 148.633
v 39.65 254.966 148.666
v 38.7014 255.286 148.578
v 39.65 255.286 148.61
v 37.7452 254.643 148.569
v 38.7067 255.602 148.501
v 39.65 255.602 148.533
v 37.7497 254.966 148.536
v 38.7134 255.912 148.403
v 39.65 255.912 148.435
v 37.7572 255.286 148.481
v 38.7215 256.215 148.284
v 39.65 256.215 148.316
v 36.8039 254.643 148.406
v 37.7677 255.602 148.405
v 38.731 256.509 148.145
v 39.65 256.509 148.176
v 36.8106 254.966 148.374
v 37.7811 255.912 148.307
v 38.7419 256.792 147.986
v 39.65 256.792 148.017
v 39.65 257.064 147.838
v 36.8219 255.286 148.32
v 37.7974 256.215 148.189
v 35.8758 254.643 148.18
v 38.7541 257.064 147.808
v 36.8375 255.602 148.244
v 37.8164 256.509 148.051
v 35.8848 254.966 148.148
v 38.7675 257.323 147.612
v 39.65 257.323 147.642
v 36.8576 255.912 148.148
v 37.8381 256.792 147.893
v 35.8997 255.286 148.095
v 38.7821 257.568 147.399
v 39.65 257.568 147.428
v 36.8818 256.215 148.031
v 34.9654 254.643 147.891
v 37.8624 257.064 147.716
v 35.9205 255.602 148.021
v 38.7978 257.798 147.169
v 39.65 257.798 147.198
v 39.65 258.012 146.953
v 36.9103 256.509 147.894
v 34.9765 254.966 147.86
v 37.8891 257.323 147.521
v 35.947 255.912 147.926
v 38.8145 258.012 146.924
v 36.9427 256.792 147.738
v 34.995 255.286 147.808
v 37.9182 257.568 147.31
v 35.9792 256.215 147.811
v 34.0768 254.643 147.541
v 38.8322 258.208 146.666
v 39.65 258.208 146.694
v 39.65 258.387 146.422
v 36.979 257.064 147.564
v 35.0208 255.602 147.735
v 37.9495 257.798 147.082
v 36.0169 256.509 147.677
v 34.0901 254.966 147.51
v 38.8507 258.387 146.395
v 37.0189 257.323 147.371
v 35.0538 255.912 147.643
v 37.9829 258.012 146.839
v 36.0599 256.792 147.523
v 34.1121 255.286 147.46
v 38.8701 258.546 146.112
v 39.65 258.546 146.139
v 37.0624 257.568 147.162
v 35.0937 256.215 147.53
v 33.2142 254.643 147.131
v 38.0182 258.208 146.582
v 36.108 257.064 147.351
v 34.1427 255.602 147.389
v 38.8901 258.686 145.819
v 39.65 258.686 145.845
v 37.1092 257.798 146.937
v 35.1405 256.509 147.399
v 33.2295 254.966 147.101
v 38.0552 258.387 146.313
v 36.161 257.323 147.162
v 34.1819 255.912 147.299
v 38.9108 258.805 145.517
v 39.65 258.805 145.542
v 37.1591 258.012 146.697
v 35.1939 256.792 147.248
v 33.2549 255.286 147.052
v 38.0938 258.546 146.032
v 36.2187 257.568 146.957
v 34.2295 256.215 147.189
v 32.3816 254.643 146.662
v 38.9319 258.903 145.208
v 39.65 258.903 145.232
v 37.2118 258.208 146.443
v 35.2536 257.064 147.08
v 33.2903 255.602 146.984
v 38.1338 258.686 145.741
v 36.2807 257.798 146.735
v 34.2851 256.509 147.061
v 32.3989 254.966 146.634
v 38.9535 258.98 144.893
v 39.65 258.98 144.917
v 37.2671 258.387 146.177
v 35.3194 257.323 146.895
v 33.3356 255.912 146.896
v 38.175 258.805 145.441
v 36.3469 258.012 146.499
v 34.3486 256.792 146.915
v 32.4276 255.286 146.587
v 38.9754 259.036 144.573
v 39.65 259.036 144.596
v 37.3248 258.546 145.899
v 35.391 257.568 146.694
v 33.3905 256.215 146.79
v 31.5829 254.643 146.138
v 38.2172 258.903 145.134
v 36.4168 258.208 146.25
v 34.4197 257.064 146.751
v 32.4676 255.602 146.521
v 38.9974 259.069 144.25
v 39.65 259.069 144.273
v 39.65 259.08 143.947
v 39.0196 259.08 143.926
v 38.3922 259.08 143.862
v 37.3845 258.686 145.612
v 35.468 257.798 146.477
v 33.4547 256.509 146.666
v 31.6021 254.966 146.111
v 38.2602 258.98 144.821
v 36.4901 258.387 145.988
v 34.4979 257.323 146.571
v 32.5187 255.912 146.437
v 37.4461 258.805 145.316
v 35.5501 258.012 146.246
v 33.5281 256.792 146.525
v 31.6339 255.286 146.066
v 38.3039 259.036 144.504
v 36.5666 258.546 145.715
v 34.5831 257.568 146.375
v 32.5807 256.215 146.335
v 30.8218 254.643 145.561
v 37.5092 258.903 145.012
v 35.6368 258.208 146.002
v 33.6101 257.064 146.366
v 31.6783 255.602 146.003
v 38.3479 259.069 144.183
v 36.6458 258.686 145.432
v 34.6747 257.798 146.164
v 32.6533 256.509 146.216
v 30.8428 254.966 145.536
v 37.5734 258.98 144.703
v 35.7279 258.387 145.746
v 33.7005 257.323 146.192
v 31.7351 255.912 145.923
v 36.7275 258.805 145.141
v 34.7724 258.012 145.94
v 32.7361 256.792 146.079
v 30.8776 255.286 145.493
v 37.6386 259.036 144.389
v 35.8228 258.546 145.479
v 33.7988 257.568 146.002
v 31.8038 256.215 145.826
v 30.1018 254.643 144.934
v 36.8111 258.903 144.842
v 34.8756 258.208 145.702
v 32.8287 257.064 145.927
v 30.9262 255.602 145.433
v 37.7045 259.069 144.072
v 37.7706 259.08 143.754
v 35.9212 258.686 145.202
v 33.9046 257.798 145.798
v 31.8844 256.509 145.711
v 30.1245 254.966 144.909
v 36.8963 258.98 144.538
v 34.9839 258.387 145.452
v 32.9308 257.323 145.759
v 30.9883 255.912 145.357
v 36.0225 258.805 144.917
v 34.0174 258.012 145.58
v 31.9763 256.792 145.581
v 30.1622 255.286 144.869
v 36.9828 259.036 144.229
v 35.0968 258.546 145.192
v 33.0419 257.568 145.577
v 31.0636 256.215 145.264
v 29.4264 254.643 144.258
v 36.1263 258.903 144.625
v 34.1366 258.208 145.35
v 32.0792 257.064 145.435
v 30.2148 255.602 144.813
v 37.0701 259.069 143.918
v 37.1578 259.08 143.605
v 36.5565 259.08 143.414
v 35.2138 258.686 144.923
v 33.1614 257.798 145.38
v 31.1517 256.509 145.156
v 29.4507 254.966 144.236
v 36.2321 258.98 144.327
v 34.2617 258.387 145.109
v 32.1925 257.323 145.275
v 30.2819 255.912 144.741
v 35.3344 258.805 144.646
v 33.2887 258.012 145.171
v 31.2523 256.792 145.032
v 29.4911 255.286 144.198
v 36.3394 259.036 144.025
v 34.3921 258.546 144.857
v 32.3157 257.568 145.1
v 30.3634 256.215 144.654
v 28.7987 254.643 143.538
v 35.4579 258.903 144.361
v 33.4233 258.208 144.949
v 31.3649 257.064 144.894
v 29.5474 255.602 144.145
v 36.4477 259.069 143.72
v 34.5272 258.686 144.596
v 32.4483 257.798 144.912
v 30.4587 256.509 144.552
v 28.8245 254.966 143.517
v 35.5837 258.98 144.071
v 33.5646 258.387 144.717
v 31.4889 257.323 144.741
v 29.6193 255.912 144.078
v 34.6664 258.805 144.328
v 32.5897 258.012 144.712
v 30.5675 256.792 144.435
v 28.8673 255.286 143.482
v 35.7114 259.036 143.778
v 33.7119 258.546 144.475
v 31.6238 257.568 144.576
v 29.7065 256.215 143.997
v 28.2215 254.643 142.777
v 34.809 258.903 144.053
v 32.7391 258.208 144.5
v 30.6892 257.064 144.305
v 28.927 255.602 143.434
v 35.8403 259.069 143.481
v 35.9698 259.08 143.183
v 35.4001 259.08 142.912
v 33.8645 258.686 144.224
v 31.7689 257.798 144.397
v 29.8085 256.509 143.901
v 28.2487 254.966 142.758
v 34.9544 258.98 143.772
v 32.8959 258.387 144.278
v 30.8233 257.323 144.161
v 29.0033 255.912 143.372
v 34.0217 258.805 143.965
v 31.9236 258.012 144.207
v 29.925 256.792 143.792
v 28.2938 255.286 142.726
v 35.1018 259.036 143.488
v 33.0594 258.546 144.047
v 30.9692 257.568 144.005
v 29.0959 256.215 143.296
v 27.6976 254.643 141.978
v 34.1827 258.903 143.701
v 32.0871 258.208 144.006
v 30.0554 257.064 143.671
v 28.3567 255.602 142.682
v 35.2506 259.069 143.2
v 33.2287 258.686 143.807
v 31.1262 257.798 143.837
v 29.2042 256.509 143.208
v 27.726 254.966 141.961
v 34.3469 258.98 143.431
v 32.2587 258.387 143.795
v 30.199 257.323 143.537
v 28.4371 255.912 142.625
v 33.4032 258.805 143.56
v 31.2935 258.012 143.658
v 29.3279 256.792 143.108
v 27.7732 255.286 141.932
v 34.5134 259.036 143.157
v 32.4376 258.546 143.575
v 30.3552 257.568 143.391
v 28.5345 256.215 142.556
v 27.2295 254.643 141.146
v 33.5819 258.903 143.306
v 31.4703 258.208 143.468
v 29.4662 257.064 142.995
v 27.839 255.602 141.892
v 34.6815 259.069 142.88
v 34.8503 259.08 142.603
v 32.6229 258.686 143.347
v 30.5232 257.798 143.234
v 28.6486 256.509 142.476
v 27.259 254.966 141.131
v 33.7641 258.98 143.048
v 31.6559 258.387 143.27
v 29.6186 257.323 142.871
v 27.9231 255.912 141.841
v 32.8138 258.805 143.113
v 30.7023 258.012 143.066
v 28.7788 256.792 142.384
v 27.3081 255.286 141.105
v 33.9489 259.036 142.787
v 31.8494 258.546 143.062
v 29.7844 257.568 142.736
v 28.025 256.215 141.779
v 26.8192 254.643 140.283
v 33.0094 258.903 142.872
v 30.8917 258.208 142.89
v 28.9246 257.064 142.281
v 27.3764 255.602 141.07
v 34.1355 259.069 142.522
v 34.3229 259.08 142.257
v 32.0498 258.686 142.848
v 29.9628 257.798 142.591
v 28.1443 256.509 141.707
v 26.8497 254.966 140.27
v 33.2088 258.98 142.627
v 31.0904 258.387 142.704
v 29.0851 257.323 142.167
v 27.4638 255.912 141.024
v 32.2563 258.805 142.627
v 30.1529 258.012 142.436
v 28.2805 256.792 141.624
v 26.9004 255.286 140.248
v 33.4111 259.036 142.379
v 31.2976 258.546 142.511
v 29.2597 257.568 142.044
v 27.5697 256.215 140.97
v 26.4688 254.643 139.395
v 32.4679 258.903 142.4
v 30.3539 258.208 142.273
v 28.4329 257.064 141.531
v 26.971 255.602 140.217
v 33.6152 259.069 142.128
v 33.8203 259.08 141.876
v 31.5122 258.686 142.31
v 29.4475 257.798 141.912
v 27.6937 256.509 140.905
v 26.5001 254.966 139.383
v 32.6835 258.98 142.169
v 30.5649 258.387 142.101
v 28.6008 257.323 141.429
v 27.0613 255.912 140.178
v 31.7333 258.805 142.104
v 29.6478 258.012 141.77
v 27.8352 256.792 140.832
v 26.5522 255.286 139.365
v 32.9023 259.036 141.935
v 30.7847 258.546 141.922
v 28.7834 257.568 141.318
v 27.1707 256.215 140.131
v 26.1798 254.643 138.484
v 31.9598 258.903 141.892
v 29.8595 258.208 141.621
v 27.9936 257.064 140.75
v 26.6248 255.602 139.339
v 33.1231 259.069 141.699
v 33.3449 259.08 141.461
v 32.8989 259.08 141.015
v 31.0125 258.686 141.737
v 28.9799 257.798 141.199
v 27.2988 256.509 140.075
v 26.2119 254.966 138.475
v 32.1908 258.98 141.677
v 30.0816 258.387 141.464
v 28.168 257.323 140.66
v 26.7175 255.912 139.306
v 31.2472 258.805 141.546
v 29.1893 258.012 141.071
v 27.445 256.792 140.011
v 26.2651 255.286 138.46
v 32.425 259.036 141.458
v 30.3132 258.546 141.301
v 28.3578 257.568 140.561
v 26.8299 256.215 139.266
v 25.9537 254.643 137.556
v 31.4877 258.903 141.351
v 29.4107 258.208 140.937
v 27.6086 257.064 139.94
v 26.3392 255.602 138.44
v 32.6614 259.069 141.237
v 30.5531 258.686 141.131
v 28.5619 257.798 140.455
v 26.9615 256.509 139.22
v 25.9863 254.966 137.549
v 31.7327 258.98 141.151
v 29.643 258.387 140.795
v 27.7888 257.323 139.862
v 26.4339 255.912 138.413
v 30.8003 258.805 140.957
v 28.7796 258.012 140.343
v 27.1116 256.792 139.166
v 26.0404 255.286 137.538
v 31.9813 259.036 140.949
v 29.8852 258.546 140.648
v 27.9848 257.568 139.777
v 26.5488 256.215 138.381
v 25.7914 254.643 136.615
v 31.0535 258.903 140.778
v 29.0096 258.208 140.223
v 27.2797 257.064 139.106
v 26.1157 255.602 137.523
v 32.2323 259.069 140.745
v 32.4844 259.08 140.54
v 30.1361 258.686 140.495
v 28.1957 257.798 139.685
v 26.6833 256.509 138.343
v 25.8243 254.966 136.61
v 31.3116 258.98 140.596
v 29.2511 258.387 140.098
v 27.4648 257.323 139.041
v 26.2121 255.912 137.502
v 30.3946 258.805 140.338
v 28.4205 258.012 139.588
v 26.8368 256.792 138.3
v 25.8791 255.286 136.603
v 31.5734 259.036 140.411
v 29.5028 258.546 139.968
v 27.6662 257.568 138.969
v 26.3289 256.215 137.478
v 25.6937 254.643 135.665
v 30.6595 258.903 140.177
v 28.6582 258.208 139.484
v 27.0085 257.064 138.252
v 25.9554 255.602 136.592
v 31.8377 259.069 140.225
v 32.1032 259.08 140.037
v 29.7635 258.686 139.833
v 27.8829 257.798 138.892
v 26.4656 256.509 137.45
v 25.7269 254.966 135.662
v 30.9294 258.98 140.013
v 28.9076 258.387 139.376
v 27.1977 257.323 138.199
v 26.0528 255.912 136.579
v 30.0321 258.805 139.694
v 28.1138 258.012 138.81
v 26.6216 256.792 137.417
v 25.782 255.286 135.659
v 31.2032 259.036 139.847
v 29.1676 258.546 139.263
v 27.4035 257.568 138.141
v 26.171 256.215 136.563
v 30.3073 258.903 139.551
v 28.358 258.208 138.723
v 26.7963 257.064 137.381
v 25.8588 255.602 135.653
v 31.4796 259.069 139.679
v 31.7573 259.08 139.51
v 29.437 258.686 139.146
v 27.6249 257.798 138.079
v 26.3094 256.509 136.544
v 30.5878 258.98 139.406
v 28.6142 258.387 138.632
v 26.9887 257.323 137.341
v 25.957 255.912 135.647
v 29.7144 258.805 139.026
v 27.8609 258.012 138.013
v 26.4673 256.792 136.522
v 30.8724 259.036 139.258
v 28.8813 258.546 138.537
v 27.1979 257.568 137.298
v 26.076 256.215 135.638
v 29.9987 258.903 138.902
v 28.1105 258.208 137.943
v 26.644 257.064 136.498
v 31.1596 259.069 139.109
v 31.4482 259.08 138.96
v 29.158 258.686 138.439
v 27.423 257.798 137.251
v 26.2153 256.509 135.629
v 30.2885 258.98 138.776
v 28.3723 258.387 137.87
v 26.8386 257.323 136.471
v 29.4431 258.805 138.338
v 27.663 258.012 137.201
v 26.3743 256.792 135.618
v 30.5825 259.036 138.649
v 28.6452 258.546 137.793
v 27.0504 257.568 136.442
v 29.7351 258.903 138.234
v 27.9167 258.208 137.148
v 26.5523 257.064 135.606
v 30.8792 259.069 138.52
v 31.1773 259.08 138.39
v 28.928 258.686 137.714
v 27.2782 257.798 136.411
v 30.0329 258.98 138.128
v 28.1829 258.387 137.093
v 26.7483 257.323 135.593
v 29.2193 258.805 137.632
v 27.521 258.012 136.377
v 30.3348 259.036 138.021
v 28.4605 258.546 137.035
v 26.9615 257.568 135.578
v 29.5178 258.903 137.549
v 27.7777 258.208 136.342
v 30.6396 259.069 137.912
v 30.9459 259.08 137.804
v 28.748 258.686 136.976
v 27.191 257.798 135.562
v 29.822 258.98 137.464
v 28.0471 258.387 136.305
v 29.0442 258.805 136.914
v 27.4355 258.012 135.546
v 30.1306 259.036 137.377
v 28.3279 258.546 136.266
v 29.3477 258.903 136.851
v 27.694 258.208 135.528
v 30.4421 259.069 137.29
v 30.7551 259.08 137.202
v 28.6188 258.686 136.226
v 29.657 258.98 136.787
v 27.9653 258.387 135.509
v 28.9185 258.805 136.185
v 29.9708 259.036 136.721
v 28.2481 258.546 135.49
v 29.2256 258.903 136.143
v 30.2875 259.069 136.655
v 30.6057 259.08 136.589
v 28.5411 258.686 135.47
v 29.5386 258.98 136.1
v 28.8429 258.805 135.449
v 29.8561 259.036 136.056
v 29.1521 258.903 135.428
v 30.1766 259.069 136.012
v 30.4985 259.08 135.968
v 29.4673 258.98 135.406
v 29.7871 259.036 135.385
v 30.1098 259.069 135.363
v 30.434 259.08 135.34
v 201.65 254.643 148.699
v 201.65 254.966 148.666
v 201.65 255.286 148.61
v 201.65 255.602 148.533
v 201.65 255.912 148.435
v 201.65 256.215 148.316
v 201.65 256.509 148.176
v 201.65 256.792 148.017
v 201.65 257.064 147.838
v 201.65 257.323 147.642
v 201.65 257.568 147.428
v 201.65 257.798 147.198
v 201.65 258.012 146.953
v 201.65 258.208 146.694
v 201.65 258.387 146.422
v 201.65 258.546 146.139
v 201.65 258.686 145.845
v 201.65 258.805 145.542
v 201.65 258.903 145.232
v 201.65 258.98 144.917
v 201.65 259.036 144.596
v 201.65 259.069 144.273
v 201.65 259.08 143.947
v 215.606 254.643 135.665
v 215.639 254.643 134.71
v 215.573 254.966 135.662
v 215.606 254.966 134.71
v 215.518 255.286 135.659
v 215.55 255.286 134.71
v 215.509 254.643 136.615
v 215.441 255.602 135.653
v 215.473 255.602 134.71
v 215.476 254.966 136.61
v 215.343 255.912 135.647
v 215.375 255.912 134.71
v 215.421 255.286 136.603
v 215.224 256.215 135.638
v 215.256 256.215 134.71
v 215.346 254.643 137.556
v 215.345 255.602 136.592
v 215.085 256.509 135.629
v 215.116 256.509 134.71
v 214.957 256.792 134.71
v 215.314 254.966 137.549
v 215.247 255.912 136.579
v 214.926 256.792 135.618
v 215.26 255.286 137.538
v 215.129 256.215 136.563
v 215.12 254.643 138.484
v 214.748 257.064 135.606
v 214.778 257.064 134.71
v 215.184 255.602 137.523
v 214.991 256.509 136.544
v 215.088 254.966 138.475
v 214.552 257.323 135.593
v 214.582 257.323 134.71
v 215.088 255.912 137.502
v 214.833 256.792 136.522
v 215.035 255.286 138.46
v 214.339 257.568 135.578
v 214.368 257.568 134.71
v 214.971 256.215 137.478
v 214.831 254.643 139.395
v 214.656 257.064 136.498
v 214.961 255.602 138.44
v 214.109 257.798 135.562
v 214.138 257.798 134.71
v 214.834 256.509 137.45
v 214.8 254.966 139.383
v 214.461 257.323 136.471
v 214.866 255.912 138.413
v 213.864 258.012 135.546
v 213.893 258.012 134.71
v 214.678 256.792 137.417
v 214.748 255.286 139.365
v 214.25 257.568 136.442
v 214.751 256.215 138.381
v 214.481 254.643 140.283
v 213.606 258.208 135.528
v 213.634 258.208 134.71
v 213.362 258.387 134.71
v 214.504 257.064 137.381
v 214.675 255.602 139.339
v 214.022 257.798 136.411
v 214.617 256.509 138.343
v 214.45 254.966 140.27
v 213.335 258.387 135.509
v 214.311 257.323 137.341
v 214.583 255.912 139.306
v 213.779 258.012 136.377
v 214.463 256.792 138.3
v 214.4 255.286 140.248
v 213.052 258.546 135.49
v 213.079 258.546 134.71
v 214.102 257.568 137.298
v 214.47 256.215 139.266
v 214.071 254.643 141.146
v 213.522 258.208 136.342
v 214.292 257.064 138.252
v 214.329 255.602 140.217
v 212.759 258.686 135.47
v 212.785 258.686 134.71
v 213.877 257.798 137.251
v 214.339 256.509 139.22
v 214.041 254.966 141.131
v 213.253 258.387 136.305
v 214.102 257.323 138.199
v 214.239 255.912 140.178
v 212.457 258.805 135.449
v 212.482 258.805 134.71
v 213.637 258.012 137.201
v 214.188 256.792 139.166
v 213.992 255.286 141.105
v 212.972 258.546 136.266
v 213.897 257.568 138.141
v 214.129 256.215 140.131
v 213.602 254.643 141.978
v 212.148 258.903 135.428
v 212.172 258.903 134.71
v 213.383 258.208 137.148
v 214.02 257.064 139.106
v 213.924 255.602 141.07
v 212.681 258.686 136.226
v 213.675 257.798 138.079
v 214.001 256.509 140.075
v 213.574 254.966 141.961
v 211.833 258.98 135.406
v 211.857 258.98 134.71
v 213.117 258.387 137.093
v 213.835 257.323 139.041
v 213.836 255.912 141.024
v 212.381 258.805 136.185
v 213.439 258.012 138.013
v 213.855 256.792 140.011
v 213.527 255.286 141.932
v 211.513 259.036 135.385
v 211.536 259.036 134.71
v 212.839 258.546 137.035
v 213.634 257.568 138.969
v 213.73 256.215 140.97
v 213.078 254.643 142.777
v 212.074 258.903 136.143
v 213.19 258.208 137.943
v 213.691 257.064 139.94
v 213.461 255.602 141.892
v 211.19 259.069 135.363
v 211.213 259.069 134.71
v 210.887 259.08 134.71
v 210.866 259.08 135.34
v 212.552 258.686 136.976
v 213.417 257.798 138.892
v 213.606 256.509 140.905
v 213.051 254.966 142.758
v 211.761 258.98 136.1
v 212.928 258.387 137.87
v 213.511 257.323 139.862
v 213.377 255.912 141.841
v 212.256 258.805 136.914
v 213.186 258.012 138.81
v 213.465 256.792 140.832
v 213.006 255.286 142.726
v 211.444 259.036 136.056
v 212.655 258.546 137.793
v 213.315 257.568 139.777
v 213.275 256.215 141.779
v 212.501 254.643 143.538
v 211.952 258.903 136.851
v 212.942 258.208 138.723
v 213.306 257.064 140.75
v 212.943 255.602 142.682
v 211.123 259.069 136.012
v 210.802 259.08 135.968
v 212.372 258.686 137.714
v 213.104 257.798 139.685
v 213.156 256.509 141.707
v 212.476 254.966 143.517
v 211.643 258.98 136.787
v 212.686 258.387 138.632
v 213.132 257.323 140.66
v 212.863 255.912 142.625
v 212.081 258.805 137.632
v 212.88 258.012 139.588
v 213.019 256.792 141.624
v 212.433 255.286 143.482
v 211.329 259.036 136.721
v 212.419 258.546 138.537
v 212.942 257.568 140.561
v 212.766 256.215 142.556
v 211.874 254.643 144.258
v 211.782 258.903 137.549
v 212.642 258.208 139.484
v 212.867 257.064 141.531
v 212.373 255.602 143.434
v 211.012 259.069 136.655
v 210.694 259.08 136.589
v 212.142 258.686 138.439
v 212.738 257.798 140.455
v 212.651 256.509 142.476
v 211.849 254.966 144.236
v 211.478 258.98 137.464
v 212.392 258.387 139.376
v 212.699 257.323 141.429
v 212.297 255.912 143.372
v 211.857 258.805 138.338
v 212.52 258.012 140.343
v 212.521 256.792 142.384
v 211.809 255.286 144.198
v 211.169 259.036 137.377
v 212.132 258.546 139.263
v 212.517 257.568 141.318
v 212.204 256.215 143.296
v 211.198 254.643 144.934
v 211.565 258.903 138.234
v 212.29 258.208 140.223
v 212.375 257.064 142.281
v 211.753 255.602 144.145
v 210.858 259.069 137.29
v 210.545 259.08 137.202
v 211.863 258.686 139.146
v 212.32 257.798 141.199
v 212.096 256.509 143.208
v 211.175 254.966 144.909
v 211.267 258.98 138.128
v 212.049 258.387 140.098
v 212.215 257.323 142.167
v 211.681 255.912 144.078
v 211.586 258.805 139.026
v 212.111 258.012 141.071
v 211.972 256.792 143.108
v 211.138 255.286 144.869
v 210.965 259.036 138.021
v 211.797 258.546 139.968
v 212.04 257.568 142.044
v 211.594 256.215 143.997
v 210.478 254.643 145.561
v 211.301 258.903 138.902
v 211.889 258.208 140.937
v 211.834 257.064 142.995
v 211.085 255.602 144.813
v 210.66 259.069 137.912
v 210.354 259.08 137.804
v 211.536 258.686 139.833
v 211.852 257.798 141.912
v 211.492 256.509 143.901
v 210.457 254.966 145.536
v 211.012 258.98 138.776
v 211.657 258.387 140.795
v 211.681 257.323 142.871
v 211.018 255.912 144.741
v 211.268 258.805 139.694
v 211.652 258.012 141.77
v 211.375 256.792 143.792
v 210.422 255.286 145.493
v 210.718 259.036 138.649
v 211.415 258.546 140.648
v 211.516 257.568 142.736
v 210.937 256.215 144.654
v 209.717 254.643 146.138
v 210.993 258.903 139.551
v 211.44 258.208 141.621
v 211.245 257.064 143.671
v 210.374 255.602 145.433
v 210.421 259.069 138.52
v 210.123 259.08 138.39
v 211.164 258.686 140.495
v 211.337 257.798 142.591
v 210.841 256.509 144.552
v 209.698 254.966 146.111
v 210.712 258.98 139.406
v 211.218 258.387 141.464
v 211.101 257.323 143.537
v 210.312 255.912 145.357
v 210.905 258.805 140.338
v 211.147 258.012 142.436
v 210.732 256.792 144.435
v 209.666 255.286 146.066
v 210.428 259.036 139.258
v 210.987 258.546 141.301
v 210.945 257.568 143.391
v 210.236 256.215 145.264
v 208.918 254.643 146.662
v 210.641 258.903 140.177
v 210.946 258.208 142.273
v 210.611 257.064 144.305
v 209.622 255.602 146.003
v 210.14 259.069 139.109
v 209.852 259.08 138.96
v 210.747 258.686 141.131
v 210.777 257.798 143.234
v 210.148 256.509 145.156
v 208.901 254.966 146.634
v 210.371 258.98 140.013
v 210.735 258.387 142.101
v 210.477 257.323 144.161
v 209.565 255.912 145.923
v 210.5 258.805 140.957
v 210.598 258.012 143.066
v 210.048 256.792 145.032
v 208.872 255.286 146.587
v 210.097 259.036 139.847
v 210.515 258.546 141.922
v 210.331 257.568 144.005
v 209.496 256.215 145.826
v 208.086 254.643 147.131
v 210.246 258.903 140.778
v 210.408 258.208 142.89
v 209.935 257.064 144.894
v 208.832 255.602 146.521
v 209.82 259.069 139.679
v 209.543 259.08 139.51
v 209.197 259.08 140.037
v 210.287 258.686 141.737
v 210.174 257.798 143.837
v 209.416 256.509 145.711
v 208.071 254.966 147.101
v 209.988 258.98 140.596
v 210.21 258.387 142.704
v 209.811 257.323 144.741
v 208.781 255.912 146.437
v 210.053 258.805 141.546
v 210.006 258.012 143.658
v 209.324 256.792 145.581
v 208.045 255.286 147.052
v 209.727 259.036 140.411
v 210.002 258.546 142.511
v 209.676 257.568 144.576
v 208.719 256.215 146.335
v 207.223 254.643 147.541
v 209.812 258.903 141.351
v 209.83 258.208 143.468
v 209.221 257.064 145.435
v 208.01 255.602 146.984
v 209.462 259.069 140.225
v 209.788 258.686 142.31
v 209.531 257.798 144.397
v 208.647 256.509 146.216
v 207.21 254.966 147.51
v 209.567 258.98 141.151
v 209.644 258.387 143.27
v 209.107 257.323 145.275
v 207.964 255.912 146.896
v 209.567 258.805 142.104
v 209.376 258.012 144.207
v 208.564 256.792 146.079
v 207.188 255.286 147.46
v 209.319 259.036 140.949
v 209.451 258.546 143.062
v 208.984 257.568 145.1
v 207.91 256.215 146.79
v 206.335 254.643 147.891
v 209.34 258.903 141.892
v 209.213 258.208 144.006
v 208.471 257.064 145.927
v 207.157 255.602 147.389
v 209.068 259.069 140.745
v 208.816 259.08 140.54
v 208.401 259.08 141.015
v 209.25 258.686 142.848
v 208.852 257.798 144.912
v 207.845 256.509 146.666
v 206.323 254.966 147.86
v 209.109 258.98 141.677
v 209.041 258.387 143.795
v 208.369 257.323 145.759
v 207.118 255.912 147.299
v 209.044 258.805 142.627
v 208.71 258.012 144.712
v 207.772 256.792 146.525
v 206.305 255.286 147.808
v 208.875 259.036 141.458
v 208.862 258.546 143.575
v 208.258 257.568 145.577
v 207.071 256.215 147.189
v 205.424 254.643 148.18
v 208.832 258.903 142.4
v 208.561 258.208 144.5
v 207.69 257.064 146.366
v 206.279 255.602 147.735
v 208.639 259.069 141.237
v 208.677 258.686 143.347
v 208.139 257.798 145.38
v 207.015 256.509 147.061
v 205.415 254.966 148.148
v 208.617 258.98 142.169
v 208.404 258.387 144.278
v 207.6 257.323 146.192
v 206.246 255.912 147.643
v 208.486 258.805 143.113
v 208.011 258.012 145.171
v 206.951 256.792 146.915
v 205.4 255.286 148.095
v 208.398 259.036 141.935
v 208.241 258.546 144.047
v 207.501 257.568 146.002
v 206.206 256.215 147.53
v 204.496 254.643 148.406
v 208.291 258.903 142.872
v 207.877 258.208 144.949
v 206.88 257.064 146.751
v 205.38 255.602 148.021
v 208.177 259.069 141.699
v 207.955 259.08 141.461
v 208.071 258.686 143.807
v 207.395 257.798 145.798
v 206.16 256.509 147.399
v 204.489 254.966 148.374
v 208.091 258.98 142.627
v 207.735 258.387 144.717
v 206.802 257.323 146.571
v 205.353 255.912 147.926
v 207.897 258.805 143.56
v 207.283 258.012 145.58
v 206.106 256.792 147.248
v 204.478 255.286 148.32
v 207.889 259.036 142.379
v 207.588 258.546 144.475
v 206.717 257.568 146.375
v 205.321 256.215 147.811
v 203.555 254.643 148.569
v 207.718 258.903 143.306
v 207.163 258.208 145.35
v 206.046 257.064 147.08
v 204.463 255.602 148.244
v 207.685 259.069 142.128
v 207.48 259.08 141.876
v 207.435 258.686 144.224
v 206.625 257.798 146.164
v 205.283 256.509 147.677
v 203.55 254.966 148.536
v 207.536 258.98 143.048
v 207.038 258.387 145.109
v 205.981 257.323 146.895
v 204.442 255.912 148.148
v 207.278 258.805 143.965
v 206.528 258.012 145.94
v 205.24 256.792 147.523
v 203.543 255.286 148.481
v 207.351 259.036 142.787
v 206.908 258.546 144.857
v 205.909 257.568 146.694
v 204.418 256.215 148.031
v 202.605 254.643 148.666
v 207.117 258.903 143.701
v 206.424 258.208 145.702
v 205.192 257.064 147.351
v 203.532 255.602 148.405
v 207.165 259.069 142.522
v 206.977 259.08 142.257
v 206.773 258.686 144.596
v 205.832 257.798 146.477
v 204.39 256.509 147.894
v 202.602 254.966 148.633
v 206.953 258.98 143.431
v 206.316 258.387 145.452
v 205.139 257.323 147.162
v 203.519 255.912 148.307
v 206.634 258.805 144.328
v 205.75 258.012 146.246
v 204.357 256.792 147.738
v 202.599 255.286 148.578
v 206.787 259.036 143.157
v 206.203 258.546 145.192
v 205.081 257.568 146.957
v 203.503 256.215 148.189
v 206.491 258.903 144.053
v 205.663 258.208 146.002
v 204.321 257.064 147.564
v 202.593 255.602 148.501
v 206.619 259.069 142.88
v 206.45 259.08 142.603
v 206.086 258.686 144.923
v 205.019 257.798 146.735
v 203.484 256.509 148.051
v 206.346 258.98 143.772
v 205.572 258.387 145.746
v 204.281 257.323 147.371
v 202.587 255.912 148.403
v 205.966 258.805 144.646
v 204.953 258.012 146.499
v 203.462 256.792 147.893
v 206.198 259.036 143.488
v 205.477 258.546 145.479
v 204.238 257.568 147.162
v 202.578 256.215 148.284
v 205.842 258.903 144.361
v 204.883 258.208 146.25
v 203.438 257.064 147.716
v 206.049 259.069 143.2
v 205.9 259.08 142.912
v 205.379 258.686 145.202
v 204.191 257.798 146.937
v 202.569 256.509 148.145
v 205.716 258.98 144.071
v 204.81 258.387 145.988
v 203.411 257.323 147.521
v 205.278 258.805 144.917
v 204.141 258.012 146.697
v 202.558 256.792 147.986
v 205.589 259.036 143.778
v 204.733 258.546 145.715
v 203.382 257.568 147.31
v 205.174 258.903 144.625
v 204.088 258.208 146.443
v 202.546 257.064 147.808
v 205.46 259.069 143.481
v 205.33 259.08 143.183
v 204.654 258.686 145.432
v 203.351 257.798 147.082
v 205.068 258.98 144.327
v 204.033 258.387 146.177
v 202.532 257.323 147.612
v 204.572 258.805 145.141
v 203.317 258.012 146.839
v 204.961 259.036 144.025
v 203.975 258.546 145.899
v 202.518 257.568 147.399
v 204.489 258.903 144.842
v 203.282 258.208 146.582
v 204.852 259.069 143.72
v 204.744 259.08 143.414
v 203.916 258.686 145.612
v 202.502 257.798 147.169
v 204.404 258.98 144.538
v 203.245 258.387 146.313
v 203.854 258.805 145.316
v 202.486 258.012 146.924
v 204.317 259.036 144.229
v 203.206 258.546 146.032
v 203.791 258.903 145.012
v 202.468 258.208 146.666
v 204.23 259.069 143.918
v 204.142 259.08 143.605
v 203.529 259.08 143.754
v 203.166 258.686 145.741
v 203.727 258.98 144.703
v 202.449 258.387 146.395
v 203.125 258.805 145.441
v 203.661 259.036 144.389
v 202.43 258.546 146.112
v 203.083 258.903 145.134
v 203.595 259.069 144.072
v 202.908 259.08 143.862
v 202.41 258.686 145.819
v 203.04 258.98 144.821
v 202.389 258.805 145.517
v 202.996 259.036 144.504
v 202.368 258.903 145.208
v 202.952 259.069 144.183
v 202.346 258.98 144.893
v 202.325 259.036 144.573
v 202.303 259.069 144.25
v 202.28 259.08 143.926
v 215.639 254.643 50.71
v 215.606 254.966 50.71
v 215.55 255.286 50.71
v 215.473 255.602 50.71
v 215.375 255.912 50.71
v 215.256 256.215 50.71
v 215.116 256.509 50.71
v 214.957 256.792 50.71
v 214.778 257.064 50.71
v 214.582 257.323 50.71
v 214.368 257.568 50.71
v 214.138 257.798 50.71
v 213.893 258.012 50.71
v 213.634 258.208 50.71
v 213.362 258.387 50.71
v 213.079 258.546 50.71
v 212.785 258.686 50.71
v 212.482 258.805 50.71
v 212.172 258.903 50.71
v 211.857 258.98 50.71
v 211.536 259.036 50.71
v 211.213 259.069 50.71
v 210.887 259.08 50.71
v 202.605 254.643 36.7537
v 202.602 254.966 36.7869
v 202.599 255.286 36.842
v 203.555 254.643 36.8514
v 202.593 255.602 36.9188
v 203.55 254.966 36.8843
v 202.587 255.912 37.017
v 203.543 255.286 36.9391
v 202.578 256.215 37.136
v 204.496 254.643 37.0137
v 203.532 255.602 37.0154
v 202.569 256.509 37.2753
v 204.489 254.966 37.0463
v 203.519 255.912 37.1128
v 202.558 256.792 37.4343
v 204.478 255.286 37.1004
v 203.503 256.215 37.231
v 205.424 254.643 37.2398
v 202.546 257.064 37.6123
v 204.463 255.602 37.1757
v 203.484 256.509 37.3694
v 205.415 254.966 37.2719
v 202.532 257.323 37.8083
v 204.442 255.912 37.2721
v 203.462 256.792 37.5273
v 205.4 255.286 37.3251
v 202.518 257.568 38.0215
v 204.418 256.215 37.3889
v 206.335 254.643 37.5288
v 203.438 257.064 37.704
v 205.38 255.602 37.3992
v 202.502 257.798 38.251
v 204.39 256.509 37.5256
v 206.323 254.966 37.5601
v 203.411 257.323 37.8986
v 205.353 255.912 37.4939
v 202.486 258.012 38.4955
v 204.357 256.792 37.6816
v 206.305 255.286 37.6122
v 203.382 257.568 38.1104
v 205.321 256.215 37.6088
v 207.223 254.643 37.8792
v 202.468 258.208 38.754
v 204.321 257.064 37.8563
v 206.279 255.602 37.6848
v 203.351 257.798 38.3382
v 205.283 256.509 37.7433
v 207.21 254.966 37.9097
v 202.449 258.387 39.0253
v 204.281 257.323 38.0487
v 206.246 255.912 37.7775
v 203.317 258.012 38.581
v 205.24 256.792 37.8968
v 207.188 255.286 37.9604
v 202.43 258.546 39.3081
v 204.238 257.568 38.2579
v 206.206 256.215 37.8899
v 208.086 254.643 38.2895
v 203.282 258.208 38.8377
v 205.192 257.064 38.0685
v 207.157 255.602 38.031
v 202.41 258.686 39.6011
v 204.191 257.798 38.483
v 206.16 256.509 38.0215
v 208.071 254.966 38.319
v 203.245 258.387 39.1071
v 205.139 257.323 38.2577
v 207.118 255.912 38.1213
v 202.389 258.805 39.9029
v 204.141 258.012 38.723
v 206.106 256.792 38.1716
v 208.045 255.286 38.3681
v 203.206 258.546 39.3879
v 205.081 257.568 38.4635
v 207.071 256.215 38.2307
v 208.918 254.643 38.7576
v 202.368 258.903 40.2121
v 204.088 258.208 38.9767
v 206.046 257.064 38.3397
v 208.01 255.602 38.4364
v 203.166 258.686 39.6788
v 205.019 257.798 38.6849
v 207.015 256.509 38.3588
v 208.901 254.966 38.786
v 202.346 258.98 40.5273
v 204.033 258.387 39.2429
v 205.981 257.323 38.5248
v 207.964 255.912 38.5238
v 203.125 258.805 39.9785
v 204.953 258.012 38.9209
v 206.951 256.792 38.505
v 208.872 255.286 38.8332
v 202.325 259.036 40.8471
v 203.975 258.546 39.5205
v 205.909 257.568 38.7262
v 207.91 256.215 38.6297
v 209.717 254.643 39.2815
v 203.083 258.903 40.2856
v 204.883 258.208 39.1705
v 206.88 257.064 38.6686
v 208.832 255.602 38.899
v 202.303 259.069 41.1698
v 202.28 259.08 41.494
v 203.916 258.686 39.808
v 205.832 257.798 38.9429
v 207.845 256.509 38.7537
v 209.698 254.966 39.3087
v 203.04 258.98 40.5986
v 204.81 258.387 39.4323
v 206.802 257.323 38.8488
v 208.781 255.912 38.9831
v 203.854 258.805 40.1042
v 205.75 258.012 39.1738
v 207.772 256.792 38.8952
v 209.666 255.286 39.3538
v 202.996 259.036 40.9161
v 204.733 258.546 39.7052
v 206.717 257.568 39.0448
v 208.719 256.215 39.085
v 210.478 254.643 39.8587
v 203.791 258.903 40.4077
v 205.663 258.208 39.418
v 207.69 257.064 39.0536
v 209.622 255.602 39.4167
v 202.952 259.069 41.2366
v 202.908 259.08 41.5585
v 204.654 258.686 39.988
v 206.625 257.798 39.2557
v 208.647 256.509 39.2043
v 210.457 254.966 39.8845
v 203.727 258.98 40.717
v 205.572 258.387 39.6742
v 207.6 257.323 39.228
v 209.565 255.912 39.4971
v 204.572 258.805 40.2793
v 206.528 258.012 39.4805
v 208.564 256.792 39.3405
v 210.422 255.286 39.9273
v 203.661 259.036 41.0308
v 205.477 258.546 39.9413
v 207.501 257.568 39.4178
v 209.496 256.215 39.5945
v 211.198 254.643 40.4864
v 204.489 258.903 40.5778
v 206.424 258.208 39.7182
v 208.471 257.064 39.4929
v 210.374 255.602 39.987
v 203.595 259.069 41.3475
v 203.529 259.08 41.6657
v 205.379 258.686 40.218
v 207.395 257.798 39.6219
v 209.416 256.509 39.7086
v 211.175 254.966 40.5107
v 204.404 258.98 40.882
v 206.316 258.387 39.9676
v 208.369 257.323 39.6608
v 210.312 255.912 40.0633
v 205.278 258.805 40.5031
v 207.283 258.012 39.8396
v 209.324 256.792 39.8388
v 211.138 255.286 40.5511
v 204.317 259.036 41.1906
v 206.203 258.546 40.2276
v 208.258 257.568 39.8434
v 210.236 256.215 40.1559
v 211.874 254.643 41.1618
v 205.174 258.903 40.7951
v 207.163 258.208 40.0696
v 209.221 257.064 39.9846
v 211.085 255.602 40.6074
v 204.23 259.069 41.5021
v 204.142 259.08 41.8151
v 206.086 258.686 40.497
v 208.139 257.798 40.0399
v 210.148 256.509 40.2642
v 211.849 254.966 41.1845
v 205.068 258.98 41.0929
v 207.038 258.387 40.3111
v 209.107 257.323 40.1451
v 211.018 255.912 40.6793
v 205.966 258.805 40.7744
v 208.011 258.012 40.2493
v 210.048 256.792 40.3879
v 211.809 255.286 41.2222
v 204.961 259.036 41.3948
v 206.908 258.546 40.5628
v 208.984 257.568 40.3197
v 210.937 256.215 40.7665
v 212.501 254.643 41.8818
v 205.842 258.903 41.0587
v 207.877 258.208 40.4707
v 209.935 257.064 40.5262
v 211.753 255.602 41.2748
v 204.852 259.069 41.6996
v 204.744 259.08 42.0059
v 206.773 258.686 40.8235
v 208.852 257.798 40.5075
v 210.841 256.509 40.8685
v 212.476 254.966 41.9028
v 205.716 258.98 41.3485
v 207.735 258.387 40.703
v 209.811 257.323 40.6786
v 211.681 255.912 41.3419
v 206.634 258.805 41.0921
v 208.71 258.012 40.7078
v 210.732 256.792 40.985
v 212.433 255.286 41.9376
v 205.589 259.036 41.6425
v 207.588 258.546 40.9452
v 209.676 257.568 40.8444
v 211.594 256.215 41.4234
v 213.078 254.643 42.6429
v 206.491 258.903 41.3673
v 208.561 258.208 40.9195
v 210.611 257.064 41.1154
v 212.373 255.602 41.9862
v 205.46 259.069 41.9392
v 205.33 259.08 42.2373
v 207.435 258.686 41.1961
v 209.531 257.798 41.0228
v 211.492 256.509 41.5187
v 213.051 254.966 42.6621
v 206.346 258.98 41.6478
v 208.404 258.387 41.1416
v 210.477 257.323 41.259
v 212.297 255.912 42.0483
v 207.278 258.805 41.4546
v 209.376 258.012 41.2129
v 211.375 256.792 41.6275
v 213.006 255.286 42.6939
v 206.198 259.036 41.9324
v 208.241 258.546 41.3732
v 210.331 257.568 41.4152
v 212.204 256.215 42.1236
v 213.602 254.643 43.4416
v 207.117 258.903 41.7195
v 209.213 258.208 41.4139
v 211.245 257.064 41.7492
v 212.943 255.602 42.7383
v 206.049 259.069 42.2196
v 205.9 259.08 42.5082
v 208.071 258.686 41.6131
v 210.174 257.798 41.5832
v 212.096 256.509 42.2117
v 213.574 254.966 43.4589
v 206.953 258.98 41.9894
v 209.041 258.387 41.6249
v 211.101 257.323 41.8833
v 212.863 255.912 42.7951
v 207.897 258.805 41.8603
v 210.006 258.012 41.7623
v 211.972 256.792 42.3123
v 213.527 255.286 43.4876
v 206.787 259.036 42.2632
v 208.862 258.546 41.8447
v 210.945 257.568 42.0292
v 212.766 256.215 42.8638
v 214.071 254.643 44.2742
v 207.718 258.903 42.1135
v 209.83 258.208 41.9517
v 211.834 257.064 42.4249
v 213.461 255.602 43.5276
v 206.619 259.069 42.5396
v 206.45 259.08 42.8173
v 208.677 258.686 42.0725
v 210.777 257.798 42.1862
v 212.651 256.509 42.9444
v 214.041 254.966 44.2895
v 207.536 258.98 42.3716
v 209.644 258.387 42.1504
v 211.681 257.323 42.5489
v 213.377 255.912 43.5787
v 208.486 258.805 42.3072
v 210.598 258.012 42.3535
v 212.521 256.792 43.0363
v 213.992 255.286 44.3149
v 207.351 259.036 42.6334
v 209.451 258.546 42.3576
v 211.516 257.568 42.6838
v 213.275 256.215 43.6407
v 214.481 254.643 45.1368
v 208.291 258.903 42.5477
v 210.408 258.208 42.5303
v 212.375 257.064 43.1392
v 213.924 255.602 44.3503
v 207.165 259.069 42.8977
v 206.977 259.08 43.1632
v 209.25 258.686 42.5722
v 211.337 257.798 42.8289
v 213.156 256.509 43.7133
v 214.45 254.966 45.1501
v 208.091 258.98 42.7927
v 210.21 258.387 42.7159
v 212.215 257.323 43.2525
v 213.836 255.912 44.3956
v 209.044 258.805 42.7933
v 211.147 258.012 42.9836
v 213.019 256.792 43.7961
v 214.4 255.286 45.1721
v 207.889 259.036 43.0413
v 210.002 258.546 42.9094
v 212.04 257.568 43.3757
v 213.73 256.215 44.4505
v 214.831 254.643 46.0254
v 208.832 258.903 43.0198
v 210.946 258.208 43.1471
v 212.867 257.064 43.8887
v 214.329 255.602 45.2027
v 207.685 259.069 43.2923
v 207.48 259.08 43.5444
v 209.788 258.686 43.1098
v 211.852 257.798 43.5083
v 213.606 256.509 44.5147
v 214.8 254.966 46.0365
v 208.617 258.98 43.2508
v 210.735 258.387 43.3187
v 212.699 257.323 43.9908
v 214.239 255.912 45.2419
v 209.567 258.805 43.3163
v 211.652 258.012 43.6497
v 213.465 256.792 44.5881
v 214.748 255.286 46.055
v 208.398 259.036 43.485
v 210.515 258.546 43.4976
v 212.517 257.568 44.1019
v 214.129 256.215 45.2895
v 215.12 254.643 46.9358
v 209.34 258.903 43.5279
v 211.44 258.208 43.7991
v 213.306 257.064 44.6701
v 214.675 255.602 46.0808
v 208.177 259.069 43.7214
v 207.955 259.08 43.9589
v 210.287 258.686 43.6829
v 212.32 257.798 44.2214
v 214.001 256.509 45.3451
v 215.088 254.966 46.9448
v 209.109 258.98 43.7435
v 211.218 258.387 43.9559
v 213.132 257.323 44.7605
v 214.583 255.912 46.1138
v 210.053 258.805 43.8738
v 212.111 258.012 44.3487
v 213.855 256.792 45.4086
v 215.035 255.286 46.9597
v 208.875 259.036 43.9623
v 210.987 258.546 44.1194
v 212.942 257.568 44.8588
v 214.47 256.215 46.1537
v 215.346 254.643 47.8639
v 209.812 258.903 44.0694
v 211.889 258.208 44.4833
v 213.691 257.064 45.4797
v 214.961 255.602 46.9805
v 208.639 259.069 44.1831
v 208.401 259.08 44.4049
v 210.747 258.686 44.2887
v 212.738 257.798 44.9646
v 214.339 256.509 46.2005
v 215.314 254.966 47.8706
v 209.567 258.98 44.2688
v 211.657 258.387 44.6246
v 213.511 257.323 45.5579
v 214.866 255.912 47.007
v 210.5 258.805 44.4632
v 212.52 258.012 45.0774
v 214.188 256.792 46.2539
v 215.26 255.286 47.8819
v 209.319 259.036 44.4711
v 211.415 258.546 44.7719
v 213.315 257.568 45.6431
v 214.751 256.215 47.0392
v 215.509 254.643 48.8052
v 210.246 258.903 44.6419
v 212.29 258.208 45.1966
v 214.02 257.064 46.3136
v 215.184 255.602 47.8975
v 209.068 259.069 44.6752
v 208.816 259.08 44.8803
v 211.164 258.686 44.9245
v 213.104 257.798 45.7347
v 214.617 256.509 47.0769
v 215.476 254.966 48.8097
v 209.988 258.98 44.8241
v 212.049 258.387 45.3217
v 213.835 257.323 46.3794
v 215.088 255.912 47.9176
v 210.905 258.805 45.0817
v 212.88 258.012 45.8324
v 214.463 256.792 47.1199
v 215.421 255.286 48.8172
v 209.727 259.036 45.0089
v 211.797 258.546 45.4521
v 213.634 257.568 46.451
v 214.971 256.215 47.9418
v 215.606 254.643 49.7554
v 210.641 258.903 45.2427
v 212.642 258.208 45.9356
v 214.292 257.064 47.168
v 215.345 255.602 48.8277
v 209.462 259.069 45.1955
v 209.197 259.08 45.3829
v 211.536 258.686 45.5872
v 213.417 257.798 46.528
v 214.834 256.509 47.9703
v 215.573 254.966 49.7576
v 210.371 258.98 45.4069
v 212.392 258.387 46.0439
v 214.102 257.323 47.221
v 215.247 255.912 48.8411
v 211.268 258.805 45.7264
v 213.186 258.012 46.6101
v 214.678 256.792 48.0027
v 215.518 255.286 49.7614
v 210.097 259.036 45.5734
v 212.132 258.546 46.1568
v 213.897 257.568 47.2787
v 215.129 256.215 48.8574
v 210.993 258.903 45.869
v 212.942 258.208 46.6968
v 214.504 257.064 48.039
v 215.441 255.602 49.7667
v 209.82 259.069 45.7415
v 209.543 259.08 45.9103
v 211.863 258.686 46.2738
v 213.675 257.798 47.3407
v 214.991 256.509 48.8764
v 210.712 258.98 46.0144
v 212.686 258.387 46.7879
v 214.311 257.323 48.0789
v 215.343 255.912 49.7734
v 211.586 258.805 46.3944
v 213.439 258.012 47.4069
v 214.833 256.792 48.8981
v 210.428 259.036 46.1618
v 212.419 258.546 46.8828
v 214.102 257.568 48.1224
v 215.224 256.215 49.7815
v 211.301 258.903 46.5179
v 213.19 258.208 47.4768
v 214.656 257.064 48.9224
v 210.14 259.069 46.3106
v 209.852 259.08 46.4601
v 212.142 258.686 46.9812
v 213.877 257.798 48.1692
v 215.085 256.509 49.791
v 211.012 258.98 46.6437
v 212.928 258.387 47.5501
v 214.461 257.323 48.9491
v 211.857 258.805 47.0825
v 213.637 258.012 48.2191
v 214.926 256.792 49.8019
v 210.718 259.036 46.7714
v 212.655 258.546 47.6266
v 214.25 257.568 48.9782
v 211.565 258.903 47.1863
v 213.383 258.208 48.2718
v 214.748 257.064 49.8141
v 210.421 259.069 46.9003
v 210.123 259.08 47.0298
v 210.354 259.08 47.6165
v 212.372 258.686 47.7058
v 214.022 257.798 49.0095
v 211.267 258.98 47.2921
v 213.117 258.387 48.3271
v 214.552 257.323 49.8275
v 212.081 258.805 47.7875
v 213.779 258.012 49.0429
v 210.965 259.036 47.3994
v 212.839 258.546 48.3848
v 214.339 257.568 49.8421
v 211.782 258.903 47.8711
v 213.522 258.208 49.0782
v 210.66 259.069 47.5077
v 212.552 258.686 48.4445
v 214.109 257.798 49.8578
v 211.478 258.98 47.9563
v 213.253 258.387 49.1152
v 212.256 258.805 48.5061
v 213.864 258.012 49.8745
v 211.169 259.036 48.0428
v 212.972 258.546 49.1538
v 211.952 258.903 48.5692
v 213.606 258.208 49.8922
v 210.858 259.069 48.1301
v 210.545 259.08 48.2178
v 212.681 258.686 49.1938
v 211.643 258.98 48.6334
v 213.335 258.387 49.9107
v 212.381 258.805 49.235
v 211.329 259.036 48.6986
v 213.052 258.546 49.9301
v 212.074 258.903 49.2772
v 211.012 259.069 48.7645
v 210.694 259.08 48.8306
v 212.759 258.686 49.9501
v 211.761 258.98 49.3202
v 212.457 258.805 49.9708
v 211.444 259.036 49.3639
v 212.148 258.903 49.9919
v 211.123 259.069 49.4079
v 210.802 259.08 49.4522
v 211.833 258.98 50.0135
v 211.513 259.036 50.0354
v 211.19 259.069 50.0574
v 210.866 259.08 50.0796
v 225.3 108.593 2
v 16 108.593 2
v 239.267 108.593 15.0446
v 239.3 108.593 16
v 239.17 108.593 14.0937
v 239.007 108.593 13.1516
v 238.781 108.593 12.2228
v 238.492 108.593 11.3117
v 238.141 108.593 10.4224
v 237.73 108.593 9.5591
v 237.262 108.593 8.7258
v 236.738 108.593 7.9265
v 236.16 108.593 7.1648
v 235.532 108.593 6.4443
v 234.856 108.593 5.7683
v 234.135 108.593 5.14
v 233.374 108.593 4.5624
v 232.574 108.593 4.0381
v 231.741 108.593 3.5696
v 230.878 108.593 3.159
v 229.988 108.593 2.8083
v 229.077 108.593 2.5192
v 228.148 108.593 2.2928
v 227.206 108.593 2.1304
v 226.255 108.593 2.0326
v 2.0326 108.593 15.0446
v 2 108.593 16
v 2.1304 108.593 14.0937
v 2.2928 108.593 13.1516
v 2.5192 108.593 12.2228
v 2.8083 108.593 11.3117
v 3.159 108.593 10.4224
v 3.5696 108.593 9.5591
v 4.0381 108.593 8.7258
v 4.5624 108.593 7.9265
v 5.14 108.593 7.1648
v 5.7683 108.593 6.4443
v 6.4443 108.593 5.7683
v 7.1648 108.593 5.14
v 7.9265 108.593 4.5624
v 8.7258 108.593 4.0381
v 9.5591 108.593 3.5696
v 10.4224 108.593 3.159
v 11.3117 108.593 2.8083
v 12.2228 108.593 2.5192
v 13.1516 108.593 2.2928
v 14.0937 108.593 2.1304
v 15.0446 108.593 2.0326
v 239.3 108.593 169.42
v 2 108.593 169.42
v 239.267 108.593 170.375
v 239.17 108.593 171.326
v 239.007 108.593 172.268
v 238.781 108.593 173.197
v 238.492 108.593 174.108
v 238.141 108.593 174.998
v 237.73 108.593 175.861
v 237.262 108.593 176.694
v 236.738 108.593 177.494
v 236.16 108.593 178.255
v 235.532 108.593 178.976
v 234.856 108.593 179.652
v 234.135 108.593 180.28
v 233.374 108.593 180.858
v 232.574 108.593 181.382
v 231.741 108.593 181.85
v 230.878 108.593 182.261
v 229.988 108.593 182.612
v 229.077 108.593 182.901
v 228.148 108.593 183.127
v 227.206 108.593 183.29
v 226.255 108.593 183.387
v 225.3 108.593 183.42
v 2.0326 108.593 170.375
v 2.1304 108.593 171.326
v 2.2928 108.593 172.268
v 2.5192 108.593 173.197
v 2.8083 108.593 174.108
v 3.159 108.593 174.998
v 3.5696 108.593 175.861
v 4.0381 108.593 176.694
v 4.5624 108.593 177.494
v 5.14 108.593 178.255
v 5.7683 108.593 178.976
v 6.4443 108.593 179.652
v 7.1648 108.593 180.28
v 7.9265 108.593 180.858
v 8.7258 108.593 181.382
v 9.5591 108.593 181.85
v 10.4224 108.593 182.261
v 11.3117 108.593 182.612
v 12.2228 108.593 182.901
v 13.1516 108.593 183.127
v 14.0937 108.593 183.29
v 15.0446 108.593 183.387
v 16 108.593 183.42
v 40.6023 259.08 87.9025
v 40.4575 259.08 87.7577
v 40.3229 259.08 87.6033
v 40.7567 259.08 88.0371
v 40.92 259.08 88.1609
v 40.1991 259.08 87.44
v 41.0912 259.08 88.2733
v 40.0867 259.08 87.2688
v 39.9863 259.08 87.0902
v 41.2698 259.08 88.3737
v 41.4548 259.08 88.4616
v 39.8984 259.08 86.9052
v 41.6454 259.08 88.5368
v 39.8232 259.08 86.7146
v 39.7612 259.08 86.5194
v 41.8406 259.08 88.5988
v 42.0396 259.08 88.6473
v 39.7127 259.08 86.3204
v 42.2415 259.08 88.6821
v 39.6779 259.08 86.1185
v 42.4453 259.08 88.703
v 39.657 259.08 85.9147
v 42.65 259.08 88.71
v 39.65 259.08 85.71
v 39.65 259.08 47.71
v 39.657 259.08 47.5053
v 39.6779 259.08 47.3015
v 39.7127 259.08 47.0996
v 39.7612 259.08 46.9006
v 39.8232 259.08 46.7054
v 39.8984 259.08 46.5148
v 39.9863 259.08 46.3298
v 40.0867 259.08 46.1512
v 40.1991 259.08 45.98
v 40.3229 259.08 45.8167
v 40.4575 259.08 45.6623
v 40.6023 259.08 45.5175
v 40.7567 259.08 45.3829
v 41.6454 259.08 44.8832
v 41.8406 259.08 44.8212
v 41.4548 259.08 44.9584
v 41.2698 259.08 45.0463
v 41.0912 259.08 45.1467
v 40.92 259.08 45.2591
v 42.4453 259.08 44.717
v 42.65 259.08 44.71
v 42.2415 259.08 44.7379
v 42.0396 259.08 44.7727
v 198.65 259.08 88.71
v 198.855 259.08 88.703
v 199.059 259.08 88.6821
v 199.26 259.08 88.6473
v 199.459 259.08 88.5988
v 199.655 259.08 88.5368
v 199.845 259.08 88.4616
v 200.03 259.08 88.3737
v 200.209 259.08 88.2733
v 200.38 259.08 88.1609
v 200.543 259.08 88.0371
v 200.698 259.08 87.9025
v 200.843 259.08 87.7577
v 200.977 259.08 87.6033
v 201.101 259.08 87.44
v 201.213 259.08 87.2688
v 201.314 259.08 87.0902
v 201.402 259.08 86.9052
v 201.477 259.08 86.7146
v 201.539 259.08 86.5194
v 201.587 259.08 86.3204
v 201.622 259.08 86.1185
v 201.643 259.08 85.9147
v 200.38 259.08 45.2591
v 200.543 259.08 45.3829
v 200.209 259.08 45.1467
v 200.03 259.08 45.0463
v 199.845 259.08 44.9584
v 199.655 259.08 44.8832
v 199.459 259.08 44.8212
v 199.26 259.08 44.7727
v 199.059 259.08 44.7379
v 198.855 259.08 44.717
v 198.65 259.08 44.71
v 201.65 259.08 85.71
v 201.65 259.08 47.71
v 200.698 259.08 45.5175
v 200.843 259.08 45.6623
v 200.977 259.08 45.8167
v 201.101 259.08 45.98
v 201.213 259.08 46.1512
v 201.314 259.08 46.3298
v 201.402 259.08 46.5148
v 201.477 259.08 46.7054
v 201.539 259.08 46.9006
v 201.587 259.08 47.0996
v 201.643 259.08 47.5053
v 201.622 259.08 47.3015
v 5.0791 108.593 4.3066
v 4.3066 108.593 5.0791
v 3.5886 108.593 5.9026
v 5.9026 108.593 3.5886
v 2.9285 108.593 6.7731
v 6.7731 108.593 2.9285
v 2.3293 108.593 7.6867
v 7.6867 108.593 2.3293
v 1.7938 108.593 8.639
v 8.639 108.593 1.7938
v 1.3246 108.593 9.6256
v 9.6256 108.593 1.3246
v 0.9238 108.593 10.6419
v 10.6419 108.593 0.9238
v 0.5933 108.593 11.6833
v 11.6833 108.593 0.5933
v 0.3347 108.593 12.7447
v 12.7447 108.593 0.3347
v 0.149 108.593 13.8213
v 13.8213 108.593 0.149
v 0.0373 108.593 14.9081
v 14.9081 108.593 0.0373
v 16 108.593 0
v 0 108.593 16
v 0 108.593 169.42
v 0.0373 108.593 170.512
v 0.149 108.593 171.599
v 0.3347 108.593 172.675
v 0.5933 108.593 173.737
v 0.9238 108.593 174.778
v 1.3246 108.593 175.794
v 1.7938 108.593 176.781
v 2.3293 108.593 177.733
v 2.9285 108.593 178.647
v 3.5886 108.593 179.517
v 4.3066 108.593 180.341
v 5.0791 108.593 181.113
v 5.9026 108.593 181.831
v 6.7731 108.593 182.492
v 7.6867 108.593 183.091
v 8.639 108.593 183.626
v 9.6256 108.593 184.095
v 10.6419 108.593 184.496
v 11.6833 108.593 184.827
v 12.7447 108.593 185.085
v 13.8213 108.593 185.271
v 14.9081 108.593 185.383
v 16 108.593 185.42
v 226.392 108.593 0.0373
v 225.3 108.593 0
v 227.479 108.593 0.149
v 228.555 108.593 0.3347
v 229.617 108.593 0.5933
v 230.658 108.593 0.9238
v 231.674 108.593 1.3246
v 232.661 108.593 1.7938
v 233.613 108.593 2.3293
v 234.527 108.593 2.9285
v 235.397 108.593 3.5886
v 236.221 108.593 4.3066
v 236.993 108.593 5.0791
v 237.711 108.593 5.9026
v 238.371 108.593 6.7731
v 238.971 108.593 7.6867
v 239.506 108.593 8.639
v 239.975 108.593 9.6256
v 240.376 108.593 10.6419
v 240.707 108.593 11.6833
v 240.965 108.593 12.7447
v 241.151 108.593 13.8213
v 241.263 108.593 14.9081
v 241.3 108.593 16
v 225.3 108.593 185.42
v 241.3 108.593 169.42
v 226.392 108.593 185.383
v 241.263 108.593 170.512
v 227.479 108.593 185.271
v 241.151 108.593 171.599
v 228.555 108.593 185.085
v 240.965 108.593 172.675
v 229.617 108.593 184.827
v 240.707 108.593 173.737
v 230.658 108.593 184.496
v 240.376 108.593 174.778
v 231.674 108.593 184.095
v 239.975 108.593 175.794
v 232.661 108.593 183.626
v 239.506 108.593 176.781
v 233.613 108.593 183.091
v 238.971 108.593 177.733
v 234.527 108.593 182.492
v 238.371 108.593 178.647
v 237.711 108.593 179.517
v 235.397 108.593 181.831
v 236.221 108.593 181.113
v 236.993 108.593 180.341
v 39.65 233.68 47.71
v 39.657 233.68 47.5053
v 39.6779 233.68 47.3015
v 39.7127 233.68 47.0996
v 39.7612 233.68 46.9006
v 39.8232 233.68 46.7054
v 39.8984 233.68 46.5148
v 39.9863 233.68 46.3298
v 40.0867 233.68 46.1512
v 40.1991 233.68 45.98
v 40.3229 233.68 45.8167
v 40.4575 233.68 45.6623
v 40.6023 233.68 45.5175
v 40.7567 233.68 45.3829
v 40.92 233.68 45.2591
v 41.0912 233.68 45.1467
v 41.2698 233.68 45.0463
v 41.4548 233.68 44.9584
v 41.6454 233.68 44.8832
v 41.8406 233.68 44.8212
v 42.0396 233.68 44.7727
v 42.2415 233.68 44.7379
v 42.4453 233.68 44.717
v 42.65 233.68 44.71
v 198.65 233.68 44.71
v 201.65 233.68 47.71
v 201.643 233.68 47.5053
v 201.622 233.68 47.3015
v 201.587 233.68 47.0996
v 201.539 233.68 46.9006
v 201.477 233.68 46.7054
v 201.402 233.68 46.5148
v 201.314 233.68 46.3298
v 201.213 233.68 46.1512
v 201.101 233.68 45.98
v 200.977 233.68 45.8167
v 200.843 233.68 45.6623
v 200.698 233.68 45.5175
v 200.543 233.68 45.3829
v 200.38 233.68 45.2591
v 200.209 233.68 45.1467
v 200.03 233.68 45.0463
v 199.845 233.68 44.9584
v 199.655 233.68 44.8832
v 199.459 233.68 44.8212
v 199.26 233.68 44.7727
v 199.059 233.68 44.7379
v 198.855 233.68 44.717
v 201.65 233.68 85.71
v 201.643 233.68 85.9147
v 201.622 233.68 86.1185
v 201.587 233.68 86.3204
v 201.539 233.68 86.5194
v 201.477 233.68 86.7146
v 201.402 233.68 86.9052
v 201.314 233.68 87.0902
v 201.213 233.68 87.2688
v 201.101 233.68 87.44
v 200.977 233.68 87.6033
v 200.843 233.68 87.7577
v 200.698 233.68 87.9025
v 200.543 233.68 88.0371
v 200.38 233.68 88.1609
v 200.209 233.68 88.2733
v 200.03 233.68 88.3737
v 199.845 233.68 88.4616
v 199.655 233.68 88.5368
v 199.459 233.68 88.5988
v 199.26 233.68 88.6473
v 199.059 233.68 88.6821
v 198.855 233.68 88.703
v 198.65 233.68 88.71
v 42.65 233.68 88.71
v 39.65 233.68 85.71
v 39.657 233.68 85.9147
v 39.6779 233.68 86.1185
v 39.7127 233.68 86.3204
v 39.7612 233.68 86.5194
v 39.8232 233.68 86.7146
v 39.8984 233.68 86.9052
v 39.9863 233.68 87.0902
v 40.0867 233.68 87.2688
v 40.1991 233.68 87.44
v 40.3229 233.68 87.6033
v 40.4575 233.68 87.7577
v 40.6023 233.68 87.9025
v 40.7567 233.68 88.0371
v 40.92 233.68 88.1609
v 41.0912 233.68 88.2733
v 41.2698 233.68 88.3737
v 41.4548 233.68 88.4616
v 41.6454 233.68 88.5368
v 41.8406 233.68 88.5988
v 42.0396 233.68 88.6473
v 42.2415 233.68 88.6821
v 42.4453 233.68 88.703
v 0.0373 -0 14.9081
v 0 -0 16
v 0.149 -0 13.8213
v 0.3347 -0 12.7447
v 0.5933 -0 11.6833
v 0.9238 -0 10.6419
v 1.3246 -0 9.6256
v 1.7938 -0 8.639
v 2.3293 -0 7.6867
v 2.9285 -0 6.7731
v 3.5886 -0 5.9026
v 4.3066 -0 5.0791
v 5.0791 -0 4.3066
v 5.9026 -0 3.5886
v 6.7731 -0 2.9285
v 7.6867 -0 2.3293
v 8.639 -0 1.7938
v 9.6256 -0 1.3246
v 10.6419 -0 0.9238
v 11.6833 -0 0.5933
v 12.7447 -0 0.3347
v 13.8213 -0 0.149
v 14.9081 -0 0.0373
v 16 -0 0
v 225.3 -0 0
v 226.392 -0 0.0373
v 227.479 -0 0.149
v 228.555 -0 0.3347
v 229.617 -0 0.5933
v 230.658 -0 0.9238
v 231.674 -0 1.3246
v 232.661 -0 1.7938
v 233.613 -0 2.3293
v 234.527 -0 2.9285
v 235.397 -0 3.5886
v 236.221 -0 4.3066
v 237.711 -0 5.9026
v 236.993 -0 5.0791
v 238.971 -0 7.6867
v 238.371 -0 6.7731
v 239.506 -0 8.639
v 240.376 -0 10.6419
v 239.975 -0 9.6256
v 240.707 -0 11.6833
v 241.151 -0 13.8213
v 240.965 -0 12.7447
v 241.263 -0 14.9081
v 241.3 -0 16
v 241.3 -0 169.42
v 241.263 -0 170.512
v 241.151 -0 171.599
v 240.965 -0 172.675
v 240.707 -0 173.737
v 240.376 -0 174.778
v 239.975 -0 175.794
v 239.506 -0 176.781
v 238.971 -0 177.733
v 238.371 -0 178.647
v 237.711 -0 179.517
v 236.993 -0 180.341
v 236.221 -0 181.113
v 235.397 -0 181.831
v 234.527 -0 182.492
v 233.613 -0 183.091
v 232.661 -0 183.626
v 231.674 -0 184.095
v 230.658 -0 184.496
v 229.617 -0 184.827
v 228.555 -0 185.085
v 227.479 -0 185.271
v 226.392 -0 185.383
v 225.3 -0 185.42
v 16 -0 185.42
v 14.9081 -0 185.383
v 13.8213 -0 185.271
v 12.7447 -0 185.085
v 11.6833 -0 184.827
v 10.6419 -0 184.496
v 9.6256 -0 184.095
v 8.639 -0 183.626
v 7.6867 -0 183.091
v 6.7731 -0 182.492
v 5.9026 -0 181.831
v 5.0791 -0 181.113
v 3.5886 -0 179.517
v 4.3066 -0 180.341
v 2.3293 -0 177.733
v 2.9285 -0 178.647
v 1.7938 -0 176.781
v 0.9238 -0 174.778
v 1.3246 -0 175.794
v 0.5933 -0 173.737
v 0.149 -0 171.599
v 0.3347 -0 172.675
v 0.0373 -0 170.512
v 0 -0 169.42
v 50.3653 233.68 52.464
v 50.404 233.68 52.4253
v 50.4451 233.68 52.3894
v 50.3294 233.68 52.5051
v 50.2964 233.68 52.5487
v 50.4887 233.68 52.3564
v 50.2665 233.68 52.5943
v 50.5343 233.68 52.3265
v 50.5819 233.68 52.2997
v 50.2397 233.68 52.6419
v 50.6313 233.68 52.2762
v 50.2162 233.68 52.6913
v 50.6821 233.68 52.2562
v 50.1962 233.68 52.7421
v 50.1797 233.68 52.7942
v 50.7342 233.68 52.2397
v 50.7872 233.68 52.2267
v 50.1667 233.68 52.8472
v 50.1575 233.68 52.9011
v 50.8411 233.68 52.2175
v 50.1519 233.68 52.9554
v 50.8954 233.68 52.2119
v 50.15 233.68 53.01
v 50.95 233.68 52.21
v 56.35 233.68 52.21
v 50.15 233.68 58.41
v 56.4046 233.68 52.2119
v 50.1519 233.68 58.4646
v 56.4589 233.68 52.2175
v 50.1575 233.68 58.5189
v 56.5128 233.68 52.2267
v 50.1667 233.68 58.5728
v 56.5658 233.68 52.2397
v 50.1797 233.68 58.6258
v 50.1962 233.68 58.6779
v 50.2162 233.68 58.7287
v 50.95 233.68 59.21
v 50.8954 233.68 59.2081
v 50.8411 233.68 59.2025
v 50.7872 233.68 59.1933
v 50.7342 233.68 59.1803
v 50.6821 233.68 59.1638
v 50.6313 233.68 59.1438
v 50.5819 233.68 59.1203
v 50.5343 233.68 59.0935
v 50.4887 233.68 59.0636
v 50.4451 233.68 59.0306
v 50.404 233.68 58.9947
v 50.3653 233.68 58.956
v 50.3294 233.68 58.9149
v 50.2964 233.68 58.8713
v 50.2665 233.68 58.8257
v 50.2397 233.68 58.7781
v 56.4046 233.68 59.2081
v 56.35 233.68 59.21
v 79.8115 233.68 52.7402
v 56.7657 233.68 52.3265
v 56.8113 233.68 52.3564
v 56.8549 233.68 52.3894
v 56.896 233.68 52.4253
v 56.9347 233.68 52.464
v 56.9706 233.68 52.5051
v 78.6802 233.68 53.8715
v 57.0036 233.68 52.5487
v 57.0335 233.68 52.5943
v 57.0603 233.68 52.6419
v 57.0838 233.68 52.6913
v 57.1038 233.68 52.7421
v 77.85 233.68 55.31
v 57.1203 233.68 52.7942
v 57.1333 233.68 52.8472
v 57.1425 233.68 52.9011
v 57.1481 233.68 52.9554
v 57.15 233.68 53.01
v 81.25 233.68 51.91
v 56.6179 233.68 52.2562
v 56.6687 233.68 52.2762
v 56.7181 233.68 52.2997
v 80.3772 233.68 53.3058
v 79.2458 233.68 54.4372
v 77.85 233.68 56.11
v 57.15 233.68 58.41
v 57.1481 233.68 58.4646
v 57.1425 233.68 58.5189
v 57.1333 233.68 58.5728
v 57.1203 233.68 58.6258
v 57.1038 233.68 58.6779
v 82.05 233.68 51.91
v 81.25 233.68 53.51
v 79.45 233.68 55.31
v 80.45 233.68 54.51
v 82.05 233.68 53.51
v 82.9228 233.68 53.3058
v 79.2458 233.68 56.9828
v 79.45 233.68 56.11
v 78.6802 233.68 57.5485
v 57.0838 233.68 58.7287
v 83.4885 233.68 52.7402
v 82.85 233.68 54.51
v 80.45 233.68 56.91
v 80.3772 233.68 58.1142
v 84.0542 233.68 54.4372
v 81.25 233.68 57.91
v 83.85 233.68 55.31
v 83.85 233.68 56.11
v 82.85 233.68 56.91
v 82.05 233.68 57.91
v 81.25 233.68 59.51
v 79.8115 233.68 58.6798
v 85.45 233.68 55.31
v 84.6198 233.68 53.8715
v 84.0542 233.68 56.9828
v 82.9228 233.68 58.1142
v 82.05 233.68 59.51
v 85.45 233.68 56.11
v 84.6198 233.68 57.5485
v 83.4885 233.68 58.6798
v 77.3398 233.68 70.829
v 77.621 233.68 70.5378
v 77.9218 233.68 70.2669
v 77.0795 233.68 71.1392
v 57.0603 233.68 58.7781
v 78.2408 233.68 70.0177
v 76.8416 233.68 71.4667
v 57.0335 233.68 58.8257
v 57.0036 233.68 58.8713
v 78.5765 233.68 69.7913
v 76.6271 233.68 71.81
v 56.9706 233.68 58.9149
v 78.9271 233.68 69.5889
v 76.437 233.68 72.1674
v 56.9347 233.68 58.956
v 56.896 233.68 58.9947
v 79.2909 233.68 69.4114
v 76.2723 233.68 72.5373
v 56.8549 233.68 59.0306
v 79.6663 233.68 69.2598
v 76.1339 233.68 72.9177
v 56.8113 233.68 59.0636
v 80.0513 233.68 69.1347
v 76.0223 233.68 73.3069
v 56.7657 233.68 59.0935
v 56.7181 233.68 59.1203
v 80.4441 233.68 69.0367
v 75.9381 233.68 73.7028
v 56.6687 233.68 59.1438
v 80.8428 233.68 68.9664
v 75.8818 233.68 74.1037
v 56.6179 233.68 59.1638
v 81.2454 233.68 68.9241
v 75.8535 233.68 74.5076
v 56.5658 233.68 59.1803
v 56.5128 233.68 59.1933
v 81.65 233.68 68.91
v 75.8535 233.68 74.9124
v 56.4589 233.68 59.2025
v 82.0546 233.68 68.9241
v 75.8818 233.68 75.3163
v 82.4572 233.68 68.9664
v 75.9381 233.68 75.7172
v 82.8559 233.68 69.0367
v 76.0223 233.68 76.1131
v 83.2487 233.68 69.1347
v 76.1339 233.68 76.5023
v 83.6337 233.68 69.2598
v 76.2723 233.68 76.8827
v 84.0091 233.68 69.4114
v 76.437 233.68 77.2526
v 84.3729 233.68 69.5889
v 76.6271 233.68 77.61
v 84.7235 233.68 69.7913
v 76.8416 233.68 77.9533
v 85.0592 233.68 70.0177
v 77.0795 233.68 78.2808
v 85.3782 233.68 70.2669
v 77.3398 233.68 78.591
v 85.679 233.68 70.5378
v 77.621 233.68 78.8822
v 85.9602 233.68 70.829
v 77.9218 233.68 79.1531
v 78.2408 233.68 79.4023
v 104.581 233.68 53.2079
v 104.658 233.68 53.1307
v 104.509 233.68 53.2903
v 104.74 233.68 53.0589
v 104.443 233.68 53.3773
v 104.827 233.68 52.9928
v 104.383 233.68 53.4687
v 104.919 233.68 52.9329
v 104.329 233.68 53.5639
v 105.014 233.68 52.8794
v 104.282 233.68 53.6626
v 105.113 233.68 52.8325
v 104.242 233.68 53.7642
v 105.214 233.68 52.7924
v 105.318 233.68 52.7593
v 104.209 233.68 53.8683
v 105.424 233.68 52.7335
v 104.183 233.68 53.9745
v 78.5765 233.68 79.6287
v 104.165 233.68 54.0821
v 105.532 233.68 52.7149
v 105.641 233.68 52.7037
v 104.154 233.68 54.1908
v 104.15 233.68 54.3
v 78.9271 233.68 79.8311
v 79.2909 233.68 80.0086
v 79.6663 233.68 80.1602
v 80.0513 233.68 80.2853
v 80.4441 233.68 80.3833
v 104.15 233.68 57.12
v 80.8428 233.68 80.4536
v 104.154 233.68 57.2292
v 104.165 233.68 57.3379
v 104.183 233.68 57.4455
v 81.2454 233.68 80.4959
v 104.209 233.68 57.5517
v 104.242 233.68 57.6558
v 104.282 233.68 57.7574
v 81.65 233.68 80.51
v 104.329 233.68 57.8561
v 104.383 233.68 57.9513
v 82.0546 233.68 80.4959
v 103.621 233.68 70.5378
v 104.509 233.68 58.1297
v 104.443 233.68 58.0427
v 103.34 233.68 70.829
v 103.922 233.68 70.2669
v 104.658 233.68 58.2893
v 104.581 233.68 58.2121
v 103.079 233.68 71.1392
v 86.2205 233.68 71.1392
v 104.241 233.68 70.0177
v 104.74 233.68 58.3611
v 102.842 233.68 71.4667
v 86.4584 233.68 71.4667
v 104.576 233.68 69.7913
v 104.919 233.68 58.4871
v 104.827 233.68 58.4272
v 102.627 233.68 71.81
v 86.6729 233.68 71.81
v 86.863 233.68 72.1674
v 104.927 233.68 69.5889
v 105.014 233.68 58.5406
v 102.437 233.68 72.1674
v 87.0277 233.68 72.5373
v 105.291 233.68 69.4114
v 105.214 233.68 58.6276
v 105.113 233.68 58.5875
v 102.272 233.68 72.5373
v 105.666 233.68 69.2598
v 105.424 233.68 58.6865
v 105.318 233.68 58.6607
v 102.134 233.68 72.9177
v 87.1661 233.68 72.9177
v 87.2777 233.68 73.3069
v 106.051 233.68 69.1347
v 105.532 233.68 58.7051
v 102.022 233.68 73.3069
v 106.444 233.68 69.0367
v 105.75 233.68 58.72
v 105.641 233.68 58.7163
v 101.938 233.68 73.7028
v 87.3619 233.68 73.7028
v 87.4182 233.68 74.1037
v 106.843 233.68 68.9664
v 101.882 233.68 74.1037
v 107.245 233.68 68.9241
v 101.853 233.68 74.5076
v 87.4465 233.68 74.5076
v 107.65 233.68 68.91
v 109.55 233.68 58.72
v 101.853 233.68 74.9124
v 87.4465 233.68 74.9124
v 108.055 233.68 68.9241
v 101.882 233.68 75.3163
v 87.4182 233.68 75.3163
v 87.3619 233.68 75.7172
v 108.457 233.68 68.9664
v 101.938 233.68 75.7172
v 108.856 233.68 69.0367
v 109.768 233.68 58.7051
v 109.659 233.68 58.7163
v 102.022 233.68 76.1131
v 87.2777 233.68 76.1131
v 109.249 233.68 69.1347
v 109.876 233.68 58.6865
v 102.134 233.68 76.5023
v 87.1661 233.68 76.5023
v 87.0277 233.68 76.8827
v 109.634 233.68 69.2598
v 110.086 233.68 58.6276
v 109.982 233.68 58.6607
v 102.272 233.68 76.8827
v 110.009 233.68 69.4114
v 110.286 233.68 58.5406
v 110.187 233.68 58.5875
v 102.437 233.68 77.2526
v 86.863 233.68 77.2526
v 110.373 233.68 69.5889
v 110.381 233.68 58.4871
v 102.627 233.68 77.61
v 86.6729 233.68 77.61
v 110.724 233.68 69.7913
v 110.56 233.68 58.3611
v 110.473 233.68 58.4272
v 102.842 233.68 77.9533
v 86.4584 233.68 77.9533
v 86.2205 233.68 78.2808
v 111.059 233.68 70.0177
v 110.642 233.68 58.2893
v 103.079 233.68 78.2808
v 111.378 233.68 70.2669
v 110.791 233.68 58.1297
v 110.719 233.68 58.2121
v 103.34 233.68 78.591
v 85.9602 233.68 78.591
v 111.679 233.68 70.5378
v 110.857 233.68 58.0427
v 103.621 233.68 78.8822
v 85.679 233.68 78.8822
v 85.3782 233.68 79.1531
v 111.96 233.68 70.829
v 110.917 233.68 57.9513
v 103.922 233.68 79.1531
v 85.0592 233.68 79.4023
v 104.241 233.68 79.4023
v 130.658 233.68 53.1307
v 110.56 233.68 53.0589
v 110.642 233.68 53.1307
v 130.581 233.68 53.2079
v 110.719 233.68 53.2079
v 130.509 233.68 53.2903
v 110.791 233.68 53.2903
v 110.857 233.68 53.3773
v 130.74 233.68 53.0589
v 130.827 233.68 52.9928
v 110.381 233.68 52.9329
v 110.473 233.68 52.9928
v 130.443 233.68 53.3773
v 130.383 233.68 53.4687
v 110.917 233.68 53.4687
v 130.919 233.68 52.9329
v 130.329 233.68 53.5639
v 110.971 233.68 53.5639
v 111.017 233.68 53.6626
v 131.014 233.68 52.8794
v 110.187 233.68 52.8325
v 110.286 233.68 52.8794
v 130.282 233.68 53.6626
v 131.113 233.68 52.8325
v 130.242 233.68 53.7642
v 111.058 233.68 53.7642
v 131.214 233.68 52.7924
v 109.982 233.68 52.7593
v 110.086 233.68 52.7924
v 130.209 233.68 53.8683
v 111.091 233.68 53.8683
v 131.318 233.68 52.7593
v 131.424 233.68 52.7335
v 109.876 233.68 52.7335
v 130.184 233.68 53.9745
v 111.117 233.68 53.9745
v 104.576 233.68 79.6287
v 84.7235 233.68 79.6287
v 130.165 233.68 54.0821
v 111.135 233.68 54.0821
v 111.146 233.68 54.1908
v 131.532 233.68 52.7149
v 109.768 233.68 52.7149
v 130.154 233.68 54.1908
v 131.641 233.68 52.7037
v 109.659 233.68 52.7037
v 130.15 233.68 54.3
v 111.15 233.68 54.3
v 104.927 233.68 79.8311
v 84.3729 233.68 79.8311
v 105.291 233.68 80.0086
v 84.0091 233.68 80.0086
v 83.6337 233.68 80.1602
v 105.666 233.68 80.1602
v 106.051 233.68 80.2853
v 83.2487 233.68 80.2853
v 82.8559 233.68 80.3833
v 106.444 233.68 80.3833
v 130.15 233.68 57.12
v 111.15 233.68 57.12
v 106.843 233.68 80.4536
v 82.4572 233.68 80.4536
v 130.154 233.68 57.2292
v 111.146 233.68 57.2292
v 130.165 233.68 57.3379
v 111.135 233.68 57.3379
v 130.184 233.68 57.4455
v 111.117 233.68 57.4455
v 111.091 233.68 57.5517
v 107.245 233.68 80.4959
v 130.209 233.68 57.5517
v 111.058 233.68 57.6558
v 130.242 233.68 57.6558
v 130.282 233.68 57.7574
v 111.017 233.68 57.7574
v 130.329 233.68 57.8561
v 110.971 233.68 57.8561
v 130.383 233.68 57.9513
v 129.621 233.68 70.5378
v 130.509 233.68 58.1297
v 130.443 233.68 58.0427
v 129.34 233.68 70.829
v 129.922 233.68 70.2669
v 130.658 233.68 58.2893
v 130.581 233.68 58.2121
v 129.079 233.68 71.1392
v 112.221 233.68 71.1392
v 130.241 233.68 70.0177
v 130.74 233.68 58.3611
v 128.842 233.68 71.4667
v 112.458 233.68 71.4667
v 130.577 233.68 69.7913
v 130.919 233.68 58.4871
v 130.827 233.68 58.4272
v 128.627 233.68 71.81
v 112.673 233.68 71.81
v 112.863 233.68 72.1674
v 130.927 233.68 69.5889
v 131.014 233.68 58.5406
v 128.437 233.68 72.1674
v 131.291 233.68 69.4114
v 131.214 233.68 58.6276
v 131.113 233.68 58.5875
v 128.272 233.68 72.5373
v 113.028 233.68 72.5373
v 131.666 233.68 69.2598
v 131.424 233.68 58.6865
v 131.318 233.68 58.6607
v 128.134 233.68 72.9177
v 113.166 233.68 72.9177
v 113.278 233.68 73.3069
v 132.051 233.68 69.1347
v 131.532 233.68 58.7051
v 128.022 233.68 73.3069
v 113.362 233.68 73.7028
v 132.444 233.68 69.0367
v 131.75 233.68 58.72
v 131.641 233.68 58.7163
v 127.938 233.68 73.7028
v 132.843 233.68 68.9664
v 127.882 233.68 74.1037
v 113.418 233.68 74.1037
v 133.245 233.68 68.9241
v 127.853 233.68 74.5076
v 113.447 233.68 74.5076
v 133.65 233.68 68.91
v 135.55 233.68 58.72
v 127.853 233.68 74.9124
v 113.447 233.68 74.9124
v 134.055 233.68 68.9241
v 127.882 233.68 75.3163
v 113.418 233.68 75.3163
v 113.362 233.68 75.7172
v 134.457 233.68 68.9664
v 127.938 233.68 75.7172
v 113.278 233.68 76.1131
v 134.856 233.68 69.0367
v 135.768 233.68 58.7051
v 135.659 233.68 58.7163
v 128.022 233.68 76.1131
v 135.249 233.68 69.1347
v 135.875 233.68 58.6865
v 128.134 233.68 76.5023
v 113.166 233.68 76.5023
v 135.634 233.68 69.2598
v 136.086 233.68 58.6276
v 135.982 233.68 58.6607
v 128.272 233.68 76.8827
v 113.028 233.68 76.8827
v 136.009 233.68 69.4114
v 136.286 233.68 58.5406
v 136.187 233.68 58.5875
v 128.437 233.68 77.2526
v 112.863 233.68 77.2526
v 136.373 233.68 69.5889
v 136.381 233.68 58.4871
v 128.627 233.68 77.61
v 112.673 233.68 77.61
v 136.724 233.68 69.7913
v 136.56 233.68 58.3611
v 136.473 233.68 58.4272
v 128.842 233.68 77.9533
v 112.458 233.68 77.9533
v 112.221 233.68 78.2808
v 137.059 233.68 70.0177
v 136.642 233.68 58.2893
v 129.079 233.68 78.2808
v 111.96 233.68 78.591
v 137.378 233.68 70.2669
v 136.791 233.68 58.1297
v 136.719 233.68 58.2121
v 129.34 233.68 78.591
v 137.679 233.68 70.5378
v 136.857 233.68 58.0427
v 129.621 233.68 78.8822
v 111.679 233.68 78.8822
v 137.96 233.68 70.829
v 136.917 233.68 57.9513
v 129.922 233.68 79.1531
v 111.378 233.68 79.1531
v 111.059 233.68 79.4023
v 138.22 233.68 71.1392
v 137.018 233.68 57.7574
v 136.971 233.68 57.8561
v 130.241 233.68 79.4023
v 138.458 233.68 71.4667
v 130.577 233.68 79.6287
v 110.724 233.68 79.6287
v 110.373 233.68 79.8311
v 130.927 233.68 79.8311
v 131.291 233.68 80.0086
v 110.009 233.68 80.0086
v 109.634 233.68 80.1602
v 131.666 233.68 80.1602
v 132.051 233.68 80.2853
v 109.249 233.68 80.2853
v 108.856 233.68 80.3833
v 132.444 233.68 80.3833
v 132.843 233.68 80.4536
v 108.457 233.68 80.4536
v 133.245 233.68 80.4959
v 108.055 233.68 80.4959
v 172.066 233.68 55.692
v 136.642 233.68 53.1307
v 136.719 233.68 53.2079
v 136.791 233.68 53.2903
v 136.857 233.68 53.3773
v 136.917 233.68 53.4687
v 136.971 233.68 53.5639
v 137.018 233.68 53.6626
v 137.058 233.68 53.7642
v 137.091 233.68 53.8683
v 137.117 233.68 53.9745
v 172.552 233.68 55.3395
v 136.187 233.68 52.8325
v 136.286 233.68 52.8794
v 136.381 233.68 52.9329
v 136.473 233.68 52.9928
v 136.56 233.68 53.0589
v 172.713 233.68 56.6645
v 172.745 233.68 56.6269
v 163.65 233.68 66.21
v 137.135 233.68 54.0821
v 137.146 233.68 54.1908
v 137.15 233.68 54.3
v 137.15 233.68 57.12
v 137.146 233.68 57.2292
v 137.135 233.68 57.3379
v 137.117 233.68 57.4455
v 137.091 233.68 57.5517
v 137.058 233.68 57.6558
v 139.362 233.68 73.7028
v 139.418 233.68 74.1037
v 139.278 233.68 73.3069
v 139.166 233.68 72.9177
v 139.028 233.68 72.5373
v 138.863 233.68 72.1674
v 138.673 233.68 71.81
v 172.988 233.68 56.9621
v 172.868 233.68 56.7969
v 175.913 233.68 54.7555
v 176.188 233.68 54.4579
v 176.69 233.68 53.9834
v 176.068 233.68 54.6231
v 176.69 233.68 54.0937
v 176.228 233.68 54.4869
v 173.49 233.68 57.3263
v 173.028 233.68 56.9331
v 176.918 233.68 53.8994
v 135.982 233.68 52.7593
v 136.086 233.68 52.7924
v 176.82 233.68 53.9834
v 173.49 233.68 57.4366
v 174.788 233.68 56.3865
v 173.312 233.68 56.3865
v 173.84 233.68 56.8366
v 174.26 233.68 56.8366
v 175.945 233.68 54.7931
v 173.718 233.68 57.5206
v 173.62 233.68 57.4366
v 177.51 233.68 53.9834
v 176.99 233.68 53.9834
v 177.582 233.68 53.8994
v 177.81 233.68 53.9834
v 177.68 233.68 53.9834
v 174.382 233.68 57.5206
v 174.31 233.68 57.4366
v 173.79 233.68 57.4366
v 177.46 233.68 54.5834
v 177.04 233.68 54.5834
v 176.512 233.68 55.0335
v 174.61 233.68 57.4366
v 174.48 233.68 57.4366
v 175.387 233.68 56.6645
v 175.355 233.68 56.6269
v 175.112 233.68 56.9621
v 175.232 233.68 56.7969
v 175.072 233.68 56.9331
v 174.61 233.68 57.3263
v 178.312 233.68 54.4579
v 177.81 233.68 54.0937
v 178.272 233.68 54.4869
v 177.988 233.68 55.0335
v 178.587 233.68 54.7555
v 178.432 233.68 54.6231
v 178.748 233.68 56.0805
v 179.234 233.68 55.728
v 178.555 233.68 54.7931
v 163.65 233.68 78.21
v 137.679 233.68 78.8822
v 137.378 233.68 79.1531
v 137.96 233.68 78.591
v 138.22 233.68 78.2808
v 138.458 233.68 77.9533
v 138.673 233.68 77.61
v 138.863 233.68 77.2526
v 139.028 233.68 76.8827
v 139.166 233.68 76.5023
v 139.278 233.68 76.1131
v 139.362 233.68 75.7172
v 139.418 233.68 75.3163
v 139.446 233.68 74.9124
v 139.446 233.68 74.5076
v 135.659 233.68 52.7037
v 135.768 233.68 52.7149
v 135.875 233.68 52.7335
v 168.65 233.68 83.21
v 134.457 233.68 80.4536
v 134.055 233.68 80.4959
v 134.856 233.68 80.3833
v 135.249 233.68 80.2853
v 135.634 233.68 80.1602
v 136.009 233.68 80.0086
v 136.373 233.68 79.8311
v 136.724 233.68 79.6287
v 137.059 233.68 79.4023
v 187.65 233.68 66.21
v 187.65 233.68 78.21
v 182.65 233.68 83.21
v 105.75 233.68 52.7
v 109.55 233.68 52.7
v 131.75 233.68 52.7
v 135.55 233.68 52.7
v 133.65 233.68 80.51
v 107.65 233.68 80.51
v 0.1286 -0.9291 14.9144
v 0.0915 -0.9291 16
v 0.2397 -0.9291 13.8338
v 0.4243 -0.9291 12.7633
v 0.6814 -0.9291 11.7079
v 1.0101 -0.9291 10.6726
v 1.4086 -0.9291 9.662
v 1.8751 -0.9291 8.6811
v 2.4075 -0.9291 7.7342
v 3.0032 -0.9291 6.8259
v 3.6596 -0.9291 5.9603
v 4.3735 -0.9291 5.1416
v 5.1416 -0.9291 4.3735
v 5.9603 -0.9291 3.6596
v 6.8259 -0.9291 3.0032
v 7.7342 -0.9291 2.4075
v 8.6811 -0.9291 1.8751
v 9.662 -0.9291 1.4086
v 10.6726 -0.9291 1.0101
v 11.7079 -0.9291 0.6814
v 12.7633 -0.9291 0.4243
v 13.8338 -0.9291 0.2397
v 14.9144 -0.9291 0.1286
v 16 -0.9291 0.0915
v 225.3 -0.9291 0.0915
v 226.386 -0.9291 0.1286
v 227.466 -0.9291 0.2397
v 228.537 -0.9291 0.4243
v 229.592 -0.9291 0.6814
v 230.627 -0.9291 1.0101
v 231.638 -0.9291 1.4086
v 232.619 -0.9291 1.8751
v 233.566 -0.9291 2.4075
v 234.474 -0.9291 3.0032
v 235.34 -0.9291 3.6596
v 236.158 -0.9291 4.3735
v 236.927 -0.9291 5.1416
v 237.64 -0.9291 5.9603
v 238.297 -0.9291 6.8259
v 238.893 -0.9291 7.7342
v 239.425 -0.9291 8.6811
v 239.891 -0.9291 9.662
v 240.29 -0.9291 10.6726
v 240.619 -0.9291 11.7079
v 240.876 -0.9291 12.7633
v 241.06 -0.9291 13.8338
v 241.171 -0.9291 14.9144
v 241.208 -0.9291 16
v 241.208 -0.9291 169.42
v 241.171 -0.9291 170.506
v 241.06 -0.9291 171.586
v 240.876 -0.9291 172.657
v 240.619 -0.9291 173.712
v 240.29 -0.9291 174.747
v 239.891 -0.9291 175.758
v 239.425 -0.9291 176.739
v 238.893 -0.9291 177.686
v 238.297 -0.9291 178.594
v 237.64 -0.9291 179.46
v 236.927 -0.9291 180.278
v 236.158 -0.9291 181.047
v 235.34 -0.9291 181.76
v 234.474 -0.9291 182.417
v 233.566 -0.9291 183.012
v 232.619 -0.9291 183.545
v 231.638 -0.9291 184.011
v 230.627 -0.9291 184.41
v 229.592 -0.9291 184.739
v 228.537 -0.9291 184.996
v 227.466 -0.9291 185.18
v 226.386 -0.9291 185.291
v 225.3 -0.9291 185.328
v 16 -0.9291 185.328
v 14.9144 -0.9291 185.291
v 13.8338 -0.9291 185.18
v 12.7633 -0.9291 184.996
v 11.7079 -0.9291 184.739
v 10.6726 -0.9291 184.41
v 9.662 -0.9291 184.011
v 8.6811 -0.9291 183.545
v 7.7342 -0.9291 183.012
v 6.8259 -0.9291 182.417
v 5.9603 -0.9291 181.76
v 5.1416 -0.9291 181.047
v 4.3735 -0.9291 180.278
v 3.6596 -0.9291 179.46
v 3.0032 -0.9291 178.594
v 2.4075 -0.9291 177.686
v 1.8751 -0.9291 176.739
v 1.4086 -0.9291 175.758
v 1.0101 -0.9291 174.747
v 0.6814 -0.9291 173.712
v 0.4243 -0.9291 172.657
v 0.2397 -0.9291 171.586
v 0.1286 -0.9291 170.506
v 0.0915 -0.9291 169.42
v 56.35 233.08 52.21
v 50.95 233.08 52.21
v 50.1519 233.08 52.9554
v 50.15 233.08 53.01
v 50.1575 233.08 52.9011
v 50.1667 233.08 52.8472
v 50.1797 233.08 52.7942
v 50.1962 233.08 52.7421
v 50.2162 233.08 52.6913
v 50.2397 233.08 52.6419
v 50.2665 233.08 52.5943
v 50.2964 233.08 52.5487
v 50.3294 233.08 52.5051
v 50.3653 233.08 52.464
v 50.404 233.08 52.4253
v 50.4451 233.08 52.3894
v 50.4887 233.08 52.3564
v 50.5343 233.08 52.3265
v 50.5819 233.08 52.2997
v 50.6313 233.08 52.2762
v 50.6821 233.08 52.2562
v 50.7342 233.08 52.2397
v 50.7872 233.08 52.2267
v 50.8411 233.08 52.2175
v 50.8954 233.08 52.2119
v 50.15 233.08 58.41
v 50.1519 233.08 58.4646
v 50.1575 233.08 58.5189
v 50.1667 233.08 58.5728
v 50.1797 233.08 58.6258
v 50.1962 233.08 58.6779
v 50.2162 233.08 58.7287
v 50.2397 233.08 58.7781
v 50.2665 233.08 58.8257
v 50.2964 233.08 58.8713
v 50.3294 233.08 58.9149
v 50.3653 233.08 58.956
v 50.404 233.08 58.9947
v 50.4451 233.08 59.0306
v 50.4887 233.08 59.0636
v 50.5343 233.08 59.0935
v 50.5819 233.08 59.1203
v 50.6313 233.08 59.1438
v 50.6821 233.08 59.1638
v 50.7342 233.08 59.1803
v 50.7872 233.08 59.1933
v 50.8411 233.08 59.2025
v 50.8954 233.08 59.2081
v 50.95 233.08 59.21
v 56.35 233.08 59.21
v 57.1481 233.08 58.4646
v 57.15 233.08 58.41
v 57.1425 233.08 58.5189
v 57.1333 233.08 58.5728
v 57.1203 233.08 58.6258
v 57.1038 233.08 58.6779
v 57.0838 233.08 58.7287
v 57.0603 233.08 58.7781
v 57.0335 233.08 58.8257
v 57.0036 233.08 58.8713
v 56.9706 233.08 58.9149
v 56.9347 233.08 58.956
v 56.896 233.08 58.9947
v 56.8549 233.08 59.0306
v 56.8113 233.08 59.0636
v 56.7657 233.08 59.0935
v 56.7181 233.08 59.1203
v 56.6687 233.08 59.1438
v 56.6179 233.08 59.1638
v 56.5658 233.08 59.1803
v 56.5128 233.08 59.1933
v 56.4589 233.08 59.2025
v 56.4046 233.08 59.2081
v 57.15 233.08 53.01
v 57.1481 233.08 52.9554
v 57.1425 233.08 52.9011
v 57.1333 233.08 52.8472
v 57.1203 233.08 52.7942
v 57.1038 233.08 52.7421
v 57.0838 233.08 52.6913
v 57.0603 233.08 52.6419
v 57.0335 233.08 52.5943
v 57.0036 233.08 52.5487
v 56.9706 233.08 52.5051
v 56.9347 233.08 52.464
v 56.896 233.08 52.4253
v 56.8549 233.08 52.3894
v 56.8113 233.08 52.3564
v 56.7657 233.08 52.3265
v 56.7181 233.08 52.2997
v 56.6687 233.08 52.2762
v 56.6179 233.08 52.2562
v 56.5658 233.08 52.2397
v 56.5128 233.08 52.2267
v 56.4589 233.08 52.2175
v 56.4046 233.08 52.2119
v 79.2458 233.08 54.4372
v 78.6802 233.08 53.8715
v 79.8115 233.08 52.7402
v 80.3772 233.08 53.3058
v 81.25 233.08 53.51
v 82.05 233.08 53.51
v 81.25 233.08 51.91
v 82.05 233.08 51.91
v 84.6198 233.08 53.8715
v 84.0542 233.08 54.4372
v 82.9228 233.08 53.3058
v 83.4885 233.08 52.7402
v 77.85 233.08 56.11
v 77.85 233.08 55.31
v 79.45 233.08 55.31
v 79.45 233.08 56.11
v 80.45 233.08 56.91
v 82.85 233.08 56.91
v 80.45 233.08 54.51
v 82.85 233.08 54.51
v 78.6802 233.08 57.5485
v 79.2458 233.08 56.9828
v 80.3772 233.08 58.1142
v 79.8115 233.08 58.6798
v 82.05 233.08 57.91
v 81.25 233.08 57.91
v 82.05 233.08 59.51
v 81.25 233.08 59.51
v 84.0542 233.08 56.9828
v 84.6198 233.08 57.5485
v 83.4885 233.08 58.6798
v 82.9228 233.08 58.1142
v 85.45 233.08 55.31
v 85.45 233.08 56.11
v 83.85 233.08 56.11
v 83.85 233.08 55.31
v 109.55 233.08 52.7
v 105.75 233.08 52.7
v 111.146 233.08 54.1908
v 111.15 233.08 54.3
v 111.135 233.08 54.0821
v 111.117 233.08 53.9745
v 111.091 233.08 53.8683
v 111.058 233.08 53.7642
v 111.017 233.08 53.6626
v 110.971 233.08 53.5639
v 110.917 233.08 53.4687
v 110.857 233.08 53.3773
v 110.791 233.08 53.2903
v 110.719 233.08 53.2079
v 110.642 233.08 53.1307
v 110.56 233.08 53.0589
v 110.473 233.08 52.9928
v 110.381 233.08 52.9329
v 110.286 233.08 52.8794
v 110.187 233.08 52.8325
v 110.086 233.08 52.7924
v 109.982 233.08 52.7593
v 109.876 233.08 52.7335
v 109.768 233.08 52.7149
v 109.659 233.08 52.7037
v 104.154 233.08 54.1908
v 104.15 233.08 54.3
v 104.165 233.08 54.0821
v 104.183 233.08 53.9745
v 104.209 233.08 53.8683
v 104.242 233.08 53.7642
v 104.282 233.08 53.6626
v 104.329 233.08 53.5639
v 104.383 233.08 53.4687
v 104.443 233.08 53.3773
v 104.509 233.08 53.2903
v 104.581 233.08 53.2079
v 104.658 233.08 53.1307
v 104.74 233.08 53.0589
v 104.827 233.08 52.9928
v 104.919 233.08 52.9329
v 105.014 233.08 52.8794
v 105.113 233.08 52.8325
v 105.214 233.08 52.7924
v 105.318 233.08 52.7593
v 105.424 233.08 52.7335
v 105.532 233.08 52.7149
v 105.641 233.08 52.7037
v 111.15 233.08 57.12
v 104.15 233.08 57.12
v 111.146 233.08 57.2292
v 111.135 233.08 57.3379
v 111.117 233.08 57.4455
v 111.091 233.08 57.5517
v 111.058 233.08 57.6558
v 111.017 233.08 57.7574
v 110.971 233.08 57.8561
v 110.917 233.08 57.9513
v 110.857 233.08 58.0427
v 110.791 233.08 58.1297
v 110.719 233.08 58.2121
v 110.642 233.08 58.2893
v 110.56 233.08 58.3611
v 110.473 233.08 58.4272
v 110.381 233.08 58.4871
v 110.286 233.08 58.5406
v 110.187 233.08 58.5875
v 110.086 233.08 58.6276
v 109.982 233.08 58.6607
v 109.876 233.08 58.6865
v 109.768 233.08 58.7051
v 109.659 233.08 58.7163
v 109.55 233.08 58.72
v 104.154 233.08 57.2292
v 104.165 233.08 57.3379
v 104.183 233.08 57.4455
v 104.209 233.08 57.5517
v 104.242 233.08 57.6558
v 104.282 233.08 57.7574
v 104.329 233.08 57.8561
v 104.383 233.08 57.9513
v 104.443 233.08 58.0427
v 104.509 233.08 58.1297
v 104.581 233.08 58.2121
v 104.658 233.08 58.2893
v 104.74 233.08 58.3611
v 104.827 233.08 58.4272
v 104.919 233.08 58.4871
v 105.014 233.08 58.5406
v 105.113 233.08 58.5875
v 105.214 233.08 58.6276
v 105.318 233.08 58.6607
v 105.424 233.08 58.6865
v 105.532 233.08 58.7051
v 105.641 233.08 58.7163
v 105.75 233.08 58.72
v 81.65 232.18 80.51
v 82.0546 232.18 80.4959
v 82.4572 232.18 80.4536
v 82.8559 232.18 80.3833
v 83.2487 232.18 80.2853
v 83.6337 232.18 80.1602
v 84.0091 232.18 80.0086
v 84.3729 232.18 79.8311
v 84.7235 232.18 79.6287
v 85.0592 232.18 79.4023
v 85.3782 232.18 79.1531
v 85.679 232.18 78.8822
v 85.9602 232.18 78.591
v 86.2205 232.18 78.2808
v 86.4584 232.18 77.9533
v 86.6729 232.18 77.61
v 86.863 232.18 77.2526
v 87.0277 232.18 76.8827
v 87.1661 232.18 76.5023
v 87.2777 232.18 76.1131
v 87.3619 232.18 75.7172
v 87.4182 232.18 75.3163
v 87.4465 232.18 74.9124
v 87.4465 232.18 74.5076
v 87.4182 232.18 74.1037
v 87.3619 232.18 73.7028
v 87.2777 232.18 73.3069
v 87.1661 232.18 72.9177
v 87.0277 232.18 72.5373
v 86.863 232.18 72.1674
v 86.6729 232.18 71.81
v 86.4584 232.18 71.4667
v 86.2205 232.18 71.1392
v 85.9602 232.18 70.829
v 85.679 232.18 70.5378
v 85.3782 232.18 70.2669
v 85.0592 232.18 70.0177
v 84.7235 232.18 69.7913
v 84.3729 232.18 69.5889
v 84.0091 232.18 69.4114
v 83.6337 232.18 69.2598
v 83.2487 232.18 69.1347
v 82.8559 232.18 69.0367
v 82.4572 232.18 68.9664
v 82.0546 232.18 68.9241
v 81.65 232.18 68.91
v 81.2454 232.18 68.9241
v 80.8428 232.18 68.9664
v 80.4441 232.18 69.0367
v 80.0513 232.18 69.1347
v 79.6663 232.18 69.2598
v 79.2909 232.18 69.4114
v 78.9271 232.18 69.5889
v 78.5765 232.18 69.7913
v 78.2408 232.18 70.0177
v 77.9218 232.18 70.2669
v 77.621 232.18 70.5378
v 77.3398 232.18 70.829
v 77.0795 232.18 71.1392
v 76.8416 232.18 71.4667
v 76.6271 232.18 71.81
v 76.437 232.18 72.1674
v 76.2723 232.18 72.5373
v 76.1339 232.18 72.9177
v 76.0223 232.18 73.3069
v 75.9381 232.18 73.7028
v 75.8818 232.18 74.1037
v 75.8535 232.18 74.5076
v 75.8535 232.18 74.9124
v 75.8818 232.18 75.3163
v 75.9381 232.18 75.7172
v 76.0223 232.18 76.1131
v 76.1339 232.18 76.5023
v 76.2723 232.18 76.8827
v 76.437 232.18 77.2526
v 76.6271 232.18 77.61
v 76.8416 232.18 77.9533
v 77.0795 232.18 78.2808
v 77.3398 232.18 78.591
v 77.621 232.18 78.8822
v 77.9218 232.18 79.1531
v 78.2408 232.18 79.4023
v 78.5765 232.18 79.6287
v 78.9271 232.18 79.8311
v 79.2909 232.18 80.0086
v 79.6663 232.18 80.1602
v 80.0513 232.18 80.2853
v 80.4441 232.18 80.3833
v 80.8428 232.18 80.4536
v 81.2454 232.18 80.4959
v 107.65 232.18 80.51
v 108.055 232.18 80.4959
v 108.457 232.18 80.4536
v 108.856 232.18 80.3833
v 109.249 232.18 80.2853
v 109.634 232.18 80.1602
v 110.009 232.18 80.0086
v 110.373 232.18 79.8311
v 110.724 232.18 79.6287
v 111.059 232.18 79.4023
v 111.378 232.18 79.1531
v 111.679 232.18 78.8822
v 111.96 232.18 78.591
v 112.221 232.18 78.2808
v 112.458 232.18 77.9533
v 112.673 232.18 77.61
v 112.863 232.18 77.2526
v 113.028 232.18 76.8827
v 113.166 232.18 76.5023
v 113.278 232.18 76.1131
v 113.362 232.18 75.7172
v 113.418 232.18 75.3163
v 113.447 232.18 74.9124
v 113.447 232.18 74.5076
v 113.418 232.18 74.1037
v 113.362 232.18 73.7028
v 113.278 232.18 73.3069
v 113.166 232.18 72.9177
v 113.028 232.18 72.5373
v 112.863 232.18 72.1674
v 112.673 232.18 71.81
v 112.458 232.18 71.4667
v 112.221 232.18 71.1392
v 111.96 232.18 70.829
v 111.679 232.18 70.5378
v 111.378 232.18 70.2669
v 111.059 232.18 70.0177
v 110.724 232.18 69.7913
v 110.373 232.18 69.5889
v 110.009 232.18 69.4114
v 109.634 232.18 69.2598
v 109.249 232.18 69.1347
v 108.856 232.18 69.0367
v 108.457 232.18 68.9664
v 108.055 232.18 68.9241
v 107.65 232.18 68.91
v 107.245 232.18 68.9241
v 106.843 232.18 68.9664
v 106.444 232.18 69.0367
v 106.051 232.18 69.1347
v 105.666 232.18 69.2598
v 105.291 232.18 69.4114
v 104.927 232.18 69.5889
v 104.576 232.18 69.7913
v 104.241 232.18 70.0177
v 103.922 232.18 70.2669
v 103.621 232.18 70.5378
v 103.34 232.18 70.829
v 103.079 232.18 71.1392
v 102.842 232.18 71.4667
v 102.627 232.18 71.81
v 102.437 232.18 72.1674
v 102.272 232.18 72.5373
v 102.134 232.18 72.9177
v 102.022 232.18 73.3069
v 101.938 232.18 73.7028
v 101.882 232.18 74.1037
v 101.853 232.18 74.5076
v 101.853 232.18 74.9124
v 101.882 232.18 75.3163
v 101.938 232.18 75.7172
v 102.022 232.18 76.1131
v 102.134 232.18 76.5023
v 102.272 232.18 76.8827
v 102.437 232.18 77.2526
v 102.627 232.18 77.61
v 102.842 232.18 77.9533
v 103.079 232.18 78.2808
v 103.34 232.18 78.591
v 103.621 232.18 78.8822
v 103.922 232.18 79.1531
v 104.241 232.18 79.4023
v 104.576 232.18 79.6287
v 104.927 232.18 79.8311
v 105.291 232.18 80.0086
v 105.666 232.18 80.1602
v 106.051 232.18 80.2853
v 106.444 232.18 80.3833
v 106.843 232.18 80.4536
v 107.245 232.18 80.4959
v 135.55 233.08 52.7
v 131.75 233.08 52.7
v 137.146 233.08 54.1908
v 137.15 233.08 54.3
v 137.135 233.08 54.0821
v 137.117 233.08 53.9745
v 137.091 233.08 53.8683
v 137.058 233.08 53.7642
v 137.018 233.08 53.6626
v 136.971 233.08 53.5639
v 136.917 233.08 53.4687
v 136.857 233.08 53.3773
v 136.791 233.08 53.2903
v 136.719 233.08 53.2079
v 136.642 233.08 53.1307
v 136.56 233.08 53.0589
v 136.473 233.08 52.9928
v 136.381 233.08 52.9329
v 136.286 233.08 52.8794
v 136.187 233.08 52.8325
v 136.086 233.08 52.7924
v 135.982 233.08 52.7593
v 135.875 233.08 52.7335
v 135.768 233.08 52.7149
v 135.659 233.08 52.7037
v 130.154 233.08 54.1908
v 130.15 233.08 54.3
v 130.165 233.08 54.0821
v 130.184 233.08 53.9745
v 130.209 233.08 53.8683
v 130.242 233.08 53.7642
v 130.282 233.08 53.6626
v 130.329 233.08 53.5639
v 130.383 233.08 53.4687
v 130.443 233.08 53.3773
v 130.509 233.08 53.2903
v 130.581 233.08 53.2079
v 130.658 233.08 53.1307
v 130.74 233.08 53.0589
v 130.827 233.08 52.9928
v 130.919 233.08 52.9329
v 131.014 233.08 52.8794
v 131.113 233.08 52.8325
v 131.214 233.08 52.7924
v 131.318 233.08 52.7593
v 131.424 233.08 52.7335
v 131.532 233.08 52.7149
v 131.641 233.08 52.7037
v 137.15 233.08 57.12
v 130.15 233.08 57.12
v 137.146 233.08 57.2292
v 137.135 233.08 57.3379
v 137.117 233.08 57.4455
v 137.091 233.08 57.5517
v 137.058 233.08 57.6558
v 137.018 233.08 57.7574
v 136.971 233.08 57.8561
v 136.917 233.08 57.9513
v 136.857 233.08 58.0427
v 136.791 233.08 58.1297
v 136.719 233.08 58.2121
v 136.642 233.08 58.2893
v 136.56 233.08 58.3611
v 136.473 233.08 58.4272
v 136.381 233.08 58.4871
v 136.286 233.08 58.5406
v 136.187 233.08 58.5875
v 136.086 233.08 58.6276
v 135.982 233.08 58.6607
v 135.875 233.08 58.6865
v 135.768 233.08 58.7051
v 135.659 233.08 58.7163
v 135.55 233.08 58.72
v 130.154 233.08 57.2292
v 130.165 233.08 57.3379
v 130.184 233.08 57.4455
v 130.209 233.08 57.5517
v 130.242 233.08 57.6558
v 130.282 233.08 57.7574
v 130.329 233.08 57.8561
v 130.383 233.08 57.9513
v 130.443 233.08 58.0427
v 130.509 233.08 58.1297
v 130.581 233.08 58.2121
v 130.658 233.08 58.2893
v 130.74 233.08 58.3611
v 130.827 233.08 58.4272
v 130.919 233.08 58.4871
v 131.014 233.08 58.5406
v 131.113 233.08 58.5875
v 131.214 233.08 58.6276
v 131.318 233.08 58.6607
v 131.424 233.08 58.6865
v 131.532 233.08 58.7051
v 131.641 233.08 58.7163
v 131.75 233.08 58.72
v 173.028 233.08 56.9331
v 172.988 233.08 56.9621
v 172.868 233.08 56.7969
v 173.49 233.08 57.3263
v 172.713 233.08 56.6645
v 173.49 233.08 57.4366
v 172.745 233.08 56.6269
v 173.62 233.08 57.4366
v 172.066 233.08 55.692
v 173.718 233.08 57.5206
v 172.552 233.08 55.3395
v 173.79 233.08 57.4366
v 173.312 233.08 56.3865
v 174.31 233.08 57.4366
v 173.84 233.08 56.8366
v 174.382 233.08 57.5206
v 174.26 233.08 56.8366
v 174.48 233.08 57.4366
v 174.788 233.08 56.3865
v 174.61 233.08 57.4366
v 175.945 233.08 54.7931
v 174.61 233.08 57.3263
v 175.913 233.08 54.7555
v 175.072 233.08 56.9331
v 176.068 233.08 54.6231
v 175.112 233.08 56.9621
v 176.188 233.08 54.4579
v 175.232 233.08 56.7969
v 176.228 233.08 54.4869
v 175.387 233.08 56.6645
v 176.69 233.08 54.0937
v 175.355 233.08 56.6269
v 176.69 233.08 53.9834
v 176.512 233.08 55.0335
v 176.82 233.08 53.9834
v 177.04 233.08 54.5834
v 176.918 233.08 53.8994
v 177.46 233.08 54.5834
v 176.99 233.08 53.9834
v 177.988 233.08 55.0335
v 177.51 233.08 53.9834
v 178.748 233.08 56.0805
v 177.582 233.08 53.8994
v 179.234 233.08 55.728
v 177.68 233.08 53.9834
v 178.555 233.08 54.7931
v 177.81 233.08 53.9834
v 178.587 233.08 54.7555
v 177.81 233.08 54.0937
v 178.432 233.08 54.6231
v 178.272 233.08 54.4869
v 178.312 233.08 54.4579
v 133.65 232.18 80.51
v 134.055 232.18 80.4959
v 134.457 232.18 80.4536
v 134.856 232.18 80.3833
v 135.249 232.18 80.2853
v 135.634 232.18 80.1602
v 136.009 232.18 80.0086
v 136.373 232.18 79.8311
v 136.724 232.18 79.6287
v 137.059 232.18 79.4023
v 137.378 232.18 79.1531
v 137.679 232.18 78.8822
v 137.96 232.18 78.591
v 138.22 232.18 78.2808
v 138.458 232.18 77.9533
v 138.673 232.18 77.61
v 138.863 232.18 77.2526
v 139.028 232.18 76.8827
v 139.166 232.18 76.5023
v 139.278 232.18 76.1131
v 139.362 232.18 75.7172
v 139.418 232.18 75.3163
v 139.446 232.18 74.9124
v 139.446 232.18 74.5076
v 139.418 232.18 74.1037
v 139.362 232.18 73.7028
v 139.278 232.18 73.3069
v 139.166 232.18 72.9177
v 139.028 232.18 72.5373
v 138.863 232.18 72.1674
v 138.673 232.18 71.81
v 138.458 232.18 71.4667
v 138.22 232.18 71.1392
v 137.96 232.18 70.829
v 137.679 232.18 70.5378
v 137.378 232.18 70.2669
v 137.059 232.18 70.0177
v 136.724 232.18 69.7913
v 136.373 232.18 69.5889
v 136.009 232.18 69.4114
v 135.634 232.18 69.2598
v 135.249 232.18 69.1347
v 134.856 232.18 69.0367
v 134.457 232.18 68.9664
v 134.055 232.18 68.9241
v 133.65 232.18 68.91
v 133.245 232.18 68.9241
v 132.843 232.18 68.9664
v 132.444 232.18 69.0367
v 132.051 232.18 69.1347
v 131.666 232.18 69.2598
v 131.291 232.18 69.4114
v 130.927 232.18 69.5889
v 130.577 232.18 69.7913
v 130.241 232.18 70.0177
v 129.922 232.18 70.2669
v 129.621 232.18 70.5378
v 129.34 232.18 70.829
v 129.079 232.18 71.1392
v 128.842 232.18 71.4667
v 128.627 232.18 71.81
v 128.437 232.18 72.1674
v 128.272 232.18 72.5373
v 128.134 232.18 72.9177
v 128.022 232.18 73.3069
v 127.938 232.18 73.7028
v 127.882 232.18 74.1037
v 127.853 232.18 74.5076
v 127.853 232.18 74.9124
v 127.882 232.18 75.3163
v 127.938 232.18 75.7172
v 128.022 232.18 76.1131
v 128.134 232.18 76.5023
v 128.272 232.18 76.8827
v 128.437 232.18 77.2526
v 128.627 232.18 77.61
v 128.842 232.18 77.9533
v 129.079 232.18 78.2808
v 129.34 232.18 78.591
v 129.621 232.18 78.8822
v 129.922 232.18 79.1531
v 130.241 232.18 79.4023
v 130.577 232.18 79.6287
v 130.927 232.18 79.8311
v 131.291 232.18 80.0086
v 131.666 232.18 80.1602
v 132.051 232.18 80.2853
v 132.444 232.18 80.3833
v 132.843 232.18 80.4536
v 133.245 232.18 80.4959
v 163.65 225.68 78.21
v 163.65 225.68 66.21
v 168.65 225.68 83.21
v 187.65 225.68 66.21
v 182.65 225.68 83.21
v 187.65 225.68 78.21
v 0.399 -1.8225 14.9329
v 0.3625 -1.8225 16
v 0.5082 -1.8225 13.8707
v 0.6896 -1.8225 12.8185
v 0.9424 -1.8225 11.7811
v 1.2654 -1.8225 10.7633
v 1.6571 -1.8225 9.77
v 2.1157 -1.8225 8.8057
v 2.639 -1.8225 7.875
v 3.2247 -1.8225 6.9822
v 3.8698 -1.8225 6.1314
v 4.5716 -1.8225 5.3266
v 5.3266 -1.8225 4.5716
v 6.1314 -1.8225 3.8698
v 6.9822 -1.8225 3.2247
v 7.875 -1.8225 2.639
v 8.8057 -1.8225 2.1157
v 9.77 -1.8225 1.6571
v 10.7633 -1.8225 1.2654
v 11.7811 -1.8225 0.9424
v 12.8185 -1.8225 0.6896
v 13.8707 -1.8225 0.5082
v 14.9329 -1.8225 0.399
v 16 -1.8225 0.3625
v 225.3 -1.8225 0.3625
v 226.367 -1.8225 0.399
v 227.429 -1.8225 0.5082
v 228.482 -1.8225 0.6896
v 229.519 -1.8225 0.9424
v 230.537 -1.8225 1.2654
v 231.53 -1.8225 1.6571
v 232.494 -1.8225 2.1157
v 233.425 -1.8225 2.639
v 234.318 -1.8225 3.2247
v 235.169 -1.8225 3.8698
v 235.973 -1.8225 4.5716
v 236.728 -1.8225 5.3266
v 237.43 -1.8225 6.1314
v 238.075 -1.8225 6.9822
v 238.661 -1.8225 7.875
v 239.184 -1.8225 8.8057
v 239.643 -1.8225 9.77
v 240.035 -1.8225 10.7633
v 240.358 -1.8225 11.7811
v 240.61 -1.8225 12.8185
v 240.792 -1.8225 13.8707
v 240.901 -1.8225 14.9329
v 240.938 -1.8225 16
v 240.938 -1.8225 169.42
v 240.901 -1.8225 170.487
v 240.792 -1.8225 171.549
v 240.61 -1.8225 172.601
v 240.358 -1.8225 173.639
v 240.035 -1.8225 174.657
v 239.643 -1.8225 175.65
v 239.184 -1.8225 176.614
v 238.661 -1.8225 177.545
v 238.075 -1.8225 178.438
v 237.43 -1.8225 179.289
v 236.728 -1.8225 180.093
v 235.973 -1.8225 180.848
v 235.169 -1.8225 181.55
v 234.318 -1.8225 182.195
v 233.425 -1.8225 182.781
v 232.494 -1.8225 183.304
v 231.53 -1.8225 183.763
v 230.537 -1.8225 184.155
v 229.519 -1.8225 184.478
v 228.482 -1.8225 184.73
v 227.429 -1.8225 184.912
v 226.367 -1.8225 185.021
v 225.3 -1.8225 185.058
v 16 -1.8225 185.058
v 14.9329 -1.8225 185.021
v 13.8707 -1.8225 184.912
v 12.8185 -1.8225 184.73
v 11.7811 -1.8225 184.478
v 10.7633 -1.8225 184.155
v 9.77 -1.8225 183.763
v 8.8057 -1.8225 183.304
v 7.875 -1.8225 182.781
v 6.9822 -1.8225 182.195
v 6.1314 -1.8225 181.55
v 5.3266 -1.8225 180.848
v 4.5716 -1.8225 180.093
v 3.8698 -1.8225 179.289
v 3.2247 -1.8225 178.438
v 2.639 -1.8225 177.545
v 2.1157 -1.8225 176.614
v 1.6571 -1.8225 175.65
v 1.2654 -1.8225 174.657
v 0.9424 -1.8225 173.639
v 0.6896 -1.8225 172.601
v 0.5082 -1.8225 171.549
v 0.399 -1.8225 170.487
v 0.3625 -1.8225 169.42
v 50.8672 233.08 58.4928
v 50.8436 233.08 58.4671
v 50.8929 233.08 58.5164
v 50.9206 233.08 58.5377
v 50.8223 233.08 58.4394
v 50.8036 233.08 58.41
v 50.95 233.08 58.5564
v 50.7875 233.08 58.379
v 50.981 233.08 58.5725
v 50.7741 233.08 58.3468
v 51.0132 233.08 58.5859
v 50.7636 233.08 58.3135
v 51.0465 233.08 58.5964
v 50.7561 233.08 58.2795
v 51.0805 233.08 58.6039
v 50.7515 233.08 58.2449
v 51.1151 233.08 58.6085
v 50.75 233.08 58.21
v 51.15 233.08 58.61
v 56.15 233.08 58.61
v 50.75 233.08 53.21
v 56.1849 233.08 58.6085
v 50.7515 233.08 53.1751
v 50.7561 233.08 53.1405
v 56.2195 233.08 58.6039
v 56.2535 233.08 58.5964
v 50.7636 233.08 53.1065
v 56.2868 233.08 58.5859
v 50.7741 233.08 53.0732
v 56.319 233.08 58.5725
v 50.7875 233.08 53.041
v 56.35 233.08 58.5564
v 50.8036 233.08 53.01
v 56.3794 233.08 58.5377
v 50.8223 233.08 52.9806
v 50.8436 233.08 52.9529
v 56.4071 233.08 58.5164
v 56.4328 233.08 58.4928
v 50.8672 233.08 52.9272
v 50.8929 233.08 52.9036
v 56.4564 233.08 58.4671
v 56.4777 233.08 58.4394
v 50.9206 233.08 52.8823
v 50.95 233.08 52.8636
v 56.4964 233.08 58.41
v 50.981 233.08 52.8475
v 56.5125 233.08 58.379
v 51.0132 233.08 52.8341
v 56.5259 233.08 58.3468
v 56.55 233.08 58.21
v 56.5485 233.08 58.2449
v 56.5439 233.08 58.2795
v 56.5364 233.08 58.3135
v 51.0465 233.08 52.8236
v 51.0805 233.08 52.8161
v 51.1151 233.08 52.8115
v 51.15 233.08 52.81
v 56.15 233.08 52.81
v 56.1849 233.08 52.8115
v 56.2195 233.08 52.8161
v 56.2535 233.08 52.8236
v 56.2868 233.08 52.8341
v 56.55 233.08 53.21
v 56.5259 233.08 53.0732
v 56.5364 233.08 53.1065
v 56.5439 233.08 53.1405
v 56.5485 233.08 53.1751
v 56.5125 233.08 53.041
v 56.319 233.08 52.8475
v 56.4964 233.08 53.01
v 56.35 233.08 52.8636
v 56.4777 233.08 52.9806
v 56.3794 233.08 52.8823
v 56.4071 233.08 52.9036
v 56.4564 233.08 52.9529
v 56.4328 233.08 52.9272
v 105.067 233.08 57.8508
v 105.019 233.08 57.8026
v 105.119 233.08 57.8957
v 104.974 233.08 57.7511
v 105.173 233.08 57.937
v 104.933 233.08 57.6967
v 105.23 233.08 57.9744
v 104.896 233.08 57.6396
v 105.29 233.08 58.0079
v 104.862 233.08 57.5801
v 105.352 233.08 58.0372
v 104.833 233.08 57.5184
v 105.415 233.08 58.0623
v 104.808 233.08 57.4549
v 105.48 233.08 58.0829
v 104.787 233.08 57.3898
v 105.546 233.08 58.0991
v 104.771 233.08 57.3235
v 105.614 233.08 58.1107
v 104.759 233.08 57.2562
v 105.682 233.08 58.1177
v 104.752 233.08 57.1882
v 105.75 233.08 58.12
v 104.75 233.08 57.12
v 104.75 233.08 54.3
v 104.752 233.08 54.2318
v 104.759 233.08 54.1638
v 104.771 233.08 54.0965
v 104.787 233.08 54.0302
v 104.808 233.08 53.9651
v 104.833 233.08 53.9016
v 104.862 233.08 53.8399
v 104.896 233.08 53.7804
v 104.933 233.08 53.7233
v 104.974 233.08 53.6689
v 105.019 233.08 53.6174
v 109.55 233.08 58.12
v 109.618 233.08 58.1177
v 105.067 233.08 53.5692
v 109.686 233.08 58.1107
v 105.119 233.08 53.5243
v 109.754 233.08 58.0991
v 105.173 233.08 53.483
v 109.82 233.08 58.0829
v 109.885 233.08 58.0623
v 105.23 233.08 53.4456
v 109.948 233.08 58.0372
v 105.29 233.08 53.4121
v 110.01 233.08 58.0079
v 110.07 233.08 57.9744
v 105.352 233.08 53.3828
v 110.127 233.08 57.937
v 105.415 233.08 53.3577
v 110.181 233.08 57.8957
v 110.233 233.08 57.8508
v 105.48 233.08 53.3371
v 110.281 233.08 57.8026
v 105.546 233.08 53.3209
v 110.326 233.08 57.7511
v 110.367 233.08 57.6967
v 105.614 233.08 53.3093
v 110.404 233.08 57.6396
v 105.682 233.08 53.3023
v 105.75 233.08 53.3
v 110.438 233.08 57.5801
v 110.467 233.08 57.5184
v 110.492 233.08 57.4549
v 110.513 233.08 57.3898
v 110.529 233.08 57.3235
v 110.541 233.08 57.2562
v 110.548 233.08 57.1882
v 110.55 233.08 57.12
v 110.55 233.08 54.3
v 109.55 233.08 53.3
v 110.548 233.08 54.2318
v 109.618 233.08 53.3023
v 110.541 233.08 54.1638
v 109.686 233.08 53.3093
v 110.529 233.08 54.0965
v 109.754 233.08 53.3209
v 110.513 233.08 54.0302
v 109.82 233.08 53.3371
v 110.492 233.08 53.9651
v 109.885 233.08 53.3577
v 110.467 233.08 53.9016
v 109.948 233.08 53.3828
v 110.438 233.08 53.8399
v 110.01 233.08 53.4121
v 110.404 233.08 53.7804
v 110.07 233.08 53.4456
v 110.367 233.08 53.7233
v 110.127 233.08 53.483
v 110.326 233.08 53.6689
v 110.181 233.08 53.5243
v 110.233 233.08 53.5692
v 110.281 233.08 53.6174
v 131.067 233.08 57.8508
v 131.019 233.08 57.8026
v 131.119 233.08 57.8957
v 130.974 233.08 57.7511
v 131.173 233.08 57.937
v 130.933 233.08 57.6967
v 131.23 233.08 57.9744
v 130.896 233.08 57.6396
v 131.29 233.08 58.0079
v 130.862 233.08 57.5801
v 131.352 233.08 58.0372
v 130.833 233.08 57.5184
v 131.415 233.08 58.0623
v 130.808 233.08 57.4549
v 131.48 233.08 58.0829
v 130.787 233.08 57.3898
v 131.547 233.08 58.0991
v 130.771 233.08 57.3235
v 131.614 233.08 58.1107
v 130.759 233.08 57.2562
v 131.682 233.08 58.1177
v 130.752 233.08 57.1882
v 130.75 233.08 57.12
v 131.75 233.08 58.12
v 130.75 233.08 54.3
v 130.752 233.08 54.2318
v 130.759 233.08 54.1638
v 130.771 233.08 54.0965
v 130.787 233.08 54.0302
v 130.808 233.08 53.9651
v 130.833 233.08 53.9016
v 130.862 233.08 53.8399
v 130.896 233.08 53.7804
v 130.933 233.08 53.7233
v 130.974 233.08 53.6689
v 131.019 233.08 53.6174
v 135.55 233.08 58.12
v 131.067 233.08 53.5692
v 135.618 233.08 58.1177
v 135.686 233.08 58.1107
v 131.119 233.08 53.5243
v 135.754 233.08 58.0991
v 131.173 233.08 53.483
v 135.82 233.08 58.0829
v 135.885 233.08 58.0623
v 131.23 233.08 53.4456
v 135.948 233.08 58.0372
v 131.29 233.08 53.4121
v 136.01 233.08 58.0079
v 136.07 233.08 57.9744
v 131.352 233.08 53.3828
v 136.127 233.08 57.937
v 131.415 233.08 53.3577
v 136.181 233.08 57.8957
v 136.233 233.08 57.8508
v 131.48 233.08 53.3371
v 136.281 233.08 57.8026
v 131.547 233.08 53.3209
v 136.326 233.08 57.7511
v 136.367 233.08 57.6967
v 131.614 233.08 53.3093
v 136.404 233.08 57.6396
v 131.682 233.08 53.3023
v 131.75 233.08 53.3
v 136.438 233.08 57.5801
v 136.467 233.08 57.5184
v 136.492 233.08 57.4549
v 136.513 233.08 57.3898
v 136.529 233.08 57.3235
v 136.541 233.08 57.2562
v 136.548 233.08 57.1882
v 136.55 233.08 57.12
v 135.55 233.08 53.3
v 136.55 233.08 54.3
v 136.548 233.08 54.2318
v 135.618 233.08 53.3023
v 136.541 233.08 54.1638
v 135.686 233.08 53.3093
v 135.754 233.08 53.3209
v 136.529 233.08 54.0965
v 135.82 233.08 53.3371
v 136.513 233.08 54.0302
v 136.492 233.08 53.9651
v 135.885 233.08 53.3577
v 135.948 233.08 53.3828
v 136.467 233.08 53.9016
v 136.01 233.08 53.4121
v 136.438 233.08 53.8399
v 136.404 233.08 53.7804
v 136.07 233.08 53.4456
v 136.127 233.08 53.483
v 136.367 233.08 53.7233
v 136.326 233.08 53.6689
v 136.181 233.08 53.5243
v 136.281 233.08 53.6174
v 136.233 233.08 53.5692
v 0.8381 -2.6459 14.9629
v 0.8026 -2.6459 16
v 0.9442 -2.6459 13.9306
v 1.1205 -2.6459 12.908
v 1.3662 -2.6459 11.8998
v 1.6801 -2.6459 10.9107
v 2.0608 -2.6459 9.9453
v 2.5065 -2.6459 9.0082
v 3.0151 -2.6459 8.1037
v 3.5842 -2.6459 7.236
v 4.2112 -2.6459 6.4091
v 4.8932 -2.6459 5.627
v 5.627 -2.6459 4.8932
v 6.4091 -2.6459 4.2112
v 7.236 -2.6459 3.5842
v 8.1037 -2.6459 3.0151
v 9.0082 -2.6459 2.5065
v 9.9453 -2.6459 2.0608
v 10.9107 -2.6459 1.6801
v 11.8998 -2.6459 1.3662
v 12.908 -2.6459 1.1205
v 13.9306 -2.6459 0.9442
v 14.9629 -2.6459 0.8381
v 16 -2.6459 0.8026
v 225.3 -2.6459 0.8026
v 226.337 -2.6459 0.8381
v 227.369 -2.6459 0.9442
v 228.392 -2.6459 1.1205
v 229.4 -2.6459 1.3662
v 230.389 -2.6459 1.6801
v 231.355 -2.6459 2.0608
v 232.292 -2.6459 2.5065
v 233.196 -2.6459 3.0151
v 234.064 -2.6459 3.5842
v 234.891 -2.6459 4.2112
v 235.673 -2.6459 4.8932
v 236.407 -2.6459 5.627
v 237.089 -2.6459 6.4091
v 237.716 -2.6459 7.236
v 238.285 -2.6459 8.1037
v 238.793 -2.6459 9.0082
v 239.239 -2.6459 9.9453
v 239.62 -2.6459 10.9107
v 239.934 -2.6459 11.8998
v 240.179 -2.6459 12.908
v 240.356 -2.6459 13.9306
v 240.462 -2.6459 14.9629
v 240.497 -2.6459 16
v 240.497 -2.6459 169.42
v 240.462 -2.6459 170.457
v 240.356 -2.6459 171.489
v 240.179 -2.6459 172.512
v 239.934 -2.6459 173.52
v 239.62 -2.6459 174.509
v 239.239 -2.6459 175.475
v 238.793 -2.6459 176.412
v 238.285 -2.6459 177.316
v 237.716 -2.6459 178.184
v 237.089 -2.6459 179.011
v 236.407 -2.6459 179.793
v 235.673 -2.6459 180.527
v 234.891 -2.6459 181.209
v 234.064 -2.6459 181.836
v 233.196 -2.6459 182.405
v 232.292 -2.6459 182.913
v 231.355 -2.6459 183.359
v 230.389 -2.6459 183.74
v 229.4 -2.6459 184.054
v 228.392 -2.6459 184.299
v 227.369 -2.6459 184.476
v 226.337 -2.6459 184.582
v 225.3 -2.6459 184.617
v 16 -2.6459 184.617
v 14.9629 -2.6459 184.582
v 13.9306 -2.6459 184.476
v 12.908 -2.6459 184.299
v 11.8998 -2.6459 184.054
v 10.9107 -2.6459 183.74
v 9.9453 -2.6459 183.359
v 9.0082 -2.6459 182.913
v 8.1037 -2.6459 182.405
v 7.236 -2.6459 181.836
v 6.4091 -2.6459 181.209
v 5.627 -2.6459 180.527
v 4.8932 -2.6459 179.793
v 4.2112 -2.6459 179.011
v 3.5842 -2.6459 178.184
v 3.0151 -2.6459 177.316
v 2.5065 -2.6459 176.412
v 2.0608 -2.6459 175.475
v 1.6801 -2.6459 174.509
v 1.3662 -2.6459 173.52
v 1.1205 -2.6459 172.512
v 0.9442 -2.6459 171.489
v 0.8381 -2.6459 170.457
v 0.8026 -2.6459 169.42
v 51.15 233.68 52.81
v 56.15 233.68 52.81
v 56.55 233.68 53.21
v 56.5485 233.68 53.1751
v 56.5439 233.68 53.1405
v 56.5364 233.68 53.1065
v 56.5259 233.68 53.0732
v 56.5125 233.68 53.041
v 56.4964 233.68 53.01
v 56.4777 233.68 52.9806
v 56.4564 233.68 52.9529
v 56.4071 233.68 52.9036
v 56.4328 233.68 52.9272
v 56.3794 233.68 52.8823
v 56.35 233.68 52.8636
v 56.319 233.68 52.8475
v 56.2535 233.68 52.8236
v 56.2868 233.68 52.8341
v 56.2195 233.68 52.8161
v 56.1849 233.68 52.8115
v 56.55 233.68 58.21
v 56.5485 233.68 58.2449
v 56.5439 233.68 58.2795
v 56.5364 233.68 58.3135
v 56.5259 233.68 58.3468
v 56.5125 233.68 58.379
v 56.4964 233.68 58.41
v 56.4777 233.68 58.4394
v 56.4564 233.68 58.4671
v 56.4328 233.68 58.4928
v 56.4071 233.68 58.5164
v 56.3794 233.68 58.5377
v 56.35 233.68 58.5564
v 56.319 233.68 58.5725
v 56.2868 233.68 58.5859
v 56.2535 233.68 58.5964
v 56.2195 233.68 58.6039
v 56.1849 233.68 58.6085
v 56.15 233.68 58.61
v 51.15 233.68 58.61
v 50.75 233.68 58.21
v 50.7515 233.68 58.2449
v 50.7561 233.68 58.2795
v 50.7636 233.68 58.3135
v 50.7741 233.68 58.3468
v 50.7875 233.68 58.379
v 50.8036 233.68 58.41
v 50.8223 233.68 58.4394
v 50.8436 233.68 58.4671
v 50.8929 233.68 58.5164
v 50.8672 233.68 58.4928
v 50.9206 233.68 58.5377
v 50.95 233.68 58.5564
v 50.981 233.68 58.5725
v 51.0465 233.68 58.5964
v 51.0132 233.68 58.5859
v 51.0805 233.68 58.6039
v 51.1151 233.68 58.6085
v 50.75 233.68 53.21
v 50.7515 233.68 53.1751
v 50.7561 233.68 53.1405
v 50.7636 233.68 53.1065
v 50.7741 233.68 53.0732
v 50.7875 233.68 53.041
v 50.8036 233.68 53.01
v 50.8223 233.68 52.9806
v 50.8436 233.68 52.9529
v 50.8672 233.68 52.9272
v 50.8929 233.68 52.9036
v 50.9206 233.68 52.8823
v 50.95 233.68 52.8636
v 50.981 233.68 52.8475
v 51.0132 233.68 52.8341
v 51.0465 233.68 52.8236
v 51.0805 233.68 52.8161
v 51.1151 233.68 52.8115
v 105.75 233.68 53.3
v 109.55 233.68 53.3
v 110.55 233.68 54.3
v 110.548 233.68 54.2318
v 110.541 233.68 54.1638
v 110.529 233.68 54.0965
v 110.492 233.68 53.9651
v 110.513 233.68 54.0302
v 110.467 233.68 53.9016
v 110.438 233.68 53.8399
v 110.404 233.68 53.7804
v 110.367 233.68 53.7233
v 110.281 233.68 53.6174
v 110.326 233.68 53.6689
v 110.181 233.68 53.5243
v 110.233 233.68 53.5692
v 110.127 233.68 53.483
v 110.07 233.68 53.4456
v 110.01 233.68 53.4121
v 109.885 233.68 53.3577
v 109.948 233.68 53.3828
v 109.82 233.68 53.3371
v 109.754 233.68 53.3209
v 109.618 233.68 53.3023
v 109.686 233.68 53.3093
v 110.55 233.68 57.12
v 110.548 233.68 57.1882
v 110.541 233.68 57.2562
v 110.529 233.68 57.3235
v 110.513 233.68 57.3898
v 110.492 233.68 57.4549
v 110.467 233.68 57.5184
v 110.438 233.68 57.5801
v 110.404 233.68 57.6396
v 110.367 233.68 57.6967
v 110.326 233.68 57.7511
v 110.281 233.68 57.8026
v 110.233 233.68 57.8508
v 110.181 233.68 57.8957
v 110.127 233.68 57.937
v 110.07 233.68 57.9744
v 110.01 233.68 58.0079
v 109.948 233.68 58.0372
v 109.885 233.68 58.0623
v 109.82 233.68 58.0829
v 109.754 233.68 58.0991
v 109.686 233.68 58.1107
v 109.618 233.68 58.1177
v 109.55 233.68 58.12
v 105.75 233.68 58.12
v 104.75 233.68 57.12
v 104.752 233.68 57.1882
v 104.759 233.68 57.2562
v 104.771 233.68 57.3235
v 104.808 233.68 57.4549
v 104.787 233.68 57.3898
v 104.833 233.68 57.5184
v 104.862 233.68 57.5801
v 104.896 233.68 57.6396
v 104.933 233.68 57.6967
v 105.019 233.68 57.8026
v 104.974 233.68 57.7511
v 105.119 233.68 57.8957
v 105.067 233.68 57.8508
v 105.173 233.68 57.937
v 105.23 233.68 57.9744
v 105.29 233.68 58.0079
v 105.415 233.68 58.0623
v 105.352 233.68 58.0372
v 105.48 233.68 58.0829
v 105.546 233.68 58.0991
v 105.682 233.68 58.1177
v 105.614 233.68 58.1107
v 104.75 233.68 54.3
v 104.752 233.68 54.2318
v 104.759 233.68 54.1638
v 104.771 233.68 54.0965
v 104.787 233.68 54.0302
v 104.808 233.68 53.9651
v 104.833 233.68 53.9016
v 104.862 233.68 53.8399
v 104.896 233.68 53.7804
v 104.933 233.68 53.7233
v 104.974 233.68 53.6689
v 105.019 233.68 53.6174
v 105.067 233.68 53.5692
v 105.119 233.68 53.5243
v 105.173 233.68 53.483
v 105.23 233.68 53.4456
v 105.29 233.68 53.4121
v 105.352 233.68 53.3828
v 105.415 233.68 53.3577
v 105.48 233.68 53.3371
v 105.546 233.68 53.3209
v 105.614 233.68 53.3093
v 105.682 233.68 53.3023
v 131.75 233.68 53.3
v 135.55 233.68 53.3
v 136.55 233.68 54.3
v 136.548 233.68 54.2318
v 136.541 233.68 54.1638
v 136.529 233.68 54.0965
v 136.513 233.68 54.0302
v 136.492 233.68 53.9651
v 136.438 233.68 53.8399
v 136.467 233.68 53.9016
v 136.404 233.68 53.7804
v 136.367 233.68 53.7233
v 136.281 233.68 53.6174
v 136.326 233.68 53.6689
v 136.233 233.68 53.5692
v 136.127 233.68 53.483
v 136.181 233.68 53.5243
v 136.07 233.68 53.4456
v 136.01 233.68 53.4121
v 135.948 233.68 53.3828
v 135.885 233.68 53.3577
v 135.82 233.68 53.3371
v 135.754 233.68 53.3209
v 135.686 233.68 53.3093
v 135.618 233.68 53.3023
v 136.55 233.68 57.12
v 136.548 233.68 57.1882
v 136.541 233.68 57.2562
v 136.529 233.68 57.3235
v 136.513 233.68 57.3898
v 136.492 233.68 57.4549
v 136.467 233.68 57.5184
v 136.438 233.68 57.5801
v 136.404 233.68 57.6396
v 136.367 233.68 57.6967
v 136.326 233.68 57.7511
v 136.281 233.68 57.8026
v 136.233 233.68 57.8508
v 136.181 233.68 57.8957
v 136.127 233.68 57.937
v 136.07 233.68 57.9744
v 136.01 233.68 58.0079
v 135.948 233.68 58.0372
v 135.885 233.68 58.0623
v 135.82 233.68 58.0829
v 135.754 233.68 58.0991
v 135.686 233.68 58.1107
v 135.618 233.68 58.1177
v 135.55 233.68 58.12
v 131.75 233.68 58.12
v 130.75 233.68 57.12
v 130.752 233.68 57.1882
v 130.759 233.68 57.2562
v 130.771 233.68 57.3235
v 130.787 233.68 57.3898
v 130.808 233.68 57.4549
v 130.862 233.68 57.5801
v 130.833 233.68 57.5184
v 130.896 233.68 57.6396
v 130.933 233.68 57.6967
v 131.019 233.68 57.8026
v 130.974 233.68 57.7511
v 131.067 233.68 57.8508
v 131.173 233.68 57.937
v 131.119 233.68 57.8957
v 131.23 233.68 57.9744
v 131.29 233.68 58.0079
v 131.352 233.68 58.0372
v 131.415 233.68 58.0623
v 131.48 233.68 58.0829
v 131.547 233.68 58.0991
v 131.614 233.68 58.1107
v 131.682 233.68 58.1177
v 130.75 233.68 54.3
v 130.752 233.68 54.2318
v 130.759 233.68 54.1638
v 130.771 233.68 54.0965
v 130.787 233.68 54.0302
v 130.808 233.68 53.9651
v 130.833 233.68 53.9016
v 130.862 233.68 53.8399
v 130.896 233.68 53.7804
v 130.933 233.68 53.7233
v 130.974 233.68 53.6689
v 131.019 233.68 53.6174
v 131.067 233.68 53.5692
v 131.119 233.68 53.5243
v 131.173 233.68 53.483
v 131.23 233.68 53.4456
v 131.29 233.68 53.4121
v 131.352 233.68 53.3828
v 131.415 233.68 53.3577
v 131.48 233.68 53.3371
v 131.547 233.68 53.3209
v 131.614 233.68 53.3093
v 131.682 233.68 53.3023
v 1.429 -3.3676 15.0033
v 1.3949 -3.3676 16
v 1.5309 -3.3676 14.0113
v 1.7004 -3.3676 13.0285
v 1.9365 -3.3676 12.0596
v 2.2382 -3.3676 11.1091
v 2.604 -3.3676 10.1813
v 3.0324 -3.3676 9.2807
v 3.5211 -3.3676 8.4114
v 4.0681 -3.3676 7.5775
v 4.6707 -3.3676 6.7829
v 5.3261 -3.3676 6.0312
v 6.0312 -3.3676 5.3261
v 6.7829 -3.3676 4.6707
v 7.5775 -3.3676 4.0681
v 8.4114 -3.3676 3.5211
v 9.2807 -3.3676 3.0324
v 10.1813 -3.3676 2.604
v 11.1091 -3.3676 2.2382
v 12.0596 -3.3676 1.9365
v 13.0285 -3.3676 1.7004
v 14.0113 -3.3676 1.5309
v 15.0033 -3.3676 1.429
v 16 -3.3676 1.3949
v 225.3 -3.3676 1.3949
v 226.297 -3.3676 1.429
v 227.289 -3.3676 1.5309
v 228.272 -3.3676 1.7004
v 229.24 -3.3676 1.9365
v 230.191 -3.3676 2.2382
v 231.119 -3.3676 2.604
v 232.019 -3.3676 3.0324
v 232.889 -3.3676 3.5211
v 233.722 -3.3676 4.0681
v 234.517 -3.3676 4.6707
v 235.269 -3.3676 5.3261
v 235.974 -3.3676 6.0312
v 236.629 -3.3676 6.7829
v 237.232 -3.3676 7.5775
v 237.779 -3.3676 8.4114
v 238.268 -3.3676 9.2807
v 238.696 -3.3676 10.1813
v 239.062 -3.3676 11.1091
v 239.363 -3.3676 12.0596
v 239.6 -3.3676 13.0285
v 239.769 -3.3676 14.0113
v 239.871 -3.3676 15.0033
v 239.905 -3.3676 16
v 239.905 -3.3676 169.42
v 239.871 -3.3676 170.417
v 239.769 -3.3676 171.409
v 239.6 -3.3676 172.392
v 239.363 -3.3676 173.36
v 239.062 -3.3676 174.311
v 238.696 -3.3676 175.239
v 238.268 -3.3676 176.139
v 237.779 -3.3676 177.009
v 237.232 -3.3676 177.843
v 236.629 -3.3676 178.637
v 235.974 -3.3676 179.389
v 235.269 -3.3676 180.094
v 234.517 -3.3676 180.749
v 233.722 -3.3676 181.352
v 232.889 -3.3676 181.899
v 232.019 -3.3676 182.388
v 231.119 -3.3676 182.816
v 230.191 -3.3676 183.182
v 229.24 -3.3676 183.483
v 228.272 -3.3676 183.72
v 227.289 -3.3676 183.889
v 226.297 -3.3676 183.991
v 225.3 -3.3676 184.025
v 16 -3.3676 184.025
v 15.0033 -3.3676 183.991
v 14.0113 -3.3676 183.889
v 13.0285 -3.3676 183.72
v 12.0596 -3.3676 183.483
v 11.1091 -3.3676 183.182
v 10.1813 -3.3676 182.816
v 9.2807 -3.3676 182.388
v 8.4114 -3.3676 181.899
v 7.5775 -3.3676 181.352
v 6.7829 -3.3676 180.749
v 6.0312 -3.3676 180.094
v 5.3261 -3.3676 179.389
v 4.6707 -3.3676 178.637
v 4.0681 -3.3676 177.843
v 3.5211 -3.3676 177.009
v 3.0324 -3.3676 176.139
v 2.604 -3.3676 175.239
v 2.2382 -3.3676 174.311
v 1.9365 -3.3676 173.36
v 1.7004 -3.3676 172.392
v 1.5309 -3.3676 171.409
v 1.429 -3.3676 170.417
v 1.3949 -3.3676 169.42
v 51.8268 233.68 54.2544
v 51.8944 233.68 54.1868
v 51.764 233.68 54.3265
v 51.9665 233.68 54.124
v 51.7062 233.68 54.4026
v 52.0426 233.68 54.0662
v 51.6538 233.68 54.4826
v 52.1226 233.68 54.0138
v 51.607 233.68 54.5659
v 52.2059 233.68 53.967
v 51.5659 233.68 54.6522
v 52.2922 233.68 53.9259
v 51.5308 233.68 54.7412
v 52.3812 233.68 53.8908
v 51.5019 233.68 54.8323
v 52.4723 233.68 53.8619
v 51.4793 233.68 54.9252
v 52.5652 233.68 53.8393
v 51.463 233.68 55.0194
v 52.6594 233.68 53.823
v 51.4533 233.68 55.1145
v 52.7545 233.68 53.8133
v 51.45 233.68 55.21
v 52.85 233.68 53.81
v 54.45 233.68 53.81
v 51.764 233.68 57.0935
v 51.7062 233.68 57.0174
v 51.6538 233.68 56.9374
v 51.607 233.68 56.8541
v 51.5659 233.68 56.7678
v 51.5308 233.68 56.6788
v 51.5019 233.68 56.5877
v 51.4793 233.68 56.4948
v 51.463 233.68 56.4006
v 51.4533 233.68 56.3055
v 51.45 233.68 56.21
v 54.5455 233.68 53.8133
v 54.6406 233.68 53.823
v 54.7348 233.68 53.8393
v 54.8277 233.68 53.8619
v 54.9188 233.68 53.8908
v 55.0078 233.68 53.9259
v 51.8268 233.68 57.1656
v 55.0941 233.68 53.967
v 51.8944 233.68 57.2332
v 55.1774 233.68 54.0138
v 51.9665 233.68 57.296
v 55.2574 233.68 54.0662
v 55.3335 233.68 54.124
v 52.2059 233.68 57.453
v 52.1226 233.68 57.4062
v 52.0426 233.68 57.3538
v 55.4056 233.68 54.1868
v 55.4732 233.68 54.2544
v 52.2922 233.68 57.4941
v 55.536 233.68 54.3265
v 52.3812 233.68 57.5292
v 55.5938 233.68 54.4026
v 52.4723 233.68 57.5581
v 55.6462 233.68 54.4826
v 52.5652 233.68 57.5807
v 52.6594 233.68 57.597
v 55.693 233.68 54.5659
v 52.7545 233.68 57.6067
v 55.7341 233.68 54.6522
v 52.85 233.68 57.61
v 55.7692 233.68 54.7412
v 55.7981 233.68 54.8323
v 55.8207 233.68 54.9252
v 55.837 233.68 55.0194
v 55.8467 233.68 55.1145
v 55.85 233.68 55.21
v 54.45 233.68 57.61
v 55.85 233.68 56.21
v 55.8467 233.68 56.3055
v 55.837 233.68 56.4006
v 55.8207 233.68 56.4948
v 55.7981 233.68 56.5877
v 55.7692 233.68 56.6788
v 55.7341 233.68 56.7678
v 55.693 233.68 56.8541
v 55.6462 233.68 56.9374
v 55.5938 233.68 57.0174
v 55.536 233.68 57.0935
v 55.4732 233.68 57.1656
v 55.4056 233.68 57.2332
v 55.3335 233.68 57.296
v 55.2574 233.68 57.3538
v 55.1774 233.68 57.4062
v 55.0941 233.68 57.453
v 55.0078 233.68 57.4941
v 54.9188 233.68 57.5292
v 54.8277 233.68 57.5581
v 54.7348 233.68 57.5807
v 54.6406 233.68 57.597
v 54.5455 233.68 57.6067
v 106.65 233.68 54.66
v 107.65 233.68 53.36
v 108.65 233.68 54.66
v 106.65 233.68 56.76
v 107.25 233.68 56.11
v 107.25 233.68 55.31
v 108.65 233.68 56.76
v 108.05 233.68 55.31
v 108.05 233.68 56.11
v 107.65 233.68 58.06
v 132.65 233.68 54.66
v 133.65 233.68 53.36
v 134.65 233.68 54.66
v 132.65 233.68 56.76
v 133.35 233.68 56.76
v 133.35 233.68 54.66
v 134.65 233.68 56.76
v 133.95 233.68 54.66
v 133.95 233.68 56.76
v 133.65 233.68 58.06
v 2.149 -3.9599 15.0526
v 2.1166 -3.9599 16
v 2.2459 -3.9599 14.1095
v 2.407 -3.9599 13.1753
v 2.6314 -3.9599 12.2543
v 2.9182 -3.9599 11.3507
v 3.266 -3.9599 10.4688
v 3.6731 -3.9599 9.6127
v 4.1378 -3.9599 8.7864
v 4.6577 -3.9599 7.9937
v 5.2305 -3.9599 7.2384
v 5.8535 -3.9599 6.5238
v 6.5238 -3.9599 5.8535
v 7.2384 -3.9599 5.2305
v 7.9937 -3.9599 4.6577
v 8.7864 -3.9599 4.1378
v 9.6127 -3.9599 3.6731
v 10.4688 -3.9599 3.266
v 11.3507 -3.9599 2.9182
v 12.2543 -3.9599 2.6314
v 13.1753 -3.9599 2.407
v 14.1095 -3.9599 2.2459
v 15.0526 -3.9599 2.149
v 16 -3.9599 2.1166
v 225.3 -3.9599 2.1166
v 226.247 -3.9599 2.149
v 227.19 -3.9599 2.2459
v 228.125 -3.9599 2.407
v 229.046 -3.9599 2.6314
v 229.949 -3.9599 2.9182
v 230.831 -3.9599 3.266
v 231.687 -3.9599 3.6731
v 232.514 -3.9599 4.1378
v 233.306 -3.9599 4.6577
v 234.062 -3.9599 5.2305
v 234.776 -3.9599 5.8535
v 235.446 -3.9599 6.5238
v 236.07 -3.9599 7.2384
v 236.642 -3.9599 7.9937
v 237.162 -3.9599 8.7864
v 237.627 -3.9599 9.6127
v 238.034 -3.9599 10.4688
v 238.382 -3.9599 11.3507
v 238.669 -3.9599 12.2543
v 238.893 -3.9599 13.1753
v 239.054 -3.9599 14.1095
v 239.151 -3.9599 15.0526
v 239.183 -3.9599 16
v 239.183 -3.9599 169.42
v 239.151 -3.9599 170.367
v 239.054 -3.9599 171.31
v 238.893 -3.9599 172.245
v 238.669 -3.9599 173.166
v 238.382 -3.9599 174.069
v 238.034 -3.9599 174.951
v 237.627 -3.9599 175.807
v 237.162 -3.9599 176.634
v 236.642 -3.9599 177.426
v 236.07 -3.9599 178.182
v 235.446 -3.9599 178.896
v 234.776 -3.9599 179.566
v 234.062 -3.9599 180.19
v 233.306 -3.9599 180.762
v 232.514 -3.9599 181.282
v 231.687 -3.9599 181.747
v 230.831 -3.9599 182.154
v 229.949 -3.9599 182.502
v 229.046 -3.9599 182.789
v 228.125 -3.9599 183.013
v 227.19 -3.9599 183.174
v 226.247 -3.9599 183.271
v 225.3 -3.9599 183.303
v 16 -3.9599 183.303
v 15.0526 -3.9599 183.271
v 14.1095 -3.9599 183.174
v 13.1753 -3.9599 183.013
v 12.2543 -3.9599 182.789
v 11.3507 -3.9599 182.502
v 10.4688 -3.9599 182.154
v 9.6127 -3.9599 181.747
v 8.7864 -3.9599 181.282
v 7.9937 -3.9599 180.762
v 7.2384 -3.9599 180.19
v 6.5238 -3.9599 179.566
v 5.8535 -3.9599 178.896
v 5.2305 -3.9599 178.182
v 4.6577 -3.9599 177.426
v 4.1378 -3.9599 176.634
v 3.6731 -3.9599 175.807
v 3.266 -3.9599 174.951
v 2.9182 -3.9599 174.069
v 2.6314 -3.9599 173.166
v 2.407 -3.9599 172.245
v 2.2459 -3.9599 171.31
v 2.149 -3.9599 170.367
v 2.1166 -3.9599 169.42
v 54.45 233.08 53.81
v 52.85 233.08 53.81
v 51.4533 233.08 55.1145
v 51.45 233.08 55.21
v 51.463 233.08 55.0194
v 51.4793 233.08 54.9252
v 51.5019 233.08 54.8323
v 51.5308 233.08 54.7412
v 51.5659 233.08 54.6522
v 51.607 233.08 54.5659
v 51.6538 233.08 54.4826
v 51.7062 233.08 54.4026
v 51.764 233.08 54.3265
v 51.8268 233.08 54.2544
v 51.8944 233.08 54.1868
v 51.9665 233.08 54.124
v 52.0426 233.08 54.0662
v 52.1226 233.08 54.0138
v 52.2059 233.08 53.967
v 52.2922 233.08 53.9259
v 52.3812 233.08 53.8908
v 52.4723 233.08 53.8619
v 52.5652 233.08 53.8393
v 52.6594 233.08 53.823
v 52.7545 233.08 53.8133
v 51.45 233.08 56.21
v 51.4533 233.08 56.3055
v 51.463 233.08 56.4006
v 51.4793 233.08 56.4948
v 51.5019 233.08 56.5877
v 51.5308 233.08 56.6788
v 51.5659 233.08 56.7678
v 51.607 233.08 56.8541
v 51.6538 233.08 56.9374
v 51.7062 233.08 57.0174
v 51.764 233.08 57.0935
v 51.8268 233.08 57.1656
v 51.8944 233.08 57.2332
v 51.9665 233.08 57.296
v 52.0426 233.08 57.3538
v 52.1226 233.08 57.4062
v 52.2059 233.08 57.453
v 52.2922 233.08 57.4941
v 52.3812 233.08 57.5292
v 52.4723 233.08 57.5581
v 52.5652 233.08 57.5807
v 52.6594 233.08 57.597
v 52.7545 233.08 57.6067
v 52.85 233.08 57.61
v 54.45 233.08 57.61
v 55.8467 233.08 56.3055
v 55.85 233.08 56.21
v 55.837 233.08 56.4006
v 55.8207 233.08 56.4948
v 55.7981 233.08 56.5877
v 55.7692 233.08 56.6788
v 55.7341 233.08 56.7678
v 55.693 233.08 56.8541
v 55.6462 233.08 56.9374
v 55.5938 233.08 57.0174
v 55.536 233.08 57.0935
v 55.4732 233.08 57.1656
v 55.4056 233.08 57.2332
v 55.3335 233.08 57.296
v 55.2574 233.08 57.3538
v 55.1774 233.08 57.4062
v 55.0941 233.08 57.453
v 55.0078 233.08 57.4941
v 54.9188 233.08 57.5292
v 54.8277 233.08 57.5581
v 54.7348 233.08 57.5807
v 54.6406 233.08 57.597
v 54.5455 233.08 57.6067
v 55.85 233.08 55.21
v 55.8467 233.08 55.1145
v 55.837 233.08 55.0194
v 55.8207 233.08 54.9252
v 55.7981 233.08 54.8323
v 55.7692 233.08 54.7412
v 55.7341 233.08 54.6522
v 55.693 233.08 54.5659
v 55.6462 233.08 54.4826
v 55.5938 233.08 54.4026
v 55.536 233.08 54.3265
v 55.4732 233.08 54.2544
v 55.4056 233.08 54.1868
v 55.3335 233.08 54.124
v 55.2574 233.08 54.0662
v 55.1774 233.08 54.0138
v 55.0941 233.08 53.967
v 55.0078 233.08 53.9259
v 54.9188 233.08 53.8908
v 54.8277 233.08 53.8619
v 54.7348 233.08 53.8393
v 54.6406 233.08 53.823
v 54.5455 233.08 53.8133
v 107.65 233.08 53.36
v 108.65 233.08 54.66
v 106.65 233.08 54.66
v 107.25 233.08 56.11
v 108.05 233.08 56.11
v 108.05 233.08 55.31
v 107.25 233.08 55.31
v 108.65 233.08 56.76
v 106.65 233.08 56.76
v 107.65 233.08 58.06
v 132.65 233.08 54.66
v 133.65 233.08 53.36
v 133.35 233.08 54.66
v 133.35 233.08 56.76
v 132.65 233.08 56.76
v 133.65 233.08 58.06
v 134.65 233.08 56.76
v 133.95 233.08 56.76
v 133.95 233.08 54.66
v 134.65 233.08 54.66
v 2.9704 -4.4 15.1088
v 2.94 -4.4 16
v 3.0616 -4.4 14.2217
v 3.2131 -4.4 13.3429
v 3.4243 -4.4 12.4764
v 3.694 -4.4 11.6265
v 4.0212 -4.4 10.7969
v 4.4042 -4.4 9.9915
v 4.8413 -4.4 9.2142
v 5.3303 -4.4 8.4685
v 5.8692 -4.4 7.758
v 6.4553 -4.4 7.0858
v 7.0858 -4.4 6.4553
v 7.758 -4.4 5.8692
v 8.4685 -4.4 5.3303
v 9.2142 -4.4 4.8413
v 9.9915 -4.4 4.4042
v 10.7969 -4.4 4.0212
v 11.6265 -4.4 3.694
v 12.4764 -4.4 3.4243
v 13.3429 -4.4 3.2131
v 14.2217 -4.4 3.0616
v 15.1088 -4.4 2.9704
v 16 -4.4 2.94
v 225.3 -4.4 2.94
v 226.191 -4.4 2.9704
v 227.078 -4.4 3.0616
v 227.957 -4.4 3.2131
v 228.824 -4.4 3.4243
v 229.673 -4.4 3.694
v 230.503 -4.4 4.0212
v 231.309 -4.4 4.4042
v 232.086 -4.4 4.8413
v 232.832 -4.4 5.3303
v 233.542 -4.4 5.8692
v 234.214 -4.4 6.4553
v 234.845 -4.4 7.0858
v 235.431 -4.4 7.758
v 235.97 -4.4 8.4685
v 236.459 -4.4 9.2142
v 236.896 -4.4 9.9915
v 237.279 -4.4 10.7969
v 237.606 -4.4 11.6265
v 237.876 -4.4 12.4764
v 238.087 -4.4 13.3429
v 238.33 -4.4 15.1088
v 238.238 -4.4 14.2217
v 238.36 -4.4 16
v 238.36 -4.4 169.42
v 238.33 -4.4 170.311
v 238.238 -4.4 171.198
v 238.087 -4.4 172.077
v 237.876 -4.4 172.944
v 237.606 -4.4 173.793
v 237.279 -4.4 174.623
v 236.896 -4.4 175.429
v 236.459 -4.4 176.206
v 235.97 -4.4 176.952
v 235.431 -4.4 177.662
v 234.845 -4.4 178.334
v 234.214 -4.4 178.965
v 233.542 -4.4 179.551
v 232.832 -4.4 180.09
v 232.086 -4.4 180.579
v 231.309 -4.4 181.016
v 230.503 -4.4 181.399
v 229.673 -4.4 181.726
v 228.824 -4.4 181.996
v 227.957 -4.4 182.207
v 227.078 -4.4 182.358
v 226.191 -4.4 182.45
v 225.3 -4.4 182.48
v 16 -4.4 182.48
v 15.1088 -4.4 182.45
v 14.2217 -4.4 182.358
v 13.3429 -4.4 182.207
v 12.4764 -4.4 181.996
v 11.6265 -4.4 181.726
v 10.7969 -4.4 181.399
v 9.9915 -4.4 181.016
v 9.2142 -4.4 180.579
v 8.4685 -4.4 180.09
v 7.758 -4.4 179.551
v 7.0858 -4.4 178.965
v 6.4553 -4.4 178.334
v 5.8692 -4.4 177.662
v 5.3303 -4.4 176.952
v 4.8413 -4.4 176.206
v 4.4042 -4.4 175.429
v 4.0212 -4.4 174.623
v 3.694 -4.4 173.793
v 3.4243 -4.4 172.944
v 3.2131 -4.4 172.077
v 3.0616 -4.4 171.198
v 2.94 -4.4 169.42
v 2.9704 -4.4 170.311
v 52.2653 233.08 56.756
v 52.304 233.08 56.7947
v 52.2294 233.08 56.7149
v 52.3451 233.08 56.8306
v 52.3887 233.08 56.8636
v 52.1964 233.08 56.6713
v 52.1665 233.08 56.6257
v 52.4343 233.08 56.8935
v 52.1397 233.08 56.5781
v 52.4819 233.08 56.9203
v 52.1162 233.08 56.5287
v 52.5313 233.08 56.9438
v 52.0962 233.08 56.4779
v 52.5821 233.08 56.9638
v 52.0797 233.08 56.4258
v 52.6342 233.08 56.9803
v 52.0667 233.08 56.3728
v 52.6872 233.08 56.9933
v 52.0575 233.08 56.3189
v 52.7411 233.08 57.0025
v 52.0519 233.08 56.2646
v 52.7954 233.08 57.0081
v 52.85 233.08 57.01
v 52.05 233.08 56.21
v 52.05 233.08 55.21
v 52.0519 233.08 55.1554
v 52.0575 233.08 55.1011
v 52.0667 233.08 55.0472
v 52.0797 233.08 54.9942
v 52.0962 233.08 54.9421
v 52.1162 233.08 54.8913
v 52.1397 233.08 54.8419
v 52.1665 233.08 54.7943
v 54.45 233.08 57.01
v 52.1964 233.08 54.7487
v 54.5046 233.08 57.0081
v 52.2294 233.08 54.7051
v 54.5589 233.08 57.0025
v 52.2653 233.08 54.664
v 54.6128 233.08 56.9933
v 52.304 233.08 54.6253
v 54.6658 233.08 56.9803
v 54.7179 233.08 56.9638
v 52.3451 233.08 54.5894
v 54.7687 233.08 56.9438
v 52.3887 233.08 54.5564
v 54.8181 233.08 56.9203
v 54.8657 233.08 56.8935
v 52.4343 233.08 54.5265
v 54.9113 233.08 56.8636
v 52.4819 233.08 54.4997
v 54.9549 233.08 56.8306
v 54.996 233.08 56.7947
v 52.5313 233.08 54.4762
v 55.0347 233.08 56.756
v 55.0706 233.08 56.7149
v 52.5821 233.08 54.4562
v 55.1036 233.08 56.6713
v 52.6342 233.08 54.4397
v 55.1335 233.08 56.6257
v 52.6872 233.08 54.4267
v 55.1603 233.08 56.5781
v 52.7411 233.08 54.4175
v 52.7954 233.08 54.4119
v 55.1838 233.08 56.5287
v 52.85 233.08 54.41
v 55.2038 233.08 56.4779
v 55.2203 233.08 56.4258
v 55.2333 233.08 56.3728
v 55.2425 233.08 56.3189
v 55.2481 233.08 56.2646
v 55.25 233.08 56.21
v 54.45 233.08 54.41
v 55.25 233.08 55.21
v 54.5046 233.08 54.4119
v 55.2481 233.08 55.1554
v 54.5589 233.08 54.4175
v 55.2425 233.08 55.1011
v 54.6128 233.08 54.4267
v 55.2333 233.08 55.0472
v 54.6658 233.08 54.4397
v 55.2203 233.08 54.9942
v 54.7179 233.08 54.4562
v 55.2038 233.08 54.9421
v 54.7687 233.08 54.4762
v 55.1838 233.08 54.8913
v 54.8181 233.08 54.4997
v 55.1603 233.08 54.8419
v 54.8657 233.08 54.5265
v 55.1335 233.08 54.7943
v 54.9113 233.08 54.5564
v 55.1036 233.08 54.7487
v 54.9549 233.08 54.5894
v 55.0706 233.08 54.7051
v 55.0347 233.08 54.664
v 54.996 233.08 54.6253
v 3.8617 -4.671 15.1697
v 3.8334 -4.671 16
v 3.9467 -4.671 14.3433
v 4.0879 -4.671 13.5246
v 4.2846 -4.671 12.7175
v 4.5359 -4.671 11.9256
v 4.8406 -4.671 11.1528
v 5.1974 -4.671 10.4026
v 5.6046 -4.671 9.6784
v 6.0602 -4.671 8.9838
v 6.5622 -4.671 8.3218
v 7.1082 -4.671 7.6956
v 7.6956 -4.671 7.1082
v 8.3218 -4.671 6.5622
v 8.9838 -4.671 6.0602
v 9.6784 -4.671 5.6046
v 10.4026 -4.671 5.1974
v 11.1528 -4.671 4.8406
v 11.9256 -4.671 4.5359
v 12.7175 -4.671 4.2846
v 13.5246 -4.671 4.0879
v 14.3433 -4.671 3.9467
v 15.1697 -4.671 3.8617
v 16 -4.671 3.8334
v 225.3 -4.671 3.8334
v 226.13 -4.671 3.8617
v 226.957 -4.671 3.9467
v 227.775 -4.671 4.0879
v 228.583 -4.671 4.2846
v 229.374 -4.671 4.5359
v 230.147 -4.671 4.8406
v 230.897 -4.671 5.1974
v 231.622 -4.671 5.6046
v 232.316 -4.671 6.0602
v 232.978 -4.671 6.5622
v 233.604 -4.671 7.1082
v 234.738 -4.671 8.3218
v 234.192 -4.671 7.6956
v 235.695 -4.671 9.6784
v 235.24 -4.671 8.9838
v 236.103 -4.671 10.4026
v 236.764 -4.671 11.9256
v 236.459 -4.671 11.1528
v 237.015 -4.671 12.7175
v 237.212 -4.671 13.5246
v 237.353 -4.671 14.3433
v 237.438 -4.671 15.1697
v 237.467 -4.671 16
v 237.467 -4.671 169.42
v 237.438 -4.671 170.25
v 237.353 -4.671 171.077
v 237.212 -4.671 171.895
v 237.015 -4.671 172.702
v 236.764 -4.671 173.494
v 236.459 -4.671 174.267
v 236.103 -4.671 175.017
v 235.695 -4.671 175.742
v 235.24 -4.671 176.436
v 234.738 -4.671 177.098
v 234.192 -4.671 177.724
v 233.604 -4.671 178.312
v 232.978 -4.671 178.858
v 232.316 -4.671 179.36
v 231.622 -4.671 179.815
v 230.897 -4.671 180.223
v 230.147 -4.671 180.579
v 229.374 -4.671 180.884
v 228.583 -4.671 181.135
v 227.775 -4.671 181.332
v 226.957 -4.671 181.473
v 226.13 -4.671 181.558
v 225.3 -4.671 181.587
v 16 -4.671 181.587
v 15.1697 -4.671 181.558
v 14.3433 -4.671 181.473
v 13.5246 -4.671 181.332
v 12.7175 -4.671 181.135
v 11.9256 -4.671 180.884
v 11.1528 -4.671 180.579
v 10.4026 -4.671 180.223
v 9.6784 -4.671 179.815
v 8.9838 -4.671 179.36
v 8.3218 -4.671 178.858
v 7.6956 -4.671 178.312
v 7.1082 -4.671 177.724
v 6.5622 -4.671 177.098
v 6.0602 -4.671 176.436
v 5.1974 -4.671 175.017
v 5.6046 -4.671 175.742
v 4.8406 -4.671 174.267
v 4.5359 -4.671 173.494
v 4.2846 -4.671 172.702
v 4.0879 -4.671 171.895
v 3.9467 -4.671 171.077
v 3.8617 -4.671 170.25
v 3.8334 -4.671 169.42
v 52.85 233.68 54.41
v 54.45 233.68 54.41
v 55.25 233.68 55.21
v 55.2481 233.68 55.1554
v 55.2425 233.68 55.1011
v 55.2333 233.68 55.0472
v 55.2203 233.68 54.9942
v 55.2038 233.68 54.9421
v 55.1603 233.68 54.8419
v 55.1838 233.68 54.8913
v 55.1335 233.68 54.7943
v 55.0706 233.68 54.7051
v 55.1036 233.68 54.7487
v 55.0347 233.68 54.664
v 54.9549 233.68 54.5894
v 54.996 233.68 54.6253
v 54.9113 233.68 54.5564
v 54.8181 233.68 54.4997
v 54.8657 233.68 54.5265
v 54.7687 233.68 54.4762
v 54.7179 233.68 54.4562
v 54.6658 233.68 54.4397
v 54.5589 233.68 54.4175
v 54.6128 233.68 54.4267
v 54.5046 233.68 54.4119
v 55.25 233.68 56.21
v 55.2481 233.68 56.2646
v 55.2425 233.68 56.3189
v 55.2333 233.68 56.3728
v 55.2203 233.68 56.4258
v 55.2038 233.68 56.4779
v 55.1838 233.68 56.5287
v 55.1603 233.68 56.5781
v 55.1335 233.68 56.6257
v 55.1036 233.68 56.6713
v 55.0706 233.68 56.7149
v 55.0347 233.68 56.756
v 54.996 233.68 56.7947
v 54.9549 233.68 56.8306
v 54.9113 233.68 56.8636
v 54.8657 233.68 56.8935
v 54.8181 233.68 56.9203
v 54.7687 233.68 56.9438
v 54.7179 233.68 56.9638
v 54.6658 233.68 56.9803
v 54.6128 233.68 56.9933
v 54.5589 233.68 57.0025
v 54.5046 233.68 57.0081
v 54.45 233.68 57.01
v 52.85 233.68 57.01
v 52.05 233.68 56.21
v 52.0519 233.68 56.2646
v 52.0575 233.68 56.3189
v 52.0667 233.68 56.3728
v 52.0797 233.68 56.4258
v 52.0962 233.68 56.4779
v 52.1397 233.68 56.5781
v 52.1162 233.68 56.5287
v 52.1665 233.68 56.6257
v 52.2294 233.68 56.7149
v 52.1964 233.68 56.6713
v 52.2653 233.68 56.756
v 52.3451 233.68 56.8306
v 52.304 233.68 56.7947
v 52.3887 233.68 56.8636
v 52.4819 233.68 56.9203
v 52.4343 233.68 56.8935
v 52.5313 233.68 56.9438
v 52.5821 233.68 56.9638
v 52.6342 233.68 56.9803
v 52.7411 233.68 57.0025
v 52.6872 233.68 56.9933
v 52.7954 233.68 57.0081
v 52.05 233.68 55.21
v 52.0519 233.68 55.1554
v 52.0575 233.68 55.1011
v 52.0667 233.68 55.0472
v 52.0797 233.68 54.9942
v 52.0962 233.68 54.9421
v 52.1162 233.68 54.8913
v 52.1397 233.68 54.8419
v 52.1665 233.68 54.7943
v 52.1964 233.68 54.7487
v 52.2294 233.68 54.7051
v 52.2653 233.68 54.664
v 52.304 233.68 54.6253
v 52.3451 233.68 54.5894
v 52.3887 233.68 54.5564
v 52.4343 233.68 54.5265
v 52.4819 233.68 54.4997
v 52.5313 233.68 54.4762
v 52.5821 233.68 54.4562
v 52.6342 233.68 54.4397
v 52.6872 233.68 54.4267
v 52.7411 233.68 54.4175
v 52.7954 233.68 54.4119
v 4.7887 -4.7625 15.2331
v 4.7625 -4.7625 16
v 4.8672 -4.7625 14.4698
v 4.9975 -4.7625 13.7137
v 5.1792 -4.7625 12.9682
v 5.4113 -4.7625 12.2368
v 5.6928 -4.7625 11.523
v 6.0224 -4.7625 10.83
v 6.3985 -4.7625 10.1612
v 6.8193 -4.7625 9.5196
v 7.2829 -4.7625 8.9081
v 7.7872 -4.7625 8.3298
v 8.3298 -4.7625 7.7872
v 8.9081 -4.7625 7.2829
v 9.5196 -4.7625 6.8193
v 10.1612 -4.7625 6.3985
v 10.83 -4.7625 6.0224
v 11.523 -4.7625 5.6928
v 12.2368 -4.7625 5.4113
v 12.9682 -4.7625 5.1792
v 13.7137 -4.7625 4.9975
v 14.4698 -4.7625 4.8672
v 15.2331 -4.7625 4.7887
v 16 -4.7625 4.7625
v 225.3 -4.7625 4.7625
v 226.067 -4.7625 4.7887
v 226.83 -4.7625 4.8672
v 227.586 -4.7625 4.9975
v 228.332 -4.7625 5.1792
v 229.063 -4.7625 5.4113
v 229.777 -4.7625 5.6928
v 230.47 -4.7625 6.0224
v 231.139 -4.7625 6.3985
v 231.78 -4.7625 6.8193
v 232.392 -4.7625 7.2829
v 233.513 -4.7625 8.3298
v 232.97 -4.7625 7.7872
v 234.017 -4.7625 8.9081
v 234.481 -4.7625 9.5196
v 235.278 -4.7625 10.83
v 234.901 -4.7625 10.1612
v 235.607 -4.7625 11.523
v 235.889 -4.7625 12.2368
v 236.303 -4.7625 13.7137
v 236.121 -4.7625 12.9682
v 236.433 -4.7625 14.4698
v 236.537 -4.7625 16
v 236.511 -4.7625 15.2331
v 236.537 -4.7625 169.42
v 236.511 -4.7625 170.187
v 236.433 -4.7625 170.95
v 236.303 -4.7625 171.706
v 236.121 -4.7625 172.452
v 235.889 -4.7625 173.183
v 235.607 -4.7625 173.897
v 235.278 -4.7625 174.59
v 234.901 -4.7625 175.259
v 234.481 -4.7625 175.9
v 234.017 -4.7625 176.512
v 233.513 -4.7625 177.09
v 232.97 -4.7625 177.633
v 232.392 -4.7625 178.137
v 231.78 -4.7625 178.601
v 231.139 -4.7625 179.022
v 230.47 -4.7625 179.398
v 229.777 -4.7625 179.727
v 229.063 -4.7625 180.009
v 228.332 -4.7625 180.241
v 227.586 -4.7625 180.423
v 226.83 -4.7625 180.553
v 226.067 -4.7625 180.631
v 225.3 -4.7625 180.657
v 16 -4.7625 180.657
v 15.2331 -4.7625 180.631
v 14.4698 -4.7625 180.553
v 13.7137 -4.7625 180.423
v 12.9682 -4.7625 180.241
v 12.2368 -4.7625 180.009
v 11.523 -4.7625 179.727
v 10.83 -4.7625 179.398
v 10.1612 -4.7625 179.022
v 9.5196 -4.7625 178.601
v 8.9081 -4.7625 178.137
v 7.7872 -4.7625 177.09
v 8.3298 -4.7625 177.633
v 7.2829 -4.7625 176.512
v 6.8193 -4.7625 175.9
v 6.0224 -4.7625 174.59
v 6.3985 -4.7625 175.259
v 5.6928 -4.7625 173.897
v 5.4113 -4.7625 173.183
v 4.9975 -4.7625 171.706
v 5.1792 -4.7625 172.452
v 4.8672 -4.7625 170.95
v 4.7625 -4.7625 169.42
v 4.7887 -4.7625 170.187
v 23.4636 -8.0599 29.4636
v 23.4633 -8.06 29.5458
v 23.4685 -8.0597 29.264
v 23.48 -8.0596 29.0647
v 23.5216 -8.0593 28.6756
v 23.6797 -8.0588 27.9094
v 23.5882 -8.059 28.29
v 23.7957 -8.0586 27.5356
v 23.9355 -8.0585 27.1701
v 24.0987 -8.0584 26.8143
v 24.2846 -8.0583 26.4698
v 24.4924 -8.0582 26.1381
v 24.7212 -8.0582 25.8205
v 24.97 -8.0582 25.5183
v 25.2379 -8.0581 25.2329
v 25.5236 -8.0582 24.9654
v 25.8261 -8.0582 24.7169
v 26.144 -8.0582 24.4884
v 26.476 -8.0583 24.2811
v 26.8206 -8.0584 24.0956
v 27.1766 -8.0585 23.9328
v 27.5423 -8.0587 23.7933
v 27.9163 -8.0588 23.6779
v 28.2969 -8.059 23.5868
v 29.0723 -8.0596 23.4794
v 28.6828 -8.0593 23.5206
v 29.4636 -8.0599 23.4636
v 29.5458 -8.06 23.4633
v 211.754 -8.06 23.4633
v 211.836 -8.0599 23.4636
v 211.981 -8.0598 23.4665
v 212.373 -8.0595 23.4918
v 212.126 -8.0597 23.4729
v 212.864 -8.0591 23.56
v 212.619 -8.0593 23.5209
v 213.107 -8.059 23.6091
v 213.586 -8.0587 23.7371
v 213.348 -8.0588 23.6682
v 214.053 -8.0585 23.9038
v 213.821 -8.0586 23.8157
v 214.281 -8.0585 24.0014
v 214.724 -8.0583 24.2242
v 214.505 -8.0584 24.1083
v 215.147 -8.0582 24.4825
v 214.938 -8.0583 24.349
v 215.351 -8.0582 24.6244
v 215.739 -8.0582 24.9327
v 215.548 -8.0582 24.7746
v 216.101 -8.0581 25.2717
v 215.923 -8.0581 25.0985
v 216.271 -8.0582 25.4521
v 216.588 -8.0582 25.8329
v 216.434 -8.0582 25.6392
v 216.874 -8.0583 26.2384
v 216.735 -8.0582 26.0327
v 217.004 -8.0583 26.4496
v 217.237 -8.0584 26.8871
v 217.125 -8.0584 26.666
v 217.434 -8.0586 27.3422
v 217.34 -8.0585 27.1126
v 217.518 -8.0587 27.5754
v 217.657 -8.0589 28.0511
v 217.593 -8.0588 27.8118
v 217.766 -8.0592 28.5884
v 217.714 -8.059 28.2992
v 217.798 -8.0594 28.8298
v 217.836 -8.0599 29.4636
v 217.821 -8.0596 29.0723
v 217.837 -8.06 29.5458
v 217.837 -8.06 155.874
v 217.836 -8.0599 155.956
v 217.833 -8.0598 156.101
v 217.808 -8.0595 156.493
v 217.827 -8.0597 156.246
v 217.74 -8.0591 156.984
v 217.779 -8.0593 156.739
v 217.691 -8.059 157.227
v 217.563 -8.0587 157.706
v 217.632 -8.0588 157.468
v 217.396 -8.0585 158.173
v 217.484 -8.0586 157.941
v 217.299 -8.0585 158.401
v 217.076 -8.0583 158.844
v 217.192 -8.0584 158.625
v 216.817 -8.0582 159.267
v 216.951 -8.0583 159.058
v 216.676 -8.0582 159.47
v 216.367 -8.0582 159.859
v 216.525 -8.0582 159.668
v 216.028 -8.0581 160.221
v 216.202 -8.0581 160.043
v 215.848 -8.0582 160.391
v 215.467 -8.0582 160.708
v 215.661 -8.0582 160.554
v 215.062 -8.0583 160.994
v 215.267 -8.0582 160.855
v 214.85 -8.0583 161.124
v 214.413 -8.0584 161.357
v 214.634 -8.0584 161.245
v 213.958 -8.0586 161.554
v 214.187 -8.0585 161.46
v 213.725 -8.0587 161.638
v 213.249 -8.0589 161.777
v 213.488 -8.0588 161.713
v 212.712 -8.0592 161.886
v 213.001 -8.059 161.834
v 212.47 -8.0594 161.918
v 211.836 -8.0599 161.956
v 212.228 -8.0596 161.941
v 211.754 -8.06 161.957
v 29.5458 -8.06 161.957
v 29.4636 -8.0599 161.956
v 29.3188 -8.0598 161.953
v 28.9268 -8.0595 161.928
v 29.174 -8.0597 161.947
v 28.4359 -8.0591 161.86
v 28.6806 -8.0593 161.899
v 28.1929 -8.059 161.811
v 27.7139 -8.0587 161.683
v 27.9521 -8.0588 161.752
v 27.247 -8.0585 161.516
v 27.4787 -8.0586 161.604
v 27.019 -8.0585 161.419
v 26.5761 -8.0583 161.196
v 26.7953 -8.0584 161.312
v 26.1529 -8.0582 160.938
v 26.3618 -8.0583 161.071
v 25.9495 -8.0582 160.796
v 25.5612 -8.0582 160.487
v 25.7522 -8.0582 160.645
v 25.1994 -8.0581 160.148
v 25.3768 -8.0581 160.321
v 25.0292 -8.0582 159.968
v 24.7116 -8.0582 159.587
v 24.8665 -8.0582 159.781
v 24.4264 -8.0583 159.182
v 24.5649 -8.0582 159.387
v 24.2964 -8.0583 158.97
v 24.0631 -8.0584 158.533
v 24.1753 -8.0584 158.754
v 23.8663 -8.0586 158.078
v 23.96 -8.0585 158.307
v 23.7821 -8.0587 157.845
v 23.6426 -8.0589 157.369
v 23.7075 -8.0588 157.608
v 23.5344 -8.0592 156.832
v 23.5863 -8.059 157.121
v 23.502 -8.0594 156.59
v 23.4636 -8.0599 155.956
v 23.4794 -8.0596 156.348
v 23.4633 -8.06 155.874
v 29.7247 -8.0278 23.7247
v 211.575 -8.0278 23.7247
v 23.7247 -8.0278 29.7247
v 23.7386 -8.0278 29.3152
v 23.7805 -8.0278 28.9077
v 23.8502 -8.0278 28.5039
v 23.9472 -8.0278 28.1059
v 24.0711 -8.0278 27.7154
v 24.2214 -8.0278 27.3342
v 24.3973 -8.0278 26.9643
v 24.5981 -8.0278 26.6072
v 24.8228 -8.0278 26.2646
v 25.0704 -8.0278 25.9381
v 25.3396 -8.0278 25.6293
v 25.6293 -8.0278 25.3396
v 25.9381 -8.0278 25.0704
v 26.2646 -8.0278 24.8228
v 26.6072 -8.0278 24.5981
v 26.9643 -8.0278 24.3973
v 27.3342 -8.0278 24.2214
v 27.7154 -8.0278 24.0711
v 28.1059 -8.0278 23.9472
v 28.5039 -8.0278 23.8502
v 28.9077 -8.0278 23.7805
v 29.3152 -8.0278 23.7386
v 23.7247 -8.0278 155.695
v 217.575 -8.0278 29.7247
v 217.575 -8.0278 155.695
v 211.985 -8.0278 23.7386
v 212.392 -8.0278 23.7805
v 212.796 -8.0278 23.8502
v 213.194 -8.0278 23.9472
v 213.585 -8.0278 24.0711
v 213.966 -8.0278 24.2214
v 214.336 -8.0278 24.3973
v 214.693 -8.0278 24.5981
v 215.035 -8.0278 24.8228
v 215.362 -8.0278 25.0704
v 215.671 -8.0278 25.3396
v 215.96 -8.0278 25.6293
v 216.23 -8.0278 25.9381
v 216.477 -8.0278 26.2646
v 216.702 -8.0278 26.6072
v 216.903 -8.0278 26.9643
v 217.079 -8.0278 27.3342
v 217.229 -8.0278 27.7154
v 217.353 -8.0278 28.1059
v 217.45 -8.0278 28.5039
v 217.519 -8.0278 28.9077
v 217.561 -8.0278 29.3152
v 211.575 -8.0278 161.695
v 29.7247 -8.0278 161.695
v 217.561 -8.0278 156.105
v 217.519 -8.0278 156.512
v 217.45 -8.0278 156.916
v 217.353 -8.0278 157.314
v 217.229 -8.0278 157.705
v 217.079 -8.0278 158.086
v 216.903 -8.0278 158.456
v 216.702 -8.0278 158.813
v 216.477 -8.0278 159.155
v 216.23 -8.0278 159.482
v 215.96 -8.0278 159.791
v 215.671 -8.0278 160.08
v 215.362 -8.0278 160.35
v 215.035 -8.0278 160.597
v 214.693 -8.0278 160.822
v 214.336 -8.0278 161.023
v 213.966 -8.0278 161.199
v 213.585 -8.0278 161.349
v 213.194 -8.0278 161.473
v 212.796 -8.0278 161.57
v 212.392 -8.0278 161.639
v 211.985 -8.0278 161.681
v 29.3152 -8.0278 161.681
v 28.9077 -8.0278 161.639
v 28.5039 -8.0278 161.57
v 28.1059 -8.0278 161.473
v 27.7154 -8.0278 161.349
v 27.3342 -8.0278 161.199
v 26.9643 -8.0278 161.023
v 26.6072 -8.0278 160.822
v 26.2646 -8.0278 160.597
v 25.9381 -8.0278 160.35
v 25.6293 -8.0278 160.08
v 25.3396 -8.0278 159.791
v 25.0704 -8.0278 159.482
v 24.8228 -8.0278 159.155
v 24.5981 -8.0278 158.813
v 24.3973 -8.0278 158.456
v 24.2214 -8.0278 158.086
v 24.0711 -8.0278 157.705
v 23.9472 -8.0278 157.314
v 23.8502 -8.0278 156.916
v 23.7805 -8.0278 156.512
v 23.7386 -8.0278 156.105
v 211.377 -7.8549 23.9233
v 29.9233 -7.8549 23.9233
v 23.9373 -7.8549 29.5138
v 23.9233 -7.8549 29.9233
v 23.9792 -7.8549 29.1063
v 24.0488 -7.8549 28.7025
v 24.1458 -7.8549 28.3045
v 24.2697 -7.8549 27.914
v 24.42 -7.8549 27.5329
v 24.596 -7.8549 27.1629
v 24.7968 -7.8549 26.8058
v 25.0215 -7.8549 26.4632
v 25.269 -7.8549 26.1367
v 25.5383 -7.8549 25.828
v 25.828 -7.8549 25.5383
v 26.1367 -7.8549 25.269
v 26.4632 -7.8549 25.0215
v 26.8058 -7.8549 24.7968
v 27.1629 -7.8549 24.596
v 27.5329 -7.8549 24.42
v 27.914 -7.8549 24.2697
v 28.3045 -7.8549 24.1458
v 28.7025 -7.8549 24.0488
v 29.1063 -7.8549 23.9792
v 29.5138 -7.8549 23.9373
v 23.9233 -7.8549 155.497
v 217.377 -7.8549 155.497
v 217.377 -7.8549 29.9233
v 211.786 -7.8549 23.9373
v 212.194 -7.8549 23.9792
v 212.597 -7.8549 24.0488
v 212.995 -7.8549 24.1458
v 213.386 -7.8549 24.2697
v 213.767 -7.8549 24.42
v 214.137 -7.8549 24.596
v 214.494 -7.8549 24.7968
v 214.837 -7.8549 25.0215
v 215.163 -7.8549 25.269
v 215.472 -7.8549 25.5383
v 215.762 -7.8549 25.828
v 216.031 -7.8549 26.1367
v 216.279 -7.8549 26.4632
v 216.503 -7.8549 26.8058
v 216.704 -7.8549 27.1629
v 216.88 -7.8549 27.5329
v 217.03 -7.8549 27.914
v 217.154 -7.8549 28.3045
v 217.251 -7.8549 28.7025
v 217.321 -7.8549 29.1063
v 217.363 -7.8549 29.5138
v 29.9233 -7.8549 161.497
v 211.377 -7.8549 161.497
v 217.363 -7.8549 155.906
v 217.321 -7.8549 156.314
v 217.251 -7.8549 156.718
v 217.154 -7.8549 157.115
v 217.03 -7.8549 157.506
v 216.88 -7.8549 157.887
v 216.704 -7.8549 158.257
v 216.503 -7.8549 158.614
v 216.279 -7.8549 158.957
v 216.031 -7.8549 159.283
v 215.762 -7.8549 159.592
v 215.472 -7.8549 159.882
v 215.163 -7.8549 160.151
v 214.837 -7.8549 160.399
v 214.494 -7.8549 160.623
v 214.137 -7.8549 160.824
v 213.767 -7.8549 161
v 213.386 -7.8549 161.15
v 212.995 -7.8549 161.274
v 212.597 -7.8549 161.371
v 212.194 -7.8549 161.441
v 211.786 -7.8549 161.483
v 29.5138 -7.8549 161.483
v 29.1063 -7.8549 161.441
v 28.7025 -7.8549 161.371
v 28.3045 -7.8549 161.274
v 27.914 -7.8549 161.15
v 27.5329 -7.8549 161
v 27.1629 -7.8549 160.824
v 26.8058 -7.8549 160.623
v 26.4632 -7.8549 160.399
v 26.1367 -7.8549 160.151
v 25.828 -7.8549 159.882
v 25.5383 -7.8549 159.592
v 25.269 -7.8549 159.283
v 25.0215 -7.8549 158.957
v 24.7968 -7.8549 158.614
v 24.596 -7.8549 158.257
v 24.42 -7.8549 157.887
v 24.2697 -7.8549 157.506
v 24.1458 -7.8549 157.115
v 24.0488 -7.8549 156.718
v 23.9792 -7.8549 156.314
v 23.9373 -7.8549 155.906
v 207.577 -1.7627 27.7229
v 33.7229 -1.7627 27.7229
v 27.7369 -1.7627 33.3135
v 27.7229 -1.7627 33.7229
v 27.7788 -1.7627 32.9059
v 27.8484 -1.7627 32.5022
v 27.9454 -1.7627 32.1041
v 28.0694 -1.7627 31.7136
v 28.2196 -1.7627 31.3325
v 28.3956 -1.7627 30.9625
v 28.5964 -1.7627 30.6054
v 28.8211 -1.7627 30.2628
v 29.0686 -1.7627 29.9364
v 29.3379 -1.7627 29.6276
v 29.6276 -1.7627 29.3379
v 29.9364 -1.7627 29.0686
v 30.2628 -1.7627 28.8211
v 30.6054 -1.7627 28.5964
v 30.9625 -1.7627 28.3956
v 31.3325 -1.7627 28.2196
v 31.7136 -1.7627 28.0694
v 32.1041 -1.7627 27.9454
v 32.5022 -1.7627 27.8484
v 32.9059 -1.7627 27.7788
v 33.3135 -1.7627 27.7369
v 27.7229 -1.7627 151.697
v 213.577 -1.7627 151.697
v 213.577 -1.7627 33.7229
v 207.987 -1.7627 27.7369
v 208.394 -1.7627 27.7788
v 208.798 -1.7627 27.8484
v 209.196 -1.7627 27.9454
v 209.586 -1.7627 28.0694
v 209.968 -1.7627 28.2196
v 210.338 -1.7627 28.3956
v 210.695 -1.7627 28.5964
v 211.037 -1.7627 28.8211
v 211.364 -1.7627 29.0686
v 211.672 -1.7627 29.3379
v 211.962 -1.7627 29.6276
v 212.231 -1.7627 29.9364
v 212.479 -1.7627 30.2628
v 212.704 -1.7627 30.6054
v 212.904 -1.7627 30.9625
v 213.08 -1.7627 31.3325
v 213.231 -1.7627 31.7136
v 213.355 -1.7627 32.1041
v 213.452 -1.7627 32.5022
v 213.521 -1.7627 32.9059
v 213.563 -1.7627 33.3135
v 33.7229 -1.7627 157.697
v 207.577 -1.7627 157.697
v 213.563 -1.7627 152.107
v 213.521 -1.7627 152.514
v 213.452 -1.7627 152.918
v 213.355 -1.7627 153.316
v 213.231 -1.7627 153.706
v 213.08 -1.7627 154.088
v 212.904 -1.7627 154.458
v 212.704 -1.7627 154.815
v 212.479 -1.7627 155.157
v 212.231 -1.7627 155.484
v 211.962 -1.7627 155.792
v 211.672 -1.7627 156.082
v 211.364 -1.7627 156.351
v 211.037 -1.7627 156.599
v 210.695 -1.7627 156.824
v 210.338 -1.7627 157.024
v 209.968 -1.7627 157.2
v 209.586 -1.7627 157.351
v 209.196 -1.7627 157.475
v 208.798 -1.7627 157.572
v 208.394 -1.7627 157.641
v 207.987 -1.7627 157.683
v 33.3135 -1.7627 157.683
v 32.9059 -1.7627 157.641
v 32.5022 -1.7627 157.572
v 32.1041 -1.7627 157.475
v 31.7136 -1.7627 157.351
v 31.3325 -1.7627 157.2
v 30.9625 -1.7627 157.024
v 30.6054 -1.7627 156.824
v 30.2628 -1.7627 156.599
v 29.9364 -1.7627 156.351
v 29.6276 -1.7627 156.082
v 29.3379 -1.7627 155.792
v 29.0686 -1.7627 155.484
v 28.8211 -1.7627 155.157
v 28.5964 -1.7627 154.815
v 28.3956 -1.7627 154.458
v 28.2196 -1.7627 154.088
v 28.0694 -1.7627 153.706
v 27.9454 -1.7627 153.316
v 27.8484 -1.7627 152.918
v 27.7788 -1.7627 152.514
v 27.7369 -1.7627 152.107
v 26.3379 -1.7627 158.792
v 26.6276 -1.7627 159.082
v 26.9364 -1.7627 159.351
v 27.2628 -1.7627 159.599
v 25.8211 -1.7627 158.157
v 26.0686 -1.7627 158.484
v 27.6054 -1.7627 159.824
v 27.9625 -1.7627 160.024
v 25.3956 -1.7627 157.458
v 25.5964 -1.7627 157.815
v 25.0694 -1.7627 156.706
v 25.2196 -1.7627 157.088
v 28.3325 -1.7627 160.2
v 28.7136 -1.7627 160.351
v 24.8484 -1.7627 155.918
v 24.9454 -1.7627 156.316
v 29.1041 -1.7627 160.475
v 29.5022 -1.7627 160.572
v 29.9059 -1.7627 160.641
v 30.3135 -1.7627 160.683
v 24.7369 -1.7627 155.107
v 24.7788 -1.7627 155.514
v 24.7229 -1.7627 154.697
v 30.7229 -1.7627 160.697
v 24.7229 -1.7627 30.7229
v 24.7369 -1.7627 30.3135
v 24.7788 -1.7627 29.9059
v 24.8484 -1.7627 29.5022
v 24.9454 -1.7627 29.1041
v 25.0694 -1.7627 28.7136
v 25.2196 -1.7627 28.3325
v 25.3956 -1.7627 27.9625
v 25.5964 -1.7627 27.6054
v 25.8211 -1.7627 27.2628
v 26.0686 -1.7627 26.9364
v 26.3379 -1.7627 26.6276
v 26.6276 -1.7627 26.3379
v 26.9364 -1.7627 26.0686
v 27.2628 -1.7627 25.8211
v 27.6054 -1.7627 25.5964
v 27.9625 -1.7627 25.3956
v 28.3325 -1.7627 25.2196
v 28.7136 -1.7627 25.0694
v 29.1041 -1.7627 24.9454
v 29.5022 -1.7627 24.8484
v 29.9059 -1.7627 24.7788
v 30.3135 -1.7627 24.7369
v 30.7229 -1.7627 24.7229
v 210.577 -1.7627 160.697
v 210.987 -1.7627 160.683
v 211.394 -1.7627 160.641
v 211.798 -1.7627 160.572
v 212.196 -1.7627 160.475
v 212.586 -1.7627 160.351
v 212.968 -1.7627 160.2
v 213.338 -1.7627 160.024
v 213.695 -1.7627 159.824
v 214.037 -1.7627 159.599
v 214.364 -1.7627 159.351
v 214.672 -1.7627 159.082
v 214.962 -1.7627 158.792
v 215.231 -1.7627 158.484
v 215.479 -1.7627 158.157
v 215.704 -1.7627 157.815
v 215.904 -1.7627 157.458
v 216.08 -1.7627 157.088
v 216.231 -1.7627 156.706
v 216.355 -1.7627 156.316
v 216.452 -1.7627 155.918
v 216.521 -1.7627 155.514
v 216.563 -1.7627 155.107
v 216.577 -1.7627 154.697
v 210.577 -1.7627 24.7229
v 216.577 -1.7627 30.7229
v 216.563 -1.7627 30.3135
v 210.987 -1.7627 24.7369
v 216.521 -1.7627 29.9059
v 211.394 -1.7627 24.7788
v 216.452 -1.7627 29.5022
v 211.798 -1.7627 24.8484
v 216.355 -1.7627 29.1041
v 212.196 -1.7627 24.9454
v 216.231 -1.7627 28.7136
v 212.586 -1.7627 25.0694
v 216.08 -1.7627 28.3325
v 212.968 -1.7627 25.2196
v 213.338 -1.7627 25.3956
v 215.904 -1.7627 27.9625
v 213.695 -1.7627 25.5964
v 215.704 -1.7627 27.6054
v 214.037 -1.7627 25.8211
v 215.479 -1.7627 27.2628
v 214.364 -1.7627 26.0686
v 215.231 -1.7627 26.9364
v 214.962 -1.7627 26.6276
v 214.672 -1.7627 26.3379
v 30.7229 44.2373 24.7229
v 210.577 44.2373 24.7229
v 24.7229 44.2373 30.7229
v 24.7369 44.2373 30.3135
v 24.7788 44.2373 29.9059
v 24.8484 44.2373 29.5022
v 24.9454 44.2373 29.1041
v 25.0694 44.2373 28.7136
v 25.2196 44.2373 28.3325
v 25.3956 44.2373 27.9625
v 25.5964 44.2373 27.6054
v 25.8211 44.2373 27.2628
v 26.0686 44.2373 26.9364
v 26.3379 44.2373 26.6276
v 26.6276 44.2373 26.3379
v 26.9364 44.2373 26.0686
v 27.2628 44.2373 25.8211
v 27.6054 44.2373 25.5964
v 27.9625 44.2373 25.3956
v 28.3325 44.2373 25.2196
v 28.7136 44.2373 25.0694
v 29.1041 44.2373 24.9454
v 29.5022 44.2373 24.8484
v 29.9059 44.2373 24.7788
v 30.3135 44.2373 24.7369
v 216.577 44.2373 30.7229
v 216.563 44.2373 30.3135
v 216.521 44.2373 29.9059
v 216.452 44.2373 29.5022
v 216.355 44.2373 29.1041
v 216.231 44.2373 28.7136
v 216.08 44.2373 28.3325
v 215.904 44.2373 27.9625
v 215.704 44.2373 27.6054
v 215.479 44.2373 27.2628
v 215.231 44.2373 26.9364
v 214.962 44.2373 26.6276
v 214.672 44.2373 26.3379
v 214.364 44.2373 26.0686
v 214.037 44.2373 25.8211
v 213.695 44.2373 25.5964
v 213.338 44.2373 25.3956
v 212.968 44.2373 25.2196
v 212.586 44.2373 25.0694
v 212.196 44.2373 24.9454
v 211.798 44.2373 24.8484
v 211.394 44.2373 24.7788
v 210.987 44.2373 24.7369
v 24.7229 44.2373 154.697
v 216.577 44.2373 154.697
v 24.7369 44.2373 155.107
v 24.7788 44.2373 155.514
v 24.8484 44.2373 155.918
v 24.9454 44.2373 156.316
v 25.0694 44.2373 156.706
v 25.2196 44.2373 157.088
v 25.3956 44.2373 157.458
v 25.5964 44.2373 157.815
v 25.8211 44.2373 158.157
v 26.0686 44.2373 158.484
v 26.3379 44.2373 158.792
v 26.6276 44.2373 159.082
v 26.9364 44.2373 159.351
v 27.2628 44.2373 159.599
v 27.6054 44.2373 159.824
v 27.9625 44.2373 160.024
v 28.3325 44.2373 160.2
v 28.7136 44.2373 160.351
v 29.1041 44.2373 160.475
v 29.5022 44.2373 160.572
v 29.9059 44.2373 160.641
v 30.3135 44.2373 160.683
v 30.7229 44.2373 160.697
v 216.563 44.2373 155.107
v 216.521 44.2373 155.514
v 216.452 44.2373 155.918
v 216.355 44.2373 156.316
v 216.231 44.2373 156.706
v 216.08 44.2373 157.088
v 215.904 44.2373 157.458
v 215.704 44.2373 157.815
v 215.479 44.2373 158.157
v 215.231 44.2373 158.484
v 214.962 44.2373 158.792
v 214.672 44.2373 159.082
v 214.364 44.2373 159.351
v 214.037 44.2373 159.599
v 213.695 44.2373 159.824
v 213.338 44.2373 160.024
v 212.968 44.2373 160.2
v 212.586 44.2373 160.351
v 212.196 44.2373 160.475
v 211.798 44.2373 160.572
v 211.394 44.2373 160.641
v 210.987 44.2373 160.683
v 210.577 44.2373 160.697
v 207.577 12.7216 27.7229
v 33.7229 12.7216 27.7229
v 33.7229 14.7216 27.7229
v 207.577 14.7216 27.7229
v 213.516 12.7216 32.869
v 213.577 14.7216 33.7229
v 213.577 12.7216 33.7229
v 213.516 14.7216 32.869
v 213.334 12.7216 32.0325
v 213.334 14.7216 32.0325
v 213.035 12.7216 31.2304
v 213.035 14.7216 31.2304
v 212.625 12.7216 30.4791
v 212.625 14.7216 30.4791
v 212.112 12.7216 29.7938
v 212.112 14.7216 29.7938
v 211.506 12.7216 29.1884
v 211.506 14.7216 29.1884
v 210.821 12.7216 28.6754
v 210.821 14.7216 28.6754
v 210.07 12.7216 28.2651
v 210.07 14.7216 28.2651
v 209.268 12.7216 27.966
v 209.268 14.7216 27.966
v 208.431 12.7216 27.784
v 208.431 14.7216 27.784
v 213.577 12.7216 151.697
v 213.577 14.7216 151.697
v 213.516 12.7216 152.551
v 213.516 14.7216 152.551
v 213.334 12.7216 153.387
v 213.334 14.7216 153.387
v 213.035 12.7216 154.19
v 213.035 14.7216 154.19
v 212.625 12.7216 154.941
v 212.625 14.7216 154.941
v 212.112 12.7216 155.626
v 212.112 14.7216 155.626
v 211.506 12.7216 156.232
v 211.506 14.7216 156.232
v 210.821 12.7216 156.745
v 210.821 14.7216 156.745
v 210.07 12.7216 157.155
v 210.07 14.7216 157.155
v 209.268 12.7216 157.454
v 209.268 14.7216 157.454
v 208.431 12.7216 157.636
v 208.431 14.7216 157.636
v 207.577 12.7216 157.697
v 207.577 14.7216 157.697
v 33.7229 12.7216 157.697
v 33.7229 14.7216 157.697
v 27.784 12.7216 152.551
v 27.7229 14.7216 151.697
v 27.7229 12.7216 151.697
v 27.784 14.7216 152.551
v 27.966 12.7216 153.387
v 27.966 14.7216 153.387
v 28.2651 12.7216 154.19
v 28.2651 14.7216 154.19
v 28.6754 12.7216 154.941
v 28.6754 14.7216 154.941
v 29.1884 14.7216 155.626
v 29.1884 12.7216 155.626
v 29.7938 12.7216 156.232
v 29.7938 14.7216 156.232
v 30.4791 12.7216 156.745
v 30.4791 14.7216 156.745
v 31.2304 12.7216 157.155
v 31.2304 14.7216 157.155
v 32.0325 12.7216 157.454
v 32.0325 14.7216 157.454
v 32.869 12.7216 157.636
v 32.869 14.7216 157.636
v 27.7229 12.7216 33.7229
v 27.7229 14.7216 33.7229
v 27.784 12.7216 32.869
v 27.784 14.7216 32.869
v 27.966 12.7216 32.0325
v 27.966 14.7216 32.0325
v 28.2651 12.7216 31.2304
v 28.2651 14.7216 31.2304
v 28.6754 12.7216 30.4791
v 28.6754 14.7216 30.4791
v 29.1884 12.7216 29.7938
v 29.1884 14.7216 29.7938
v 29.7938 12.7216 29.1884
v 29.7938 14.7216 29.1884
v 30.4791 14.7216 28.6754
v 30.4791 12.7216 28.6754
v 31.2304 12.7216 28.2651
v 31.2304 14.7216 28.2651
v 32.0325 14.7216 27.966
v 32.0325 12.7216 27.966
v 32.869 12.7216 27.784
v 32.869 14.7216 27.784
v 120.45 -0.2 46.555
v 120.45 0.2 46.155
v 120.45 -0.2 46.155
v 120.45 0.2 46.555
v 120.85 -0.2 46.555
v 120.85 -0.2 46.155
v 120.85 0.2 46.155
v 120.85 0.2 46.555
v 25.7229 11.7216 25.7229
v 29.6782 10.7292 25.7229
v 29.6782 10.0764 29.4444
v 25.7229 11.067 29.4444
v 33.6335 9.7815 25.7229
v 33.6335 9.1304 29.4444
v 37.5888 8.8782 25.7229
v 37.5888 8.2286 29.4444
v 41.5441 8.0189 25.7229
v 41.5441 7.3709 29.4444
v 45.4994 7.2034 25.7229
v 45.4994 6.5568 29.4444
v 49.4547 6.4314 25.7229
v 49.4547 5.786 29.4444
v 53.41 5.7025 25.7229
v 53.41 5.0584 29.4444
v 57.3653 5.0166 25.7229
v 57.3653 4.3737 29.4444
v 61.3206 4.3733 25.7229
v 61.3206 3.7315 29.4444
v 65.2759 3.7726 25.7229
v 65.2759 3.1318 29.4444
v 69.2312 3.2142 25.7229
v 69.2312 2.5743 29.4444
v 73.1865 2.6978 25.7229
v 73.1865 2.0589 29.4444
v 77.1418 2.2234 25.7229
v 77.1418 1.5852 29.4444
v 81.097 1.7908 25.7229
v 81.097 1.1533 29.4444
v 85.0523 1.3998 25.7229
v 85.0523 0.763 29.4444
v 89.0076 1.0502 25.7229
v 89.0076 0.414 29.4444
v 92.9629 0.7421 25.7229
v 92.9629 0.1064 29.4444
v 96.9182 0.4753 25.7229
v 96.9182 -0.16 29.4444
v 100.874 0.2496 25.7229
v 100.874 -0.3853 29.4444
v 104.829 0.0651 25.7229
v 104.829 -0.5695 29.4444
v 108.784 -0.0784 25.7229
v 108.784 -0.7127 29.4444
v 112.739 -0.1808 25.7229
v 112.739 -0.815 29.4444
v 116.695 -0.2422 25.7229
v 116.695 -0.8763 29.4444
v 120.65 -0.2627 25.7229
v 120.65 -0.8967 29.4444
v 124.605 -0.2422 25.7229
v 124.605 -0.8763 29.4444
v 128.561 -0.1808 25.7229
v 128.561 -0.815 29.4444
v 132.516 -0.0784 25.7229
v 132.516 -0.7127 29.4444
v 136.471 0.0651 25.7229
v 136.471 -0.5695 29.4444
v 140.427 0.2496 25.7229
v 140.427 -0.3853 29.4444
v 144.382 0.4753 25.7229
v 144.382 -0.16 29.4444
v 148.337 0.7421 25.7229
v 148.337 0.1064 29.4444
v 152.292 1.0502 25.7229
v 152.292 0.414 29.4444
v 156.248 1.3998 25.7229
v 156.248 0.763 29.4444
v 160.203 1.7908 25.7229
v 160.203 1.1533 29.4444
v 164.158 2.2234 25.7229
v 164.158 1.5852 29.4444
v 168.113 2.6978 25.7229
v 168.113 2.0589 29.4444
v 172.069 3.2142 25.7229
v 172.069 2.5743 29.4444
v 176.024 3.7726 25.7229
v 176.024 3.1318 29.4444
v 179.979 4.3733 25.7229
v 179.979 3.7315 29.4444
v 183.935 5.0166 25.7229
v 183.935 4.3737 29.4444
v 187.89 5.7025 25.7229
v 187.89 5.0584 29.4444
v 191.845 6.4314 25.7229
v 191.845 5.786 29.4444
v 195.801 7.2034 25.7229
v 195.801 6.5568 29.4444
v 199.756 8.0189 25.7229
v 199.756 7.3709 29.4444
v 203.711 8.8782 25.7229
v 203.711 8.2286 29.4444
v 207.667 9.7815 25.7229
v 207.667 9.1304 29.4444
v 211.622 10.7292 25.7229
v 211.622 10.0764 29.4444
v 215.577 11.7216 25.7229
v 215.577 11.067 29.4444
v 29.6782 9.462 33.1659
v 25.7229 10.451 33.1659
v 33.6335 8.5175 33.1659
v 37.5888 7.6172 33.1659
v 41.5441 6.7609 33.1659
v 45.4994 5.9481 33.1659
v 49.4547 5.1786 33.1659
v 53.41 4.4522 33.1659
v 57.3653 3.7685 33.1659
v 61.3206 3.1274 33.1659
v 65.2759 2.5286 33.1659
v 69.2312 1.972 33.1659
v 73.1865 1.4574 33.1659
v 77.1418 0.9845 33.1659
v 81.097 0.5533 33.1659
v 85.0523 0.1635 33.1659
v 89.0076 -0.1849 33.1659
v 92.9629 -0.492 33.1659
v 96.9182 -0.758 33.1659
v 100.874 -0.9829 33.1659
v 104.829 -1.1668 33.1659
v 108.784 -1.3098 33.1659
v 112.739 -1.4119 33.1659
v 116.695 -1.4732 33.1659
v 120.65 -1.4936 33.1659
v 124.605 -1.4732 33.1659
v 128.561 -1.4119 33.1659
v 132.516 -1.3098 33.1659
v 136.471 -1.1668 33.1659
v 140.427 -0.9829 33.1659
v 144.382 -0.758 33.1659
v 148.337 -0.492 33.1659
v 152.292 -0.1849 33.1659
v 156.248 0.1635 33.1659
v 160.203 0.5533 33.1659
v 164.158 0.9845 33.1659
v 168.113 1.4574 33.1659
v 172.069 1.972 33.1659
v 176.024 2.5286 33.1659
v 179.979 3.1274 33.1659
v 183.935 3.7685 33.1659
v 187.89 4.4522 33.1659
v 191.845 5.1786 33.1659
v 195.801 5.9481 33.1659
v 199.756 6.7609 33.1659
v 203.711 7.6172 33.1659
v 207.667 8.5175 33.1659
v 211.622 9.462 33.1659
v 215.577 10.451 33.1659
v 29.6782 8.8857 36.8874
v 25.7229 9.8732 36.8874
v 33.6335 7.9427 36.8874
v 37.5888 7.0438 36.8874
v 41.5441 6.1887 36.8874
v 45.4994 5.3772 36.8874
v 49.4547 4.6089 36.8874
v 53.41 3.8835 36.8874
v 57.3653 3.2009 36.8874
v 61.3206 2.5608 36.8874
v 65.2759 1.9629 36.8874
v 69.2312 1.4071 36.8874
v 73.1865 0.8932 36.8874
v 77.1418 0.421 36.8874
v 81.097 -0.0096 36.8874
v 85.0523 -0.3987 36.8874
v 89.0076 -0.7466 36.8874
v 92.9629 -1.0533 36.8874
v 96.9182 -1.3189 36.8874
v 100.874 -1.5435 36.8874
v 104.829 -1.7271 36.8874
v 108.784 -1.8699 36.8874
v 112.739 -1.9719 36.8874
v 116.695 -2.033 36.8874
v 120.65 -2.0534 36.8874
v 124.605 -2.033 36.8874
v 128.561 -1.9719 36.8874
v 132.516 -1.8699 36.8874
v 136.471 -1.7271 36.8874
v 140.427 -1.5435 36.8874
v 144.382 -1.3189 36.8874
v 148.337 -1.0533 36.8874
v 152.292 -0.7466 36.8874
v 156.248 -0.3987 36.8874
v 160.203 -0.0096 36.8874
v 164.158 0.421 36.8874
v 168.113 0.8932 36.8874
v 172.069 1.4071 36.8874
v 176.024 1.9629 36.8874
v 179.979 2.5608 36.8874
v 183.935 3.2009 36.8874
v 187.89 3.8835 36.8874
v 191.845 4.6089 36.8874
v 195.801 5.3772 36.8874
v 199.756 6.1887 36.8874
v 203.711 7.0438 36.8874
v 207.667 7.9427 36.8874
v 211.622 8.8857 36.8874
v 215.577 9.8732 36.8874
v 29.6782 8.3474 40.6089
v 25.7229 9.3334 40.6089
v 33.6335 7.4058 40.6089
v 37.5888 6.5082 40.6089
v 41.5441 5.6543 40.6089
v 45.4994 4.8439 40.6089
v 49.4547 4.0767 40.6089
v 53.41 3.3524 40.6089
v 57.3653 2.6707 40.6089
v 61.3206 2.0314 40.6089
v 65.2759 1.4344 40.6089
v 69.2312 0.8794 40.6089
v 73.1865 0.3662 40.6089
v 77.1418 -0.1053 40.6089
v 81.097 -0.5353 40.6089
v 85.0523 -0.924 40.6089
v 89.0076 -1.2713 40.6089
v 92.9629 -1.5776 40.6089
v 96.9182 -1.8428 40.6089
v 100.874 -2.0671 40.6089
v 104.829 -2.2505 40.6089
v 108.784 -2.3931 40.6089
v 112.739 -2.4949 40.6089
v 116.695 -2.556 40.6089
v 120.65 -2.5764 40.6089
v 124.605 -2.556 40.6089
v 128.561 -2.4949 40.6089
v 132.516 -2.3931 40.6089
v 136.471 -2.2505 40.6089
v 140.427 -2.0671 40.6089
v 144.382 -1.8428 40.6089
v 148.337 -1.5776 40.6089
v 152.292 -1.2713 40.6089
v 156.248 -0.924 40.6089
v 160.203 -0.5353 40.6089
v 164.158 -0.1053 40.6089
v 168.113 0.3662 40.6089
v 172.069 0.8794 40.6089
v 176.024 1.4344 40.6089
v 179.979 2.0314 40.6089
v 183.935 2.6707 40.6089
v 187.89 3.3524 40.6089
v 191.845 4.0767 40.6089
v 195.801 4.8439 40.6089
v 199.756 5.6543 40.6089
v 203.711 6.5082 40.6089
v 207.667 7.4058 40.6089
v 211.622 8.3474 40.6089
v 215.577 9.3334 40.6089
v 29.6782 7.8469 44.3304
v 25.7229 8.8317 44.3304
v 33.6335 6.9065 44.3304
v 37.5888 6.0101 44.3304
v 41.5441 5.1574 44.3304
v 45.4994 4.3481 44.3304
v 49.4547 3.5819 44.3304
v 53.41 2.8585 44.3304
v 57.3653 2.1777 44.3304
v 61.3206 1.5393 44.3304
v 65.2759 0.943 44.3304
v 69.2312 0.3887 44.3304
v 73.1865 -0.1238 44.3304
v 77.1418 -0.5947 44.3304
v 81.097 -1.0242 44.3304
v 85.0523 -1.4123 44.3304
v 89.0076 -1.7593 44.3304
v 92.9629 -2.0651 44.3304
v 96.9182 -2.33 44.3304
v 100.874 -2.554 44.3304
v 104.829 -2.7372 44.3304
v 108.784 -2.8796 44.3304
v 112.739 -2.9813 44.3304
v 116.695 -3.0423 44.3304
v 120.65 -3.0626 44.3304
v 124.605 -3.0423 44.3304
v 128.561 -2.9813 44.3304
v 132.516 -2.8796 44.3304
v 136.471 -2.7372 44.3304
v 140.427 -2.554 44.3304
v 144.382 -2.33 44.3304
v 148.337 -2.0651 44.3304
v 152.292 -1.7593 44.3304
v 156.248 -1.4123 44.3304
v 160.203 -1.0242 44.3304
v 164.158 -0.5947 44.3304
v 168.113 -0.1238 44.3304
v 172.069 0.3887 44.3304
v 176.024 0.943 44.3304
v 179.979 1.5393 44.3304
v 183.935 2.1777 44.3304
v 187.89 2.8585 44.3304
v 191.845 3.5819 44.3304
v 195.801 4.3481 44.3304
v 199.756 5.1574 44.3304
v 203.711 6.0101 44.3304
v 207.667 6.9065 44.3304
v 211.622 7.8469 44.3304
v 215.577 8.8317 44.3304
v 29.6782 7.3841 48.0519
v 25.7229 8.3676 48.0519
v 33.6335 6.4449 48.0519
v 37.5888 5.5496 48.0519
v 41.5441 4.6979 48.0519
v 45.4994 3.8896 48.0519
v 49.4547 3.1243 48.0519
v 53.41 2.4018 48.0519
v 57.3653 1.7218 48.0519
v 61.3206 1.0842 48.0519
v 65.2759 0.4886 48.0519
v 69.2312 -0.065 48.0519
v 73.1865 -0.5769 48.0519
v 77.1418 -1.0473 48.0519
v 81.097 -1.4762 48.0519
v 85.0523 -1.8639 48.0519
v 89.0076 -2.2105 48.0519
v 92.9629 -2.516 48.0519
v 96.9182 -2.7806 48.0519
v 100.874 -3.0043 48.0519
v 104.829 -3.1873 48.0519
v 108.784 -3.3295 48.0519
v 112.739 -3.4311 48.0519
v 116.695 -3.492 48.0519
v 120.65 -3.5123 48.0519
v 124.605 -3.492 48.0519
v 128.561 -3.4311 48.0519
v 132.516 -3.3295 48.0519
v 136.471 -3.1873 48.0519
v 140.427 -3.0043 48.0519
v 144.382 -2.7806 48.0519
v 148.337 -2.516 48.0519
v 152.292 -2.2105 48.0519
v 156.248 -1.8639 48.0519
v 160.203 -1.4762 48.0519
v 164.158 -1.0473 48.0519
v 168.113 -0.5769 48.0519
v 172.069 -0.065 48.0519
v 176.024 0.4886 48.0519
v 179.979 1.0842 48.0519
v 183.935 1.7218 48.0519
v 187.89 2.4018 48.0519
v 191.845 3.1243 48.0519
v 195.801 3.8896 48.0519
v 199.756 4.6979 48.0519
v 203.711 5.5496 48.0519
v 207.667 6.4449 48.0519
v 211.622 7.3841 48.0519
v 215.577 8.3676 48.0519
v 29.6782 6.9589 51.7734
v 25.7229 7.9412 51.7734
v 33.6335 6.0207 51.7734
v 37.5888 5.1264 51.7734
v 41.5441 4.2757 51.7734
v 45.4994 3.4682 51.7734
v 49.4547 2.7038 51.7734
v 53.41 1.9821 51.7734
v 57.3653 1.3029 51.7734
v 61.3206 0.6659 51.7734
v 65.2759 0.071 51.7734
v 69.2312 -0.482 51.7734
v 73.1865 -0.9934 51.7734
v 77.1418 -1.4632 51.7734
v 81.097 -1.8917 51.7734
v 85.0523 -2.279 51.7734
v 89.0076 -2.6251 51.7734
v 92.9629 -2.9303 51.7734
v 96.9182 -3.1946 51.7734
v 100.874 -3.4181 51.7734
v 104.829 -3.6009 51.7734
v 108.784 -3.743 51.7734
v 112.739 -3.8444 51.7734
v 116.695 -3.9053 51.7734
v 120.65 -3.9256 51.7734
v 124.605 -3.9053 51.7734
v 128.561 -3.8444 51.7734
v 132.516 -3.743 51.7734
v 136.471 -3.6009 51.7734
v 140.427 -3.4181 51.7734
v 144.382 -3.1946 51.7734
v 148.337 -2.9303 51.7734
v 152.292 -2.6251 51.7734
v 156.248 -2.279 51.7734
v 160.203 -1.8917 51.7734
v 164.158 -1.4632 51.7734
v 168.113 -0.9934 51.7734
v 172.069 -0.482 51.7734
v 176.024 0.071 51.7734
v 179.979 0.6659 51.7734
v 183.935 1.3029 51.7734
v 187.89 1.9821 51.7734
v 191.845 2.7038 51.7734
v 195.801 3.4682 51.7734
v 199.756 4.2757 51.7734
v 203.711 5.1264 51.7734
v 207.667 6.0207 51.7734
v 211.622 6.9589 51.7734
v 215.577 7.9412 51.7734
v 29.6782 6.571 55.495
v 25.7229 7.5524 55.495
v 33.6335 5.6338 55.495
v 37.5888 4.7404 55.495
v 41.5441 3.8906 55.495
v 45.4994 3.0839 55.495
v 49.4547 2.3203 55.495
v 53.41 1.5993 55.495
v 57.3653 0.9208 55.495
v 61.3206 0.2844 55.495
v 65.2759 -0.3099 55.495
v 69.2312 -0.8623 55.495
v 73.1865 -1.3732 55.495
v 77.1418 -1.8426 55.495
v 81.097 -2.2706 55.495
v 85.0523 -2.6575 55.495
v 89.0076 -3.0033 55.495
v 92.9629 -3.3082 55.495
v 96.9182 -3.5723 55.495
v 100.874 -3.7955 55.495
v 104.829 -3.9781 55.495
v 108.784 -4.1201 55.495
v 112.739 -4.2214 55.495
v 116.695 -4.2822 55.495
v 120.65 -4.3025 55.495
v 124.605 -4.2822 55.495
v 128.561 -4.2214 55.495
v 132.516 -4.1201 55.495
v 136.471 -3.9781 55.495
v 140.427 -3.7955 55.495
v 144.382 -3.5723 55.495
v 148.337 -3.3082 55.495
v 152.292 -3.0033 55.495
v 156.248 -2.6575 55.495
v 160.203 -2.2706 55.495
v 164.158 -1.8426 55.495
v 168.113 -1.3732 55.495
v 172.069 -0.8623 55.495
v 176.024 -0.3099 55.495
v 179.979 0.2844 55.495
v 183.935 0.9208 55.495
v 187.89 1.5993 55.495
v 191.845 2.3203 55.495
v 195.801 3.0839 55.495
v 199.756 3.8906 55.495
v 203.711 4.7404 55.495
v 207.667 5.6338 55.495
v 211.622 6.571 55.495
v 215.577 7.5524 55.495
v 29.6782 6.2204 59.2165
v 25.7229 7.2009 59.2165
v 33.6335 5.2841 59.2165
v 37.5888 4.3915 59.2165
v 41.5441 3.5425 59.2165
v 45.4994 2.7366 59.2165
v 49.4547 1.9736 59.2165
v 53.41 1.2533 59.2165
v 57.3653 0.5754 59.2165
v 61.3206 -0.0604 59.2165
v 65.2759 -0.6541 59.2165
v 69.2312 -1.2061 59.2165
v 73.1865 -1.7165 59.2165
v 77.1418 -2.1855 59.2165
v 81.097 -2.6131 59.2165
v 85.0523 -2.9997 59.2165
v 89.0076 -3.3452 59.2165
v 92.9629 -3.6498 59.2165
v 96.9182 -3.9136 59.2165
v 100.874 -4.1367 59.2165
v 104.829 -4.3191 59.2165
v 108.784 -4.461 59.2165
v 112.739 -4.5622 59.2165
v 116.695 -4.623 59.2165
v 120.65 -4.6432 59.2165
v 124.605 -4.623 59.2165
v 128.561 -4.5622 59.2165
v 132.516 -4.461 59.2165
v 136.471 -4.3191 59.2165
v 140.427 -4.1367 59.2165
v 144.382 -3.9136 59.2165
v 148.337 -3.6498 59.2165
v 152.292 -3.3452 59.2165
v 156.248 -2.9997 59.2165
v 160.203 -2.6131 59.2165
v 164.158 -2.1855 59.2165
v 168.113 -1.7165 59.2165
v 172.069 -1.2061 59.2165
v 176.024 -0.6541 59.2165
v 179.979 -0.0604 59.2165
v 183.935 0.5754 59.2165
v 187.89 1.2533 59.2165
v 191.845 1.9736 59.2165
v 195.801 2.7366 59.2165
v 199.756 3.5425 59.2165
v 203.711 4.3915 59.2165
v 207.667 5.2841 59.2165
v 211.622 6.2204 59.2165
v 215.577 7.2009 59.2165
v 29.6782 5.907 62.938
v 25.7229 6.8866 62.938
v 33.6335 4.9715 62.938
v 37.5888 4.0797 62.938
v 41.5441 3.2313 62.938
v 45.4994 2.4261 62.938
v 49.4547 1.6637 62.938
v 53.41 0.944 62.938
v 57.3653 0.2666 62.938
v 61.3206 -0.3686 62.938
v 65.2759 -0.9619 62.938
v 69.2312 -1.5134 62.938
v 73.1865 -2.0234 62.938
v 77.1418 -2.492 62.938
v 81.097 -2.9194 62.938
v 85.0523 -3.3056 62.938
v 89.0076 -3.6508 62.938
v 92.9629 -3.9552 62.938
v 96.9182 -4.2188 62.938
v 100.874 -4.4417 62.938
v 104.829 -4.624 62.938
v 108.784 -4.7657 62.938
v 112.739 -4.8669 62.938
v 116.695 -4.9276 62.938
v 120.65 -4.9478 62.938
v 124.605 -4.9276 62.938
v 128.561 -4.8669 62.938
v 132.516 -4.7657 62.938
v 136.471 -4.624 62.938
v 140.427 -4.4417 62.938
v 144.382 -4.2188 62.938
v 148.337 -3.9552 62.938
v 152.292 -3.6508 62.938
v 156.248 -3.3056 62.938
v 160.203 -2.9194 62.938
v 164.158 -2.492 62.938
v 168.113 -2.0234 62.938
v 172.069 -1.5134 62.938
v 176.024 -0.9619 62.938
v 179.979 -0.3686 62.938
v 183.935 0.2666 62.938
v 187.89 0.944 62.938
v 191.845 1.6637 62.938
v 195.801 2.4261 62.938
v 199.756 3.2313 62.938
v 203.711 4.0797 62.938
v 207.667 4.9715 62.938
v 211.622 5.907 62.938
v 215.577 6.8866 62.938
v 29.6782 5.6307 66.6595
v 25.7229 6.6096 66.6595
v 33.6335 4.6958 66.6595
v 37.5888 3.8047 66.6595
v 41.5441 2.9569 66.6595
v 45.4994 2.1523 66.6595
v 49.4547 1.3905 66.6595
v 53.41 0.6713 66.6595
v 57.3653 -0.0056 66.6595
v 61.3206 -0.6404 66.6595
v 65.2759 -1.2333 66.6595
v 69.2312 -1.7844 66.6595
v 73.1865 -2.294 66.6595
v 77.1418 -2.7623 66.6595
v 81.097 -3.1893 66.6595
v 85.0523 -3.5753 66.6595
v 89.0076 -3.9203 66.6595
v 92.9629 -4.2245 66.6595
v 96.9182 -4.4879 66.6595
v 100.874 -4.7106 66.6595
v 104.829 -4.8928 66.6595
v 108.784 -5.0344 66.6595
v 112.739 -5.1355 66.6595
v 116.695 -5.1962 66.6595
v 120.65 -5.2164 66.6595
v 124.605 -5.1962 66.6595
v 128.561 -5.1355 66.6595
v 132.516 -5.0344 66.6595
v 136.471 -4.8928 66.6595
v 140.427 -4.7106 66.6595
v 144.382 -4.4879 66.6595
v 148.337 -4.2245 66.6595
v 152.292 -3.9203 66.6595
v 156.248 -3.5753 66.6595
v 160.203 -3.1893 66.6595
v 164.158 -2.7623 66.6595
v 168.113 -2.294 66.6595
v 172.069 -1.7844 66.6595
v 176.024 -1.2333 66.6595
v 179.979 -0.6404 66.6595
v 183.935 -0.0056 66.6595
v 187.89 0.6713 66.6595
v 191.845 1.3905 66.6595
v 195.801 2.1523 66.6595
v 199.756 2.9569 66.6595
v 203.711 3.8047 66.6595
v 207.667 4.6958 66.6595
v 211.622 5.6307 66.6595
v 215.577 6.6096 66.6595
v 29.6782 5.3914 70.381
v 25.7229 6.3697 70.381
v 33.6335 4.4571 70.381
v 37.5888 3.5665 70.381
v 41.5441 2.7193 70.381
v 45.4994 1.9152 70.381
v 49.4547 1.1538 70.381
v 53.41 0.4351 70.381
v 57.3653 -0.2414 70.381
v 61.3206 -0.8758 70.381
v 65.2759 -1.4683 70.381
v 69.2312 -2.0191 70.381
v 73.1865 -2.5284 70.381
v 77.1418 -2.9964 70.381
v 81.097 -3.4232 70.381
v 85.0523 -3.8089 70.381
v 89.0076 -4.1537 70.381
v 92.9629 -4.4577 70.381
v 96.9182 -4.7209 70.381
v 100.874 -4.9435 70.381
v 104.829 -5.1256 70.381
v 108.784 -5.2671 70.381
v 112.739 -5.3682 70.381
v 116.695 -5.4288 70.381
v 120.65 -5.449 70.381
v 124.605 -5.4288 70.381
v 128.561 -5.3682 70.381
v 132.516 -5.2671 70.381
v 136.471 -5.1256 70.381
v 140.427 -4.9435 70.381
v 144.382 -4.7209 70.381
v 148.337 -4.4577 70.381
v 152.292 -4.1537 70.381
v 156.248 -3.8089 70.381
v 160.203 -3.4232 70.381
v 164.158 -2.9964 70.381
v 168.113 -2.5284 70.381
v 172.069 -2.0191 70.381
v 176.024 -1.4683 70.381
v 179.979 -0.8758 70.381
v 183.935 -0.2414 70.381
v 187.89 0.4351 70.381
v 191.845 1.1538 70.381
v 195.801 1.9152 70.381
v 199.756 2.7193 70.381
v 203.711 3.5665 70.381
v 207.667 4.4571 70.381
v 211.622 5.3914 70.381
v 215.577 6.3697 70.381
v 29.6782 5.189 74.1025
v 25.7229 6.1668 74.1025
v 33.6335 4.2552 74.1025
v 37.5888 3.3651 74.1025
v 41.5441 2.5184 74.1025
v 45.4994 1.7146 74.1025
v 49.4547 0.9537 74.1025
v 53.41 0.2353 74.1025
v 57.3653 -0.4408 74.1025
v 61.3206 -1.0748 74.1025
v 65.2759 -1.667 74.1025
v 69.2312 -2.2176 74.1025
v 73.1865 -2.7266 74.1025
v 77.1418 -3.1943 74.1025
v 81.097 -3.6209 74.1025
v 85.0523 -4.0064 74.1025
v 89.0076 -4.3511 74.1025
v 92.9629 -4.6549 74.1025
v 96.9182 -4.918 74.1025
v 100.874 -5.1405 74.1025
v 104.829 -5.3224 74.1025
v 108.784 -5.4639 74.1025
v 112.739 -5.5649 74.1025
v 116.695 -5.6255 74.1025
v 120.65 -5.6457 74.1025
v 124.605 -5.6255 74.1025
v 128.561 -5.5649 74.1025
v 132.516 -5.4639 74.1025
v 136.471 -5.3224 74.1025
v 140.427 -5.1405 74.1025
v 144.382 -4.918 74.1025
v 148.337 -4.6549 74.1025
v 152.292 -4.3511 74.1025
v 156.248 -4.0064 74.1025
v 160.203 -3.6209 74.1025
v 164.158 -3.1943 74.1025
v 168.113 -2.7266 74.1025
v 172.069 -2.2176 74.1025
v 176.024 -1.667 74.1025
v 179.979 -1.0748 74.1025
v 183.935 -0.4408 74.1025
v 187.89 0.2353 74.1025
v 191.845 0.9537 74.1025
v 195.801 1.7146 74.1025
v 199.756 2.5184 74.1025
v 203.711 3.3651 74.1025
v 207.667 4.2552 74.1025
v 211.622 5.189 74.1025
v 215.577 6.1668 74.1025
v 29.6782 5.0235 77.824
v 25.7229 6.0008 77.824
v 33.6335 4.0901 77.824
v 37.5888 3.2004 77.824
v 41.5441 2.354 77.824
v 45.4994 1.5507 77.824
v 49.4547 0.7901 77.824
v 53.41 0.072 77.824
v 57.3653 -0.6039 77.824
v 61.3206 -1.2376 77.824
v 65.2759 -1.8296 77.824
v 69.2312 -2.3799 77.824
v 73.1865 -2.8887 77.824
v 77.1418 -3.3562 77.824
v 81.097 -3.7826 77.824
v 85.0523 -4.168 77.824
v 89.0076 -4.5125 77.824
v 92.9629 -4.8162 77.824
v 96.9182 -5.0792 77.824
v 100.874 -5.3016 77.824
v 104.829 -5.4834 77.824
v 108.784 -5.6248 77.824
v 112.739 -5.7258 77.824
v 116.695 -5.7864 77.824
v 120.65 -5.8066 77.824
v 124.605 -5.7864 77.824
v 128.561 -5.7258 77.824
v 132.516 -5.6248 77.824
v 136.471 -5.4834 77.824
v 140.427 -5.3016 77.824
v 144.382 -5.0792 77.824
v 148.337 -4.8162 77.824
v 152.292 -4.5125 77.824
v 156.248 -4.168 77.824
v 160.203 -3.7826 77.824
v 164.158 -3.3562 77.824
v 168.113 -2.8887 77.824
v 172.069 -2.3799 77.824
v 176.024 -1.8296 77.824
v 179.979 -1.2376 77.824
v 183.935 -0.6039 77.824
v 187.89 0.072 77.824
v 191.845 0.7901 77.824
v 195.801 1.5507 77.824
v 199.756 2.354 77.824
v 203.711 3.2004 77.824
v 207.667 4.0901 77.824
v 211.622 5.0235 77.824
v 215.577 6.0008 77.824
v 29.6782 4.8948 81.5455
v 25.7229 5.8718 81.5455
v 33.6335 3.9618 81.5455
v 37.5888 3.0724 81.5455
v 41.5441 2.2263 81.5455
v 45.4994 1.4232 81.5455
v 49.4547 0.6628 81.5455
v 53.41 -0.055 81.5455
v 57.3653 -0.7306 81.5455
v 61.3206 -1.3642 81.5455
v 65.2759 -1.956 81.5455
v 69.2312 -2.5061 81.5455
v 73.1865 -3.0147 81.5455
v 77.1418 -3.4821 81.5455
v 81.097 -3.9084 81.5455
v 85.0523 -4.2936 81.5455
v 89.0076 -4.638 81.5455
v 92.9629 -4.9416 81.5455
v 96.9182 -5.2045 81.5455
v 100.874 -5.4268 81.5455
v 104.829 -5.6086 81.5455
v 108.784 -5.75 81.5455
v 112.739 -5.8509 81.5455
v 116.695 -5.9115 81.5455
v 120.65 -5.9316 81.5455
v 124.605 -5.9115 81.5455
v 128.561 -5.8509 81.5455
v 132.516 -5.75 81.5455
v 136.471 -5.6086 81.5455
v 140.427 -5.4268 81.5455
v 144.382 -5.2045 81.5455
v 148.337 -4.9416 81.5455
v 152.292 -4.638 81.5455
v 156.248 -4.2936 81.5455
v 160.203 -3.9084 81.5455
v 164.158 -3.4821 81.5455
v 168.113 -3.0147 81.5455
v 172.069 -2.5061 81.5455
v 176.024 -1.956 81.5455
v 179.979 -1.3642 81.5455
v 183.935 -0.7306 81.5455
v 187.89 -0.055 81.5455
v 191.845 0.6628 81.5455
v 195.801 1.4232 81.5455
v 199.756 2.2263 81.5455
v 203.711 3.0724 81.5455
v 207.667 3.9618 81.5455
v 211.622 4.8948 81.5455
v 215.577 5.8718 81.5455
v 29.6782 4.803 85.267
v 25.7229 5.7797 85.267
v 33.6335 3.8701 85.267
v 37.5888 2.9809 85.267
v 41.5441 2.135 85.267
v 45.4994 1.3321 85.267
v 49.4547 0.572 85.267
v 53.41 -0.1457 85.267
v 57.3653 -0.8212 85.267
v 61.3206 -1.4546 85.267
v 65.2759 -2.0462 85.267
v 69.2312 -2.5962 85.267
v 73.1865 -3.1047 85.267
v 77.1418 -3.572 85.267
v 81.097 -3.9981 85.267
v 85.0523 -4.3833 85.267
v 89.0076 -4.7276 85.267
v 92.9629 -5.0311 85.267
v 96.9182 -5.294 85.267
v 100.874 -5.5162 85.267
v 104.829 -5.698 85.267
v 108.784 -5.8393 85.267
v 112.739 -5.9402 85.267
v 116.695 -6.0008 85.267
v 120.65 -6.021 85.267
v 124.605 -6.0008 85.267
v 128.561 -5.9402 85.267
v 132.516 -5.8393 85.267
v 136.471 -5.698 85.267
v 140.427 -5.5162 85.267
v 144.382 -5.294 85.267
v 148.337 -5.0311 85.267
v 152.292 -4.7276 85.267
v 156.248 -4.3833 85.267
v 160.203 -3.9981 85.267
v 164.158 -3.572 85.267
v 168.113 -3.1047 85.267
v 172.069 -2.5962 85.267
v 176.024 -2.0462 85.267
v 179.979 -1.4546 85.267
v 183.935 -0.8212 85.267
v 187.89 -0.1457 85.267
v 191.845 0.572 85.267
v 195.801 1.3321 85.267
v 199.756 2.135 85.267
v 203.711 2.9809 85.267
v 207.667 3.8701 85.267
v 211.622 4.803 85.267
v 215.577 5.7797 85.267
v 29.6782 4.7478 88.9885
v 25.7229 5.7244 88.9885
v 33.6335 3.8152 88.9885
v 37.5888 2.9261 88.9885
v 41.5441 2.0803 88.9885
v 45.4994 1.2775 88.9885
v 49.4547 0.5174 88.9885
v 53.41 -0.2001 88.9885
v 57.3653 -0.8755 88.9885
v 61.3206 -1.5088 88.9885
v 65.2759 -2.1003 88.9885
v 69.2312 -2.6502 88.9885
v 73.1865 -3.1587 88.9885
v 77.1418 -3.6259 88.9885
v 81.097 -4.052 88.9885
v 85.0523 -4.4371 88.9885
v 89.0076 -4.7813 88.9885
v 92.9629 -5.0848 88.9885
v 96.9182 -5.3476 88.9885
v 100.874 -5.5699 88.9885
v 104.829 -5.7516 88.9885
v 108.784 -5.8929 88.9885
v 112.739 -5.9938 88.9885
v 116.695 -6.0544 88.9885
v 120.65 -6.0745 88.9885
v 124.605 -6.0544 88.9885
v 128.561 -5.9938 88.9885
v 132.516 -5.8929 88.9885
v 136.471 -5.7516 88.9885
v 140.427 -5.5699 88.9885
v 144.382 -5.3476 88.9885
v 148.337 -5.0848 88.9885
v 152.292 -4.7813 88.9885
v 156.248 -4.4371 88.9885
v 160.203 -4.052 88.9885
v 164.158 -3.6259 88.9885
v 168.113 -3.1587 88.9885
v 172.069 -2.6502 88.9885
v 176.024 -2.1003 88.9885
v 179.979 -1.5088 88.9885
v 183.935 -0.8755 88.9885
v 187.89 -0.2001 88.9885
v 191.845 0.5174 88.9885
v 195.801 1.2775 88.9885
v 199.756 2.0803 88.9885
v 203.711 2.9261 88.9885
v 207.667 3.8152 88.9885
v 211.622 4.7478 88.9885
v 215.577 5.7244 88.9885
v 29.6782 4.7295 92.71
v 25.7229 5.706 92.71
v 33.6335 3.7968 92.71
v 37.5888 2.9078 92.71
v 41.5441 2.062 92.71
v 45.4994 1.2593 92.71
v 49.4547 0.4993 92.71
v 53.41 -0.2183 92.71
v 57.3653 -0.8936 92.71
v 61.3206 -1.5269 92.71
v 65.2759 -2.1184 92.71
v 69.2312 -2.6683 92.71
v 73.1865 -3.1767 92.71
v 77.1418 -3.6439 92.71
v 81.097 -4.0699 92.71
v 85.0523 -4.455 92.71
v 89.0076 -4.7992 92.71
v 92.9629 -5.1027 92.71
v 96.9182 -5.3655 92.71
v 100.874 -5.5878 92.71
v 104.829 -5.7695 92.71
v 108.784 -5.9108 92.71
v 112.739 -6.0117 92.71
v 116.695 -6.0722 92.71
v 120.65 -6.0924 92.71
v 124.605 -6.0722 92.71
v 128.561 -6.0117 92.71
v 132.516 -5.9108 92.71
v 136.471 -5.7695 92.71
v 140.427 -5.5878 92.71
v 144.382 -5.3655 92.71
v 148.337 -5.1027 92.71
v 152.292 -4.7992 92.71
v 156.248 -4.455 92.71
v 160.203 -4.0699 92.71
v 164.158 -3.6439 92.71
v 168.113 -3.1767 92.71
v 172.069 -2.6683 92.71
v 176.024 -2.1184 92.71
v 179.979 -1.5269 92.71
v 183.935 -0.8936 92.71
v 187.89 -0.2183 92.71
v 191.845 0.4993 92.71
v 195.801 1.2593 92.71
v 199.756 2.062 92.71
v 203.711 2.9078 92.71
v 207.667 3.7968 92.71
v 211.622 4.7295 92.71
v 215.577 5.706 92.71
v 29.6782 4.7478 96.4315
v 25.7229 5.7244 96.4315
v 33.6335 3.8152 96.4315
v 37.5888 2.9261 96.4315
v 41.5441 2.0803 96.4315
v 45.4994 1.2775 96.4315
v 49.4547 0.5174 96.4315
v 53.41 -0.2001 96.4315
v 57.3653 -0.8755 96.4315
v 61.3206 -1.5088 96.4315
v 65.2759 -2.1003 96.4315
v 69.2312 -2.6502 96.4315
v 73.1865 -3.1587 96.4315
v 77.1418 -3.6259 96.4315
v 81.097 -4.052 96.4315
v 85.0523 -4.4371 96.4315
v 89.0076 -4.7813 96.4315
v 92.9629 -5.0848 96.4315
v 96.9182 -5.3476 96.4315
v 100.874 -5.5699 96.4315
v 104.829 -5.7516 96.4315
v 108.784 -5.8929 96.4315
v 112.739 -5.9938 96.4315
v 116.695 -6.0544 96.4315
v 120.65 -6.0745 96.4315
v 124.605 -6.0544 96.4315
v 128.561 -5.9938 96.4315
v 132.516 -5.8929 96.4315
v 136.471 -5.7516 96.4315
v 140.427 -5.5699 96.4315
v 144.382 -5.3476 96.4315
v 148.337 -5.0848 96.4315
v 152.292 -4.7813 96.4315
v 156.248 -4.4371 96.4315
v 160.203 -4.052 96.4315
v 164.158 -3.6259 96.4315
v 168.113 -3.1587 96.4315
v 172.069 -2.6502 96.4315
v 176.024 -2.1003 96.4315
v 179.979 -1.5088 96.4315
v 183.935 -0.8755 96.4315
v 187.89 -0.2001 96.4315
v 191.845 0.5174 96.4315
v 195.801 1.2775 96.4315
v 199.756 2.0803 96.4315
v 203.711 2.9261 96.4315
v 207.667 3.8152 96.4315
v 211.622 4.7478 96.4315
v 215.577 5.7244 96.4315
v 29.6782 4.803 100.153
v 25.7229 5.7797 100.153
v 33.6335 3.8701 100.153
v 37.5888 2.9809 100.153
v 41.5441 2.135 100.153
v 45.4994 1.3321 100.153
v 49.4547 0.572 100.153
v 53.41 -0.1457 100.153
v 57.3653 -0.8212 100.153
v 61.3206 -1.4546 100.153
v 65.2759 -2.0462 100.153
v 69.2312 -2.5962 100.153
v 73.1865 -3.1047 100.153
v 77.1418 -3.572 100.153
v 81.097 -3.9981 100.153
v 85.0523 -4.3833 100.153
v 89.0076 -4.7276 100.153
v 92.9629 -5.0311 100.153
v 96.9182 -5.294 100.153
v 100.874 -5.5162 100.153
v 104.829 -5.698 100.153
v 108.784 -5.8393 100.153
v 112.739 -5.9402 100.153
v 116.695 -6.0008 100.153
v 120.65 -6.021 100.153
v 124.605 -6.0008 100.153
v 128.561 -5.9402 100.153
v 132.516 -5.8393 100.153
v 136.471 -5.698 100.153
v 140.427 -5.5162 100.153
v 144.382 -5.294 100.153
v 148.337 -5.0311 100.153
v 152.292 -4.7276 100.153
v 156.248 -4.3833 100.153
v 160.203 -3.9981 100.153
v 164.158 -3.572 100.153
v 168.113 -3.1047 100.153
v 172.069 -2.5962 100.153
v 176.024 -2.0462 100.153
v 179.979 -1.4546 100.153
v 183.935 -0.8212 100.153
v 187.89 -0.1457 100.153
v 191.845 0.572 100.153
v 195.801 1.3321 100.153
v 199.756 2.135 100.153
v 203.711 2.9809 100.153
v 207.667 3.8701 100.153
v 211.622 4.803 100.153
v 215.577 5.7797 100.153
v 29.6782 4.8948 103.874
v 25.7229 5.8718 103.874
v 33.6335 3.9618 103.874
v 37.5888 3.0724 103.874
v 41.5441 2.2263 103.874
v 45.4994 1.4232 103.874
v 49.4547 0.6628 103.874
v 53.41 -0.055 103.874
v 57.3653 -0.7306 103.874
v 61.3206 -1.3642 103.874
v 65.2759 -1.956 103.874
v 69.2312 -2.5061 103.874
v 73.1865 -3.0147 103.874
v 77.1418 -3.4821 103.874
v 81.097 -3.9084 103.874
v 85.0523 -4.2936 103.874
v 89.0076 -4.638 103.874
v 92.9629 -4.9416 103.874
v 96.9182 -5.2045 103.874
v 100.874 -5.4268 103.874
v 104.829 -5.6086 103.874
v 108.784 -5.75 103.874
v 112.739 -5.8509 103.874
v 116.695 -5.9115 103.874
v 120.65 -5.9316 103.874
v 124.605 -5.9115 103.874
v 128.561 -5.8509 103.874
v 132.516 -5.75 103.874
v 136.471 -5.6086 103.874
v 140.427 -5.4268 103.874
v 144.382 -5.2045 103.874
v 148.337 -4.9416 103.874
v 152.292 -4.638 103.874
v 156.248 -4.2936 103.874
v 160.203 -3.9084 103.874
v 164.158 -3.4821 103.874
v 168.113 -3.0147 103.874
v 172.069 -2.5061 103.874
v 176.024 -1.956 103.874
v 179.979 -1.3642 103.874
v 183.935 -0.7306 103.874
v 187.89 -0.055 103.874
v 191.845 0.6628 103.874
v 195.801 1.4232 103.874
v 199.756 2.2263 103.874
v 203.711 3.0724 103.874
v 207.667 3.9618 103.874
v 211.622 4.8948 103.874
v 215.577 5.8718 103.874
v 29.6782 5.0235 107.596
v 25.7229 6.0008 107.596
v 33.6335 4.0901 107.596
v 37.5888 3.2004 107.596
v 41.5441 2.354 107.596
v 45.4994 1.5507 107.596
v 49.4547 0.7901 107.596
v 53.41 0.072 107.596
v 57.3653 -0.6039 107.596
v 61.3206 -1.2376 107.596
v 65.2759 -1.8296 107.596
v 69.2312 -2.3799 107.596
v 73.1865 -2.8887 107.596
v 77.1418 -3.3562 107.596
v 81.097 -3.7826 107.596
v 85.0523 -4.168 107.596
v 89.0076 -4.5125 107.596
v 92.9629 -4.8162 107.596
v 96.9182 -5.0792 107.596
v 100.874 -5.3016 107.596
v 104.829 -5.4834 107.596
v 108.784 -5.6248 107.596
v 112.739 -5.7258 107.596
v 116.695 -5.7864 107.596
v 120.65 -5.8066 107.596
v 124.605 -5.7864 107.596
v 128.561 -5.7258 107.596
v 132.516 -5.6248 107.596
v 136.471 -5.4834 107.596
v 140.427 -5.3016 107.596
v 144.382 -5.0792 107.596
v 148.337 -4.8162 107.596
v 152.292 -4.5125 107.596
v 156.248 -4.168 107.596
v 160.203 -3.7826 107.596
v 164.158 -3.3562 107.596
v 168.113 -2.8887 107.596
v 172.069 -2.3799 107.596
v 176.024 -1.8296 107.596
v 179.979 -1.2376 107.596
v 183.935 -0.6039 107.596
v 187.89 0.072 107.596
v 191.845 0.7901 107.596
v 195.801 1.5507 107.596
v 199.756 2.354 107.596
v 203.711 3.2004 107.596
v 207.667 4.0901 107.596
v 211.622 5.0235 107.596
v 215.577 6.0008 107.596
v 29.6782 5.189 111.317
v 25.7229 6.1668 111.317
v 33.6335 4.2552 111.317
v 37.5888 3.3651 111.317
v 41.5441 2.5184 111.317
v 45.4994 1.7146 111.317
v 49.4547 0.9537 111.317
v 53.41 0.2353 111.317
v 57.3653 -0.4408 111.317
v 61.3206 -1.0748 111.317
v 65.2759 -1.667 111.317
v 69.2312 -2.2176 111.317
v 73.1865 -2.7266 111.317
v 77.1418 -3.1943 111.317
v 81.097 -3.6209 111.317
v 85.0523 -4.0064 111.317
v 89.0076 -4.3511 111.317
v 92.9629 -4.6549 111.317
v 96.9182 -4.918 111.317
v 100.874 -5.1405 111.317
v 104.829 -5.3224 111.317
v 108.784 -5.4639 111.317
v 112.739 -5.5649 111.317
v 116.695 -5.6255 111.317
v 120.65 -5.6457 111.317
v 124.605 -5.6255 111.317
v 128.561 -5.5649 111.317
v 132.516 -5.4639 111.317
v 136.471 -5.3224 111.317
v 140.427 -5.1405 111.317
v 144.382 -4.918 111.317
v 148.337 -4.6549 111.317
v 152.292 -4.3511 111.317
v 156.248 -4.0064 111.317
v 160.203 -3.6209 111.317
v 164.158 -3.1943 111.317
v 168.113 -2.7266 111.317
v 172.069 -2.2176 111.317
v 176.024 -1.667 111.317
v 179.979 -1.0748 111.317
v 183.935 -0.4408 111.317
v 187.89 0.2353 111.317
v 191.845 0.9537 111.317
v 195.801 1.7146 111.317
v 199.756 2.5184 111.317
v 203.711 3.3651 111.317
v 207.667 4.2552 111.317
v 211.622 5.189 111.317
v 215.577 6.1668 111.317
v 29.6782 5.3914 115.039
v 25.7229 6.3697 115.039
v 33.6335 4.4571 115.039
v 37.5888 3.5665 115.039
v 41.5441 2.7193 115.039
v 45.4994 1.9152 115.039
v 49.4547 1.1538 115.039
v 53.41 0.4351 115.039
v 57.3653 -0.2414 115.039
v 61.3206 -0.8758 115.039
v 65.2759 -1.4683 115.039
v 69.2312 -2.0191 115.039
v 73.1865 -2.5284 115.039
v 77.1418 -2.9964 115.039
v 81.097 -3.4232 115.039
v 85.0523 -3.8089 115.039
v 89.0076 -4.1537 115.039
v 92.9629 -4.4577 115.039
v 96.9182 -4.7209 115.039
v 100.874 -4.9435 115.039
v 104.829 -5.1256 115.039
v 108.784 -5.2671 115.039
v 112.739 -5.3682 115.039
v 116.695 -5.4288 115.039
v 120.65 -5.449 115.039
v 124.605 -5.4288 115.039
v 128.561 -5.3682 115.039
v 132.516 -5.2671 115.039
v 136.471 -5.1256 115.039
v 140.427 -4.9435 115.039
v 144.382 -4.7209 115.039
v 148.337 -4.4577 115.039
v 152.292 -4.1537 115.039
v 156.248 -3.8089 115.039
v 160.203 -3.4232 115.039
v 164.158 -2.9964 115.039
v 168.113 -2.5284 115.039
v 172.069 -2.0191 115.039
v 176.024 -1.4683 115.039
v 179.979 -0.8758 115.039
v 183.935 -0.2414 115.039
v 187.89 0.4351 115.039
v 191.845 1.1538 115.039
v 195.801 1.9152 115.039
v 199.756 2.7193 115.039
v 203.711 3.5665 115.039
v 207.667 4.4571 115.039
v 211.622 5.3914 115.039
v 215.577 6.3697 115.039
v 29.6782 5.6307 118.76
v 25.7229 6.6096 118.76
v 33.6335 4.6958 118.76
v 37.5888 3.8047 118.76
v 41.5441 2.9569 118.76
v 45.4994 2.1523 118.76
v 49.4547 1.3905 118.76
v 53.41 0.6713 118.76
v 57.3653 -0.0056 118.76
v 61.3206 -0.6404 118.76
v 65.2759 -1.2333 118.76
v 69.2312 -1.7844 118.76
v 73.1865 -2.294 118.76
v 77.1418 -2.7623 118.76
v 81.097 -3.1893 118.76
v 85.0523 -3.5753 118.76
v 89.0076 -3.9203 118.76
v 92.9629 -4.2245 118.76
v 96.9182 -4.4879 118.76
v 100.874 -4.7106 118.76
v 104.829 -4.8928 118.76
v 108.784 -5.0344 118.76
v 112.739 -5.1355 118.76
v 116.695 -5.1962 118.76
v 120.65 -5.2164 118.76
v 124.605 -5.1962 118.76
v 128.561 -5.1355 118.76
v 132.516 -5.0344 118.76
v 136.471 -4.8928 118.76
v 140.427 -4.7106 118.76
v 144.382 -4.4879 118.76
v 148.337 -4.2245 118.76
v 152.292 -3.9203 118.76
v 156.248 -3.5753 118.76
v 160.203 -3.1893 118.76
v 164.158 -2.7623 118.76
v 168.113 -2.294 118.76
v 172.069 -1.7844 118.76
v 176.024 -1.2333 118.76
v 179.979 -0.6404 118.76
v 183.935 -0.0056 118.76
v 187.89 0.6713 118.76
v 191.845 1.3905 118.76
v 195.801 2.1523 118.76
v 199.756 2.9569 118.76
v 203.711 3.8047 118.76
v 207.667 4.6958 118.76
v 211.622 5.6307 118.76
v 215.577 6.6096 118.76
v 29.6782 5.907 122.482
v 25.7229 6.8866 122.482
v 33.6335 4.9715 122.482
v 37.5888 4.0797 122.482
v 41.5441 3.2313 122.482
v 45.4994 2.4261 122.482
v 49.4547 1.6637 122.482
v 53.41 0.944 122.482
v 57.3653 0.2666 122.482
v 61.3206 -0.3686 122.482
v 65.2759 -0.9619 122.482
v 69.2312 -1.5134 122.482
v 73.1865 -2.0234 122.482
v 77.1418 -2.492 122.482
v 81.097 -2.9194 122.482
v 85.0523 -3.3056 122.482
v 89.0076 -3.6508 122.482
v 92.9629 -3.9552 122.482
v 96.9182 -4.2188 122.482
v 100.874 -4.4417 122.482
v 104.829 -4.624 122.482
v 108.784 -4.7657 122.482
v 112.739 -4.8669 122.482
v 116.695 -4.9276 122.482
v 120.65 -4.9478 122.482
v 124.605 -4.9276 122.482
v 128.561 -4.8669 122.482
v 132.516 -4.7657 122.482
v 136.471 -4.624 122.482
v 140.427 -4.4417 122.482
v 144.382 -4.2188 122.482
v 148.337 -3.9552 122.482
v 152.292 -3.6508 122.482
v 156.248 -3.3056 122.482
v 160.203 -2.9194 122.482
v 164.158 -2.492 122.482
v 168.113 -2.0234 122.482
v 172.069 -1.5134 122.482
v 176.024 -0.9619 122.482
v 179.979 -0.3686 122.482
v 183.935 0.2666 122.482
v 187.89 0.944 122.482
v 191.845 1.6637 122.482
v 195.801 2.4261 122.482
v 199.756 3.2313 122.482
v 203.711 4.0797 122.482
v 207.667 4.9715 122.482
v 211.622 5.907 122.482
v 215.577 6.8866 122.482
v 29.6782 6.2204 126.204
v 25.7229 7.2009 126.204
v 33.6335 5.2841 126.204
v 37.5888 4.3915 126.204
v 41.5441 3.5425 126.204
v 45.4994 2.7366 126.204
v 49.4547 1.9736 126.204
v 53.41 1.2533 126.204
v 57.3653 0.5754 126.204
v 61.3206 -0.0604 126.204
v 65.2759 -0.6541 126.204
v 69.2312 -1.2061 126.204
v 73.1865 -1.7165 126.204
v 77.1418 -2.1855 126.204
v 81.097 -2.6131 126.204
v 85.0523 -2.9997 126.204
v 89.0076 -3.3452 126.204
v 92.9629 -3.6498 126.204
v 96.9182 -3.9136 126.204
v 100.874 -4.1367 126.204
v 104.829 -4.3191 126.204
v 108.784 -4.461 126.204
v 112.739 -4.5622 126.204
v 116.695 -4.623 126.204
v 120.65 -4.6432 126.204
v 124.605 -4.623 126.204
v 128.561 -4.5622 126.204
v 132.516 -4.461 126.204
v 136.471 -4.3191 126.204
v 140.427 -4.1367 126.204
v 144.382 -3.9136 126.204
v 148.337 -3.6498 126.204
v 152.292 -3.3452 126.204
v 156.248 -2.9997 126.204
v 160.203 -2.6131 126.204
v 164.158 -2.1855 126.204
v 168.113 -1.7165 126.204
v 172.069 -1.2061 126.204
v 176.024 -0.6541 126.204
v 179.979 -0.0604 126.204
v 183.935 0.5754 126.204
v 187.89 1.2533 126.204
v 191.845 1.9736 126.204
v 195.801 2.7366 126.204
v 199.756 3.5425 126.204
v 203.711 4.3915 126.204
v 207.667 5.2841 126.204
v 211.622 6.2204 126.204
v 215.577 7.2009 126.204
v 29.6782 6.571 129.925
v 25.7229 7.5524 129.925
v 33.6335 5.6338 129.925
v 37.5888 4.7404 129.925
v 41.5441 3.8906 129.925
v 45.4994 3.0839 129.925
v 49.4547 2.3203 129.925
v 53.41 1.5993 129.925
v 57.3653 0.9208 129.925
v 61.3206 0.2844 129.925
v 65.2759 -0.3099 129.925
v 69.2312 -0.8623 129.925
v 73.1865 -1.3732 129.925
v 77.1418 -1.8426 129.925
v 81.097 -2.2706 129.925
v 85.0523 -2.6575 129.925
v 89.0076 -3.0033 129.925
v 92.9629 -3.3082 129.925
v 96.9182 -3.5723 129.925
v 100.874 -3.7955 129.925
v 104.829 -3.9781 129.925
v 108.784 -4.1201 129.925
v 112.739 -4.2214 129.925
v 116.695 -4.2822 129.925
v 120.65 -4.3025 129.925
v 124.605 -4.2822 129.925
v 128.561 -4.2214 129.925
v 132.516 -4.1201 129.925
v 136.471 -3.9781 129.925
v 140.427 -3.7955 129.925
v 144.382 -3.5723 129.925
v 148.337 -3.3082 129.925
v 152.292 -3.0033 129.925
v 156.248 -2.6575 129.925
v 160.203 -2.2706 129.925
v 164.158 -1.8426 129.925
v 168.113 -1.3732 129.925
v 172.069 -0.8623 129.925
v 176.024 -0.3099 129.925
v 179.979 0.2844 129.925
v 183.935 0.9208 129.925
v 187.89 1.5993 129.925
v 191.845 2.3203 129.925
v 195.801 3.0839 129.925
v 199.756 3.8906 129.925
v 203.711 4.7404 129.925
v 207.667 5.6338 129.925
v 211.622 6.571 129.925
v 215.577 7.5524 129.925
v 29.6782 6.9589 133.647
v 25.7229 7.9412 133.647
v 33.6335 6.0207 133.647
v 37.5888 5.1264 133.647
v 41.5441 4.2757 133.647
v 45.4994 3.4682 133.647
v 49.4547 2.7038 133.647
v 53.41 1.9821 133.647
v 57.3653 1.3029 133.647
v 61.3206 0.6659 133.647
v 65.2759 0.071 133.647
v 69.2312 -0.482 133.647
v 73.1865 -0.9934 133.647
v 77.1418 -1.4632 133.647
v 81.097 -1.8917 133.647
v 85.0523 -2.279 133.647
v 89.0076 -2.6251 133.647
v 92.9629 -2.9303 133.647
v 96.9182 -3.1946 133.647
v 100.874 -3.4181 133.647
v 104.829 -3.6009 133.647
v 108.784 -3.743 133.647
v 112.739 -3.8444 133.647
v 116.695 -3.9053 133.647
v 120.65 -3.9256 133.647
v 124.605 -3.9053 133.647
v 128.561 -3.8444 133.647
v 132.516 -3.743 133.647
v 136.471 -3.6009 133.647
v 140.427 -3.4181 133.647
v 144.382 -3.1946 133.647
v 148.337 -2.9303 133.647
v 152.292 -2.6251 133.647
v 156.248 -2.279 133.647
v 160.203 -1.8917 133.647
v 164.158 -1.4632 133.647
v 168.113 -0.9934 133.647
v 172.069 -0.482 133.647
v 176.024 0.071 133.647
v 179.979 0.6659 133.647
v 183.935 1.3029 133.647
v 187.89 1.9821 133.647
v 191.845 2.7038 133.647
v 195.801 3.4682 133.647
v 199.756 4.2757 133.647
v 203.711 5.1264 133.647
v 207.667 6.0207 133.647
v 211.622 6.9589 133.647
v 215.577 7.9412 133.647
v 29.6782 7.3841 137.368
v 25.7229 8.3676 137.368
v 33.6335 6.4449 137.368
v 37.5888 5.5496 137.368
v 41.5441 4.6979 137.368
v 45.4994 3.8896 137.368
v 49.4547 3.1243 137.368
v 53.41 2.4018 137.368
v 57.3653 1.7218 137.368
v 61.3206 1.0842 137.368
v 65.2759 0.4886 137.368
v 69.2312 -0.065 137.368
v 73.1865 -0.5769 137.368
v 77.1418 -1.0473 137.368
v 81.097 -1.4762 137.368
v 85.0523 -1.8639 137.368
v 89.0076 -2.2105 137.368
v 92.9629 -2.516 137.368
v 96.9182 -2.7806 137.368
v 100.874 -3.0043 137.368
v 104.829 -3.1873 137.368
v 108.784 -3.3295 137.368
v 112.739 -3.4311 137.368
v 116.695 -3.492 137.368
v 120.65 -3.5123 137.368
v 124.605 -3.492 137.368
v 128.561 -3.4311 137.368
v 132.516 -3.3295 137.368
v 136.471 -3.1873 137.368
v 140.427 -3.0043 137.368
v 144.382 -2.7806 137.368
v 148.337 -2.516 137.368
v 152.292 -2.2105 137.368
v 156.248 -1.8639 137.368
v 160.203 -1.4762 137.368
v 164.158 -1.0473 137.368
v 168.113 -0.5769 137.368
v 172.069 -0.065 137.368
v 176.024 0.4886 137.368
v 179.979 1.0842 137.368
v 183.935 1.7218 137.368
v 187.89 2.4018 137.368
v 191.845 3.1243 137.368
v 195.801 3.8896 137.368
v 199.756 4.6979 137.368
v 203.711 5.5496 137.368
v 207.667 6.4449 137.368
v 211.622 7.3841 137.368
v 215.577 8.3676 137.368
v 29.6782 7.8469 141.09
v 25.7229 8.8317 141.09
v 33.6335 6.9065 141.09
v 37.5888 6.0101 141.09
v 41.5441 5.1574 141.09
v 45.4994 4.3481 141.09
v 49.4547 3.5819 141.09
v 53.41 2.8585 141.09
v 57.3653 2.1777 141.09
v 61.3206 1.5393 141.09
v 65.2759 0.943 141.09
v 69.2312 0.3887 141.09
v 73.1865 -0.1238 141.09
v 77.1418 -0.5947 141.09
v 81.097 -1.0242 141.09
v 85.0523 -1.4123 141.09
v 89.0076 -1.7593 141.09
v 92.9629 -2.0651 141.09
v 96.9182 -2.33 141.09
v 100.874 -2.554 141.09
v 104.829 -2.7372 141.09
v 108.784 -2.8796 141.09
v 112.739 -2.9813 141.09
v 116.695 -3.0423 141.09
v 120.65 -3.0626 141.09
v 124.605 -3.0423 141.09
v 128.561 -2.9813 141.09
v 132.516 -2.8796 141.09
v 136.471 -2.7372 141.09
v 140.427 -2.554 141.09
v 144.382 -2.33 141.09
v 148.337 -2.0651 141.09
v 152.292 -1.7593 141.09
v 156.248 -1.4123 141.09
v 160.203 -1.0242 141.09
v 164.158 -0.5947 141.09
v 168.113 -0.1238 141.09
v 172.069 0.3887 141.09
v 176.024 0.943 141.09
v 179.979 1.5393 141.09
v 183.935 2.1777 141.09
v 187.89 2.8585 141.09
v 191.845 3.5819 141.09
v 195.801 4.3481 141.09
v 199.756 5.1574 141.09
v 203.711 6.0101 141.09
v 207.667 6.9065 141.09
v 211.622 7.8469 141.09
v 215.577 8.8317 141.09
v 29.6782 8.3474 144.811
v 25.7229 9.3334 144.811
v 33.6335 7.4058 144.811
v 37.5888 6.5082 144.811
v 41.5441 5.6543 144.811
v 45.4994 4.8439 144.811
v 49.4547 4.0767 144.811
v 53.41 3.3524 144.811
v 57.3653 2.6707 144.811
v 61.3206 2.0314 144.811
v 65.2759 1.4344 144.811
v 69.2312 0.8794 144.811
v 73.1865 0.3662 144.811
v 77.1418 -0.1053 144.811
v 81.097 -0.5353 144.811
v 85.0523 -0.924 144.811
v 89.0076 -1.2713 144.811
v 92.9629 -1.5776 144.811
v 96.9182 -1.8428 144.811
v 100.874 -2.0671 144.811
v 104.829 -2.2505 144.811
v 108.784 -2.3931 144.811
v 112.739 -2.4949 144.811
v 116.695 -2.556 144.811
v 120.65 -2.5764 144.811
v 124.605 -2.556 144.811
v 128.561 -2.4949 144.811
v 132.516 -2.3931 144.811
v 136.471 -2.2505 144.811
v 140.427 -2.0671 144.811
v 144.382 -1.8428 144.811
v 148.337 -1.5776 144.811
v 152.292 -1.2713 144.811
v 156.248 -0.924 144.811
v 160.203 -0.5353 144.811
v 164.158 -0.1053 144.811
v 168.113 0.3662 144.811
v 172.069 0.8794 144.811
v 176.024 1.4344 144.811
v 179.979 2.0314 144.811
v 183.935 2.6707 144.811
v 187.89 3.3524 144.811
v 191.845 4.0767 144.811
v 195.801 4.8439 144.811
v 199.756 5.6543 144.811
v 203.711 6.5082 144.811
v 207.667 7.4058 144.811
v 211.622 8.3474 144.811
v 215.577 9.3334 144.811
v 29.6782 8.8857 148.533
v 25.7229 9.8732 148.533
v 33.6335 7.9427 148.533
v 37.5888 7.0438 148.533
v 41.5441 6.1887 148.533
v 45.4994 5.3772 148.533
v 49.4547 4.6089 148.533
v 53.41 3.8835 148.533
v 57.3653 3.2009 148.533
v 61.3206 2.5608 148.533
v 65.2759 1.9629 148.533
v 69.2312 1.4071 148.533
v 73.1865 0.8932 148.533
v 77.1418 0.421 148.533
v 81.097 -0.0096 148.533
v 85.0523 -0.3987 148.533
v 89.0076 -0.7466 148.533
v 92.9629 -1.0533 148.533
v 96.9182 -1.3189 148.533
v 100.874 -1.5435 148.533
v 104.829 -1.7271 148.533
v 108.784 -1.8699 148.533
v 112.739 -1.9719 148.533
v 116.695 -2.033 148.533
v 120.65 -2.0534 148.533
v 124.605 -2.033 148.533
v 128.561 -1.9719 148.533
v 132.516 -1.8699 148.533
v 136.471 -1.7271 148.533
v 140.427 -1.5435 148.533
v 144.382 -1.3189 148.533
v 148.337 -1.0533 148.533
v 152.292 -0.7466 148.533
v 156.248 -0.3987 148.533
v 160.203 -0.0096 148.533
v 164.158 0.421 148.533
v 168.113 0.8932 148.533
v 172.069 1.4071 148.533
v 176.024 1.9629 148.533
v 179.979 2.5608 148.533
v 183.935 3.2009 148.533
v 187.89 3.8835 148.533
v 191.845 4.6089 148.533
v 195.801 5.3772 148.533
v 199.756 6.1887 148.533
v 203.711 7.0438 148.533
v 207.667 7.9427 148.533
v 211.622 8.8857 148.533
v 215.577 9.8732 148.533
v 29.6782 9.462 152.254
v 25.7229 10.451 152.254
v 33.6335 8.5175 152.254
v 37.5888 7.6172 152.254
v 41.5441 6.7609 152.254
v 45.4994 5.9481 152.254
v 49.4547 5.1786 152.254
v 53.41 4.4522 152.254
v 57.3653 3.7685 152.254
v 61.3206 3.1274 152.254
v 65.2759 2.5286 152.254
v 69.2312 1.972 152.254
v 73.1865 1.4574 152.254
v 77.1418 0.9845 152.254
v 81.097 0.5533 152.254
v 85.0523 0.1635 152.254
v 89.0076 -0.1849 152.254
v 92.9629 -0.492 152.254
v 96.9182 -0.758 152.254
v 100.874 -0.9829 152.254
v 104.829 -1.1668 152.254
v 108.784 -1.3098 152.254
v 112.739 -1.4119 152.254
v 116.695 -1.4732 152.254
v 120.65 -1.4936 152.254
v 124.605 -1.4732 152.254
v 128.561 -1.4119 152.254
v 132.516 -1.3098 152.254
v 136.471 -1.1668 152.254
v 140.427 -0.9829 152.254
v 144.382 -0.758 152.254
v 148.337 -0.492 152.254
v 152.292 -0.1849 152.254
v 156.248 0.1635 152.254
v 160.203 0.5533 152.254
v 164.158 0.9845 152.254
v 168.113 1.4574 152.254
v 172.069 1.972 152.254
v 176.024 2.5286 152.254
v 179.979 3.1274 152.254
v 183.935 3.7685 152.254
v 187.89 4.4522 152.254
v 191.845 5.1786 152.254
v 195.801 5.9481 152.254
v 199.756 6.7609 152.254
v 203.711 7.6172 152.254
v 207.667 8.5175 152.254
v 211.622 9.462 152.254
v 215.577 10.451 152.254
v 29.6782 10.0764 155.976
v 25.7229 11.067 155.976
v 33.6335 9.1304 155.976
v 37.5888 8.2286 155.976
v 41.5441 7.3709 155.976
v 45.4994 6.5568 155.976
v 49.4547 5.786 155.976
v 53.41 5.0584 155.976
v 57.3653 4.3737 155.976
v 61.3206 3.7315 155.976
v 65.2759 3.1318 155.976
v 69.2312 2.5743 155.976
v 73.1865 2.0589 155.976
v 77.1418 1.5852 155.976
v 81.097 1.1533 155.976
v 85.0523 0.763 155.976
v 89.0076 0.414 155.976
v 92.9629 0.1064 155.976
v 96.9182 -0.16 155.976
v 100.874 -0.3853 155.976
v 104.829 -0.5695 155.976
v 108.784 -0.7127 155.976
v 112.739 -0.815 155.976
v 116.695 -0.8763 155.976
v 120.65 -0.8967 155.976
v 124.605 -0.8763 155.976
v 128.561 -0.815 155.976
v 132.516 -0.7127 155.976
v 136.471 -0.5695 155.976
v 140.427 -0.3853 155.976
v 144.382 -0.16 155.976
v 148.337 0.1064 155.976
v 152.292 0.414 155.976
v 156.248 0.763 155.976
v 160.203 1.1533 155.976
v 164.158 1.5852 155.976
v 168.113 2.0589 155.976
v 172.069 2.5743 155.976
v 176.024 3.1318 155.976
v 179.979 3.7315 155.976
v 183.935 4.3737 155.976
v 187.89 5.0584 155.976
v 191.845 5.786 155.976
v 195.801 6.5568 155.976
v 199.756 7.3709 155.976
v 203.711 8.2286 155.976
v 207.667 9.1304 155.976
v 211.622 10.0764 155.976
v 215.577 11.067 155.976
v 29.6782 10.7292 159.697
v 25.7229 11.7216 159.697
v 33.6335 9.7815 159.697
v 37.5888 8.8782 159.697
v 41.5441 8.0189 159.697
v 45.4994 7.2034 159.697
v 49.4547 6.4314 159.697
v 53.41 5.7025 159.697
v 57.3653 5.0166 159.697
v 61.3206 4.3733 159.697
v 65.2759 3.7726 159.697
v 69.2312 3.2142 159.697
v 73.1865 2.6978 159.697
v 77.1418 2.2234 159.697
v 81.097 1.7908 159.697
v 85.0523 1.3998 159.697
v 89.0076 1.0502 159.697
v 92.9629 0.7421 159.697
v 96.9182 0.4753 159.697
v 100.874 0.2496 159.697
v 104.829 0.0651 159.697
v 108.784 -0.0784 159.697
v 112.739 -0.1808 159.697
v 116.695 -0.2422 159.697
v 120.65 -0.2627 159.697
v 124.605 -0.2422 159.697
v 128.561 -0.1808 159.697
v 132.516 -0.0784 159.697
v 136.471 0.0651 159.697
v 140.427 0.2496 159.697
v 144.382 0.4753 159.697
v 148.337 0.7421 159.697
v 152.292 1.0502 159.697
v 156.248 1.3998 159.697
v 160.203 1.7908 159.697
v 164.158 2.2234 159.697
v 168.113 2.6978 159.697
v 172.069 3.2142 159.697
v 176.024 3.7726 159.697
v 179.979 4.3733 159.697
v 183.935 5.0166 159.697
v 187.89 5.7025 159.697
v 191.845 6.4314 159.697
v 195.801 7.2034 159.697
v 199.756 8.0189 159.697
v 203.711 8.8782 159.697
v 207.667 9.7815 159.697
v 211.622 10.7292 159.697
v 215.577 11.7216 159.697
v 209.177 -6.9803 9
v 211.177 -6.9803 9
v 213.577 -6.9803 17
v 211.577 -6.9803 17
v 211.177 -4.5097 9
v 209.177 -4.5097 9
v 213.577 -4.5097 17
v 211.577 -4.5097 17
usemtl ac_liner
f 1 2 3
f 1 4 2
f 3 5 6
f 3 2 5
f 7 4 1
f 7 8 4
f 9 6 10
f 11 6 9
f 12 6 11
f 3 6 12
f 13 10 14
f 13 9 10
f 7 15 13
f 7 13 14
f 16 3 12
f 16 15 7
f 1 3 16
f 1 16 7
f 2 17 5
f 4 8 18
f 4 18 17
f 4 17 2
f 6 17 10
f 6 5 17
f 14 8 7
f 14 18 8
f 10 18 14
f 10 17 18
f 15 16 19
f 15 19 20
f 13 15 20
f 13 20 21
f 9 13 21
f 9 21 22
f 11 9 22
f 11 22 23
f 12 11 23
f 12 23 24
f 16 12 24
f 16 24 19
f 24 23 22
f 19 21 20
f 19 22 21
f 19 24 22
usemtl acpin-6
f 25 26 27
f 25 28 26
f 29 30 31
f 29 31 32
f 29 27 30
f 29 25 27
f 32 31 26
f 32 26 28
f 31 27 26
f 31 30 27
f 32 28 25
f 32 25 29
usemtl acpin0
f 33 34 35
f 33 36 34
f 37 38 39
f 37 39 40
f 37 35 38
f 37 33 35
f 40 39 34
f 40 34 36
f 39 35 34
f 39 38 35
f 40 36 33
f 40 33 37
usemtl acpin6
f 41 42 43
f 41 44 42
f 45 46 47
f 45 47 48
f 45 43 46
f 45 41 43
f 48 47 42
f 48 42 44
f 47 43 42
f 47 46 43
f 48 44 41
f 48 41 45
usemtl knob0
f 49 50 51
f 49 51 52
f 53 52 54
f 53 54 55
f 53 49 52
f 56 53 55
f 57 56 55
f 57 55 58
f 57 58 59
f 60 57 59
f 61 60 59
f 61 59 62
f 63 61 62
f 63 62 64
f 65 63 64
f 65 64 66
f 67 65 66
f 67 66 68
f 69 67 68
f 69 68 70
f 71 69 70
f 71 70 72
f 73 71 72
f 73 72 74
f 75 73 74
f 75 74 76
f 77 75 76
f 77 76 78
f 77 78 79
f 80 77 79
f 81 80 79
f 81 79 82
f 83 82 84
f 83 81 82
f 83 84 85
f 86 83 85
f 87 86 85
f 87 85 88
f 89 88 90
f 89 90 91
f 89 87 88
f 92 89 91
f 93 92 91
f 93 91 94
f 93 94 95
f 96 93 95
f 97 95 98
f 97 96 95
f 99 98 100
f 99 97 98
f 101 100 102
f 101 99 100
f 103 102 104
f 103 101 102
f 105 104 106
f 105 106 107
f 105 103 104
f 108 105 107
f 109 108 107
f 109 107 110
f 111 109 110
f 111 110 112
f 111 112 113
f 114 111 113
f 115 114 113
f 115 113 116
f 115 116 117
f 118 115 117
f 119 118 117
f 119 117 120
f 119 120 121
f 122 119 121
f 122 121 123
f 124 122 123
f 125 124 123
f 125 123 126
f 125 126 127
f 128 125 127
f 128 127 129
f 130 128 129
f 131 130 129
f 131 129 132
f 50 131 132
f 50 132 51
f 97 99 101
f 109 105 108
f 92 93 96
f 92 96 97
f 115 111 114
f 87 89 92
f 87 101 103
f 87 103 105
f 87 109 111
f 87 97 101
f 87 105 109
f 87 92 97
f 124 115 118
f 124 118 119
f 124 119 122
f 124 111 115
f 80 81 83
f 80 83 86
f 77 80 86
f 75 77 86
f 73 75 86
f 131 128 130
f 71 86 87
f 71 87 111
f 71 73 86
f 49 131 50
f 49 128 131
f 67 69 71
f 56 49 53
f 56 128 49
f 56 124 125
f 56 125 128
f 61 71 111
f 61 63 65
f 61 65 67
f 61 67 71
f 61 111 124
f 60 56 57
f 60 124 56
f 60 61 124
f 98 102 100
f 110 107 106
f 91 95 94
f 91 98 95
f 116 113 112
f 88 91 90
f 88 104 102
f 88 106 104
f 88 112 110
f 88 102 98
f 88 110 106
f 88 98 91
f 123 117 116
f 123 120 117
f 123 121 120
f 123 116 112
f 79 84 82
f 79 85 84
f 78 85 79
f 76 85 78
f 74 85 76
f 132 129 127
f 72 88 85
f 72 112 88
f 72 85 74
f 52 51 132
f 52 132 127
f 68 72 70
f 55 54 52
f 55 52 127
f 55 126 123
f 55 127 126
f 62 112 72
f 62 66 64
f 62 68 66
f 62 72 68
f 62 123 112
f 59 58 55
f 59 55 123
f 59 123 62
usemtl knob1
f 133 134 135
f 133 135 136
f 137 136 138
f 137 138 139
f 137 133 136
f 140 137 139
f 141 140 139
f 141 139 142
f 141 142 143
f 144 141 143
f 145 144 143
f 145 143 146
f 147 145 146
f 147 146 148
f 149 147 148
f 149 148 150
f 151 149 150
f 151 150 152
f 153 151 152
f 153 152 154
f 155 153 154
f 155 154 156
f 157 155 156
f 157 156 158
f 159 157 158
f 159 158 160
f 161 159 160
f 161 160 162
f 161 162 163
f 164 161 163
f 165 164 163
f 165 163 166
f 167 166 168
f 167 165 166
f 167 168 169
f 170 167 169
f 171 170 169
f 171 169 172
f 173 172 174
f 173 174 175
f 173 171 172
f 176 173 175
f 177 176 175
f 177 175 178
f 177 178 179
f 180 177 179
f 181 179 182
f 181 180 179
f 183 182 184
f 183 181 182
f 185 184 186
f 185 183 184
f 187 186 188
f 187 185 186
f 189 188 190
f 189 190 191
f 189 187 188
f 192 189 191
f 193 192 191
f 193 191 194
f 195 193 194
f 195 194 196
f 195 196 197
f 198 195 197
f 199 198 197
f 199 197 200
f 199 200 201
f 202 199 201
f 203 202 201
f 203 201 204
f 203 204 205
f 206 203 205
f 206 205 207
f 208 206 207
f 209 208 207
f 209 207 210
f 209 210 211
f 212 209 211
f 212 211 213
f 214 212 213
f 215 214 213
f 215 213 216
f 134 215 216
f 134 216 135
f 181 183 185
f 193 189 192
f 176 177 180
f 176 180 181
f 199 195 198
f 171 173 176
f 171 185 187
f 171 187 189
f 171 193 195
f 171 181 185
f 171 189 193
f 171 176 181
f 208 199 202
f 208 202 203
f 208 203 206
f 208 195 199
f 164 165 167
f 164 167 170
f 161 164 170
f 159 161 170
f 157 159 170
f 215 212 214
f 155 170 171
f 155 171 195
f 155 157 170
f 133 215 134
f 133 212 215
f 151 153 155
f 140 133 137
f 140 212 133
f 140 208 209
f 140 209 212
f 145 155 195
f 145 147 149
f 145 149 151
f 145 151 155
f 145 195 208
f 144 140 141
f 144 208 140
f 144 145 208
f 182 186 184
f 194 191 190
f 175 179 178
f 175 182 179
f 200 197 196
f 172 175 174
f 172 188 186
f 172 190 188
f 172 196 194
f 172 186 182
f 172 194 190
f 172 182 175
f 207 201 200
f 207 204 201
f 207 205 204
f 207 200 196
f 163 168 166
f 163 169 168
f 162 169 163
f 160 169 162
f 158 169 160
f 216 213 211
f 156 172 169
f 156 196 172
f 156 169 158
f 136 135 216
f 136 216 211
f 152 156 154
f 139 138 136
f 139 136 211
f 139 210 207
f 139 211 210
f 146 196 156
f 146 150 148
f 146 152 150
f 146 156 152
f 146 207 196
f 143 142 139
f 143 139 207
f 143 207 146
usemtl knob2
f 217 218 219
f 217 219 220
f 221 220 222
f 221 222 223
f 221 217 220
f 224 221 223
f 225 224 223
f 225 223 226
f 225 226 227
f 228 225 227
f 229 228 227
f 229 227 230
f 231 229 230
f 231 230 232
f 233 231 232
f 233 232 234
f 235 233 234
f 235 234 236
f 237 235 236
f 237 236 238
f 239 237 238
f 239 238 240
f 241 239 240
f 241 240 242
f 243 241 242
f 243 242 244
f 245 243 244
f 245 244 246
f 245 246 247
f 248 245 247
f 249 248 247
f 249 247 250
f 251 250 252
f 251 249 250
f 251 252 253
f 254 251 253
f 255 254 253
f 255 253 256
f 257 256 258
f 257 258 259
f 257 255 256
f 260 257 259
f 261 260 259
f 261 259 262
f 261 262 263
f 264 261 263
f 265 263 266
f 265 264 263
f 267 266 268
f 267 265 266
f 269 268 270
f 269 267 268
f 271 270 272
f 271 269 270
f 273 272 274
f 273 274 275
f 273 271 272
f 276 273 275
f 277 276 275
f 277 275 278
f 279 277 278
f 279 278 280
f 279 280 281
f 282 279 281
f 283 282 281
f 283 281 284
f 283 284 285
f 286 283 285
f 287 286 285
f 287 285 288
f 287 288 289
f 290 287 289
f 290 289 291
f 292 290 291
f 293 292 291
f 293 291 294
f 293 294 295
f 296 293 295
f 296 295 297
f 298 296 297
f 299 298 297
f 299 297 300
f 218 299 300
f 218 300 219
f 265 267 269
f 277 273 276
f 260 261 264
f 260 264 265
f 283 279 282
f 255 257 260
f 255 269 271
f 255 271 273
f 255 277 279
f 255 265 269
f 255 273 277
f 255 260 265
f 292 283 286
f 292 286 287
f 292 287 290
f 292 279 283
f 248 249 251
f 248 251 254
f 245 248 254
f 243 245 254
f 241 243 254
f 299 296 298
f 239 254 255
f 239 255 279
f 239 241 254
f 217 299 218
f 217 296 299
f 235 237 239
f 224 217 221
f 224 296 217
f 224 292 293
f 224 293 296
f 229 239 279
f 229 231 233
f 229 233 235
f 229 235 239
f 229 279 292
f 228 224 225
f 228 292 224
f 228 229 292
f 266 270 268
f 278 275 274
f 259 263 262
f 259 266 263
f 284 281 280
f 256 259 258
f 256 272 270
f 256 274 272
f 256 280 278
f 256 270 266
f 256 278 274
f 256 266 259
f 291 285 284
f 291 288 285
f 291 289 288
f 291 284 280
f 247 252 250
f 247 253 252
f 246 253 247
f 244 253 246
f 242 253 244
f 300 297 295
f 240 256 253
f 240 280 256
f 240 253 242
f 220 219 300
f 220 300 295
f 236 240 238
f 223 222 220
f 223 220 295
f 223 294 291
f 223 295 294
f 230 280 240
f 230 234 232
f 230 236 234
f 230 240 236
f 230 291 280
f 227 226 223
f 227 223 291
f 227 291 230
usemtl rca_body
f 301 302 303
f 301 303 304
f 305 304 306
f 305 306 307
f 305 301 304
f 308 305 307
f 309 308 307
f 309 307 310
f 311 309 310
f 311 310 312
f 311 312 313
f 314 311 313
f 315 314 313
f 315 313 316
f 315 316 317
f 318 315 317
f 319 318 317
f 319 317 320
f 321 319 320
f 321 320 322
f 323 321 322
f 323 322 324
f 323 324 325
f 326 323 325
f 327 326 325
f 327 325 328
f 329 327 328
f 329 328 330
f 329 330 331
f 332 329 331
f 333 332 331
f 333 331 334
f 335 334 336
f 335 333 334
f 337 336 338
f 337 338 339
f 337 335 336
f 340 339 341
f 340 337 339
f 342 340 341
f 343 341 344
f 343 344 345
f 343 342 341
f 346 343 345
f 347 345 348
f 347 348 349
f 347 346 345
f 350 349 351
f 350 347 349
f 352 350 351
f 353 351 354
f 353 354 355
f 353 352 351
f 356 353 355
f 357 355 358
f 357 356 355
f 359 357 358
f 359 358 360
f 361 359 360
f 361 360 362
f 363 361 362
f 363 362 364
f 363 364 365
f 366 363 365
f 366 365 367
f 368 366 367
f 369 368 367
f 369 367 370
f 369 370 371
f 372 369 371
f 372 371 373
f 374 372 373
f 374 373 375
f 376 374 375
f 376 375 377
f 378 376 377
f 379 378 377
f 379 377 380
f 379 380 381
f 382 379 381
f 383 382 381
f 383 381 384
f 302 383 384
f 302 384 303
f 346 347 350
f 346 350 352
f 343 352 353
f 343 346 352
f 342 353 356
f 342 343 353
f 369 361 363
f 369 363 366
f 369 366 368
f 337 340 342
f 337 356 357
f 337 357 359
f 337 359 361
f 337 342 356
f 374 369 372
f 376 369 374
f 332 333 335
f 332 335 337
f 329 332 337
f 379 376 378
f 379 369 376
f 323 326 327
f 323 327 329
f 323 329 337
f 302 379 382
f 302 382 383
f 305 302 301
f 318 323 337
f 318 319 321
f 318 321 323
f 309 379 302
f 309 305 308
f 309 302 305
f 314 315 318
f 314 318 337
f 314 361 369
f 314 337 361
f 311 379 309
f 311 314 369
f 311 369 379
f 345 349 348
f 345 351 349
f 344 354 351
f 344 351 345
f 341 355 354
f 341 354 344
f 370 364 362
f 370 365 364
f 370 367 365
f 338 341 339
f 338 358 355
f 338 360 358
f 338 362 360
f 338 355 341
f 373 371 370
f 375 373 370
f 331 336 334
f 331 338 336
f 330 338 331
f 380 377 375
f 380 375 370
f 324 328 325
f 324 330 328
f 324 338 330
f 303 381 380
f 303 384 381
f 306 304 303
f 317 338 324
f 317 322 320
f 317 324 322
f 310 303 380
f 310 307 306
f 310 306 303
f 313 317 316
f 313 338 317
f 313 370 362
f 313 362 338
f 312 310 380
f 312 370 313
f 312 380 370
usemtl rca_ring
f 385 386 387
f 385 387 388
f 389 388 390
f 389 385 388
f 391 390 392
f 391 389 390
f 393 391 392
f 393 392 394
f 395 393 394
f 395 394 396
f 397 395 396
f 397 396 398
f 399 397 398
f 399 398 400
f 401 399 400
f 401 400 402
f 401 402 403
f 404 401 403
f 405 404 403
f 405 403 406
f 407 405 406
f 407 406 408
f 409 407 408
f 409 408 410
f 411 409 410
f 411 410 412
f 413 411 412
f 413 412 414
f 415 413 414
f 415 414 416
f 417 415 416
f 417 416 418
f 417 418 419
f 420 417 419
f 421 419 422
f 421 420 419
f 423 422 424
f 423 421 422
f 425 424 426
f 425 423 424
f 427 426 428
f 427 425 426
f 429 428 430
f 429 427 428
f 431 430 432
f 431 429 430
f 433 432 434
f 433 431 432
f 435 434 436
f 435 433 434
f 437 436 438
f 437 435 436
f 439 438 440
f 439 437 438
f 441 440 442
f 441 439 440
f 443 441 442
f 443 442 444
f 445 443 444
f 445 444 446
f 447 445 446
f 447 446 448
f 449 447 448
f 449 448 450
f 449 450 451
f 452 449 451
f 453 452 451
f 453 451 454
f 453 454 455
f 456 453 455
f 457 456 455
f 457 455 458
f 459 457 458
f 459 458 460
f 461 459 460
f 461 460 462
f 461 462 463
f 464 461 463
f 465 464 463
f 465 463 466
f 467 465 466
f 467 466 468
f 386 467 468
f 386 468 387
f 447 441 443
f 447 443 445
f 452 447 449
f 421 423 425
f 421 425 427
f 459 437 439
f 459 439 441
f 459 452 453
f 459 453 456
f 459 456 457
f 459 447 452
f 459 441 447
f 415 417 420
f 461 433 435
f 461 435 437
f 461 437 459
f 413 415 420
f 411 420 421
f 411 413 420
f 386 429 431
f 386 431 433
f 386 461 464
f 386 464 465
f 386 465 467
f 386 433 461
f 405 407 409
f 404 405 409
f 391 386 385
f 391 385 389
f 391 427 429
f 391 421 427
f 391 429 386
f 397 399 401
f 397 401 404
f 397 404 409
f 397 409 411
f 397 411 421
f 395 391 393
f 395 421 391
f 395 397 421
f 448 444 442
f 448 446 444
f 451 450 448
f 422 426 424
f 422 428 426
f 460 440 438
f 460 442 440
f 460 454 451
f 460 455 454
f 460 458 455
f 460 451 448
f 460 448 442
f 416 419 418
f 462 436 434
f 462 438 436
f 462 460 438
f 414 419 416
f 412 422 419
f 412 419 414
f 387 432 430
f 387 434 432
f 387 463 462
f 387 466 463
f 387 468 466
f 387 462 434
f 406 410 408
f 403 410 406
f 392 388 387
f 392 390 388
f 392 430 428
f 392 428 422
f 392 387 430
f 398 402 400
f 398 403 402
f 398 410 403
f 398 412 410
f 398 422 412
f 396 394 392
f 396 392 422
f 396 422 398
usemtl rca_bore
f 469 470 471
f 469 471 472
f 473 472 474
f 473 474 475
f 473 469 472
f 476 473 475
f 477 476 475
f 477 475 478
f 479 477 478
f 479 478 480
f 481 479 480
f 481 480 482
f 483 481 482
f 483 482 484
f 485 483 484
f 485 484 486
f 485 486 487
f 488 485 487
f 489 488 487
f 489 487 490
f 491 489 490
f 491 490 492
f 491 492 493
f 494 491 493
f 495 494 493
f 495 493 496
f 497 495 496
f 497 496 498
f 499 497 498
f 499 498 500
f 501 499 500
f 501 500 502
f 501 502 503
f 504 501 503
f 505 503 506
f 505 504 503
f 507 506 508
f 507 505 506
f 509 508 510
f 509 507 508
f 511 510 512
f 511 509 510
f 513 512 514
f 513 511 512
f 515 514 516
f 515 513 514
f 517 516 518
f 517 515 516
f 519 518 520
f 519 517 518
f 521 520 522
f 521 519 520
f 523 522 524
f 523 521 522
f 525 524 526
f 525 523 524
f 527 525 526
f 527 526 528
f 529 527 528
f 529 528 530
f 531 529 530
f 531 530 532
f 533 531 532
f 533 532 534
f 535 533 534
f 535 534 536
f 535 536 537
f 538 535 537
f 539 538 537
f 539 537 540
f 541 539 540
f 541 540 542
f 543 541 542
f 543 542 544
f 545 543 544
f 545 544 546
f 545 546 547
f 548 545 547
f 549 548 547
f 549 547 550
f 551 549 550
f 551 550 552
f 470 551 552
f 470 552 471
f 505 507 509
f 505 509 511
f 505 511 513
f 505 513 515
f 505 515 517
f 539 535 538
f 497 499 501
f 497 501 504
f 497 504 505
f 497 517 519
f 497 519 521
f 497 505 517
f 549 545 548
f 494 495 497
f 470 549 551
f 489 491 494
f 489 521 523
f 489 523 525
f 489 497 521
f 489 494 497
f 469 549 470
f 469 541 543
f 469 543 545
f 469 545 549
f 488 525 527
f 488 527 529
f 488 489 525
f 476 469 473
f 483 485 488
f 483 529 531
f 483 488 529
f 477 469 476
f 479 481 483
f 479 541 469
f 479 469 477
f 479 531 533
f 479 533 535
f 479 539 541
f 479 483 531
f 479 535 539
f 506 510 508
f 506 512 510
f 506 514 512
f 506 516 514
f 506 518 516
f 540 537 536
f 498 502 500
f 498 503 502
f 498 506 503
f 498 520 518
f 498 522 520
f 498 518 506
f 550 547 546
f 493 498 496
f 471 552 550
f 490 493 492
f 490 524 522
f 490 526 524
f 490 522 498
f 490 498 493
f 472 471 550
f 472 544 542
f 472 546 544
f 472 550 546
f 487 528 526
f 487 530 528
f 487 526 490
f 475 474 472
f 484 487 486
f 484 532 530
f 484 530 487
f 478 475 472
f 480 484 482
f 480 472 542
f 480 478 472
f 480 534 532
f 480 536 534
f 480 542 540
f 480 532 484
f 480 540 536
usemtl shell
f 553 554 555
f 556 554 553
f 557 556 553
f 558 557 559
f 558 559 560
f 558 556 557
f 561 556 558
f 562 561 563
f 562 563 564
f 562 556 561
f 565 556 562
f 566 565 567
f 566 567 568
f 566 556 565
f 569 570 571
f 572 569 571
f 573 574 575
f 573 575 576
f 577 578 579
f 580 577 579
f 581 582 583
f 584 581 583
f 585 586 587
f 585 587 588
f 589 590 591
f 589 591 592
f 593 594 595
f 593 595 596
f 597 598 599
f 600 597 599
f 601 602 603
f 601 603 604
f 605 606 607
f 608 605 607
f 609 610 611
f 612 609 611
f 612 600 602
f 612 601 605
f 612 608 609
f 612 602 601
f 612 597 600
f 612 605 608
f 612 556 566
f 612 566 569
f 612 569 572
f 612 572 574
f 612 574 573
f 612 573 577
f 612 577 580
f 612 580 581
f 612 581 584
f 612 584 586
f 612 586 585
f 612 585 590
f 612 590 589
f 612 589 594
f 612 594 593
f 612 593 597
f 613 614 615
f 616 617 614
f 616 614 613
f 618 619 617
f 618 617 616
f 620 621 619
f 620 619 618
f 622 621 620
f 623 624 621
f 623 621 622
f 625 626 623
f 625 623 622
f 627 626 625
f 628 627 625
f 629 630 628
f 629 631 630
f 629 628 625
f 632 633 631
f 632 631 629
f 634 633 632
f 634 635 633
f 636 635 634
f 636 637 635
f 638 637 636
f 638 639 637
f 640 639 638
f 640 641 639
f 642 641 640
f 642 643 641
f 644 643 642
f 644 645 643
f 646 645 644
f 646 647 645
f 648 647 646
f 648 649 647
f 650 649 648
f 650 651 649
f 652 651 650
f 653 654 651
f 653 651 652
f 655 653 652
f 656 653 655
f 657 656 655
f 658 656 657
f 659 658 657
f 660 658 659
f 660 661 662
f 663 661 660
f 663 660 659
f 664 661 663
f 664 665 661
f 612 611 665
f 612 665 664
f 666 665 611
f 666 611 610
f 666 610 667
f 668 661 665
f 668 665 666
f 669 661 668
f 670 669 671
f 670 662 661
f 670 661 669
f 672 670 671
f 673 672 674
f 651 654 673
f 675 673 674
f 649 651 673
f 676 673 675
f 676 649 673
f 677 647 649
f 677 649 676
f 678 645 647
f 678 647 677
f 679 645 678
f 643 645 679
f 680 643 679
f 641 643 680
f 681 641 680
f 639 641 681
f 682 639 681
f 637 639 682
f 683 637 682
f 635 637 683
f 684 635 683
f 633 635 684
f 633 684 685
f 631 633 685
f 631 685 686
f 630 631 686
f 687 686 688
f 687 688 689
f 687 630 686
f 621 624 687
f 621 689 690
f 621 687 689
f 619 690 691
f 619 621 690
f 617 691 692
f 617 619 691
f 614 692 693
f 614 617 692
f 615 614 693
f 694 615 693
f 695 615 694
f 696 694 693
f 697 698 696
f 697 696 699
f 700 701 702
f 700 702 703
f 704 705 706
f 704 706 707
f 708 709 710
f 711 709 708
f 712 713 714
f 712 715 713
f 716 717 718
f 716 718 719
f 720 721 722
f 720 723 721
f 724 725 726
f 724 727 725
f 728 729 726
f 730 731 732
f 730 732 733
f 734 729 728
f 734 735 729
f 736 737 738
f 739 737 736
f 740 731 730
f 740 741 731
f 742 728 743
f 742 734 728
f 744 736 738
f 744 738 741
f 744 741 740
f 745 743 746
f 745 742 743
f 747 736 744
f 748 746 749
f 748 745 746
f 750 751 752
f 750 752 753
f 750 753 739
f 754 749 755
f 754 748 749
f 756 755 757
f 756 757 758
f 756 754 755
f 759 754 756
f 760 756 758
f 761 750 762
f 763 758 764
f 763 760 758
f 765 750 761
f 765 766 751
f 765 751 750
f 767 764 768
f 767 763 764
f 769 766 765
f 769 770 766
f 771 768 772
f 771 767 768
f 773 770 769
f 773 774 770
f 775 771 772
f 775 772 776
f 777 774 773
f 777 778 774
f 779 776 780
f 779 775 776
f 781 778 777
f 781 779 780
f 781 780 778
f 693 728 726
f 693 726 725
f 693 725 722
f 693 722 721
f 693 721 719
f 693 719 718
f 693 718 714
f 693 714 713
f 693 713 708
f 693 708 710
f 693 710 707
f 693 707 706
f 693 706 703
f 693 703 702
f 693 702 699
f 693 699 696
f 736 750 739
f 673 670 672
f 782 610 609
f 782 667 610
f 782 609 608
f 782 608 783
f 783 608 607
f 783 607 784
f 784 607 606
f 784 606 785
f 786 606 605
f 786 785 606
f 786 605 601
f 786 601 787
f 787 601 604
f 787 604 788
f 788 604 603
f 788 603 789
f 790 603 602
f 790 789 603
f 790 602 600
f 790 600 791
f 791 600 599
f 791 599 792
f 792 599 598
f 792 598 793
f 794 598 597
f 794 793 598
f 794 597 593
f 794 593 795
f 795 593 596
f 795 596 796
f 796 596 595
f 796 595 797
f 798 595 594
f 798 797 595
f 798 594 589
f 798 589 799
f 799 589 592
f 799 592 800
f 800 592 591
f 800 591 801
f 802 591 590
f 802 801 591
f 802 590 585
f 802 585 803
f 803 585 588
f 803 588 804
f 804 588 587
f 804 587 805
f 806 587 586
f 806 805 587
f 806 586 584
f 806 584 807
f 807 584 583
f 807 583 808
f 808 583 582
f 808 582 809
f 810 582 581
f 810 809 582
f 810 581 580
f 810 580 811
f 811 580 579
f 811 579 812
f 812 579 578
f 812 578 813
f 814 578 577
f 814 813 578
f 814 577 573
f 814 573 815
f 815 573 576
f 815 576 816
f 816 576 575
f 816 575 817
f 818 575 574
f 818 817 575
f 818 574 572
f 818 572 819
f 819 572 571
f 819 571 820
f 820 571 570
f 820 570 821
f 822 570 569
f 822 821 570
f 822 569 566
f 822 566 823
f 823 566 568
f 823 568 824
f 824 568 567
f 824 567 825
f 826 567 565
f 826 825 567
f 826 565 562
f 826 562 827
f 827 562 564
f 827 564 828
f 828 564 563
f 828 563 829
f 830 563 561
f 830 829 563
f 830 561 558
f 830 558 831
f 831 558 560
f 831 560 832
f 832 560 559
f 832 559 833
f 834 559 557
f 834 833 559
f 834 557 553
f 834 553 835
f 835 553 555
f 835 555 836
f 837 838 839
f 840 841 842
f 843 842 844
f 843 840 842
f 845 846 847
f 845 848 846
f 849 844 850
f 849 843 844
f 851 852 841
f 851 853 852
f 851 841 840
f 854 850 838
f 854 849 850
f 855 856 853
f 855 853 851
f 857 854 838
f 857 838 837
f 858 847 856
f 858 856 855
f 859 860 861
f 862 857 837
f 863 845 847
f 863 847 858
f 864 862 837
f 864 837 859
f 865 845 863
f 866 864 859
f 867 845 865
f 868 866 859
f 868 859 861
f 869 845 867
f 870 871 872
f 873 868 861
f 873 861 874
f 875 870 869
f 876 874 877
f 876 873 874
f 878 870 875
f 878 871 870
f 879 876 877
f 879 877 880
f 881 882 871
f 881 871 878
f 883 880 884
f 883 879 880
f 885 554 882
f 885 882 881
f 886 884 887
f 886 883 884
f 836 555 554
f 836 554 885
f 870 845 869
f 888 884 880
f 889 880 877
f 889 888 880
f 890 877 874
f 890 889 877
f 891 874 861
f 891 890 874
f 892 891 861
f 893 861 860
f 893 892 861
f 894 892 893
f 895 894 893
f 896 894 895
f 897 896 895
f 898 896 897
f 899 839 838
f 899 898 897
f 900 899 838
f 900 898 899
f 901 838 850
f 901 900 838
f 902 901 850
f 902 850 844
f 903 902 844
f 903 844 842
f 904 903 842
f 904 842 841
f 905 904 841
f 905 841 852
f 905 852 853
f 906 905 853
f 906 853 856
f 907 906 856
f 907 856 847
f 908 907 847
f 908 847 846
f 909 908 846
f 910 909 846
f 910 846 848
f 911 909 910
f 912 911 910
f 913 911 912
f 914 913 912
f 915 913 914
f 916 915 914
f 916 872 871
f 917 916 871
f 917 915 916
f 918 871 882
f 918 917 871
f 556 882 554
f 556 918 882
f 919 920 921
f 922 923 924
f 925 919 926
f 927 924 920
f 927 928 922
f 927 922 924
f 929 919 925
f 930 931 927
f 930 927 920
f 930 920 919
f 932 919 929
f 932 929 933
f 934 919 932
f 934 930 919
f 934 935 930
f 936 932 937
f 938 932 936
f 939 932 938
f 940 934 932
f 940 932 939
f 940 941 934
f 940 942 941
f 943 940 944
f 945 944 940
f 946 940 943
f 947 945 940
f 948 940 946
f 949 940 939
f 949 947 940
f 950 940 948
f 951 949 939
f 952 940 950
f 953 951 939
f 954 940 952
f 955 953 939
f 956 940 954
f 957 955 939
f 958 940 956
f 959 957 939
f 960 940 958
f 961 959 939
f 962 940 960
f 963 961 939
f 964 940 962
f 965 963 939
f 966 940 964
f 967 939 968
f 969 968 939
f 970 939 967
f 971 969 939
f 972 939 970
f 973 971 939
f 974 939 972
f 975 973 939
f 976 939 974
f 977 975 939
f 978 939 976
f 979 977 939
f 980 939 978
f 981 979 939
f 982 939 980
f 982 965 939
f 983 981 939
f 984 965 982
f 985 983 939
f 986 965 984
f 987 985 939
f 988 965 986
f 989 987 939
f 990 965 988
f 991 965 990
f 992 965 991
f 993 965 992
f 994 965 993
f 995 965 994
f 996 965 995
f 997 965 996
f 998 965 997
f 999 965 998
f 1000 965 999
f 1001 965 1000
f 1002 965 1001
f 1003 965 1002
f 1004 965 1003
f 1005 965 1004
f 1006 965 1005
f 1007 965 1006
f 1008 965 1007
f 1009 965 1008
f 1010 965 1009
f 1011 965 1010
f 888 940 966
f 1012 888 889
f 1012 889 890
f 1012 890 891
f 1012 891 892
f 1012 892 894
f 1012 894 896
f 1012 896 898
f 1012 898 900
f 1012 900 901
f 1012 901 902
f 1012 902 903
f 1012 940 888
f 904 1012 903
f 905 1012 904
f 1013 1014 1015
f 1016 1013 1015
f 906 1012 905
f 1017 1016 1015
f 907 1012 906
f 1018 1017 1015
f 1018 1015 1012
f 1019 1018 1012
f 1019 1020 1018
f 1021 1022 1019
f 1023 1021 1019
f 1024 1023 1019
f 1025 1024 1019
f 1026 1019 1012
f 1026 1027 1025
f 1026 1025 1019
f 1028 1029 1026
f 1028 1026 1012
f 1030 1028 1012
f 1031 1032 1030
f 1031 1033 1032
f 1031 1034 1033
f 1031 1030 1012
f 1035 1031 1012
f 1035 1012 907
f 1035 907 908
f 1035 908 909
f 1035 909 911
f 1035 911 913
f 1035 913 915
f 1035 915 917
f 1035 917 918
f 1035 918 556
f 1036 989 939
f 1036 1037 1038
f 1036 1039 1037
f 1036 1040 1039
f 1036 1041 1040
f 1036 1042 1041
f 1036 1043 1042
f 1036 1044 1043
f 1036 1045 1044
f 1036 1046 1045
f 1036 1047 1046
f 1036 1048 1047
f 1036 1049 1048
f 1036 1050 1049
f 1036 1051 1050
f 1036 1052 1051
f 1036 1053 1052
f 1036 1054 1053
f 1036 1055 1054
f 1036 1056 1055
f 1036 1038 989
f 1057 1058 1059
f 1057 1060 1058
f 1057 1061 1060
f 1057 1062 1061
f 1057 1063 1062
f 1057 1036 1063
f 1064 1056 1036
f 1064 1065 1066
f 1064 1067 1065
f 1064 1068 1067
f 1064 1069 1068
f 1064 1070 1069
f 1064 1071 1070
f 1064 1072 1071
f 1064 1073 1072
f 1064 1074 1073
f 1064 1075 1074
f 1064 1076 1075
f 1064 1077 1076
f 1064 1078 1077
f 1064 1079 1078
f 1064 1080 1079
f 1064 1081 1080
f 1064 1082 1081
f 1064 1083 1082
f 1064 1084 1083
f 1064 1085 1084
f 1064 1066 1086
f 1064 1087 1056
f 1064 1088 1087
f 1064 1089 1088
f 1064 1086 1089
f 1090 1057 1091
f 1092 1064 1036
f 1093 1057 1090
f 1094 1092 1036
f 1095 1057 1093
f 1096 1094 1036
f 1097 1036 1057
f 1097 1057 1095
f 1098 1096 1036
f 1099 1036 1097
f 1100 1098 1036
f 1101 1099 1102
f 1103 1100 1036
f 1104 1103 1036
f 1105 1036 1099
f 1105 1099 1101
f 1105 1101 1106
f 1107 1104 1036
f 1108 1109 1110
f 1111 1036 1105
f 1111 1109 1108
f 1111 1112 1109
f 1111 1105 1112
f 1113 1107 1036
f 1113 1114 1115
f 1113 1115 1116
f 1113 1036 1111
f 1113 1116 1107
f 1117 1114 1113
f 1118 1117 1113
f 1119 1118 1113
f 1120 1119 1113
f 1121 1120 1113
f 1122 1121 1113
f 1123 1122 1113
f 1124 1123 1113
f 1125 1124 1113
f 1126 1125 1113
f 1127 1126 1113
f 1128 1127 1113
f 612 1035 556
f 1129 648 646
f 1129 646 644
f 1129 644 642
f 1129 642 640
f 1129 640 638
f 1129 638 636
f 1129 636 634
f 1129 634 632
f 1129 632 629
f 1129 629 625
f 1129 625 622
f 1129 622 620
f 1129 620 618
f 1129 618 616
f 1129 616 613
f 1129 613 1128
f 1129 1128 1113
f 1130 1035 612
f 1130 612 664
f 1130 664 663
f 1130 663 659
f 1130 659 657
f 1130 657 655
f 1130 655 652
f 1130 652 650
f 1130 648 1129
f 1130 650 648
f 1131 1132 1130
f 1131 1133 1132
f 1134 1135 1136
f 1137 1131 1130
f 1138 1135 1134
f 1138 1139 1135
f 1138 1129 1139
f 1140 1141 1137
f 1140 1142 1141
f 1140 1137 1130
f 1140 1129 1138
f 1140 1130 1129
f 1143 1144 1145
f 1146 1138 1144
f 1146 1144 1143
f 1147 1148 1140
f 1149 1146 1150
f 1151 1152 1147
f 1151 1140 1138
f 1151 1138 1146
f 1151 1147 1140
f 1151 1146 1149
f 1064 965 1153
f 1153 965 1154
f 1154 965 1155
f 1155 965 1011
f 1064 1153 1156
f 1064 1156 1157
f 1064 1157 1158
f 1064 1158 1085
f 1159 660 662
f 1159 662 670
f 1159 658 660
f 656 658 1159
f 1160 653 656
f 1160 656 1159
f 1160 654 653
f 1160 673 654
f 1161 628 630
f 1161 630 687
f 1161 627 628
f 1161 626 627
f 623 626 1161
f 624 1161 687
f 624 623 1161
f 1162 615 695
f 613 1162 1163
f 1164 1163 698
f 1164 698 697
f 1164 613 1163
f 1165 613 1164
f 1166 1165 701
f 1166 701 700
f 1166 613 1165
f 1167 613 1166
f 1168 613 1167
f 1168 1167 705
f 1168 705 704
f 1169 1170 709
f 1169 709 711
f 1171 715 712
f 1172 1171 712
f 1173 717 716
f 1174 1173 716
f 1175 1176 723
f 1175 723 720
f 1177 727 724
f 1178 1177 724
f 1179 735 734
f 1128 1174 1176
f 1128 1175 1177
f 1128 1178 1179
f 1128 1173 1174
f 1128 1176 1175
f 1128 1177 1178
f 734 1128 1179
f 1128 613 1168
f 1128 1168 1170
f 1128 1170 1169
f 1128 1169 1171
f 1128 1171 1172
f 1128 1172 1173
f 613 615 1162
f 836 885 1180
f 833 836 1180
f 832 833 1180
f 829 832 1180
f 828 829 1180
f 825 828 1180
f 824 825 1180
f 821 824 1180
f 820 821 1180
f 834 835 836
f 834 836 833
f 830 831 832
f 830 832 829
f 826 827 828
f 826 828 825
f 1181 784 785
f 1181 788 789
f 1181 792 793
f 1181 796 797
f 1181 793 796
f 1181 789 792
f 1181 785 788
f 1181 667 784
f 666 667 1181
f 822 823 824
f 822 824 821
f 818 819 820
f 818 820 817
f 814 815 816
f 814 816 813
f 810 812 809
f 810 811 812
f 806 808 805
f 806 807 808
f 802 804 801
f 802 803 804
f 798 800 797
f 798 799 800
f 794 795 796
f 794 796 793
f 790 791 792
f 790 792 789
f 786 787 788
f 786 788 785
f 783 784 667
f 782 783 667
f 1180 1181 797
f 1180 797 800
f 1180 800 801
f 1180 801 804
f 1180 804 805
f 1180 805 808
f 1180 808 809
f 1180 809 812
f 1180 812 813
f 1180 813 816
f 1180 816 817
f 1180 817 820
f 673 1159 670
f 673 1160 1159
f 695 694 1182
f 695 1182 1162
f 1183 1182 694
f 1183 694 696
f 698 1183 696
f 698 1163 1183
f 697 699 1184
f 697 1184 1164
f 1185 1184 699
f 1185 699 702
f 701 1185 702
f 701 1165 1185
f 700 703 1186
f 700 1186 1166
f 1187 1186 703
f 1187 703 706
f 705 1187 706
f 705 1167 1187
f 704 707 1188
f 704 1188 1168
f 1189 1188 707
f 1189 707 710
f 709 1189 710
f 709 1170 1189
f 711 708 1190
f 711 1190 1169
f 1191 1190 708
f 1191 708 713
f 715 1191 713
f 715 1171 1191
f 712 714 1192
f 712 1192 1172
f 1193 1192 714
f 1193 714 718
f 717 1193 718
f 717 1173 1193
f 716 719 1194
f 716 1194 1174
f 1195 1194 719
f 1195 719 721
f 723 1195 721
f 723 1176 1195
f 720 722 1196
f 720 1196 1175
f 1197 1196 722
f 1197 722 725
f 727 1197 725
f 727 1177 1197
f 724 726 1198
f 724 1198 1178
f 1199 1198 726
f 1199 726 729
f 735 1199 729
f 735 1179 1199
f 1128 734 742
f 1127 742 745
f 1127 1128 742
f 1126 745 748
f 1126 1127 745
f 1125 748 754
f 1125 1126 748
f 1124 1125 754
f 1200 754 759
f 1200 1124 754
f 1123 1200 1201
f 1123 1124 1200
f 1202 1123 1201
f 1203 1123 1202
f 1122 1203 760
f 1122 760 763
f 1122 1123 1203
f 1121 763 767
f 1121 1122 763
f 1120 767 771
f 1120 1121 767
f 1119 1120 771
f 1119 771 775
f 1118 1119 775
f 1118 775 779
f 1117 1118 779
f 1117 779 781
f 1114 1117 781
f 1114 781 777
f 1115 1114 777
f 1115 777 773
f 1116 1115 773
f 1116 773 769
f 1107 1116 769
f 1107 769 765
f 1104 1107 765
f 1104 765 761
f 1103 1104 761
f 1204 1103 761
f 1204 761 762
f 1100 1103 1204
f 1205 1100 1204
f 1098 1100 1205
f 1206 1098 1205
f 1096 1098 1206
f 1207 747 744
f 1207 1096 1206
f 1094 1096 1207
f 1094 1207 744
f 1092 744 740
f 1092 1094 744
f 1064 740 730
f 1064 1092 740
f 759 756 1208
f 759 1208 1200
f 1208 756 760
f 1203 1208 760
f 1204 750 1209
f 1204 762 750
f 750 736 1210
f 750 1210 1209
f 1207 1210 736
f 1207 736 747
f 1211 730 733
f 1064 730 1211
f 1212 1064 1211
f 1213 1212 1214
f 1213 1214 1215
f 1213 1064 1212
f 1216 1217 1218
f 1216 1064 1213
f 1219 1064 1216
f 1219 1216 1218
f 1220 1064 1219
f 1221 1220 1222
f 1221 1222 1223
f 1221 1064 1220
f 1224 1225 1226
f 1224 1226 1227
f 1228 1229 1230
f 1228 1230 1231
f 1232 1233 1234
f 1232 1234 1235
f 1236 1237 1238
f 1236 1238 1239
f 1240 1241 1242
f 1243 1240 1242
f 1244 1245 1246
f 1247 1244 1246
f 1248 1249 1250
f 1248 1250 1251
f 1252 1253 1254
f 1255 1252 1254
f 1256 1257 1258
f 1256 1258 1259
f 1260 1261 1262
f 1263 1260 1262
f 1264 1265 1266
f 965 1257 1256
f 965 1264 1266
f 965 1255 1257
f 965 1256 1260
f 965 1263 1264
f 965 1252 1255
f 965 1260 1263
f 965 1064 1221
f 965 1221 1225
f 965 1225 1224
f 965 1224 1229
f 965 1229 1228
f 965 1228 1233
f 965 1233 1232
f 965 1232 1237
f 965 1237 1236
f 965 1236 1240
f 965 1240 1243
f 965 1243 1244
f 965 1244 1247
f 965 1247 1249
f 965 1249 1248
f 965 1248 1252
f 1211 732 1267
f 1211 733 732
f 732 731 1268
f 1269 732 1268
f 1270 1269 1268
f 1271 1270 1268
f 1272 1271 1268
f 1273 1272 1268
f 1274 1273 1268
f 1275 1274 1268
f 1276 1275 1268
f 1277 1267 732
f 1277 732 1269
f 1278 1279 1270
f 1278 1270 1271
f 1280 1281 1272
f 1280 1272 1273
f 1282 1283 1284
f 1282 1285 1286
f 1282 1287 1288
f 1282 1289 1290
f 1282 1288 1289
f 1282 1286 1287
f 1282 1284 1285
f 1282 1291 1283
f 1292 1291 1282
f 1293 1294 1274
f 1293 1274 1275
f 1295 1276 1296
f 1297 1295 1296
f 1298 1299 1300
f 1301 1298 1300
f 1302 1303 1304
f 1302 1305 1303
f 1306 1307 1308
f 1306 1309 1307
f 1310 1311 1312
f 1310 1313 1311
f 1314 1315 1290
f 1314 1316 1315
f 1317 1318 1289
f 1317 1289 1288
f 1319 1320 1287
f 1319 1287 1286
f 1321 1285 1284
f 1322 1321 1284
f 1323 1283 1291
f 1324 1323 1291
f 1268 1282 1290
f 1268 1290 1315
f 1268 1315 1312
f 1268 1312 1311
f 1268 1311 1308
f 1268 1308 1307
f 1268 1307 1304
f 1268 1304 1303
f 1268 1303 1300
f 1268 1300 1299
f 1268 1299 1296
f 1268 1296 1276
f 743 728 1325
f 743 1325 1326
f 746 1326 1327
f 746 743 1326
f 749 1327 1328
f 749 1328 1329
f 749 746 1327
f 755 749 1329
f 757 1329 1330
f 757 755 1329
f 758 1330 1331
f 758 757 1330
f 764 1331 1332
f 764 1332 1333
f 764 758 1331
f 768 764 1333
f 772 1333 1334
f 772 1334 1335
f 772 768 1333
f 776 1335 1336
f 776 772 1335
f 780 776 1336
f 778 780 1336
f 778 1336 1337
f 778 1337 1338
f 774 778 1338
f 770 774 1338
f 770 1338 1339
f 770 1339 1340
f 766 770 1340
f 751 766 1340
f 751 1340 1341
f 752 751 1341
f 752 1341 1342
f 753 752 1342
f 753 1342 1343
f 739 753 1343
f 739 1343 1344
f 737 739 1344
f 737 1344 1345
f 737 1345 1346
f 738 737 1346
f 738 1346 1347
f 741 738 1347
f 731 741 1347
f 731 1347 1268
f 1325 693 1348
f 728 693 1325
f 692 1348 693
f 692 1349 1348
f 691 1350 1349
f 691 1349 692
f 690 1351 1350
f 690 1350 691
f 689 1352 1351
f 689 1351 690
f 688 1353 1352
f 688 1352 689
f 686 1354 1355
f 686 1355 1353
f 686 1353 688
f 685 1354 686
f 684 1356 1354
f 684 1354 685
f 683 1357 1358
f 683 1358 1356
f 683 1356 684
f 682 1357 683
f 681 1359 1357
f 681 1357 682
f 680 1359 681
f 680 1360 1361
f 680 1361 1359
f 679 1360 680
f 678 1360 679
f 678 1362 1363
f 678 1363 1360
f 677 1362 678
f 676 1362 677
f 676 1364 1362
f 675 1364 676
f 675 1365 1364
f 674 1365 675
f 674 1366 1365
f 672 1367 1366
f 672 1366 674
f 671 1367 672
f 671 1368 1369
f 671 1369 1367
f 669 1368 671
f 668 1370 1368
f 668 1368 669
f 666 1181 1370
f 666 1370 668
f 879 883 1371
f 879 1371 1372
f 876 1372 1373
f 876 879 1372
f 873 1373 1374
f 873 876 1373
f 868 1374 1375
f 868 873 1374
f 866 1375 1376
f 866 868 1375
f 864 1376 1377
f 864 866 1376
f 862 1377 1378
f 862 864 1377
f 857 1378 1379
f 857 862 1378
f 854 1379 1380
f 854 857 1379
f 849 1380 1381
f 849 854 1380
f 843 1381 1382
f 843 1382 1383
f 843 849 1381
f 840 843 1383
f 851 840 1383
f 851 1383 1384
f 851 1384 1385
f 855 851 1385
f 855 1385 1386
f 858 855 1386
f 863 858 1386
f 863 1386 1387
f 865 863 1387
f 865 1387 1388
f 867 865 1388
f 867 1388 1389
f 869 867 1389
f 869 1389 1390
f 875 869 1390
f 875 1390 1391
f 878 875 1391
f 878 1391 1392
f 881 878 1392
f 881 1392 1393
f 885 881 1393
f 885 1393 1180
f 1394 1395 1396
f 1397 1394 1396
f 1398 1397 1396
f 1399 1398 1396
f 1400 1399 1396
f 1401 1400 1396
f 1402 1401 1396
f 1403 1402 1396
f 1404 1403 1396
f 1371 1405 1406
f 1371 1407 1408
f 1371 1409 1410
f 1371 1411 1412
f 1371 1404 1396
f 1371 1412 1404
f 1371 1410 1411
f 1371 1408 1409
f 1371 1406 1407
f 1371 886 1405
f 883 886 1371
f 1413 1414 1394
f 1413 1394 1397
f 1415 1416 1398
f 1415 1398 1399
f 1417 1418 1400
f 1417 1400 1401
f 1419 1420 1402
f 1419 1402 1403
f 1421 1422 1404
f 1421 1404 1412
f 1423 1424 1411
f 1423 1411 1410
f 1425 1409 1408
f 1426 1425 1408
f 1427 1428 1407
f 1427 1407 1406
f 1429 1430 1405
f 1429 1405 886
f 886 887 1431
f 886 1431 1429
f 1432 1433 1434
f 966 1432 1435
f 1436 1435 1437
f 1436 1437 1438
f 1436 966 1435
f 1439 966 1436
f 1440 1439 1441
f 1440 1441 1442
f 1440 966 1439
f 1443 966 1440
f 1444 966 1443
f 1444 1443 1445
f 1444 1445 1446
f 1447 1448 1449
f 1447 1449 1450
f 1451 1452 1453
f 1451 1453 1454
f 1455 1456 1457
f 1455 1457 1458
f 1459 1460 1461
f 1459 1461 1462
f 1463 1464 1465
f 1466 1463 1465
f 1431 887 884
f 888 1463 1466
f 888 1455 1460
f 888 1459 1463
f 888 1466 1431
f 888 1456 1455
f 888 1460 1459
f 884 888 1431
f 888 966 1444
f 888 1444 1448
f 888 1448 1447
f 888 1447 1452
f 888 1452 1451
f 888 1451 1456
f 966 1433 1432
f 859 893 860
f 859 1467 893
f 1467 837 1468
f 1467 859 837
f 837 839 899
f 837 899 1468
f 1469 910 848
f 1469 848 845
f 870 1469 845
f 870 1470 1469
f 1470 872 916
f 1470 870 872
f 1469 912 910
f 1470 914 912
f 1470 916 914
f 1470 912 1469
f 897 1468 899
f 1467 895 893
f 1467 897 895
f 1467 1468 897
f 1471 1472 1473
f 1471 1474 1472
f 1475 1473 1476
f 1475 1476 1477
f 1475 1471 1473
f 1478 1475 1477
f 1479 1477 1480
f 1479 1480 1481
f 1479 1478 1477
f 1482 1479 1481
f 1483 1481 1484
f 1483 1482 1481
f 1485 1484 1486
f 1485 1483 1484
f 1487 1486 1488
f 1487 1485 1486
f 1489 1488 1490
f 1489 1487 1488
f 1491 1490 1492
f 1491 1492 1493
f 1491 1489 1490
f 1494 1493 1495
f 1494 1491 1493
f 1496 1494 1495
f 1497 1496 1495
f 1497 1495 1498
f 1497 1498 1499
f 1500 1497 1499
f 1501 1500 1499
f 1501 1499 1502
f 1503 1501 1502
f 1503 1502 1504
f 1503 1504 1505
f 1506 1503 1505
f 1507 1506 1505
f 1507 1505 1508
f 1507 1508 1509
f 1510 1507 1509
f 1511 1509 1512
f 1511 1512 1513
f 1511 1510 1509
f 1514 1511 1513
f 1515 1513 1516
f 1515 1516 1129
f 1515 1514 1513
f 1113 1515 1129
f 1132 1517 1130
f 1129 1516 1139
f 1518 1519 1520
f 1518 1521 1519
f 1522 1520 1523
f 1522 1518 1520
f 1524 1523 1525
f 1524 1522 1523
f 1526 1521 1518
f 1526 1527 1521
f 1528 1525 1529
f 1528 1524 1525
f 1530 1518 1522
f 1530 1526 1518
f 1531 1529 1532
f 1531 1528 1529
f 1533 1522 1524
f 1533 1530 1522
f 1534 1532 1535
f 1534 1531 1532
f 1536 1537 1527
f 1536 1527 1526
f 1538 1533 1524
f 1538 1524 1528
f 1539 1535 1540
f 1539 1540 1541
f 1539 1534 1535
f 1542 1536 1526
f 1542 1526 1530
f 1543 1538 1528
f 1543 1528 1531
f 1544 1539 1541
f 1545 1530 1533
f 1545 1542 1530
f 1546 1531 1534
f 1546 1543 1531
f 1547 1544 1541
f 1547 1541 1548
f 1549 1537 1536
f 1549 1550 1537
f 1551 1533 1538
f 1551 1545 1533
f 1552 1546 1534
f 1552 1534 1539
f 1553 1548 1554
f 1553 1547 1548
f 1555 1549 1536
f 1555 1536 1542
f 1556 1551 1538
f 1556 1538 1543
f 1557 1539 1544
f 1557 1552 1539
f 1558 1554 1559
f 1558 1553 1554
f 1560 1555 1542
f 1560 1542 1545
f 1561 1543 1546
f 1561 1556 1543
f 1562 1557 1544
f 1562 1544 1547
f 1563 1559 1564
f 1563 1564 1565
f 1563 1558 1559
f 1566 1549 1555
f 1566 1567 1550
f 1566 1550 1549
f 1568 1560 1545
f 1568 1545 1551
f 1569 1546 1552
f 1569 1561 1546
f 1570 1562 1547
f 1570 1547 1553
f 1571 1563 1565
f 1572 1566 1555
f 1573 1551 1556
f 1573 1568 1551
f 1574 1569 1552
f 1574 1552 1557
f 1575 1570 1553
f 1575 1553 1558
f 1576 1565 1577
f 1576 1571 1565
f 1578 1555 1560
f 1578 1572 1555
f 1578 1560 1568
f 1579 1556 1561
f 1579 1573 1556
f 1580 1574 1557
f 1580 1557 1562
f 1581 1558 1563
f 1581 1575 1558
f 1582 1577 1583
f 1582 1576 1577
f 1584 1567 1566
f 1584 1585 1567
f 1584 1566 1572
f 1586 1578 1568
f 1587 1561 1569
f 1587 1579 1561
f 1588 1562 1570
f 1588 1580 1562
f 1589 1563 1571
f 1589 1581 1563
f 1589 1571 1576
f 1590 1583 1591
f 1590 1582 1583
f 1592 1584 1572
f 1593 1586 1568
f 1593 1568 1573
f 1593 1573 1579
f 1594 1587 1569
f 1594 1569 1574
f 1595 1588 1570
f 1595 1570 1575
f 1596 1589 1576
f 1597 1590 1591
f 1597 1591 1598
f 1599 1592 1572
f 1599 1572 1578
f 1600 1593 1579
f 1601 1574 1580
f 1601 1594 1574
f 1602 1595 1575
f 1602 1575 1581
f 1603 1596 1576
f 1603 1576 1582
f 1604 1598 1605
f 1604 1597 1598
f 1606 1607 1585
f 1606 1585 1584
f 1608 1599 1578
f 1608 1578 1586
f 1609 1579 1587
f 1609 1587 1594
f 1609 1600 1579
f 1610 1580 1588
f 1610 1601 1580
f 1611 1602 1581
f 1611 1581 1589
f 1612 1582 1590
f 1612 1603 1582
f 1613 1605 1614
f 1613 1604 1605
f 1615 1606 1584
f 1615 1584 1592
f 1616 1608 1586
f 1616 1586 1593
f 1617 1609 1594
f 1618 1588 1595
f 1618 1610 1588
f 1619 1589 1596
f 1619 1596 1603
f 1619 1611 1589
f 1620 1590 1597
f 1620 1612 1590
f 1621 1614 1622
f 1621 1613 1614
f 1623 1599 1608
f 1623 1592 1599
f 1623 1615 1592
f 1624 1593 1600
f 1624 1616 1593
f 1625 1617 1594
f 1625 1594 1601
f 1626 1618 1595
f 1626 1595 1602
f 1627 1619 1603
f 1628 1620 1597
f 1628 1597 1604
f 1629 1622 1630
f 1629 1621 1622
f 1631 1607 1606
f 1631 1632 1607
f 1633 1623 1608
f 1633 1608 1616
f 1634 1600 1609
f 1634 1624 1600
f 1635 1601 1610
f 1635 1625 1601
f 1635 1610 1618
f 1636 1626 1602
f 1636 1602 1611
f 1636 1611 1619
f 1637 1627 1603
f 1637 1603 1612
f 1638 1628 1604
f 1638 1604 1613
f 1639 1629 1630
f 1639 1630 1517
f 1639 1517 1132
f 1640 1606 1615
f 1640 1631 1606
f 1641 1633 1616
f 1642 1634 1609
f 1642 1609 1617
f 1643 1635 1618
f 1644 1636 1619
f 1645 1637 1612
f 1645 1612 1620
f 1646 1638 1613
f 1646 1613 1621
f 1647 1615 1623
f 1647 1623 1633
f 1647 1640 1615
f 1648 1641 1616
f 1648 1624 1634
f 1648 1616 1624
f 1649 1642 1617
f 1649 1617 1625
f 1650 1626 1636
f 1650 1618 1626
f 1650 1643 1618
f 1651 1619 1627
f 1651 1644 1619
f 1651 1627 1637
f 1652 1620 1628
f 1652 1645 1620
f 1653 1621 1629
f 1653 1646 1621
f 1654 1632 1631
f 1654 1655 1632
f 1656 1647 1633
f 1657 1648 1634
f 1658 1625 1635
f 1658 1649 1625
f 1659 1650 1636
f 1660 1651 1637
f 1661 1652 1628
f 1661 1628 1638
f 1662 1629 1639
f 1662 1639 1132
f 1662 1132 1133
f 1662 1133 1131
f 1662 1653 1629
f 1663 1654 1631
f 1663 1631 1640
f 1664 1633 1641
f 1664 1656 1633
f 1665 1657 1634
f 1665 1634 1642
f 1666 1635 1643
f 1666 1658 1635
f 1667 1659 1636
f 1667 1644 1651
f 1667 1636 1644
f 1668 1660 1637
f 1668 1637 1645
f 1669 1638 1646
f 1669 1661 1638
f 1670 1663 1640
f 1670 1640 1647
f 1671 1641 1648
f 1671 1664 1641
f 1672 1665 1642
f 1672 1642 1649
f 1672 1649 1658
f 1673 1666 1643
f 1673 1643 1650
f 1674 1667 1651
f 1675 1668 1645
f 1675 1645 1652
f 1676 1646 1653
f 1676 1669 1646
f 1677 1678 1655
f 1677 1655 1654
f 1679 1647 1656
f 1679 1670 1647
f 1680 1648 1657
f 1680 1671 1648
f 1681 1672 1658
f 1682 1673 1650
f 1682 1650 1659
f 1683 1674 1651
f 1683 1651 1660
f 1684 1652 1661
f 1684 1661 1669
f 1684 1675 1652
f 1685 1662 1131
f 1685 1653 1662
f 1685 1676 1653
f 1685 1131 1137
f 1686 1677 1654
f 1686 1654 1663
f 1686 1663 1670
f 1687 1679 1656
f 1687 1656 1664
f 1688 1657 1665
f 1688 1680 1657
f 1689 1658 1666
f 1689 1681 1658
f 1689 1666 1673
f 1690 1659 1667
f 1690 1682 1659
f 1691 1683 1660
f 1691 1668 1675
f 1691 1660 1668
f 1692 1684 1669
f 1693 1670 1679
f 1693 1686 1670
f 1694 1687 1664
f 1694 1664 1671
f 1695 1688 1665
f 1695 1665 1672
f 1696 1689 1673
f 1697 1674 1683
f 1697 1667 1674
f 1697 1690 1667
f 1698 1691 1675
f 1699 1692 1669
f 1699 1669 1676
f 1700 1701 1678
f 1700 1678 1677
f 1702 1693 1679
f 1703 1694 1671
f 1703 1671 1680
f 1704 1695 1672
f 1704 1672 1681
f 1705 1696 1673
f 1705 1673 1682
f 1706 1697 1683
f 1707 1698 1675
f 1707 1675 1684
f 1708 1699 1676
f 1708 1676 1685
f 1708 1685 1137
f 1709 1700 1677
f 1709 1677 1686
f 1710 1702 1679
f 1710 1679 1687
f 1711 1703 1680
f 1711 1680 1688
f 1712 1704 1681
f 1712 1681 1689
f 1713 1682 1690
f 1713 1705 1682
f 1714 1706 1683
f 1714 1683 1691
f 1715 1707 1684
f 1715 1684 1692
f 1716 1693 1702
f 1716 1709 1686
f 1716 1686 1693
f 1717 1694 1703
f 1717 1710 1687
f 1717 1687 1694
f 1718 1711 1688
f 1718 1688 1695
f 1719 1689 1696
f 1719 1712 1689
f 1720 1690 1697
f 1720 1713 1690
f 1721 1691 1698
f 1721 1714 1691
f 1722 1715 1692
f 1722 1692 1699
f 1723 1700 1709
f 1723 1724 1701
f 1723 1701 1700
f 1725 1716 1702
f 1726 1703 1711
f 1726 1717 1703
f 1727 1695 1704
f 1727 1704 1712
f 1727 1718 1695
f 1728 1719 1696
f 1728 1696 1705
f 1729 1720 1697
f 1729 1697 1706
f 1730 1721 1698
f 1730 1698 1707
f 1731 1722 1699
f 1731 1699 1708
f 1731 1708 1137
f 1731 1137 1141
f 1732 1723 1709
f 1732 1709 1716
f 1733 1702 1710
f 1733 1725 1702
f 1734 1711 1718
f 1734 1726 1711
f 1735 1727 1712
f 1736 1728 1705
f 1736 1705 1713
f 1737 1729 1706
f 1737 1714 1721
f 1737 1706 1714
f 1738 1707 1715
f 1738 1730 1707
f 1739 1732 1716
f 1740 1733 1710
f 1740 1710 1717
f 1741 1734 1718
f 1742 1735 1712
f 1742 1712 1719
f 1743 1736 1713
f 1743 1713 1720
f 1744 1737 1721
f 1745 1738 1715
f 1745 1715 1722
f 1746 1747 1724
f 1746 1724 1723
f 1748 1716 1725
f 1748 1739 1716
f 1749 1740 1717
f 1749 1717 1726
f 1750 1741 1718
f 1750 1718 1727
f 1751 1742 1719
f 1751 1728 1736
f 1751 1719 1728
f 1752 1743 1720
f 1752 1720 1729
f 1753 1730 1738
f 1753 1744 1721
f 1753 1721 1730
f 1754 1722 1731
f 1754 1745 1722
f 1754 1731 1141
f 1754 1141 1142
f 1754 1142 1140
f 1755 1723 1732
f 1755 1746 1723
f 1756 1748 1725
f 1756 1725 1733
f 1757 1749 1726
f 1757 1726 1734
f 1758 1750 1727
f 1758 1727 1735
f 1759 1751 1736
f 1760 1729 1737
f 1760 1752 1729
f 1761 1753 1738
f 1762 1732 1739
f 1762 1755 1732
f 1762 1739 1748
f 1763 1733 1740
f 1763 1756 1733
f 1764 1734 1741
f 1764 1757 1734
f 1765 1758 1735
f 1765 1735 1742
f 1766 1736 1743
f 1766 1759 1736
f 1767 1737 1744
f 1767 1760 1737
f 1768 1738 1745
f 1768 1745 1754
f 1768 1761 1738
f 1769 1770 1747
f 1769 1771 1770
f 1769 1747 1746
f 1772 1762 1748
f 1773 1763 1740
f 1773 1740 1749
f 1774 1741 1750
f 1774 1764 1741
f 1775 1765 1742
f 1775 1742 1751
f 1776 1743 1752
f 1776 1766 1743
f 1777 1744 1753
f 1777 1767 1744
f 1778 1768 1754
f 1778 1754 1140
f 1779 1769 1746
f 1779 1746 1755
f 1780 1772 1748
f 1780 1748 1756
f 1781 1757 1764
f 1781 1749 1757
f 1781 1773 1749
f 1782 1774 1750
f 1782 1750 1758
f 1783 1775 1751
f 1783 1751 1759
f 1784 1776 1752
f 1784 1752 1760
f 1784 1760 1767
f 1785 1777 1753
f 1785 1753 1761
f 1786 1779 1755
f 1786 1755 1762
f 1787 1756 1763
f 1787 1780 1756
f 1788 1781 1764
f 1789 1758 1765
f 1789 1782 1758
f 1790 1783 1759
f 1790 1759 1766
f 1790 1766 1776
f 1791 1767 1777
f 1791 1784 1767
f 1792 1785 1761
f 1792 1761 1768
f 1793 1771 1769
f 1793 1769 1779
f 1794 1772 1780
f 1794 1786 1762
f 1794 1762 1772
f 1795 1763 1773
f 1795 1787 1763
f 1796 1788 1764
f 1796 1764 1774
f 1797 1775 1783
f 1797 1789 1765
f 1797 1765 1775
f 1798 1790 1776
f 1799 1791 1777
f 1800 1768 1778
f 1800 1778 1140
f 1800 1792 1768
f 1800 1140 1148
f 1800 1148 1147
f 1801 1793 1779
f 1802 1780 1787
f 1802 1794 1780
f 1803 1773 1781
f 1803 1795 1773
f 1804 1796 1774
f 1804 1774 1782
f 1805 1797 1783
f 1805 1783 1790
f 1806 1776 1784
f 1806 1798 1776
f 1807 1785 1792
f 1807 1777 1785
f 1807 1799 1777
f 1808 1786 1794
f 1808 1779 1786
f 1808 1801 1779
f 1809 1802 1787
f 1810 1781 1788
f 1810 1803 1781
f 1811 1782 1789
f 1811 1789 1797
f 1811 1804 1782
f 1812 1805 1790
f 1813 1784 1791
f 1813 1806 1784
f 1814 1807 1792
f 1815 1816 1771
f 1815 1771 1793
f 1815 1793 1801
f 1817 1808 1794
f 1818 1795 1803
f 1818 1787 1795
f 1818 1809 1787
f 1819 1788 1796
f 1819 1810 1788
f 1820 1811 1797
f 1821 1812 1790
f 1821 1790 1798
f 1821 1798 1806
f 1822 1813 1791
f 1822 1791 1799
f 1823 1792 1800
f 1823 1800 1147
f 1823 1814 1792
f 1824 1815 1801
f 1825 1817 1794
f 1825 1794 1802
f 1826 1818 1803
f 1827 1796 1804
f 1827 1819 1796
f 1828 1797 1805
f 1828 1820 1797
f 1829 1821 1806
f 1830 1822 1799
f 1830 1799 1807
f 1831 1824 1801
f 1831 1801 1808
f 1832 1825 1802
f 1832 1802 1809
f 1833 1803 1810
f 1833 1810 1819
f 1833 1826 1803
f 1834 1827 1804
f 1834 1804 1811
f 1835 1805 1812
f 1835 1828 1805
f 1836 1806 1813
f 1836 1829 1806
f 1837 1830 1807
f 1837 1814 1823
f 1837 1807 1814
f 1838 1839 1816
f 1838 1840 1839
f 1838 1816 1815
f 1841 1831 1808
f 1841 1808 1817
f 1842 1809 1818
f 1842 1818 1826
f 1842 1832 1809
f 1843 1833 1819
f 1843 1819 1827
f 1844 1834 1811
f 1844 1811 1820
f 1845 1812 1821
f 1845 1821 1829
f 1845 1835 1812
f 1846 1813 1822
f 1846 1836 1813
f 1847 1823 1147
f 1847 1147 1152
f 1847 1152 1151
f 1847 1837 1823
f 1848 1838 1815
f 1848 1815 1824
f 1849 1841 1817
f 1849 1817 1825
f 1850 1842 1826
f 1851 1843 1827
f 1852 1820 1828
f 1852 1844 1820
f 1853 1845 1829
f 1854 1846 1822
f 1854 1822 1830
f 1855 1824 1831
f 1855 1848 1824
f 1856 1825 1832
f 1856 1849 1825
f 1857 1833 1843
f 1857 1850 1826
f 1857 1826 1833
f 1858 1851 1827
f 1858 1834 1844
f 1858 1827 1834
f 1859 1852 1828
f 1859 1828 1835
f 1860 1853 1829
f 1860 1829 1836
f 1860 1836 1846
f 1861 1854 1830
f 1861 1830 1837
f 1862 1840 1838
f 1862 1863 1840
f 1864 1855 1831
f 1864 1831 1841
f 1865 1832 1842
f 1865 1856 1832
f 1866 1843 1851
f 1866 1857 1843
f 1867 1858 1844
f 1868 1859 1835
f 1868 1835 1845
f 1869 1846 1854
f 1869 1860 1846
f 1870 1837 1847
f 1870 1861 1837
f 1870 1847 1151
f 1871 1838 1848
f 1871 1848 1855
f 1871 1862 1838
f 1872 1841 1849
f 1872 1864 1841
f 1873 1842 1850
f 1873 1865 1842
f 1874 1866 1851
f 1875 1844 1852
f 1875 1867 1844
f 1876 1845 1853
f 1876 1868 1845
f 1877 1869 1854
f 1878 1855 1864
f 1878 1871 1855
f 1879 1849 1856
f 1879 1872 1849
f 1880 1850 1857
f 1880 1873 1850
f 1881 1874 1851
f 1881 1851 1858
f 1881 1858 1867
f 1882 1875 1852
f 1882 1852 1859
f 1883 1853 1860
f 1883 1876 1853
f 1884 1861 1870
f 1884 1854 1861
f 1884 1877 1854
f 1885 1863 1862
f 1886 1878 1864
f 1887 1856 1865
f 1887 1879 1856
f 1888 1880 1857
f 1888 1857 1866
f 1889 1881 1867
f 1889 1867 1875
f 1890 1882 1859
f 1890 1859 1868
f 1891 1883 1860
f 1891 1860 1869
f 1892 1884 1870
f 1892 1870 1151
f 1892 1151 1149
f 1893 1862 1871
f 1893 1885 1862
f 1894 1872 1879
f 1894 1886 1864
f 1894 1864 1872
f 1895 1887 1865
f 1895 1865 1873
f 1896 1866 1874
f 1896 1888 1866
f 1897 1875 1882
f 1897 1889 1875
f 1898 1868 1876
f 1898 1890 1868
f 1899 1869 1877
f 1899 1891 1869
f 1900 1893 1871
f 1900 1871 1878
f 1901 1894 1879
f 1902 1873 1880
f 1902 1895 1873
f 1903 1874 1881
f 1903 1896 1874
f 1904 1897 1882
f 1905 1898 1876
f 1905 1876 1883
f 1906 1877 1884
f 1906 1899 1877
f 1907 1908 1863
f 1907 1909 1908
f 1907 1863 1885
f 1910 1878 1886
f 1910 1900 1878
f 1910 1886 1894
f 1911 1879 1887
f 1911 1901 1879
f 1911 1887 1895
f 1912 1880 1888
f 1912 1902 1880
f 1913 1881 1889
f 1913 1889 1897
f 1913 1903 1881
f 1914 1904 1882
f 1914 1890 1898
f 1914 1882 1890
f 1915 1905 1883
f 1915 1883 1891
f 1916 1884 1892
f 1916 1892 1149
f 1916 1149 1150
f 1916 1906 1884
f 1917 1885 1893
f 1917 1907 1885
f 1918 1910 1894
f 1919 1911 1895
f 1919 1895 1902
f 1920 1912 1888
f 1920 1888 1896
f 1921 1913 1897
f 1922 1914 1898
f 1923 1915 1891
f 1923 1891 1899
f 1924 1893 1900
f 1924 1917 1893
f 1925 1918 1894
f 1925 1894 1901
f 1926 1919 1902
f 1927 1920 1896
f 1927 1896 1903
f 1928 1904 1914
f 1928 1897 1904
f 1928 1921 1897
f 1929 1898 1905
f 1929 1922 1898
f 1929 1905 1915
f 1930 1899 1906
f 1930 1923 1899
f 1931 1909 1907
f 1932 1924 1900
f 1932 1900 1910
f 1933 1901 1911
f 1933 1911 1919
f 1933 1925 1901
f 1934 1912 1920
f 1934 1902 1912
f 1934 1926 1902
f 1935 1903 1913
f 1935 1927 1903
f 1936 1928 1914
f 1936 1914 1922
f 1937 1929 1915
f 1938 1916 1150
f 1938 1906 1916
f 1938 1150 1146
f 1938 1146 1143
f 1938 1930 1906
f 1939 1931 1907
f 1939 1907 1917
f 1940 1932 1910
f 1940 1910 1918
f 1941 1933 1919
f 1942 1934 1920
f 1943 1913 1921
f 1943 1935 1913
f 1944 1936 1922
f 1944 1922 1929
f 1945 1915 1923
f 1945 1937 1915
f 1946 1939 1917
f 1946 1917 1924
f 1947 1918 1925
f 1947 1940 1918
f 1948 1919 1926
f 1948 1941 1919
f 1949 1942 1920
f 1949 1920 1927
f 1950 1921 1928
f 1950 1943 1921
f 1951 1944 1929
f 1952 1930 1938
f 1952 1945 1923
f 1952 1923 1930
f 1953 1909 1931
f 1953 1954 1909
f 1953 1472 1954
f 1953 1473 1472
f 1955 1946 1924
f 1955 1924 1932
f 1956 1947 1925
f 1956 1925 1933
f 1957 1948 1926
f 1957 1926 1934
f 1958 1949 1927
f 1958 1927 1935
f 1958 1935 1943
f 1959 1950 1928
f 1959 1928 1936
f 1960 1951 1929
f 1960 1929 1937
f 1960 1937 1945
f 1961 1938 1143
f 1961 1952 1938
f 1962 1953 1931
f 1962 1939 1946
f 1962 1931 1939
f 1962 1473 1953
f 1962 1476 1473
f 1962 1477 1476
f 1963 1932 1940
f 1963 1955 1932
f 1963 1940 1947
f 1964 1933 1941
f 1964 1956 1933
f 1965 1942 1949
f 1965 1957 1934
f 1965 1934 1942
f 1966 1943 1950
f 1966 1958 1943
f 1967 1959 1936
f 1967 1936 1944
f 1968 1960 1945
f 1969 1962 1946
f 1969 1477 1962
f 1970 1963 1947
f 1971 1941 1948
f 1971 1964 1941
f 1972 1965 1949
f 1973 1966 1950
f 1974 1944 1951
f 1974 1967 1944
f 1975 1945 1952
f 1975 1952 1961
f 1975 1968 1945
f 1976 1946 1955
f 1976 1969 1946
f 1976 1955 1963
f 1976 1480 1477
f 1976 1477 1969
f 1977 1947 1956
f 1977 1970 1947
f 1978 1971 1948
f 1978 1948 1957
f 1979 1949 1958
f 1979 1972 1949
f 1980 1959 1967
f 1980 1950 1959
f 1980 1973 1950
f 1981 1974 1951
f 1981 1951 1960
f 1982 1975 1961
f 1982 1143 1145
f 1982 1961 1143
f 1983 1480 1976
f 1983 1481 1480
f 1983 1484 1481
f 1983 1976 1963
f 1983 1963 1970
f 1984 1977 1956
f 1984 1956 1964
f 1984 1964 1971
f 1985 1957 1965
f 1985 1978 1957
f 1986 1958 1966
f 1986 1979 1958
f 1987 1980 1967
f 1988 1981 1960
f 1988 1960 1968
f 1989 1983 1970
f 1989 1484 1983
f 1990 1984 1971
f 1991 1985 1965
f 1991 1965 1972
f 1992 1986 1966
f 1992 1966 1973
f 1992 1973 1980
f 1993 1967 1974
f 1993 1987 1967
f 1994 1988 1968
f 1994 1968 1975
f 1995 1970 1977
f 1995 1989 1970
f 1995 1484 1989
f 1995 1486 1484
f 1995 1488 1486
f 1996 1971 1978
f 1996 1990 1971
f 1997 1991 1972
f 1997 1972 1979
f 1998 1992 1980
f 1999 1993 1974
f 1999 1974 1981
f 2000 1982 1145
f 2000 1994 1975
f 2000 1975 1982
f 2000 1145 1144
f 2001 1488 1995
f 2001 1977 1984
f 2001 1995 1977
f 2002 1978 1985
f 2002 1996 1978
f 2003 1979 1986
f 2003 1997 1979
f 2004 1980 1987
f 2004 1987 1993
f 2004 1998 1980
f 2005 1981 1988
f 2005 1999 1981
f 2006 1490 1488
f 2006 1492 1490
f 2006 2001 1984
f 2006 1488 2001
f 2006 1984 1990
f 2007 2002 1985
f 2007 1985 1991
f 2008 1986 1992
f 2008 2003 1986
f 2009 2004 1993
f 2010 1994 2000
f 2010 1988 1994
f 2010 2005 1988
f 2011 2006 1990
f 2011 1493 1492
f 2011 1990 1996
f 2011 1492 2006
f 2012 1991 1997
f 2012 1997 2003
f 2012 2007 1991
f 2013 1992 1998
f 2013 2008 1992
f 2014 2009 1993
f 2014 1993 1999
f 2014 1999 2005
f 2015 2010 2000
f 2015 2000 1144
f 2015 1144 1138
f 2015 1138 1134
f 2016 1493 2011
f 2016 1996 2002
f 2016 2011 1996
f 2017 2012 2003
f 2017 2003 2008
f 2018 1998 2004
f 2018 2013 1998
f 2019 2014 2005
f 2020 1493 2016
f 2020 2016 2002
f 2020 1495 1493
f 2020 2002 2007
f 2021 2017 2008
f 2021 2008 2013
f 2022 2018 2004
f 2022 2004 2009
f 2023 2019 2005
f 2023 2005 2010
f 2024 2007 2012
f 2024 1495 2020
f 2024 1498 1495
f 2024 2020 2007
f 2025 2021 2013
f 2026 2009 2014
f 2026 2022 2009
f 2027 2015 1134
f 2027 2023 2010
f 2027 2010 2015
f 2028 2012 2017
f 2028 2024 2012
f 2028 1498 2024
f 2028 1499 1498
f 2028 1502 1499
f 2029 2013 2018
f 2029 2018 2022
f 2029 2025 2013
f 2030 2014 2019
f 2030 2026 2014
f 2031 2017 2021
f 2031 2028 2017
f 2031 1502 2028
f 2032 2029 2022
f 2033 2019 2023
f 2033 2030 2019
f 2034 1504 1502
f 2034 2021 2025
f 2034 2031 2021
f 2034 1502 2031
f 2035 2032 2022
f 2035 2022 2026
f 2035 2026 2030
f 2036 2023 2027
f 2036 2027 1134
f 2036 2033 2023
f 2036 1134 1136
f 2037 2025 2029
f 2037 1505 1504
f 2037 1504 2034
f 2037 2029 2032
f 2037 2034 2025
f 2038 2035 2030
f 2039 1505 2037
f 2039 1508 1505
f 2039 1509 1508
f 2039 2037 2032
f 2040 2030 2033
f 2040 2038 2030
f 2041 1509 2039
f 2041 2032 2035
f 2041 2039 2032
f 2042 2033 2036
f 2042 1136 1135
f 2042 2036 1136
f 2042 1135 1139
f 2042 2040 2033
f 2043 2041 2035
f 2043 1512 1509
f 2043 1513 1512
f 2043 2035 2038
f 2043 1509 2041
f 2044 2038 2040
f 2044 2043 2038
f 2044 2040 2042
f 2044 1513 2043
f 2044 1516 1513
f 2045 2042 1139
f 2045 2044 2042
f 2045 1516 2044
f 2045 1139 1516
f 1111 1515 1113
f 2046 2047 2048
f 2049 1474 1471
f 2049 2050 1474
f 2051 1471 1475
f 2051 2049 1471
f 2052 1475 1478
f 2052 2051 1475
f 2053 2050 2049
f 2053 2054 2050
f 2055 1478 1479
f 2055 2052 1478
f 2056 2049 2051
f 2056 2053 2049
f 2057 1479 1482
f 2057 2055 1479
f 2058 2051 2052
f 2058 2056 2051
f 2059 1482 1483
f 2059 2057 1482
f 2060 2061 2054
f 2060 2062 2061
f 2060 2054 2053
f 2063 2058 2052
f 2063 2052 2055
f 2064 1483 1485
f 2064 2059 1483
f 2065 2060 2053
f 2065 2053 2056
f 2066 2063 2055
f 2066 2055 2057
f 2067 1485 1487
f 2067 2064 1485
f 2068 2056 2058
f 2068 2065 2056
f 2069 2057 2059
f 2069 2066 2057
f 2070 1487 1489
f 2070 2067 1487
f 2071 2062 2060
f 2072 2058 2063
f 2072 2068 2058
f 2073 2069 2059
f 2073 2059 2064
f 2074 1489 1491
f 2074 2070 1489
f 2075 2071 2060
f 2075 2065 2068
f 2075 2060 2065
f 2076 2072 2063
f 2076 2063 2066
f 2076 2066 2069
f 2077 2064 2067
f 2077 2073 2064
f 2077 2067 2070
f 2078 1491 1494
f 2078 2074 1491
f 2079 2075 2068
f 2080 2076 2069
f 2081 2077 2070
f 2082 2078 1494
f 2082 1494 1496
f 2083 2084 2062
f 2083 2062 2071
f 2085 2079 2068
f 2085 2068 2072
f 2086 2069 2073
f 2086 2080 2069
f 2087 2070 2074
f 2087 2081 2070
f 2088 1496 1497
f 2088 2082 1496
f 2089 2083 2071
f 2089 2071 2075
f 2090 2085 2072
f 2090 2072 2076
f 2091 2073 2077
f 2091 2086 2073
f 2091 2077 2081
f 2092 2074 2078
f 2092 2087 2074
f 2093 1497 1500
f 2093 2088 1497
f 2094 2075 2079
f 2094 2089 2075
f 2095 2080 2086
f 2095 2076 2080
f 2095 2090 2076
f 2096 2091 2081
f 2097 2078 2082
f 2097 2092 2078
f 2098 1500 1501
f 2098 2093 1500
f 2099 2084 2083
f 2099 2100 2084
f 2101 2079 2085
f 2101 2094 2079
f 2102 2086 2091
f 2102 2095 2086
f 2103 2081 2087
f 2103 2096 2081
f 2104 2082 2088
f 2104 2097 2082
f 2105 2098 1501
f 2105 1501 1503
f 2105 1503 1506
f 2106 2083 2089
f 2106 2099 2083
f 2107 2101 2085
f 2107 2085 2090
f 2108 2102 2091
f 2109 2087 2092
f 2109 2103 2087
f 2110 2104 2088
f 2110 2088 2093
f 2111 2105 1506
f 2111 1506 1507
f 2112 2089 2094
f 2112 2106 2089
f 2113 2090 2095
f 2113 2107 2090
f 2114 2108 2091
f 2114 2091 2096
f 2115 2109 2092
f 2115 2092 2097
f 2116 2093 2098
f 2116 2110 2093
f 2117 2111 1507
f 2118 2100 2099
f 2118 2119 2100
f 2118 2120 2119
f 2121 2112 2094
f 2121 2094 2101
f 2122 2095 2102
f 2122 2113 2095
f 2123 2096 2103
f 2123 2114 2096
f 2124 2115 2097
f 2124 2097 2104
f 2125 2116 2098
f 2125 2098 2105
f 2126 1507 1510
f 2126 2117 1507
f 2127 2118 2099
f 2127 2099 2106
f 2128 2121 2101
f 2128 2101 2107
f 2129 2102 2108
f 2129 2122 2102
f 2130 2103 2109
f 2130 2123 2103
f 2131 2124 2104
f 2131 2104 2110
f 2132 2105 2111
f 2132 2125 2105
f 2133 1510 1511
f 2133 1511 1514
f 2133 2126 1510
f 2134 2106 2112
f 2134 2127 2106
f 2135 2107 2113
f 2135 2128 2107
f 2136 2108 2114
f 2136 2129 2108
f 2137 2109 2115
f 2137 2130 2109
f 2138 2110 2116
f 2138 2116 2125
f 2138 2131 2110
f 2139 2132 2111
f 2139 2111 2117
f 2140 2133 1514
f 2140 1514 1515
f 2141 2120 2118
f 2141 2118 2127
f 2142 2112 2121
f 2142 2134 2112
f 2143 2113 2122
f 2143 2135 2113
f 2144 2114 2123
f 2144 2136 2114
f 2145 2115 2124
f 2145 2137 2115
f 2146 2138 2125
f 2147 2139 2117
f 2147 2117 2126
f 2148 2140 1515
f 2148 1515 1111
f 2149 2141 2127
f 2150 2142 2121
f 2150 2121 2128
f 2151 2143 2122
f 2151 2122 2129
f 2152 2144 2123
f 2152 2123 2130
f 2153 2131 2138
f 2153 2145 2124
f 2153 2124 2131
f 2154 2132 2139
f 2154 2146 2125
f 2154 2125 2132
f 2155 2147 2126
f 2155 2126 2133
f 2156 2149 2127
f 2156 2127 2134
f 2157 2150 2128
f 2157 2128 2135
f 2158 2151 2129
f 2158 2129 2136
f 2159 2152 2130
f 2159 2130 2137
f 2160 2153 2138
f 2161 2139 2147
f 2161 2154 2139
f 2162 2133 2140
f 2162 2155 2133
f 2163 2164 2120
f 2163 2120 2141
f 2165 2156 2134
f 2165 2134 2142
f 2165 2142 2150
f 2166 2135 2143
f 2166 2157 2135
f 2167 2136 2144
f 2167 2158 2136
f 2168 2137 2145
f 2168 2159 2137
f 2169 2138 2146
f 2169 2146 2154
f 2169 2160 2138
f 2170 2161 2147
f 2171 2140 2148
f 2171 2162 2140
f 2171 2148 1111
f 2171 1111 1108
f 2172 2141 2149
f 2172 2163 2141
f 2173 2165 2150
f 2173 2150 2157
f 2174 2143 2151
f 2174 2166 2143
f 2175 2167 2144
f 2175 2144 2152
f 2175 2152 2159
f 2176 2145 2153
f 2176 2153 2160
f 2176 2168 2145
f 2177 2169 2154
f 2178 2170 2147
f 2178 2147 2155
f 2179 2172 2149
f 2179 2149 2156
f 2180 2173 2157
f 2181 2151 2158
f 2181 2174 2151
f 2182 2175 2159
f 2183 2176 2160
f 2183 2160 2169
f 2184 2177 2154
f 2184 2154 2161
f 2185 2178 2155
f 2185 2155 2162
f 2186 2187 2164
f 2186 2164 2163
f 2188 2179 2156
f 2188 2156 2165
f 2189 2166 2174
f 2189 2180 2157
f 2189 2157 2166
f 2190 2167 2175
f 2190 2181 2158
f 2190 2158 2167
f 2191 2168 2176
f 2191 2182 2159
f 2191 2159 2168
f 2192 2183 2169
f 2193 2184 2161
f 2193 2161 2170
f 2194 2171 1108
f 2194 2162 2171
f 2194 2185 2162
f 2194 1108 1110
f 2194 1110 1109
f 2195 2186 2163
f 2195 2172 2179
f 2195 2163 2172
f 2196 2165 2173
f 2196 2188 2165
f 2197 2189 2174
f 2198 2190 2175
f 2199 2191 2176
f 2200 2192 2169
f 2200 2169 2177
f 2201 2193 2170
f 2201 2170 2178
f 2202 2179 2188
f 2202 2195 2179
f 2203 2173 2180
f 2203 2196 2173
f 2204 2174 2181
f 2204 2197 2174
f 2205 2175 2182
f 2205 2198 2175
f 2206 2199 2176
f 2206 2176 2183
f 2207 2177 2184
f 2207 2200 2177
f 2208 2201 2178
f 2208 2178 2185
f 2209 2210 2187
f 2209 2187 2186
f 2211 2188 2196
f 2211 2202 2188
f 2212 2180 2189
f 2212 2203 2180
f 2213 2181 2190
f 2213 2204 2181
f 2214 2182 2191
f 2214 2205 2182
f 2215 2206 2183
f 2215 2192 2200
f 2215 2183 2192
f 2216 2184 2193
f 2216 2207 2184
f 2217 2208 2185
f 2217 2185 2194
f 2217 2194 1109
f 2218 2209 2186
f 2218 2186 2195
f 2219 2211 2196
f 2220 2212 2189
f 2220 2189 2197
f 2221 2213 2190
f 2221 2198 2205
f 2221 2190 2198
f 2222 2214 2191
f 2222 2191 2199
f 2223 2215 2200
f 2224 2193 2201
f 2224 2216 2193
f 2224 2201 2208
f 2225 2218 2195
f 2225 2195 2202
f 2226 2219 2196
f 2226 2196 2203
f 2227 2197 2204
f 2227 2220 2197
f 2228 2221 2205
f 2228 2205 2214
f 2229 2199 2206
f 2229 2222 2199
f 2230 2223 2200
f 2230 2200 2207
f 2230 2207 2216
f 2231 2224 2208
f 2232 2233 2210
f 2232 2210 2209
f 2234 2225 2202
f 2234 2202 2211
f 2235 2203 2212
f 2235 2212 2220
f 2235 2226 2203
f 2236 2204 2213
f 2236 2227 2204
f 2237 2228 2214
f 2238 2206 2215
f 2238 2229 2206
f 2239 2216 2224
f 2239 2230 2216
f 2240 2208 2217
f 2240 2217 1109
f 2240 2231 2208
f 2240 1109 1112
f 2241 2209 2218
f 2241 2232 2209
f 2242 2211 2219
f 2242 2234 2211
f 2242 2219 2226
f 2243 2235 2220
f 2244 2213 2221
f 2244 2236 2213
f 2245 2214 2222
f 2245 2222 2229
f 2245 2237 2214
f 2246 2215 2223
f 2246 2238 2215
f 2247 2239 2224
f 2248 2218 2225
f 2248 2241 2218
f 2249 2242 2226
f 2250 2243 2220
f 2250 2220 2227
f 2251 2244 2221
f 2251 2221 2228
f 2252 2245 2229
f 2253 2246 2223
f 2253 2223 2230
f 2254 2247 2224
f 2254 2224 2231
f 2255 2256 2233
f 2255 2233 2232
f 2257 2225 2234
f 2257 2248 2225
f 2258 2226 2235
f 2258 2249 2226
f 2258 2235 2243
f 2259 2250 2227
f 2259 2227 2236
f 2260 2251 2228
f 2260 2228 2237
f 2261 2252 2229
f 2261 2238 2246
f 2261 2229 2238
f 2262 2253 2230
f 2262 2230 2239
f 2263 2254 2231
f 2263 2231 2240
f 2263 2240 1112
f 2263 1112 1105
f 2264 2255 2232
f 2264 2232 2241
f 2265 2234 2242
f 2265 2257 2234
f 2266 2258 2243
f 2267 2259 2236
f 2267 2236 2244
f 2268 2237 2245
f 2268 2260 2237
f 2269 2261 2246
f 2270 2262 2239
f 2270 2239 2247
f 2271 2241 2248
f 2271 2248 2257
f 2271 2264 2241
f 2272 2242 2249
f 2272 2265 2242
f 2273 2266 2243
f 2273 2243 2250
f 2274 2244 2251
f 2274 2267 2244
f 2275 2245 2252
f 2275 2268 2245
f 2276 2246 2253
f 2276 2253 2262
f 2276 2269 2246
f 2277 2247 2254
f 2277 2270 2247
f 2278 2279 2256
f 2278 2280 2279
f 2278 2256 2255
f 2281 2271 2257
f 2282 2249 2258
f 2282 2272 2249
f 2283 2273 2250
f 2283 2259 2267
f 2283 2250 2259
f 2284 2251 2260
f 2284 2274 2251
f 2285 2252 2261
f 2285 2275 2252
f 2286 2276 2262
f 2287 2277 2254
f 2287 2254 2263
f 2287 1105 1106
f 2287 2263 1105
f 2288 2278 2255
f 2288 2255 2264
f 2289 2281 2257
f 2289 2257 2265
f 2290 2282 2258
f 2290 2258 2266
f 2291 2283 2267
f 2292 2284 2260
f 2292 2260 2268
f 2292 2268 2275
f 2293 2285 2261
f 2293 2261 2269
f 2294 2270 2277
f 2294 2286 2262
f 2294 2262 2270
f 2295 2264 2271
f 2295 2288 2264
f 2296 2289 2265
f 2296 2265 2272
f 2297 2290 2266
f 2297 2266 2273
f 2298 2291 2267
f 2298 2267 2274
f 2298 2274 2284
f 2299 2292 2275
f 2300 2293 2269
f 2300 2269 2276
f 2301 2294 2277
f 2301 2277 2287
f 2302 2280 2278
f 2302 2278 2288
f 2303 2271 2281
f 2303 2295 2271
f 2304 2272 2282
f 2304 2296 2272
f 2305 2297 2273
f 2305 2273 2283
f 2306 2298 2284
f 2307 2285 2293
f 2307 2275 2285
f 2307 2299 2275
f 2308 2276 2286
f 2308 2300 2276
f 2309 2287 1106
f 2309 1106 1101
f 2309 2301 2287
f 2310 2302 2288
f 2311 2281 2289
f 2311 2289 2296
f 2311 2303 2281
f 2312 2282 2290
f 2312 2304 2282
f 2313 2283 2291
f 2313 2305 2283
f 2314 2292 2299
f 2314 2284 2292
f 2314 2306 2284
f 2315 2307 2293
f 2316 2308 2286
f 2316 2286 2294
f 2317 2310 2288
f 2317 2288 2295
f 2317 2295 2303
f 2318 2311 2296
f 2319 2312 2290
f 2319 2290 2297
f 2320 2291 2298
f 2320 2313 2291
f 2321 2299 2307
f 2321 2314 2299
f 2322 2315 2293
f 2322 2300 2308
f 2322 2293 2300
f 2323 2316 2294
f 2323 2294 2301
f 2324 2280 2302
f 2324 2325 2280
f 2326 2317 2303
f 2327 2318 2296
f 2327 2296 2304
f 2328 2297 2305
f 2328 2319 2297
f 2329 2320 2298
f 2329 2298 2306
f 2330 2307 2315
f 2330 2321 2307
f 2331 2322 2308
f 2332 2309 1101
f 2332 2301 2309
f 2332 2323 2301
f 2332 1101 1102
f 2333 2324 2302
f 2333 2302 2310
f 2334 2311 2318
f 2334 2326 2303
f 2334 2303 2311
f 2335 2312 2319
f 2335 2327 2304
f 2335 2304 2312
f 2336 2305 2313
f 2336 2328 2305
f 2337 2329 2306
f 2337 2306 2314
f 2338 2315 2322
f 2338 2330 2315
f 2339 2308 2316
f 2339 2331 2308
f 2339 2316 2323
f 2340 2333 2310
f 2340 2310 2317
f 2341 2334 2318
f 2342 2335 2319
f 2343 2336 2313
f 2343 2313 2320
f 2344 2337 2314
f 2344 2314 2321
f 2345 2338 2322
f 2346 2339 2323
f 2347 2348 2325
f 2347 2325 2324
f 2349 2317 2326
f 2349 2340 2317
f 2350 2318 2327
f 2350 2341 2318
f 2351 2328 2336
f 2351 2319 2328
f 2351 2342 2319
f 2352 2343 2320
f 2352 2320 2329
f 2353 2321 2330
f 2353 2344 2321
f 2354 2345 2322
f 2354 2322 2331
f 2355 2346 2323
f 2355 2323 2332
f 2355 2332 1102
f 2355 1102 1099
f 2355 1099 1097
f 2356 2347 2324
f 2356 2324 2333
f 2357 2326 2334
f 2357 2349 2326
f 2358 2335 2342
f 2358 2350 2327
f 2358 2327 2335
f 2359 2351 2336
f 2359 2336 2343
f 2360 2329 2337
f 2360 2352 2329
f 2360 2337 2344
f 2361 2353 2330
f 2361 2330 2338
f 2362 2354 2331
f 2362 2331 2339
f 2362 2339 2346
f 2363 2333 2340
f 2363 2356 2333
f 2364 2357 2334
f 2364 2334 2341
f 2365 2358 2342
f 2366 2359 2343
f 2366 2343 2352
f 2367 2360 2344
f 2368 2361 2338
f 2368 2338 2345
f 2369 2362 2346
f 2370 2348 2347
f 2370 2371 2348
f 2370 2372 2371
f 2373 2340 2349
f 2373 2363 2340
f 2374 2341 2350
f 2374 2364 2341
f 2375 2342 2351
f 2375 2365 2342
f 2376 2366 2352
f 2377 2344 2353
f 2377 2367 2344
f 2378 2368 2345
f 2378 2345 2354
f 2379 2346 2355
f 2379 2369 2346
f 2379 2355 1097
f 2380 2347 2356
f 2380 2370 2347
f 2381 2349 2357
f 2381 2373 2349
f 2382 2350 2358
f 2382 2374 2350
f 2383 2359 2366
f 2383 2375 2351
f 2383 2351 2359
f 2384 2352 2360
f 2384 2376 2352
f 2385 2353 2361
f 2385 2377 2353
f 2386 2354 2362
f 2386 2378 2354
f 2387 2356 2363
f 2387 2380 2356
f 2388 2357 2364
f 2388 2381 2357
f 2389 2358 2365
f 2389 2382 2358
f 2390 2383 2366
f 2391 2360 2367
f 2391 2384 2360
f 2392 2385 2361
f 2392 2361 2368
f 2393 2386 2362
f 2393 2362 2369
f 2394 2372 2370
f 2394 2395 2372
f 2396 2363 2373
f 2396 2387 2363
f 2397 2388 2364
f 2397 2364 2374
f 2398 2389 2365
f 2398 2365 2375
f 2399 2376 2384
f 2399 2390 2366
f 2399 2366 2376
f 2400 2391 2367
f 2400 2367 2377
f 2401 2368 2378
f 2401 2392 2368
f 2402 2369 2379
f 2402 2379 1097
f 2402 2393 2369
f 2402 1097 1095
f 2402 1095 1093
f 2403 2380 2387
f 2403 2394 2370
f 2403 2370 2380
f 2404 2373 2381
f 2404 2396 2373
f 2405 2397 2374
f 2405 2374 2382
f 2406 2383 2390
f 2406 2398 2375
f 2406 2375 2383
f 2407 2399 2384
f 2407 2384 2391
f 2408 2400 2377
f 2408 2385 2392
f 2408 2377 2385
f 2409 2378 2386
f 2409 2401 2378
f 2410 2403 2387
f 2411 2381 2388
f 2411 2404 2381
f 2412 2382 2389
f 2412 2405 2382
f 2413 2406 2390
f 2414 2407 2391
f 2415 2392 2401
f 2415 2408 2392
f 2416 2386 2393
f 2416 2409 2386
f 2416 2393 2402
f 2417 2395 2394
f 2418 2396 2404
f 2418 2387 2396
f 2418 2410 2387
f 2419 2411 2388
f 2419 2388 2397
f 2420 2389 2398
f 2420 2412 2389
f 2421 2390 2399
f 2421 2413 2390
f 2422 2400 2408
f 2422 2414 2391
f 2422 2391 2400
f 2423 2415 2401
f 2424 2416 2402
f 2424 2402 1093
f 2424 1093 1090
f 2425 2394 2403
f 2425 2417 2394
f 2425 2403 2410
f 2426 2404 2411
f 2426 2418 2404
f 2427 2419 2397
f 2427 2397 2405
f 2428 2398 2406
f 2428 2420 2398
f 2429 2421 2399
f 2429 2399 2407
f 2429 2407 2414
f 2430 2422 2408
f 2431 2423 2401
f 2431 2401 2409
f 2432 2410 2418
f 2432 2425 2410
f 2433 2426 2411
f 2434 2427 2405
f 2434 2405 2412
f 2435 2406 2413
f 2435 2428 2406
f 2436 2429 2414
f 2437 2408 2415
f 2437 2415 2423
f 2437 2430 2408
f 2438 2431 2409
f 2438 2409 2416
f 2439 2395 2417
f 2439 2440 2395
f 2439 2048 2440
f 2441 2432 2418
f 2442 2419 2427
f 2442 2433 2411
f 2442 2411 2419
f 2443 2434 2412
f 2443 2412 2420
f 2444 2435 2413
f 2444 2413 2421
f 2444 2421 2429
f 2445 2414 2422
f 2445 2436 2414
f 2446 2437 2423
f 2447 2416 2424
f 2447 2424 1090
f 2447 2438 2416
f 2447 1090 1091
f 2448 2439 2417
f 2448 2417 2425
f 2449 2441 2418
f 2449 2418 2426
f 2450 2442 2427
f 2451 2420 2428
f 2451 2443 2420
f 2452 2444 2429
f 2453 2430 2437
f 2453 2445 2422
f 2453 2422 2430
f 2454 2423 2431
f 2454 2431 2438
f 2454 2446 2423
f 2455 2448 2425
f 2455 2425 2432
f 2456 2426 2433
f 2456 2449 2426
f 2457 2427 2434
f 2457 2434 2443
f 2457 2450 2427
f 2458 2435 2444
f 2458 2428 2435
f 2458 2451 2428
f 2459 2436 2445
f 2459 2429 2436
f 2459 2452 2429
f 2460 2453 2437
f 2461 2438 2447
f 2461 2454 2438
f 2462 2046 2048
f 2462 2048 2439
f 2463 2455 2432
f 2463 2432 2441
f 2464 2456 2433
f 2464 2433 2442
f 2465 2457 2443
f 2466 2458 2444
f 2467 2459 2445
f 2468 2460 2437
f 2468 2437 2446
f 2469 2447 1091
f 2469 2461 2447
f 2470 2046 2462
f 2470 2439 2448
f 2470 2471 2046
f 2470 2462 2439
f 2472 2463 2441
f 2472 2441 2449
f 2473 2464 2442
f 2473 2442 2450
f 2474 2443 2451
f 2474 2465 2443
f 2474 2451 2458
f 2475 2466 2444
f 2475 2444 2452
f 2476 2445 2453
f 2476 2467 2445
f 2477 2468 2446
f 2477 2446 2454
f 2478 2471 2470
f 2478 2470 2448
f 2478 2479 2471
f 2478 2448 2455
f 2480 2449 2456
f 2480 2472 2449
f 2481 2450 2457
f 2481 2473 2450
f 2482 2474 2458
f 2483 2452 2459
f 2483 2475 2452
f 2484 2476 2453
f 2484 2453 2460
f 2485 2477 2454
f 2485 2454 2461
f 2485 2461 2469
f 2486 2455 2463
f 2486 2479 2478
f 2486 2487 2479
f 2486 2478 2455
f 2488 2456 2464
f 2488 2480 2456
f 2489 2457 2465
f 2489 2481 2457
f 2490 2482 2458
f 2490 2466 2475
f 2490 2458 2466
f 2491 2459 2467
f 2491 2483 2459
f 2491 2467 2476
f 2492 2484 2460
f 2492 2460 2468
f 2493 2485 2469
f 2493 1091 1057
f 2493 2469 1091
f 2494 2487 2486
f 2494 2463 2472
f 2494 2495 2487
f 2494 2486 2463
f 2494 2472 2480
f 2496 2464 2473
f 2496 2488 2464
f 2497 2465 2474
f 2497 2489 2465
f 2498 2475 2483
f 2498 2490 2475
f 2499 2491 2476
f 2500 2468 2477
f 2500 2492 2468
f 2501 2502 2495
f 2501 2495 2494
f 2501 2494 2480
f 2503 2496 2473
f 2503 2473 2481
f 2504 2497 2474
f 2504 2474 2482
f 2505 2498 2483
f 2506 2499 2476
f 2506 2476 2484
f 2507 2500 2477
f 2507 2477 2485
f 2508 2480 2488
f 2508 2502 2501
f 2508 2488 2496
f 2508 2509 2502
f 2508 2501 2480
f 2510 2503 2481
f 2510 2481 2489
f 2511 2482 2490
f 2511 2504 2482
f 2512 2483 2491
f 2512 2505 2483
f 2513 2484 2492
f 2513 2506 2484
f 2514 2493 1057
f 2514 2507 2485
f 2514 2485 2493
f 2514 1057 1059
f 2515 2496 2503
f 2515 2508 2496
f 2515 2516 2509
f 2515 2509 2508
f 2517 2489 2497
f 2517 2510 2489
f 2518 2490 2498
f 2518 2511 2490
f 2519 2512 2491
f 2519 2491 2499
f 2520 2513 2492
f 2520 2492 2500
f 2521 2522 2516
f 2521 2516 2515
f 2521 2515 2503
f 2523 2497 2504
f 2523 2517 2497
f 2524 2498 2505
f 2524 2518 2498
f 2525 2499 2506
f 2525 2519 2499
f 2525 2506 2513
f 2526 2500 2507
f 2526 2520 2500
f 2527 2521 2503
f 2527 2510 2517
f 2527 2528 2522
f 2527 2503 2510
f 2527 2522 2521
f 2529 2504 2511
f 2529 2523 2504
f 2530 2505 2512
f 2530 2524 2505
f 2531 2525 2513
f 2532 2526 2507
f 2532 2507 2514
f 2532 2514 1059
f 2532 1059 1058
f 2533 2517 2523
f 2533 2527 2517
f 2533 2534 2528
f 2533 2528 2527
f 2535 2511 2518
f 2535 2529 2511
f 2536 2530 2512
f 2536 2512 2519
f 2537 2513 2520
f 2537 2531 2513
f 2537 2520 2526
f 2538 2534 2533
f 2538 2539 2534
f 2538 2533 2523
f 2540 2518 2524
f 2540 2535 2518
f 2541 2536 2519
f 2541 2519 2525
f 2542 2537 2526
f 2543 2529 2535
f 2543 2539 2538
f 2543 2538 2523
f 2543 2544 2539
f 2543 2523 2529
f 2545 2524 2530
f 2545 2540 2524
f 2546 2525 2531
f 2546 2541 2525
f 2547 2526 2532
f 2547 2532 1058
f 2547 2542 2526
f 2547 1058 1060
f 2548 2543 2535
f 2548 2544 2543
f 2548 2535 2540
f 2548 2549 2544
f 2550 2530 2536
f 2550 2545 2530
f 2551 2531 2537
f 2551 2546 2531
f 2552 2548 2540
f 2552 2553 2549
f 2552 2549 2548
f 2554 2536 2541
f 2554 2550 2536
f 2555 2537 2542
f 2555 2551 2537
f 2556 2553 2552
f 2556 2552 2540
f 2556 2540 2545
f 2556 2557 2553
f 2558 2541 2546
f 2558 2554 2541
f 2559 2542 2547
f 2559 2547 1060
f 2559 2555 2542
f 2559 1060 1061
f 2560 2545 2550
f 2560 2561 2557
f 2560 2557 2556
f 2560 2550 2554
f 2560 2556 2545
f 2562 2546 2551
f 2562 2558 2546
f 2563 2564 2561
f 2563 2565 2564
f 2563 2554 2558
f 2563 2561 2560
f 2563 2560 2554
f 2566 2551 2555
f 2566 2555 2559
f 2566 2562 2551
f 2567 2565 2563
f 2567 2563 2558
f 2568 2566 2559
f 2568 1061 1062
f 2568 2559 1061
f 2569 2562 2566
f 2569 2567 2558
f 2569 2570 2565
f 2569 2565 2567
f 2569 2558 2562
f 2571 2570 2569
f 2571 2572 2570
f 2571 2569 2566
f 2571 2566 2568
f 2573 2568 1062
f 2573 2572 2571
f 2573 2574 2572
f 2573 1036 2574
f 2573 1062 1063
f 2573 1063 1036
f 2573 2571 2568
f 1520 2575 2576
f 1520 1519 2575
f 1523 2576 2577
f 1523 1520 2576
f 1525 2577 2578
f 1525 1523 2577
f 1529 2578 2579
f 1529 1525 2578
f 1532 2579 2580
f 1532 2580 2581
f 1532 1529 2579
f 1535 1532 2581
f 1540 2581 2582
f 1540 2582 2583
f 1540 1535 2581
f 1541 1540 2583
f 1548 2583 2584
f 1548 1541 2583
f 1554 2584 2585
f 1554 1548 2584
f 1559 2585 2586
f 1559 2586 2587
f 1559 1554 2585
f 1564 1559 2587
f 1565 1564 2587
f 1565 2587 2588
f 1565 2588 2589
f 1577 1565 2589
f 1583 1577 2589
f 1583 2589 2590
f 1583 2590 2591
f 1591 1583 2591
f 1598 2591 2592
f 1598 1591 2591
f 1605 1598 2592
f 1605 2592 2593
f 1605 2593 2594
f 1614 1605 2594
f 1622 2594 2595
f 1622 1614 2594
f 1630 2595 2596
f 1630 1622 2595
f 1517 2596 2597
f 1517 1630 2596
f 1130 1517 2597
f 1130 2597 1035
f 2598 2047 2046
f 2598 2599 2047
f 2600 2046 2471
f 2600 2598 2046
f 2601 2471 2479
f 2601 2600 2471
f 2602 2479 2487
f 2602 2601 2479
f 2603 2487 2495
f 2603 2495 2502
f 2603 2602 2487
f 2604 2603 2502
f 2605 2502 2509
f 2605 2509 2516
f 2605 2604 2502
f 2606 2605 2516
f 2607 2516 2522
f 2607 2606 2516
f 2608 2522 2528
f 2608 2607 2522
f 2609 2528 2534
f 2609 2534 2539
f 2609 2608 2528
f 2610 2609 2539
f 2611 2610 2539
f 2611 2539 2544
f 2611 2544 2549
f 2612 2611 2549
f 2613 2612 2549
f 2613 2549 2553
f 2613 2553 2557
f 2614 2613 2557
f 2615 2557 2561
f 2615 2614 2557
f 2616 2615 2561
f 2616 2561 2564
f 2616 2564 2565
f 2617 2616 2565
f 2618 2565 2570
f 2618 2617 2565
f 2619 2570 2572
f 2619 2618 2570
f 2620 2572 2574
f 2620 2619 2572
f 939 2620 2574
f 939 2574 1036
f 2576 2575 2621
f 2622 2623 2624
f 2622 2625 2623
f 2626 2624 2627
f 2626 2622 2624
f 2628 2627 2629
f 2628 2626 2627
f 2630 2625 2622
f 2630 2631 2625
f 2632 2629 2633
f 2632 2628 2629
f 2634 2622 2626
f 2634 2630 2622
f 2635 2633 2636
f 2635 2632 2633
f 2637 2626 2628
f 2637 2634 2626
f 2638 2636 2639
f 2638 2635 2636
f 2640 2641 2631
f 2640 2631 2630
f 2642 2637 2628
f 2642 2628 2632
f 2643 2639 2644
f 2643 2638 2639
f 2645 2640 2630
f 2645 2630 2634
f 2646 2642 2632
f 2646 2632 2635
f 2647 2644 2648
f 2647 2643 2644
f 2649 2634 2637
f 2649 2645 2634
f 2650 2635 2638
f 2650 2646 2635
f 2651 2648 2652
f 2651 2647 2648
f 2653 2641 2640
f 2653 2654 2641
f 2655 2637 2642
f 2655 2649 2637
f 2656 2650 2638
f 2656 2638 2643
f 2657 2652 2658
f 2657 2651 2652
f 2659 2653 2640
f 2659 2645 2649
f 2659 2640 2645
f 2660 2655 2642
f 2660 2642 2646
f 2661 2643 2647
f 2661 2656 2643
f 2662 2658 2663
f 2662 2657 2658
f 2664 2659 2649
f 2665 2660 2646
f 2665 2646 2650
f 2666 2647 2651
f 2666 2661 2647
f 2667 2662 2663
f 2667 2663 2668
f 2669 2654 2653
f 2669 2670 2654
f 2671 2649 2655
f 2671 2664 2649
f 2672 2665 2650
f 2672 2650 2656
f 2672 2656 2661
f 2673 2651 2657
f 2673 2666 2651
f 2674 2668 2675
f 2674 2667 2668
f 2676 2669 2653
f 2676 2653 2659
f 2677 2671 2655
f 2677 2655 2660
f 2678 2672 2661
f 2679 2657 2662
f 2679 2673 2657
f 2680 2675 2681
f 2680 2674 2675
f 2682 2659 2664
f 2682 2676 2659
f 2683 2660 2665
f 2683 2677 2660
f 2684 2661 2666
f 2684 2678 2661
f 2685 2679 2662
f 2685 2662 2667
f 2686 2681 2687
f 2686 2687 2688
f 2686 2680 2681
f 2689 2669 2676
f 2689 2670 2669
f 2689 2690 2670
f 2689 2691 2690
f 2692 2664 2671
f 2692 2682 2664
f 2693 2665 2672
f 2693 2683 2665
f 2694 2684 2666
f 2694 2666 2673
f 2695 2685 2667
f 2695 2667 2674
f 2696 2686 2688
f 2697 2689 2676
f 2698 2671 2677
f 2698 2692 2671
f 2699 2672 2678
f 2699 2693 2672
f 2700 2694 2673
f 2700 2673 2679
f 2701 2695 2674
f 2701 2674 2680
f 2702 2688 2703
f 2702 2703 2704
f 2702 2696 2688
f 2705 2697 2676
f 2705 2676 2682
f 2706 2677 2683
f 2706 2698 2677
f 2707 2699 2678
f 2707 2678 2684
f 2708 2700 2679
f 2708 2679 2685
f 2709 2701 2680
f 2709 2680 2686
f 2710 2702 2704
f 2711 2691 2689
f 2712 2682 2692
f 2712 2705 2682
f 2713 2706 2683
f 2713 2683 2693
f 2714 2684 2694
f 2714 2707 2684
f 2715 2708 2685
f 2715 2685 2695
f 2716 2709 2686
f 2716 2686 2696
f 2717 2704 2718
f 2717 2710 2704
f 2719 2689 2697
f 2719 2711 2689
f 2719 2697 2705
f 2720 2692 2698
f 2720 2698 2706
f 2720 2712 2692
f 2721 2693 2699
f 2721 2713 2693
f 2721 2699 2707
f 2722 2694 2700
f 2722 2714 2694
f 2723 2715 2695
f 2723 2695 2701
f 2724 2696 2702
f 2724 2716 2696
f 2725 2718 2726
f 2725 2717 2718
f 2727 2719 2705
f 2728 2720 2706
f 2729 2721 2707
f 2729 2707 2714
f 2730 2708 2715
f 2730 2722 2700
f 2730 2700 2708
f 2731 2701 2709
f 2731 2723 2701
f 2732 2702 2710
f 2732 2724 2702
f 2733 2726 2734
f 2733 2725 2726
f 2735 2736 2691
f 2735 2691 2711
f 2737 2705 2712
f 2737 2727 2705
f 2738 2706 2713
f 2738 2728 2706
f 2739 2729 2714
f 2740 2730 2715
f 2741 2731 2709
f 2741 2709 2716
f 2742 2710 2717
f 2742 2732 2710
f 2743 2733 2734
f 2743 2734 2744
f 2743 2744 1012
f 2743 1012 1015
f 2745 2735 2711
f 2745 2711 2719
f 2746 2737 2712
f 2746 2712 2720
f 2747 2738 2713
f 2747 2713 2721
f 2748 2739 2714
f 2748 2714 2722
f 2749 2740 2715
f 2749 2715 2723
f 2750 2741 2716
f 2750 2716 2724
f 2751 2742 2717
f 2751 2717 2725
f 2752 2745 2719
f 2752 2719 2727
f 2753 2746 2720
f 2753 2720 2728
f 2754 2747 2721
f 2754 2721 2729
f 2755 2748 2722
f 2755 2722 2730
f 2756 2723 2731
f 2756 2749 2723
f 2757 2724 2732
f 2757 2750 2724
f 2758 2725 2733
f 2758 2751 2725
f 2759 2760 2736
f 2759 2736 2735
f 2761 2727 2737
f 2761 2737 2746
f 2761 2752 2727
f 2762 2728 2738
f 2762 2753 2728
f 2763 2754 2729
f 2763 2729 2739
f 2763 2739 2748
f 2764 2730 2740
f 2764 2740 2749
f 2764 2755 2730
f 2765 2756 2731
f 2765 2731 2741
f 2766 2742 2751
f 2766 2757 2732
f 2766 2732 2742
f 2767 2758 2733
f 2767 2733 2743
f 2767 2743 1015
f 2767 1015 1014
f 2768 2735 2745
f 2768 2759 2735
f 2768 2745 2752
f 2769 2761 2746
f 2770 2738 2747
f 2770 2762 2738
f 2771 2763 2748
f 2772 2764 2749
f 2773 2741 2750
f 2773 2765 2741
f 2774 2766 2751
f 2775 2768 2752
f 2776 2746 2753
f 2776 2769 2746
f 2777 2747 2754
f 2777 2770 2747
f 2778 2771 2748
f 2778 2748 2755
f 2778 2755 2764
f 2779 2772 2749
f 2779 2749 2756
f 2780 2773 2750
f 2780 2757 2766
f 2780 2750 2757
f 2781 2774 2751
f 2781 2758 2767
f 2781 2751 2758
f 2782 2783 2760
f 2782 2760 2759
f 2784 2775 2752
f 2784 2752 2761
f 2784 2761 2769
f 2785 2753 2762
f 2785 2776 2753
f 2786 2754 2763
f 2786 2777 2754
f 2787 2778 2764
f 2788 2779 2756
f 2788 2756 2765
f 2789 2780 2766
f 2790 2767 1014
f 2790 1014 1013
f 2790 2781 2767
f 2791 2782 2759
f 2791 2759 2768
f 2792 2784 2769
f 2793 2770 2777
f 2793 2762 2770
f 2793 2785 2762
f 2794 2786 2763
f 2794 2763 2771
f 2795 2764 2772
f 2795 2787 2764
f 2796 2765 2773
f 2796 2773 2780
f 2796 2788 2765
f 2797 2766 2774
f 2797 2789 2766
f 2798 2768 2775
f 2798 2791 2768
f 2799 2769 2776
f 2799 2776 2785
f 2799 2792 2769
f 2800 2777 2786
f 2800 2793 2777
f 2801 2794 2771
f 2801 2771 2778
f 2802 2772 2779
f 2802 2779 2788
f 2802 2795 2772
f 2803 2796 2780
f 2804 2774 2781
f 2804 2797 2774
f 2804 2781 2790
f 2805 2806 2783
f 2805 2783 2782
f 2807 2798 2775
f 2807 2775 2784
f 2808 2799 2785
f 2809 2800 2786
f 2810 2801 2778
f 2810 2778 2787
f 2811 2802 2788
f 2811 2788 2796
f 2812 2803 2780
f 2812 2780 2789
f 2813 2804 2790
f 2813 1013 1016
f 2813 2790 1013
f 2814 2805 2782
f 2814 2782 2791
f 2815 2807 2784
f 2815 2784 2792
f 2816 2808 2785
f 2816 2785 2793
f 2817 2809 2786
f 2817 2786 2794
f 2818 2787 2795
f 2818 2810 2787
f 2819 2811 2796
f 2820 2789 2797
f 2820 2812 2789
f 2821 2814 2791
f 2821 2798 2807
f 2821 2791 2798
f 2822 2815 2792
f 2822 2792 2799
f 2823 2800 2809
f 2823 2816 2793
f 2823 2793 2800
f 2824 2801 2810
f 2824 2817 2794
f 2824 2794 2801
f 2825 2795 2802
f 2825 2802 2811
f 2825 2818 2795
f 2826 2796 2803
f 2826 2819 2796
f 2827 2797 2804
f 2827 2820 2797
f 2828 2829 2806
f 2828 2806 2805
f 2830 2821 2807
f 2831 2822 2799
f 2831 2799 2808
f 2832 2823 2809
f 2833 2824 2810
f 2834 2825 2811
f 2835 2803 2812
f 2835 2826 2803
f 2835 2812 2820
f 2836 2804 2813
f 2836 2813 1016
f 2836 2827 2804
f 2836 1016 1017
f 2837 2805 2814
f 2837 2814 2821
f 2837 2828 2805
f 2838 2830 2807
f 2838 2807 2815
f 2839 2808 2816
f 2839 2816 2823
f 2839 2831 2808
f 2840 2809 2817
f 2840 2832 2809
f 2841 2810 2818
f 2841 2833 2810
f 2842 2834 2811
f 2842 2811 2819
f 2843 2820 2827
f 2843 2835 2820
f 2844 2837 2821
f 2845 2838 2815
f 2845 2815 2822
f 2845 2822 2831
f 2846 2839 2823
f 2847 2840 2817
f 2847 2824 2833
f 2847 2817 2824
f 2848 2818 2825
f 2848 2841 2818
f 2849 2842 2819
f 2849 2826 2835
f 2849 2819 2826
f 2850 2843 2827
f 2851 2828 2837
f 2851 2852 2829
f 2851 2829 2828
f 2853 2821 2830
f 2853 2844 2821
f 2854 2845 2831
f 2855 2823 2832
f 2855 2846 2823
f 2856 2847 2833
f 2857 2834 2842
f 2857 2848 2825
f 2857 2825 2834
f 2858 2849 2835
f 2859 2827 2836
f 2859 2836 1017
f 2859 2850 2827
f 2859 1017 1018
f 2860 2851 2837
f 2861 2838 2845
f 2861 2853 2830
f 2861 2830 2838
f 2862 2854 2831
f 2862 2831 2839
f 2863 2840 2847
f 2863 2832 2840
f 2863 2855 2832
f 2864 2833 2841
f 2864 2856 2833
f 2865 2857 2842
f 2866 2835 2843
f 2866 2858 2835
f 2867 2837 2844
f 2867 2860 2837
f 2867 2844 2853
f 2868 2861 2845
f 2869 2846 2855
f 2869 2839 2846
f 2869 2862 2839
f 2870 2863 2847
f 2871 2841 2848
f 2871 2864 2841
f 2872 2842 2849
f 2872 2865 2842
f 2873 2843 2850
f 2873 2866 2843
f 2874 2875 2852
f 2874 2852 2851
f 2876 2867 2853
f 2877 2845 2854
f 2877 2868 2845
f 2878 2869 2855
f 2879 2870 2847
f 2879 2847 2856
f 2880 2848 2857
f 2880 2871 2848
f 2880 2857 2865
f 2881 2872 2849
f 2881 2849 2858
f 2882 2873 2850
f 2882 1018 1020
f 2882 2850 2859
f 2882 2859 1018
f 2883 2874 2851
f 2883 2851 2860
f 2884 2876 2853
f 2884 2853 2861
f 2885 2877 2854
f 2885 2854 2862
f 2886 2855 2863
f 2886 2878 2855
f 2886 2863 2870
f 2887 2879 2856
f 2887 2856 2864
f 2888 2880 2865
f 2889 2881 2858
f 2889 2858 2866
f 2890 2883 2860
f 2890 2860 2867
f 2891 2884 2861
f 2891 2861 2868
f 2892 2885 2862
f 2892 2862 2869
f 2893 2886 2870
f 2893 2870 2879
f 2894 2871 2880
f 2894 2887 2864
f 2894 2864 2871
f 2895 2888 2865
f 2895 2865 2872
f 2896 2889 2866
f 2896 2866 2873
f 2897 2875 2874
f 2897 2874 2883
f 2897 2898 2875
f 2899 2867 2876
f 2899 2890 2867
f 2899 2876 2884
f 2900 2891 2868
f 2900 2868 2877
f 2901 2869 2878
f 2901 2892 2869
f 2902 2879 2887
f 2902 2893 2879
f 2903 2894 2880
f 2903 2880 2888
f 2904 2872 2881
f 2904 2895 2872
f 2905 2873 2882
f 2905 2896 2873
f 2905 1020 1019
f 2905 2882 1020
f 2906 2897 2883
f 2907 2899 2884
f 2908 2877 2885
f 2908 2900 2877
f 2909 2878 2886
f 2909 2901 2878
f 2910 2902 2887
f 2911 2903 2888
f 2912 2904 2881
f 2912 2881 2889
f 2913 2883 2890
f 2913 2906 2883
f 2914 2907 2884
f 2914 2884 2891
f 2915 2885 2892
f 2915 2908 2885
f 2916 2909 2886
f 2916 2886 2893
f 2917 2910 2887
f 2917 2887 2894
f 2918 2911 2888
f 2918 2888 2895
f 2919 2912 2889
f 2919 2889 2896
f 2920 2921 2898
f 2920 2898 2897
f 2922 2913 2890
f 2922 2890 2899
f 2923 2914 2891
f 2923 2891 2900
f 2923 2900 2908
f 2924 2915 2892
f 2924 2892 2901
f 2925 2916 2893
f 2925 2893 2902
f 2926 2903 2911
f 2926 2917 2894
f 2926 2894 2903
f 2927 2918 2895
f 2927 2895 2904
f 2928 2905 1019
f 2928 2896 2905
f 2928 2919 2896
f 2928 1019 1022
f 2929 2897 2906
f 2929 2920 2897
f 2930 2922 2899
f 2930 2899 2907
f 2931 2923 2908
f 2932 2909 2916
f 2932 2924 2901
f 2932 2901 2909
f 2933 2902 2910
f 2933 2925 2902
f 2934 2926 2911
f 2935 2904 2912
f 2935 2912 2919
f 2935 2927 2904
f 2936 2906 2913
f 2936 2929 2906
f 2936 2913 2922
f 2937 2907 2914
f 2937 2930 2907
f 2938 2931 2908
f 2938 2908 2915
f 2939 2932 2916
f 2940 2910 2917
f 2940 2933 2910
f 2941 2911 2918
f 2941 2918 2927
f 2941 2934 2911
f 2942 2935 2919
f 2943 2944 2921
f 2943 2921 2920
f 2943 2920 2929
f 2945 2936 2922
f 2946 2914 2923
f 2946 2937 2914
f 2947 2938 2915
f 2947 2924 2932
f 2947 2915 2924
f 2948 2925 2933
f 2948 2939 2916
f 2948 2916 2925
f 2949 2917 2926
f 2949 2940 2917
f 2950 2941 2927
f 2950 2927 2935
f 2951 2942 2919
f 2951 2919 2928
f 2951 2928 1022
f 2951 1022 1021
f 2952 2943 2929
f 2953 2922 2930
f 2953 2945 2922
f 2954 2923 2931
f 2954 2946 2923
f 2955 2947 2932
f 2956 2948 2933
f 2956 2933 2940
f 2957 2926 2934
f 2957 2949 2926
f 2958 2950 2935
f 2958 2935 2942
f 2959 2936 2945
f 2959 2952 2929
f 2959 2929 2936
f 2960 2953 2930
f 2960 2930 2937
f 2961 2931 2938
f 2961 2954 2931
f 2962 2955 2932
f 2962 2932 2939
f 2963 2940 2949
f 2963 2956 2940
f 2964 2934 2941
f 2964 2957 2934
f 2965 2958 2942
f 2965 2942 2951
f 2966 2944 2943
f 2966 2967 2944
f 2968 2945 2953
f 2968 2959 2945
f 2969 2937 2946
f 2969 2960 2937
f 2970 2961 2938
f 2970 2938 2947
f 2971 2939 2948
f 2971 2962 2939
f 2972 2963 2949
f 2973 2941 2950
f 2973 2964 2941
f 2974 2951 1021
f 2974 1021 1023
f 2974 2965 2951
f 2974 1023 1024
f 2975 2966 2943
f 2975 2943 2952
f 2976 2968 2953
f 2977 2946 2954
f 2977 2969 2946
f 2978 2947 2955
f 2978 2970 2947
f 2979 2948 2956
f 2979 2971 2948
f 2980 2957 2964
f 2980 2949 2957
f 2980 2972 2949
f 2981 2950 2958
f 2981 2973 2950
f 2982 2975 2952
f 2982 2952 2959
f 2983 2953 2960
f 2983 2976 2953
f 2984 2954 2961
f 2984 2977 2954
f 2985 2978 2955
f 2985 2955 2962
f 2986 2956 2963
f 2986 2979 2956
f 2987 2980 2964
f 2988 2981 2958
f 2988 2958 2965
f 2989 2967 2966
f 2989 2990 2967
f 2989 2991 2990
f 2992 2982 2959
f 2992 2959 2968
f 2993 2983 2960
f 2993 2960 2969
f 2993 2969 2977
f 2994 2961 2970
f 2994 2984 2961
f 2995 2962 2971
f 2995 2971 2979
f 2995 2985 2962
f 2996 2986 2963
f 2996 2963 2972
f 2997 2973 2981
f 2997 2987 2964
f 2997 2964 2973
f 2998 2965 2974
f 2998 2974 1024
f 2998 2988 2965
f 2998 1024 1025
f 2999 2989 2966
f 2999 2966 2975
f 3000 2992 2968
f 3000 2968 2976
f 3001 2993 2977
f 3002 2978 2985
f 3002 2970 2978
f 3002 2994 2970
f 3003 2979 2986
f 3003 2995 2979
f 3004 2996 2972
f 3004 2972 2980
f 3005 2997 2981
f 3006 2975 2982
f 3006 2999 2975
f 3007 2976 2983
f 3007 3000 2976
f 3008 3001 2977
f 3008 2977 2984
f 3009 3002 2985
f 3010 3003 2986
f 3011 3004 2980
f 3011 2980 2987
f 3012 2981 2988
f 3012 3005 2981
f 3012 2988 2998
f 3013 2991 2989
f 3014 2982 2992
f 3014 3006 2982
f 3015 2993 3001
f 3015 2983 2993
f 3015 3007 2983
f 3016 2984 2994
f 3016 2994 3002
f 3016 3008 2984
f 3017 3009 2985
f 3017 2985 2995
f 3018 2986 2996
f 3018 3010 2986
f 3019 2987 2997
f 3019 3011 2987
f 3020 3012 2998
f 3020 2998 1025
f 3020 1025 1027
f 3021 3013 2989
f 3021 2989 2999
f 3022 2992 3000
f 3022 3014 2992
f 3023 3015 3001
f 3024 3016 3002
f 3024 3002 3009
f 3025 3017 2995
f 3025 2995 3003
f 3025 3003 3010
f 3026 3018 2996
f 3026 2996 3004
f 3026 3004 3011
f 3027 2997 3005
f 3027 3019 2997
f 3028 3006 3014
f 3028 3021 2999
f 3028 2999 3006
f 3029 3022 3000
f 3029 3000 3007
f 3030 3023 3001
f 3030 3001 3008
f 3031 3024 3009
f 3032 3010 3018
f 3032 3025 3010
f 3033 3026 3011
f 3034 3027 3005
f 3034 3005 3012
f 3035 2991 3013
f 3035 3036 2991
f 3037 3028 3014
f 3038 3029 3007
f 3038 3007 3015
f 3039 3008 3016
f 3039 3016 3024
f 3039 3030 3008
f 3040 3017 3025
f 3040 3031 3009
f 3040 3009 3017
f 3041 3032 3018
f 3042 3019 3027
f 3042 3011 3019
f 3042 3033 3011
f 3043 3012 3020
f 3043 3020 1027
f 3043 3034 3012
f 3044 3035 3013
f 3044 3021 3028
f 3044 3013 3021
f 3045 3037 3014
f 3045 3014 3022
f 3046 3038 3015
f 3046 3015 3023
f 3047 3039 3024
f 3048 3025 3032
f 3048 3040 3025
f 3049 3026 3033
f 3049 3018 3026
f 3049 3041 3018
f 3050 3042 3027
f 3051 3044 3028
f 3052 3022 3029
f 3052 3045 3022
f 3053 3046 3023
f 3053 3023 3030
f 3054 3024 3031
f 3054 3047 3024
f 3055 3048 3032
f 3056 3049 3033
f 3057 3034 3043
f 3057 3050 3027
f 3057 3027 3034
f 3058 2576 2621
f 3058 2621 3036
f 3058 3036 3035
f 3059 3051 3028
f 3059 3037 3045
f 3059 3028 3037
f 3060 3052 3029
f 3060 3029 3038
f 3060 3038 3046
f 3061 3053 3030
f 3061 3030 3039
f 3062 3054 3031
f 3062 3031 3040
f 3063 3055 3032
f 3063 3032 3041
f 3063 3041 3049
f 3064 3033 3042
f 3064 3056 3033
f 3064 3042 3050
f 3065 3043 1027
f 3065 3057 3043
f 3065 1027 1026
f 3065 1026 1029
f 3066 2576 3058
f 3066 3058 3035
f 3066 2577 2576
f 3066 2578 2577
f 3066 3035 3044
f 3067 3059 3045
f 3067 3045 3052
f 3068 3060 3046
f 3069 3061 3039
f 3069 3039 3047
f 3070 3062 3040
f 3070 3040 3048
f 3071 3063 3049
f 3072 3064 3050
f 3072 3050 3057
f 3073 3044 3051
f 3073 3066 3044
f 3073 3051 3059
f 3073 2578 3066
f 3074 3067 3052
f 3075 3068 3046
f 3075 3046 3053
f 3076 3047 3054
f 3076 3069 3047
f 3077 3048 3055
f 3077 3070 3048
f 3077 3055 3063
f 3078 3049 3056
f 3078 3071 3049
f 3079 3072 3057
f 3080 2578 3073
f 3080 2579 2578
f 3080 3073 3059
f 3081 3052 3060
f 3081 3074 3052
f 3082 3053 3061
f 3082 3061 3069
f 3082 3075 3053
f 3083 3054 3062
f 3083 3076 3054
f 3083 3062 3070
f 3084 3077 3063
f 3085 3056 3064
f 3085 3078 3056
f 3086 3079 3057
f 3086 3057 3065
f 3086 3065 1029
f 3086 1029 1028
f 3087 3080 3059
f 3087 2580 2579
f 3087 3059 3067
f 3087 2579 3080
f 3088 3060 3068
f 3088 3081 3060
f 3089 3082 3069
f 3090 3083 3070
f 3091 3063 3071
f 3091 3084 3063
f 3092 3064 3072
f 3092 3085 3064
f 3093 3067 3074
f 3093 2580 3087
f 3093 2581 2580
f 3093 3087 3067
f 3094 3088 3068
f 3094 3068 3075
f 3095 3069 3076
f 3095 3089 3069
f 3096 3077 3084
f 3096 3090 3070
f 3096 3070 3077
f 3097 3071 3078
f 3097 3091 3071
f 3097 3078 3085
f 3098 3092 3072
f 3098 3072 3079
f 3099 3093 3074
f 3099 2581 3093
f 3099 2582 2581
f 3099 2583 2582
f 3099 3074 3081
f 3100 3075 3082
f 3100 3094 3075
f 3101 3095 3076
f 3101 3076 3083
f 3102 3096 3084
f 3102 3084 3091
f 3103 3097 3085
f 3104 3079 3086
f 3104 3098 3079
f 3104 3086 1028
f 3105 3081 3088
f 3105 3099 3081
f 3105 2583 3099
f 3106 3100 3082
f 3106 3082 3089
f 3107 3083 3090
f 3107 3101 3083
f 3108 3102 3091
f 3108 3091 3097
f 3109 3085 3092
f 3109 3103 3085
f 3110 3088 3094
f 3110 3105 3088
f 3110 2584 2583
f 3110 2585 2584
f 3110 2583 3105
f 3111 3089 3095
f 3111 3106 3089
f 3112 3090 3096
f 3112 3107 3090
f 3113 3108 3097
f 3113 3097 3103
f 3114 3092 3098
f 3114 3109 3092
f 3114 3098 3104
f 3115 2585 3110
f 3115 3110 3094
f 3115 3094 3100
f 3116 3095 3101
f 3116 3101 3107
f 3116 3111 3095
f 3117 3096 3102
f 3117 3112 3096
f 3118 3113 3103
f 3119 3114 3104
f 3119 3104 1028
f 3119 1028 1030
f 3120 3100 3106
f 3120 2586 2585
f 3120 2587 2586
f 3120 3115 3100
f 3120 2585 3115
f 3121 3116 3107
f 3122 3102 3108
f 3122 3117 3102
f 3123 3109 3114
f 3123 3103 3109
f 3123 3118 3103
f 3124 3106 3111
f 3124 3120 3106
f 3124 2587 3120
f 3125 3112 3117
f 3125 3121 3107
f 3125 3107 3112
f 3126 3122 3108
f 3126 3108 3113
f 3127 3123 3114
f 3128 2587 3124
f 3128 3111 3116
f 3128 3124 3111
f 3128 2588 2587
f 3128 2589 2588
f 3129 3125 3117
f 3130 3113 3118
f 3130 3126 3113
f 3131 3119 1030
f 3131 3127 3114
f 3131 3114 3119
f 3131 1030 1032
f 3132 3128 3116
f 3132 2589 3128
f 3132 3116 3121
f 3133 3117 3122
f 3133 3129 3117
f 3134 3118 3123
f 3134 3130 3118
f 3135 3121 3125
f 3135 2590 2589
f 3135 2589 3132
f 3135 3132 3121
f 3136 3122 3126
f 3136 3126 3130
f 3136 3133 3122
f 3137 3134 3123
f 3137 3123 3127
f 3138 3135 3125
f 3138 3125 3129
f 3138 2590 3135
f 3138 2591 2590
f 3138 2592 2591
f 3139 3136 3130
f 3140 3137 3127
f 3140 3127 3131
f 3140 3131 1032
f 3140 1032 1033
f 3141 3129 3133
f 3141 3138 3129
f 3141 2592 3138
f 3142 3130 3134
f 3142 3139 3130
f 3143 3141 3133
f 3143 2593 2592
f 3143 2594 2593
f 3143 2592 3141
f 3143 3133 3136
f 3144 3134 3137
f 3144 3142 3134
f 3145 3136 3139
f 3145 3143 3136
f 3145 2594 3143
f 3146 3137 3140
f 3146 3144 3137
f 3146 1033 1034
f 3146 3140 1033
f 3147 2595 2594
f 3147 2596 2595
f 3147 3145 3139
f 3147 3139 3142
f 3147 2594 3145
f 3148 2596 3147
f 3148 3147 3142
f 3148 3142 3144
f 3149 3144 3146
f 3149 3146 1034
f 3149 2597 2596
f 3149 1035 2597
f 3149 2596 3148
f 3149 1034 1031
f 3149 1031 1035
f 3149 3148 3144
f 3150 3151 3152
f 3153 2599 2598
f 3153 3154 2599
f 3155 2598 2600
f 3155 3153 2598
f 3156 2600 2601
f 3156 3155 2600
f 3157 3154 3153
f 3157 3158 3154
f 3159 2601 2602
f 3159 3156 2601
f 3160 3153 3155
f 3160 3157 3153
f 3161 2602 2603
f 3161 3159 2602
f 3162 3155 3156
f 3162 3160 3155
f 3163 2603 2604
f 3163 3161 2603
f 3164 3165 3158
f 3164 3158 3157
f 3166 3156 3159
f 3166 3162 3156
f 3167 2604 2605
f 3167 3163 2604
f 3168 3164 3157
f 3168 3160 3162
f 3168 3157 3160
f 3169 3166 3159
f 3169 3159 3161
f 3170 2605 2606
f 3170 3167 2605
f 3171 3168 3162
f 3172 3161 3163
f 3172 3169 3161
f 3173 2606 2607
f 3173 3170 2606
f 3174 3165 3164
f 3174 3175 3165
f 3176 3162 3166
f 3176 3171 3162
f 3177 3172 3163
f 3177 3163 3167
f 3178 3173 2607
f 3178 2607 2608
f 3179 3174 3164
f 3179 3164 3168
f 3180 3176 3166
f 3180 3166 3169
f 3181 3167 3170
f 3181 3177 3167
f 3182 2608 2609
f 3182 3178 2608
f 3183 3179 3168
f 3183 3168 3171
f 3184 3180 3169
f 3184 3169 3172
f 3185 3181 3170
f 3185 3173 3178
f 3185 3170 3173
f 3186 2609 2610
f 3186 3182 2609
f 3187 3188 3175
f 3187 3175 3174
f 3189 3183 3171
f 3189 3171 3176
f 3190 3172 3177
f 3190 3184 3172
f 3191 3185 3178
f 3192 2610 2611
f 3192 2611 2612
f 3192 3186 2610
f 3193 3187 3174
f 3193 3174 3179
f 3194 3189 3176
f 3194 3176 3180
f 3195 3177 3181
f 3195 3190 3177
f 3196 3178 3182
f 3196 3191 3178
f 3197 3192 2612
f 3198 3179 3183
f 3198 3193 3179
f 3199 3194 3180
f 3199 3180 3184
f 3200 3195 3181
f 3200 3181 3185
f 3201 3182 3186
f 3201 3196 3182
f 3202 2612 2613
f 3202 3197 2612
f 3203 3188 3187
f 3203 3204 3188
f 3205 3183 3189
f 3205 3198 3183
f 3205 3189 3194
f 3206 3199 3184
f 3206 3184 3190
f 3207 3200 3185
f 3207 3185 3191
f 3208 3186 3192
f 3208 3201 3186
f 3209 2613 2614
f 3209 3202 2613
f 3210 3187 3193
f 3210 3203 3187
f 3211 3205 3194
f 3211 3194 3199
f 3212 3206 3190
f 3212 3190 3195
f 3213 3207 3191
f 3213 3191 3196
f 3214 3197 3202
f 3214 3208 3192
f 3214 3192 3197
f 3215 3209 2614
f 3215 2614 2615
f 3215 2615 2616
f 3216 3193 3198
f 3216 3210 3193
f 3217 3211 3199
f 3218 3195 3200
f 3218 3212 3195
f 3219 3201 3208
f 3219 3213 3196
f 3219 3196 3201
f 3220 3214 3202
f 3221 3215 2616
f 3222 3204 3203
f 3222 3223 3204
f 3224 3198 3205
f 3224 3216 3198
f 3225 3199 3206
f 3225 3217 3199
f 3226 3200 3207
f 3226 3218 3200
f 3227 3219 3208
f 3227 3208 3214
f 3228 3202 3209
f 3228 3220 3202
f 3229 3221 2616
f 3229 2616 2617
f 3230 3222 3203
f 3230 3203 3210
f 3231 3224 3205
f 3231 3205 3211
f 3232 3225 3206
f 3232 3206 3212
f 3232 3212 3218
f 3233 3226 3207
f 3233 3207 3213
f 3234 3227 3214
f 3235 3209 3215
f 3235 3228 3209
f 3236 3229 2617
f 3236 2617 2618
f 3237 3210 3216
f 3237 3230 3210
f 3238 3211 3217
f 3238 3231 3211
f 3239 3232 3218
f 3240 3213 3219
f 3240 3233 3213
f 3241 3214 3220
f 3241 3234 3214
f 3242 3235 3215
f 3242 3215 3221
f 3243 2618 2619
f 3243 2619 2620
f 3243 3236 2618
f 3244 3245 3223
f 3244 3223 3222
f 3246 3216 3224
f 3246 3224 3231
f 3246 3237 3216
f 3247 3217 3225
f 3247 3238 3217
f 3248 3218 3226
f 3248 3239 3218
f 3248 3226 3233
f 3249 3227 3234
f 3249 3219 3227
f 3249 3240 3219
f 3250 3241 3220
f 3250 3220 3228
f 3251 3242 3221
f 3251 3221 3229
f 3252 3243 2620
f 3252 2620 939
f 3252 939 938
f 3252 938 936
f 3253 3244 3222
f 3253 3222 3230
f 3253 3230 3237
f 3254 3246 3231
f 3255 3247 3225
f 3255 3225 3232
f 3256 3248 3233
f 3257 3249 3234
f 3257 3234 3241
f 3258 3250 3228
f 3258 3228 3235
f 3259 3229 3236
f 3259 3251 3229
f 3260 3237 3246
f 3260 3253 3237
f 3261 3238 3247
f 3261 3231 3238
f 3261 3254 3231
f 3262 3255 3232
f 3262 3232 3239
f 3263 3240 3249
f 3263 3256 3233
f 3263 3233 3240
f 3264 3241 3250
f 3264 3257 3241
f 3265 3235 3242
f 3265 3258 3235
f 3266 3236 3243
f 3266 3259 3236
f 3267 3268 3245
f 3267 3245 3244
f 3269 3260 3246
f 3270 3261 3247
f 3271 3239 3248
f 3271 3262 3239
f 3272 3263 3249
f 3273 3264 3250
f 3274 3265 3242
f 3274 3242 3251
f 3275 3266 3243
f 3275 3243 3252
f 3275 3252 936
f 3276 3244 3253
f 3276 3267 3244
f 3277 3246 3254
f 3277 3269 3246
f 3278 3247 3255
f 3278 3270 3247
f 3278 3255 3262
f 3279 3271 3248
f 3279 3248 3256
f 3280 3249 3257
f 3280 3272 3249
f 3281 3258 3265
f 3281 3273 3250
f 3281 3250 3258
f 3282 3274 3251
f 3282 3251 3259
f 3283 3276 3253
f 3283 3253 3260
f 3284 3254 3261
f 3284 3277 3254
f 3285 3278 3262
f 3286 3279 3256
f 3286 3256 3263
f 3287 3280 3257
f 3287 3257 3264
f 3288 3265 3274
f 3288 3281 3265
f 3289 3266 3275
f 3289 3282 3259
f 3289 3259 3266
f 3290 3291 3268
f 3290 3268 3267
f 3292 3260 3269
f 3292 3283 3260
f 3293 3284 3261
f 3293 3261 3270
f 3294 3271 3279
f 3294 3285 3262
f 3294 3262 3271
f 3295 3272 3280
f 3295 3286 3263
f 3295 3263 3272
f 3296 3264 3273
f 3296 3287 3264
f 3297 3274 3282
f 3297 3288 3274
f 3298 3289 3275
f 3298 3275 936
f 3298 936 937
f 3298 937 932
f 3299 3290 3267
f 3299 3267 3276
f 3300 3269 3277
f 3300 3292 3269
f 3300 3277 3284
f 3301 3270 3278
f 3301 3293 3270
f 3302 3294 3279
f 3303 3295 3280
f 3303 3280 3287
f 3304 3273 3281
f 3304 3296 3273
f 3305 3282 3289
f 3305 3297 3282
f 3306 3299 3276
f 3306 3276 3283
f 3307 3300 3284
f 3308 3278 3285
f 3308 3301 3278
f 3309 3279 3286
f 3309 3302 3279
f 3309 3286 3295
f 3310 3303 3287
f 3311 3281 3288
f 3311 3304 3281
f 3312 3305 3289
f 3313 3314 3291
f 3313 3291 3290
f 3315 3283 3292
f 3315 3306 3283
f 3316 3284 3293
f 3316 3307 3284
f 3317 3308 3285
f 3317 3285 3294
f 3318 3309 3295
f 3319 3310 3287
f 3319 3287 3296
f 3320 3288 3297
f 3320 3311 3288
f 3321 3289 3298
f 3321 3312 3289
f 3321 3298 932
f 3322 3299 3306
f 3322 3313 3290
f 3322 3290 3299
f 3323 3315 3292
f 3323 3292 3300
f 3324 3293 3301
f 3324 3316 3293
f 3325 3294 3302
f 3325 3317 3294
f 3326 3295 3303
f 3326 3318 3295
f 3327 3304 3311
f 3327 3319 3296
f 3327 3296 3304
f 3328 3320 3297
f 3328 3297 3305
f 3329 3322 3306
f 3330 3300 3307
f 3330 3323 3300
f 3331 3301 3308
f 3331 3324 3301
f 3332 3325 3302
f 3332 3302 3309
f 3333 3326 3303
f 3333 3303 3310
f 3334 3311 3320
f 3334 3327 3311
f 3335 3305 3312
f 3335 3328 3305
f 3335 3312 3321
f 3336 3337 3314
f 3336 3314 3313
f 3338 3306 3315
f 3338 3329 3306
f 3338 3315 3323
f 3339 3307 3316
f 3339 3330 3307
f 3339 3316 3324
f 3340 3308 3317
f 3340 3331 3308
f 3341 3318 3326
f 3341 3309 3318
f 3341 3332 3309
f 3342 3310 3319
f 3342 3333 3310
f 3343 3334 3320
f 3343 3320 3328
f 3344 3321 932
f 3344 932 933
f 3344 933 929
f 3344 3335 3321
f 3345 3322 3329
f 3345 3313 3322
f 3345 3336 3313
f 3346 3338 3323
f 3347 3339 3324
f 3348 3317 3325
f 3348 3340 3317
f 3349 3341 3326
f 3350 3319 3327
f 3350 3342 3319
f 3351 3343 3328
f 3351 3328 3335
f 3352 3345 3329
f 3353 3330 3339
f 3353 3346 3323
f 3353 3323 3330
f 3354 3347 3324
f 3354 3331 3340
f 3354 3324 3331
f 3355 3348 3325
f 3355 3325 3332
f 3356 3349 3326
f 3356 3326 3333
f 3357 3327 3334
f 3357 3350 3327
f 3358 3335 3344
f 3358 3351 3335
f 3359 3336 3345
f 3359 3360 3337
f 3359 3337 3336
f 3361 3352 3329
f 3361 3329 3338
f 3362 3353 3339
f 3362 3339 3347
f 3363 3340 3348
f 3363 3354 3340
f 3364 3341 3349
f 3364 3355 3332
f 3364 3332 3341
f 3365 3342 3350
f 3365 3356 3333
f 3365 3333 3342
f 3366 3343 3351
f 3366 3357 3334
f 3366 3334 3343
f 3367 3344 929
f 3367 3358 3344
f 3368 3359 3345
f 3369 3338 3346
f 3369 3361 3338
f 3370 3362 3347
f 3371 3363 3348
f 3372 3364 3349
f 3373 3350 3357
f 3373 3365 3350
f 3374 3366 3351
f 3375 3352 3361
f 3375 3368 3345
f 3375 3345 3352
f 3376 3369 3346
f 3376 3346 3353
f 3377 3370 3347
f 3377 3347 3354
f 3378 3348 3355
f 3378 3371 3348
f 3379 3372 3349
f 3379 3349 3356
f 3380 3357 3366
f 3380 3373 3357
f 3381 3351 3358
f 3381 3374 3351
f 3382 3383 3360
f 3382 3360 3359
f 3384 3375 3361
f 3385 3376 3353
f 3385 3362 3370
f 3385 3353 3362
f 3386 3377 3354
f 3386 3354 3363
f 3387 3355 3364
f 3387 3378 3355
f 3388 3379 3356
f 3388 3365 3373
f 3388 3356 3365
f 3389 3380 3366
f 3390 3367 929
f 3390 3381 3358
f 3390 929 925
f 3390 3358 3367
f 3391 3382 3359
f 3391 3359 3368
f 3392 3384 3361
f 3392 3361 3369
f 3393 3385 3370
f 3394 3386 3363
f 3394 3363 3371
f 3395 3387 3364
f 3395 3364 3372
f 3396 3388 3373
f 3397 3374 3381
f 3397 3366 3374
f 3397 3389 3366
f 3398 3391 3368
f 3398 3368 3375
f 3399 3392 3369
f 3399 3369 3376
f 3400 3370 3377
f 3400 3393 3370
f 3400 3377 3386
f 3401 3371 3378
f 3401 3394 3371
f 3402 3395 3372
f 3402 3372 3379
f 3403 3396 3373
f 3403 3373 3380
f 3404 3397 3381
f 3405 3382 3391
f 3405 3406 3383
f 3405 3383 3382
f 3407 3375 3384
f 3407 3384 3392
f 3407 3398 3375
f 3408 3376 3385
f 3408 3399 3376
f 3409 3400 3386
f 3410 3401 3378
f 3410 3378 3387
f 3411 3402 3379
f 3411 3379 3388
f 3412 3380 3389
f 3412 3403 3380
f 3413 3381 3390
f 3413 3390 925
f 3413 925 926
f 3413 926 919
f 3413 3404 3381
f 3414 3405 3391
f 3415 3407 3392
f 3416 3385 3393
f 3416 3408 3385
f 3417 3386 3394
f 3417 3409 3386
f 3418 3410 3387
f 3418 3387 3395
f 3419 3388 3396
f 3419 3411 3388
f 3420 3412 3389
f 3420 3389 3397
f 3421 3391 3398
f 3421 3414 3391
f 3421 3398 3407
f 3422 3392 3399
f 3422 3415 3392
f 3423 3393 3400
f 3423 3416 3393
f 3424 3417 3394
f 3424 3401 3410
f 3424 3394 3401
f 3425 3395 3402
f 3425 3418 3395
f 3426 3396 3403
f 3426 3419 3396
f 3427 3420 3397
f 3427 3397 3404
f 3428 3429 3406
f 3428 3430 3429
f 3428 3406 3405
f 3431 3421 3407
f 3432 3422 3399
f 3432 3399 3408
f 3432 3408 3416
f 3433 3423 3400
f 3433 3400 3409
f 3434 3424 3410
f 3435 3425 3402
f 3435 3402 3411
f 3436 3426 3403
f 3436 3403 3412
f 3436 3412 3420
f 3437 3404 3413
f 3437 3413 919
f 3437 3427 3404
f 3438 3405 3414
f 3438 3428 3405
f 3439 3431 3407
f 3439 3407 3415
f 3440 3432 3416
f 3441 3433 3409
f 3441 3409 3417
f 3442 3410 3418
f 3442 3434 3410
f 3442 3418 3425
f 3443 3411 3419
f 3443 3435 3411
f 3444 3436 3420
f 3445 3414 3421
f 3445 3438 3414
f 3446 3439 3415
f 3446 3415 3422
f 3447 3416 3423
f 3447 3440 3416
f 3448 3441 3417
f 3448 3417 3424
f 3449 3442 3425
f 3450 3419 3426
f 3450 3443 3419
f 3451 3427 3437
f 3451 3420 3427
f 3451 3444 3420
f 3452 3430 3428
f 3452 3428 3438
f 3453 3421 3431
f 3453 3445 3421
f 3454 3422 3432
f 3454 3446 3422
f 3455 3433 3441
f 3455 3423 3433
f 3455 3447 3423
f 3456 3424 3434
f 3456 3448 3424
f 3457 3425 3435
f 3457 3435 3443
f 3457 3449 3425
f 3458 3426 3436
f 3458 3450 3426
f 3459 3451 3437
f 3459 3437 919
f 3459 919 921
f 3459 921 920
f 3460 3452 3438
f 3461 3431 3439
f 3461 3453 3431
f 3462 3432 3440
f 3462 3454 3432
f 3463 3455 3441
f 3464 3442 3449
f 3464 3434 3442
f 3464 3456 3434
f 3465 3457 3443
f 3466 3436 3444
f 3466 3458 3436
f 3467 3438 3445
f 3467 3460 3438
f 3468 3461 3439
f 3468 3439 3446
f 3469 3440 3447
f 3469 3462 3440
f 3470 3441 3448
f 3470 3463 3441
f 3470 3448 3456
f 3471 3464 3449
f 3472 3465 3443
f 3472 3443 3450
f 3473 3444 3451
f 3473 3466 3444
f 3474 3475 3430
f 3474 3476 3475
f 3474 3430 3452
f 3477 3467 3445
f 3477 3453 3461
f 3477 3445 3453
f 3478 3446 3454
f 3478 3468 3446
f 3479 3447 3455
f 3479 3469 3447
f 3480 3470 3456
f 3481 3449 3457
f 3481 3471 3449
f 3482 3472 3450
f 3482 3458 3466
f 3482 3450 3458
f 3483 3451 3459
f 3483 3459 920
f 3483 3473 3451
f 3484 3452 3460
f 3484 3474 3452
f 3485 3477 3461
f 3486 3478 3454
f 3486 3454 3462
f 3487 3455 3463
f 3487 3479 3455
f 3488 3480 3456
f 3488 3456 3464
f 3489 3457 3465
f 3489 3481 3457
f 3490 3482 3466
f 3491 3460 3467
f 3491 3484 3460
f 3492 3461 3468
f 3492 3485 3461
f 3492 3468 3478
f 3493 3462 3469
f 3493 3486 3462
f 3494 3463 3470
f 3494 3487 3463
f 3495 3464 3471
f 3495 3488 3464
f 3496 3489 3465
f 3496 3465 3472
f 3496 3472 3482
f 3497 3473 3483
f 3497 3490 3466
f 3497 3466 3473
f 3498 3476 3474
f 3499 3491 3467
f 3499 3467 3477
f 3500 3492 3478
f 3500 3478 3486
f 3501 3469 3479
f 3501 3493 3469
f 3502 3470 3480
f 3502 3494 3470
f 3502 3480 3488
f 3503 3495 3471
f 3503 3471 3481
f 3504 3496 3482
f 3505 3483 920
f 3505 3497 3483
f 3505 920 924
f 3506 3474 3484
f 3506 3498 3474
f 3506 3484 3491
f 3507 3499 3477
f 3507 3477 3485
f 3508 3500 3486
f 3509 3479 3487
f 3509 3501 3479
f 3510 3488 3495
f 3510 3502 3488
f 3511 3503 3481
f 3511 3481 3489
f 3512 3504 3482
f 3512 3490 3497
f 3512 3482 3490
f 3513 3506 3491
f 3514 3485 3492
f 3514 3507 3485
f 3515 3508 3486
f 3515 3486 3493
f 3516 3509 3487
f 3516 3487 3494
f 3517 3510 3495
f 3518 3489 3496
f 3518 3511 3489
f 3519 3512 3497
f 3520 3521 3476
f 3520 3476 3498
f 3522 3491 3499
f 3522 3499 3507
f 3522 3513 3491
f 3523 3492 3500
f 3523 3514 3492
f 3524 3501 3509
f 3524 3493 3501
f 3524 3515 3493
f 3525 3494 3502
f 3525 3516 3494
f 3526 3503 3511
f 3526 3517 3495
f 3526 3495 3503
f 3527 3496 3504
f 3527 3518 3496
f 3528 3519 3497
f 3528 3497 3505
f 3528 3505 924
f 3528 924 923
f 3529 3520 3498
f 3529 3498 3506
f 3530 3522 3507
f 3531 3500 3508
f 3531 3523 3500
f 3532 3524 3509
f 3533 3525 3502
f 3533 3502 3510
f 3534 3526 3511
f 3535 3527 3504
f 3535 3504 3512
f 3536 3506 3513
f 3536 3529 3506
f 3536 3513 3522
f 3537 3530 3507
f 3537 3507 3514
f 3538 3531 3508
f 3538 3508 3515
f 3539 3516 3525
f 3539 3532 3509
f 3539 3509 3516
f 3540 3517 3526
f 3540 3533 3510
f 3540 3510 3517
f 3541 3534 3511
f 3541 3511 3518
f 3542 3535 3512
f 3542 3512 3519
f 3542 3519 3528
f 3543 3521 3520
f 3543 3544 3521
f 3543 3152 3544
f 3545 3536 3522
f 3546 3514 3523
f 3546 3537 3514
f 3547 3538 3515
f 3547 3515 3524
f 3548 3539 3525
f 3548 3525 3533
f 3549 3540 3526
f 3550 3518 3527
f 3550 3541 3518
f 3551 3542 3528
f 3551 3528 923
f 3551 923 922
f 3552 3529 3536
f 3552 3543 3520
f 3552 3520 3529
f 3553 3530 3537
f 3553 3522 3530
f 3553 3545 3522
f 3554 3523 3531
f 3554 3546 3523
f 3555 3524 3532
f 3555 3547 3524
f 3556 3548 3533
f 3557 3549 3526
f 3557 3526 3534
f 3558 3527 3535
f 3558 3535 3542
f 3558 3550 3527
f 3559 3552 3536
f 3560 3553 3537
f 3561 3531 3538
f 3561 3554 3531
f 3562 3532 3539
f 3562 3555 3532
f 3563 3533 3540
f 3563 3556 3533
f 3564 3557 3534
f 3564 3534 3541
f 3565 3558 3542
f 3566 3150 3152
f 3566 3152 3543
f 3567 3559 3536
f 3567 3545 3553
f 3567 3536 3545
f 3568 3560 3537
f 3568 3537 3546
f 3569 3561 3538
f 3569 3538 3547
f 3570 3562 3539
f 3570 3539 3548
f 3571 3540 3549
f 3571 3563 3540
f 3572 3541 3550
f 3572 3564 3541
f 3573 3551 922
f 3573 3542 3551
f 3573 3565 3542
f 3573 922 928
f 3573 928 927
f 3574 3150 3566
f 3574 3566 3543
f 3574 3575 3150
f 3574 3576 3575
f 3574 3543 3552
f 3577 3567 3553
f 3578 3546 3554
f 3578 3568 3546
f 3579 3547 3555
f 3579 3569 3547
f 3580 3548 3556
f 3580 3570 3548
f 3581 3549 3557
f 3581 3571 3549
f 3582 3550 3558
f 3582 3572 3550
f 3583 3552 3559
f 3583 3574 3552
f 3583 3584 3576
f 3583 3576 3574
f 3585 3553 3560
f 3585 3577 3553
f 3586 3554 3561
f 3586 3578 3554
f 3587 3555 3562
f 3587 3579 3555
f 3588 3556 3563
f 3588 3580 3556
f 3589 3564 3572
f 3589 3581 3557
f 3589 3557 3564
f 3590 3582 3558
f 3590 3558 3565
f 3590 3565 3573
f 3591 3559 3567
f 3591 3583 3559
f 3591 3584 3583
f 3592 3560 3568
f 3592 3568 3578
f 3592 3585 3560
f 3593 3561 3569
f 3593 3586 3561
f 3594 3562 3570
f 3594 3587 3562
f 3595 3563 3571
f 3595 3588 3563
f 3596 3589 3572
f 3597 3590 3573
f 3597 3573 927
f 3597 927 931
f 3598 3584 3591
f 3598 3599 3584
f 3598 3577 3585
f 3598 3591 3567
f 3598 3567 3577
f 3600 3592 3578
f 3601 3593 3569
f 3601 3569 3579
f 3602 3594 3570
f 3602 3570 3580
f 3603 3595 3571
f 3603 3571 3581
f 3604 3596 3572
f 3604 3572 3582
f 3605 3598 3585
f 3605 3599 3598
f 3605 3606 3599
f 3607 3578 3586
f 3607 3600 3578
f 3608 3601 3579
f 3608 3579 3587
f 3609 3602 3580
f 3609 3580 3588
f 3610 3603 3581
f 3610 3581 3589
f 3611 3582 3590
f 3611 3604 3582
f 3612 3605 3585
f 3612 3592 3600
f 3612 3606 3605
f 3612 3613 3606
f 3612 3585 3592
f 3614 3607 3586
f 3614 3586 3593
f 3614 3593 3601
f 3615 3594 3602
f 3615 3587 3594
f 3615 3608 3587
f 3616 3609 3588
f 3616 3588 3595
f 3617 3596 3604
f 3617 3610 3589
f 3617 3589 3596
f 3618 3590 3597
f 3618 3597 931
f 3618 3611 3590
f 3619 3613 3612
f 3619 3612 3600
f 3619 3620 3613
f 3621 3614 3601
f 3622 3615 3602
f 3623 3616 3595
f 3623 3595 3603
f 3624 3617 3604
f 3625 3607 3614
f 3625 3626 3620
f 3625 3619 3600
f 3625 3620 3619
f 3625 3600 3607
f 3627 3601 3608
f 3627 3621 3601
f 3628 3602 3609
f 3628 3622 3602
f 3628 3609 3616
f 3629 3603 3610
f 3629 3623 3603
f 3630 3604 3611
f 3630 3624 3604
f 3631 3632 3626
f 3631 3626 3625
f 3631 3625 3614
f 3633 3627 3608
f 3633 3608 3615
f 3634 3628 3616
f 3634 3616 3623
f 3635 3610 3617
f 3635 3629 3610
f 3636 3630 3611
f 3636 3618 931
f 3636 3611 3618
f 3636 931 930
f 3637 3632 3631
f 3637 3631 3614
f 3637 3638 3632
f 3637 3621 3627
f 3637 3614 3621
f 3639 3615 3622
f 3639 3633 3615
f 3640 3634 3623
f 3641 3635 3617
f 3641 3617 3624
f 3642 3638 3637
f 3642 3637 3627
f 3642 3643 3638
f 3644 3622 3628
f 3644 3639 3622
f 3645 3640 3623
f 3645 3623 3629
f 3646 3641 3624
f 3646 3624 3630
f 3647 3633 3639
f 3647 3643 3642
f 3647 3648 3643
f 3647 3642 3627
f 3647 3627 3633
f 3649 3628 3634
f 3649 3644 3628
f 3650 3645 3629
f 3650 3629 3635
f 3651 3630 3636
f 3651 3636 930
f 3651 3646 3630
f 3651 930 935
f 3652 3647 3639
f 3652 3653 3648
f 3652 3648 3647
f 3654 3649 3634
f 3654 3634 3640
f 3655 3635 3641
f 3655 3650 3635
f 3655 3641 3646
f 3656 3639 3644
f 3656 3652 3639
f 3656 3657 3653
f 3656 3653 3652
f 3656 3644 3649
f 3658 3640 3645
f 3658 3654 3640
f 3659 3655 3646
f 3660 3657 3656
f 3660 3661 3657
f 3660 3656 3649
f 3662 3645 3650
f 3662 3650 3655
f 3662 3658 3645
f 3663 3646 3651
f 3663 3651 935
f 3663 3659 3646
f 3663 935 934
f 3664 3649 3654
f 3664 3654 3658
f 3664 3665 3661
f 3664 3660 3649
f 3664 3661 3660
f 3666 3662 3655
f 3667 3668 3665
f 3667 3669 3668
f 3667 3664 3658
f 3667 3665 3664
f 3670 3655 3659
f 3670 3666 3655
f 3670 3659 3663
f 3671 3667 3658
f 3671 3658 3662
f 3671 3662 3666
f 3671 3669 3667
f 3672 3670 3663
f 3672 934 941
f 3672 3663 934
f 3673 3674 3669
f 3673 3669 3671
f 3673 3671 3666
f 3675 3666 3670
f 3675 3673 3666
f 3675 3676 3674
f 3675 3674 3673
f 3677 3672 941
f 3677 3675 3670
f 3677 3676 3675
f 3677 3678 3676
f 3677 940 3678
f 3677 3670 3672
f 3677 941 942
f 3677 942 940
f 2624 3151 3150
f 2624 2623 3151
f 2627 3150 3575
f 2627 3575 3576
f 2627 2624 3150
f 2629 2627 3576
f 2633 3576 3584
f 2633 3584 3599
f 2633 2629 3576
f 2636 2633 3599
f 2639 3599 3606
f 2639 2636 3599
f 2644 3606 3613
f 2644 2639 3606
f 2648 3613 3620
f 2648 2644 3613
f 2652 3620 3626
f 2652 2648 3620
f 2658 3626 3632
f 2658 3632 3638
f 2658 2652 3626
f 2663 3638 3643
f 2663 2658 3638
f 2668 2663 3643
f 2675 2668 3643
f 2675 3643 3648
f 2675 3648 3653
f 2681 2675 3653
f 2687 2681 3653
f 2687 3653 3657
f 2688 2687 3657
f 2688 3657 3661
f 2688 3661 3665
f 2703 2688 3665
f 2704 2703 3665
f 2704 3665 3668
f 2704 3668 3669
f 2718 2704 3669
f 2726 3669 3674
f 2726 3674 3676
f 2726 2718 3669
f 2734 2726 3676
f 2744 3676 3678
f 2744 3678 940
f 2744 2734 3676
f 1012 2744 940
f 988 3679 990
f 988 3680 3679
f 986 3681 3680
f 986 3680 988
f 984 3682 3681
f 984 3681 986
f 982 3683 3682
f 982 3682 984
f 980 3684 3683
f 980 3683 982
f 978 3685 3684
f 978 3684 980
f 976 3686 3685
f 976 3685 978
f 974 3687 3686
f 974 3686 976
f 972 3688 3687
f 972 3687 974
f 970 3689 3688
f 970 3688 972
f 967 3690 3689
f 967 3689 970
f 968 3690 967
f 968 3691 3690
f 969 3691 968
f 969 3692 3691
f 971 3692 969
f 971 3693 3692
f 973 3693 971
f 973 3694 3693
f 975 3694 973
f 975 3695 3694
f 977 3696 3695
f 977 3695 975
f 979 3696 977
f 979 3697 3696
f 981 3698 3697
f 981 3697 979
f 983 3699 3698
f 983 3698 981
f 985 3700 3699
f 985 3699 983
f 987 3701 3700
f 987 3700 985
f 989 3701 987
f 989 3702 3701
f 1038 3702 989
f 1038 3703 3702
f 1089 1086 3704
f 1089 3704 3705
f 1088 3705 3706
f 1088 1089 3705
f 1087 3706 3707
f 1087 1088 3706
f 1056 3707 3708
f 1056 1087 3707
f 1055 3708 3709
f 1055 1056 3708
f 1054 3709 3710
f 1054 1055 3709
f 1053 3710 3711
f 1053 1054 3710
f 1052 3711 3712
f 1052 1053 3711
f 1051 3712 3713
f 1051 1052 3712
f 1050 3713 3714
f 1050 1051 3713
f 1049 3714 3715
f 1049 1050 3714
f 1048 1049 3715
f 1048 3715 3716
f 1047 1048 3716
f 1047 3716 3717
f 1046 1047 3717
f 1046 3717 3718
f 1045 1046 3718
f 1045 3718 3719
f 1044 1045 3719
f 1044 3719 3720
f 1043 3720 3721
f 1043 1044 3720
f 1042 1043 3721
f 1042 3721 3722
f 1041 3722 3723
f 1041 1042 3722
f 1040 3723 3724
f 1040 1041 3723
f 1039 3724 3725
f 1039 1040 3724
f 1037 3725 3726
f 1037 1039 3725
f 1038 1037 3726
f 1038 3726 3703
f 3727 1086 1066
f 3704 1086 3727
f 1066 3728 3727
f 1065 3729 3728
f 1065 3728 1066
f 1067 3730 3729
f 1067 3729 1065
f 1068 3731 3730
f 1068 3730 1067
f 1069 3732 3731
f 1069 3731 1068
f 1070 3733 3732
f 1070 3732 1069
f 1071 3734 3733
f 1071 3733 1070
f 1072 3734 1071
f 1073 3735 3734
f 1073 3734 1072
f 1074 3736 3735
f 1074 3735 1073
f 1075 3737 3736
f 1075 3736 1074
f 1076 3738 3737
f 1076 3737 1075
f 1077 3738 1076
f 1077 3739 3738
f 1078 3739 1077
f 1078 3740 3739
f 1079 3740 1078
f 1079 3741 3740
f 1080 3741 1079
f 1080 3742 3741
f 1081 3742 1080
f 1081 3743 3742
f 1082 3744 3743
f 1082 3743 1081
f 1083 3744 1082
f 1083 3745 3744
f 1084 3746 3745
f 1084 3745 1083
f 1085 3747 3746
f 1085 3746 1084
f 1158 3748 3747
f 1158 3747 1085
f 1157 3749 3748
f 1157 3748 1158
f 1156 3749 1157
f 1156 3750 3749
f 1156 1153 3751
f 1156 3751 3750
f 992 991 3752
f 992 3752 3753
f 993 3753 3754
f 993 992 3753
f 994 3754 3755
f 994 993 3754
f 995 3755 3756
f 995 994 3755
f 996 3756 3757
f 996 995 3756
f 997 3757 3758
f 997 996 3757
f 998 3758 3759
f 998 997 3758
f 999 3759 3760
f 999 998 3759
f 1000 3760 3761
f 1000 999 3760
f 1001 3761 3762
f 1001 1000 3761
f 1002 3762 3763
f 1002 1001 3762
f 1003 1002 3763
f 1003 3763 3764
f 1004 1003 3764
f 1004 3764 3765
f 1005 1004 3765
f 1005 3765 3766
f 1006 1005 3766
f 1006 3766 3767
f 1007 1006 3767
f 1007 3767 3768
f 1008 3768 3769
f 1008 1007 3768
f 1009 1008 3769
f 1009 3769 3770
f 1010 3770 3771
f 1010 1009 3770
f 1011 3771 3772
f 1011 1010 3771
f 1155 3772 3773
f 1155 1011 3772
f 1154 3773 3774
f 1154 1155 3773
f 1153 1154 3774
f 1153 3774 3751
f 3752 991 990
f 3679 3752 990
f 966 3775 1433
f 964 3776 3775
f 964 3775 966
f 962 3777 3776
f 962 3776 964
f 960 3778 3777
f 960 3777 962
f 958 3778 960
f 3779 3780 3778
f 3779 3778 958
f 956 3779 958
f 3781 3779 956
f 954 3781 956
f 3782 3781 954
f 952 3782 954
f 3783 3784 3785
f 3783 3782 952
f 950 3784 3783
f 950 3783 952
f 948 3786 3784
f 948 3784 950
f 946 3787 3786
f 946 3786 948
f 943 3787 946
f 943 3788 3787
f 944 3788 943
f 944 3789 3788
f 945 3789 944
f 945 3790 3791
f 945 3791 3789
f 947 3790 945
f 947 3792 3790
f 949 3792 947
f 949 3793 3792
f 951 3793 949
f 951 3794 3793
f 953 3794 951
f 3795 3796 3794
f 3795 3794 953
f 955 3795 953
f 3797 3795 955
f 957 3797 955
f 3798 3797 957
f 959 3798 957
f 3799 3798 959
f 3799 3800 3801
f 961 3800 3799
f 961 3799 959
f 963 3802 3800
f 963 3800 961
f 965 1266 3802
f 965 3802 963
f 1199 1178 1198
f 1179 1178 1199
f 1177 1175 1196
f 1177 1196 1197
f 1176 1174 1194
f 1176 1194 1195
f 1173 1172 1192
f 1173 1192 1193
f 1171 1169 1190
f 1171 1190 1191
f 1170 1168 1188
f 1170 1188 1189
f 1167 1166 1186
f 1167 1186 1187
f 1165 1164 1184
f 1165 1184 1185
f 1163 1162 1182
f 1163 1182 1183
f 1382 3803 3804
f 1382 3804 1383
f 1381 3805 3803
f 1381 3803 1382
f 1384 3804 3806
f 1384 1383 3804
f 1380 3805 1381
f 1380 3807 3805
f 1385 3806 3808
f 1385 1384 3806
f 1379 3809 3807
f 1379 3807 1380
f 1386 3808 3810
f 1386 1385 3808
f 1378 3809 1379
f 1378 3811 3809
f 1387 3810 3812
f 1387 1386 3810
f 1377 3813 3811
f 1377 3811 1378
f 1388 3812 3814
f 1388 1387 3812
f 1376 3815 3813
f 1376 3813 1377
f 1389 3814 3816
f 1389 1388 3814
f 1375 3817 3815
f 1375 3815 1376
f 1390 3816 3818
f 1390 1389 3816
f 1374 3819 3817
f 1374 3817 1375
f 1391 3818 3820
f 1391 1390 3818
f 1373 3821 3819
f 1373 3819 1374
f 1392 3820 3822
f 1392 1391 3820
f 1372 3823 3821
f 1372 3821 1373
f 1393 3822 3824
f 1393 1392 3822
f 1371 3825 3823
f 1371 3823 1372
f 1180 3824 3826
f 1180 1393 3824
f 1396 3827 3825
f 1396 3828 3827
f 1396 3825 1371
f 3829 3830 3828
f 3829 3828 1396
f 3831 3832 3830
f 3831 3830 3829
f 3833 3832 3831
f 3833 3834 3832
f 3835 3836 3834
f 3835 3834 3833
f 3837 3836 3835
f 3838 3836 3837
f 3839 3838 3837
f 3840 3838 3839
f 3841 3840 3839
f 3842 3840 3841
f 3843 3842 3841
f 3844 3842 3843
f 3845 3844 3843
f 3846 3844 3845
f 3847 3846 3845
f 3848 3846 3847
f 3849 3848 3847
f 3850 3848 3849
f 3850 3849 3851
f 3852 3850 3851
f 3853 3850 3852
f 3854 3853 3852
f 3855 3853 3854
f 3856 3855 3854
f 3857 3855 3856
f 3858 3857 3856
f 3859 3857 3858
f 3860 3859 3858
f 3861 3859 3860
f 3862 3861 3860
f 3863 3862 3864
f 3863 3861 3862
f 3865 3864 3866
f 3865 3863 3864
f 3867 3866 3868
f 3867 3865 3866
f 3869 3868 3870
f 3869 3867 3868
f 3871 3870 1282
f 3871 3869 3870
f 3872 3871 1282
f 3873 1180 3826
f 1181 3873 3874
f 1181 1180 3873
f 1370 3874 3875
f 1370 1181 3874
f 1368 3875 3876
f 1368 1370 3875
f 1369 3876 3877
f 1369 1368 3876
f 1367 1369 3877
f 1367 3877 3878
f 1366 1367 3878
f 3879 1366 3878
f 1365 1366 3879
f 3880 1365 3879
f 1364 1365 3880
f 3881 1364 3880
f 1362 1364 3881
f 3882 1362 3881
f 1363 1362 3882
f 3883 1363 3882
f 1360 1363 3883
f 3884 1360 3883
f 1361 1360 3884
f 1359 1361 3884
f 3885 1359 3884
f 1357 1359 3885
f 3886 1357 3885
f 1358 1357 3886
f 3887 1358 3886
f 1356 1358 3887
f 3888 1356 3887
f 1354 1356 3888
f 3889 1354 3888
f 1355 1354 3889
f 3890 1355 3889
f 1353 1355 3890
f 3891 1352 1353
f 3891 1353 3890
f 3892 1351 1352
f 3892 1352 3891
f 3893 1350 1351
f 3893 1351 3892
f 3894 1349 1350
f 3894 1350 3893
f 3895 1348 1349
f 3895 1349 3894
f 3896 1348 3895
f 3897 1282 1268
f 3897 3872 1282
f 3898 1325 1348
f 3898 1348 3896
f 3899 1268 1347
f 3899 3897 1268
f 3900 1326 1325
f 3900 1325 3898
f 3901 1347 1346
f 3901 3899 1347
f 3902 1327 1326
f 3902 1326 3900
f 3903 3901 1346
f 3903 1346 1345
f 3904 1327 3902
f 3904 1328 1327
f 3905 3903 1345
f 3905 1345 1344
f 3906 1329 1328
f 3906 1328 3904
f 3907 1344 1343
f 3907 3905 1344
f 3908 1330 1329
f 3908 1329 3906
f 3909 1343 1342
f 3909 3907 1343
f 3910 1331 1330
f 3910 1330 3908
f 3911 1342 1341
f 3911 3909 1342
f 3912 1332 1331
f 3912 1331 3910
f 3913 3911 1341
f 3913 1341 1340
f 3914 1333 1332
f 3914 1332 3912
f 3915 1340 1339
f 3915 3913 1340
f 3916 1334 1333
f 3916 1333 3914
f 3917 3915 1339
f 3917 1339 1338
f 3918 1334 3916
f 3918 1335 1334
f 3919 1336 1335
f 3919 1335 3918
f 3919 1337 1336
f 3920 1337 3919
f 3920 1338 1337
f 3920 3917 1338
f 1206 1210 1207
f 1205 1209 1210
f 1205 1210 1206
f 1204 1209 1205
f 1201 1200 1208
f 1202 1201 1208
f 1203 1202 1208
f 1395 1394 1434
f 1395 1434 1433
f 1395 1433 3775
f 3921 3775 3776
f 3921 1395 3775
f 3922 3776 3777
f 3922 3921 3776
f 3923 3777 3778
f 3923 3922 3777
f 3924 3923 3778
f 3925 3778 3780
f 3925 3924 3778
f 3926 3924 3925
f 3927 3926 3925
f 3928 3927 3925
f 3929 3927 3928
f 3784 3928 3785
f 3930 3928 3784
f 3930 3929 3928
f 3931 3784 3786
f 3931 3930 3784
f 3932 3931 3786
f 3932 3786 3787
f 3933 3932 3787
f 3788 3933 3787
f 3934 3933 3788
f 3789 3934 3788
f 3935 3934 3789
f 3791 3935 3789
f 3790 3936 3935
f 3790 3935 3791
f 3792 3937 3936
f 3792 3936 3790
f 3793 3938 3937
f 3793 3937 3792
f 3939 3940 3938
f 3939 3938 3793
f 3939 3793 3794
f 3941 3940 3939
f 3796 3939 3794
f 3942 3941 3939
f 3943 3942 3944
f 3945 3943 3944
f 3800 3946 3945
f 3800 3945 3944
f 3800 3944 3801
f 3802 1292 3946
f 3802 3946 3800
f 1266 1292 3802
f 1265 1291 1292
f 1265 1292 1266
f 3939 3944 3942
f 1264 1324 1291
f 1264 1291 1265
f 1323 1324 1264
f 1263 1323 1264
f 1263 1283 1323
f 1263 1262 1283
f 1261 1284 1283
f 1261 1283 1262
f 1260 1322 1284
f 1260 1284 1261
f 1321 1322 1260
f 1256 1321 1260
f 1256 1285 1321
f 1256 1259 1285
f 1286 1285 1259
f 1258 1286 1259
f 1257 1319 1286
f 1257 1286 1258
f 1320 1319 1257
f 1255 1320 1257
f 1255 1287 1320
f 1255 1254 1287
f 1253 1288 1287
f 1253 1287 1254
f 1252 1317 1288
f 1252 1288 1253
f 1318 1317 1252
f 1248 1318 1252
f 1248 1289 1318
f 1248 1251 1289
f 1250 1290 1289
f 1250 1289 1251
f 1249 1314 1290
f 1249 1290 1250
f 1316 1314 1249
f 1247 1316 1249
f 1247 1315 1316
f 1247 1246 1315
f 1245 1312 1315
f 1245 1315 1246
f 1244 1310 1312
f 1244 1312 1245
f 1313 1310 1244
f 1243 1313 1244
f 1243 1311 1313
f 1243 1242 1311
f 1241 1308 1311
f 1241 1311 1242
f 1240 1306 1308
f 1240 1308 1241
f 1309 1306 1240
f 1236 1309 1240
f 1236 1307 1309
f 1236 1239 1307
f 1238 1304 1307
f 1238 1307 1239
f 1237 1302 1304
f 1237 1304 1238
f 1305 1302 1237
f 1232 1305 1237
f 1232 1303 1305
f 1232 1235 1303
f 1300 1303 1235
f 1234 1300 1235
f 1233 1301 1300
f 1233 1300 1234
f 1228 1298 1301
f 1228 1301 1233
f 1228 1299 1298
f 1228 1231 1299
f 1230 1296 1299
f 1230 1299 1231
f 1229 1297 1296
f 1229 1296 1230
f 1224 1295 1297
f 1224 1297 1229
f 1224 1276 1295
f 1224 1227 1276
f 1226 1275 1276
f 1226 1276 1227
f 1225 1293 1275
f 1225 1275 1226
f 1221 1294 1293
f 1221 1293 1225
f 1221 1274 1294
f 1221 1223 1274
f 1222 1273 1274
f 1222 1274 1223
f 1220 1280 1273
f 1220 1273 1222
f 1219 1281 1280
f 1219 1280 1220
f 1219 1272 1281
f 1219 1218 1272
f 1217 1271 1272
f 1217 1272 1218
f 1216 1278 1271
f 1216 1271 1217
f 1213 1279 1278
f 1213 1278 1216
f 1213 1270 1279
f 1213 1215 1270
f 1214 1269 1270
f 1214 1270 1215
f 1212 1277 1269
f 1212 1269 1214
f 1211 1267 1277
f 1211 1277 1212
f 3921 1396 1395
f 3921 3829 1396
f 3922 3831 3829
f 3922 3829 3921
f 3923 3833 3831
f 3923 3831 3922
f 3924 3837 3835
f 3924 3835 3833
f 3924 3833 3923
f 3926 3837 3924
f 3927 3841 3839
f 3927 3839 3837
f 3927 3837 3926
f 3929 3841 3927
f 3930 3843 3841
f 3930 3841 3929
f 3931 3847 3845
f 3931 3845 3843
f 3931 3843 3930
f 3932 3847 3931
f 3933 3849 3847
f 3933 3847 3932
f 3934 3849 3933
f 3934 3852 3851
f 3934 3851 3849
f 3935 3852 3934
f 3936 3852 3935
f 3936 3854 3852
f 3937 3854 3936
f 3937 3856 3854
f 3938 3856 3937
f 3938 3858 3856
f 3940 3858 3938
f 3940 3860 3858
f 3941 3860 3940
f 3941 3862 3860
f 3942 3864 3862
f 3942 3862 3941
f 3943 3864 3942
f 3943 3866 3864
f 3945 3868 3866
f 3945 3866 3943
f 3946 1282 3870
f 3946 3870 3868
f 3946 3868 3945
f 1292 1282 3946
f 1430 1429 1431
f 1430 1431 1466
f 1405 1466 1465
f 1405 1430 1466
f 1406 1405 1465
f 1406 1465 1464
f 1406 1464 1463
f 1406 1463 1427
f 1428 1427 1463
f 1428 1463 1459
f 1407 1459 1462
f 1407 1428 1459
f 1408 1407 1462
f 1408 1462 1461
f 1408 1461 1460
f 1408 1460 1426
f 1425 1426 1460
f 1425 1460 1455
f 1409 1455 1458
f 1409 1425 1455
f 1410 1409 1458
f 1410 1458 1457
f 1410 1457 1456
f 1410 1456 1423
f 1424 1423 1456
f 1424 1456 1451
f 1411 1451 1454
f 1411 1424 1451
f 1412 1411 1454
f 1412 1454 1453
f 1412 1453 1452
f 1412 1452 1421
f 1422 1421 1452
f 1422 1452 1447
f 1404 1447 1450
f 1404 1422 1447
f 1403 1404 1450
f 1403 1450 1449
f 1403 1449 1448
f 1403 1448 1419
f 1420 1419 1448
f 1420 1448 1444
f 1402 1444 1446
f 1402 1420 1444
f 1401 1402 1446
f 1401 1446 1445
f 1401 1445 1443
f 1401 1443 1417
f 1418 1417 1443
f 1418 1443 1440
f 1400 1440 1442
f 1400 1418 1440
f 1399 1400 1442
f 1399 1442 1441
f 1399 1441 1439
f 1399 1439 1415
f 1416 1415 1439
f 1416 1439 1436
f 1398 1436 1438
f 1398 1416 1436
f 1397 1398 1438
f 1397 1438 1437
f 1397 1437 1435
f 1397 1435 1413
f 1432 1413 1435
f 1414 1413 1432
f 1394 1432 1434
f 1394 1414 1432
f 3947 3948 1472
f 1474 3947 1472
f 1521 3949 3950
f 1521 3950 1519
f 1527 3951 3949
f 1527 3949 1521
f 1537 3952 3953
f 1537 3953 3951
f 1537 3951 1527
f 1550 3952 1537
f 1567 3954 3952
f 1567 3952 1550
f 1585 3955 3956
f 1585 3956 3954
f 1585 3954 1567
f 1607 3957 3955
f 1607 3955 1585
f 1632 3957 1607
f 1655 3958 3957
f 1655 3957 1632
f 1678 3959 3958
f 1678 3958 1655
f 1701 3960 3959
f 1701 3959 1678
f 1724 3960 1701
f 1724 3961 3960
f 1747 3961 1724
f 1747 3962 3963
f 1747 3963 3961
f 1770 3962 1747
f 1771 3964 3965
f 1771 3965 3962
f 1771 3962 1770
f 1816 3964 1771
f 1839 3966 3964
f 1839 3964 1816
f 1840 3967 3966
f 1840 3966 1839
f 1863 3968 3967
f 1863 3967 1840
f 1908 3969 3968
f 1908 3968 1863
f 1909 3970 3969
f 1909 3969 1908
f 1954 3971 3970
f 1954 3970 1909
f 1472 3948 3971
f 1472 3971 1954
f 2050 3972 3947
f 2050 3947 1474
f 2054 3973 3972
f 2054 3972 2050
f 2061 3974 3975
f 2061 3975 3973
f 2061 3973 2054
f 2062 3974 2061
f 2084 3976 3974
f 2084 3974 2062
f 2100 3977 3978
f 2100 3978 3976
f 2100 3976 2084
f 2119 3979 3977
f 2119 3977 2100
f 2120 3979 2119
f 2164 3980 3979
f 2164 3979 2120
f 2187 3981 3980
f 2187 3980 2164
f 2210 3982 3981
f 2210 3981 2187
f 2233 3982 2210
f 2233 3983 3982
f 2256 3983 2233
f 2256 3984 3985
f 2256 3985 3983
f 2279 3984 2256
f 2280 3986 3984
f 2280 3984 2279
f 2325 3986 2280
f 2325 3987 3986
f 2348 3988 3987
f 2348 3987 2325
f 2371 3989 3988
f 2371 3988 2348
f 2372 3990 3989
f 2372 3989 2371
f 2395 3991 3992
f 2395 3992 3990
f 2395 3990 2372
f 2440 3991 2395
f 2048 3993 3994
f 2048 3994 3991
f 2048 3991 2440
f 2047 3993 2048
f 1519 3950 3995
f 1519 3995 2575
f 2599 3996 3993
f 2599 3993 2047
f 2623 3997 3998
f 2625 3999 3997
f 2625 3997 2623
f 2631 4000 3999
f 2631 3999 2625
f 2641 4001 4000
f 2641 4000 2631
f 2654 4002 4001
f 2654 4001 2641
f 2670 4003 4002
f 2670 4002 2654
f 2690 4004 4003
f 2690 4003 2670
f 2691 4005 4004
f 2691 4004 2690
f 2736 4006 4005
f 2736 4005 2691
f 2760 4007 4006
f 2760 4006 2736
f 2783 4008 4007
f 2783 4007 2760
f 2806 4009 4008
f 2806 4008 2783
f 2829 4009 2806
f 2829 4010 4009
f 2852 4010 2829
f 2875 4010 2852
f 2875 4011 4010
f 2898 4012 4011
f 2898 4011 2875
f 2921 4013 4014
f 2921 4014 4012
f 2921 4012 2898
f 2944 4013 2921
f 2967 4015 4013
f 2967 4013 2944
f 2990 4016 4017
f 2990 4017 4015
f 2990 4015 2967
f 2991 4016 2990
f 3036 4018 4016
f 3036 4016 2991
f 2621 4019 4018
f 2621 4018 3036
f 2575 3995 4019
f 2575 4019 2621
f 3154 4020 3996
f 3154 3996 2599
f 3158 4021 4020
f 3158 4020 3154
f 3165 4022 4023
f 3165 4023 4021
f 3165 4021 3158
f 3175 4022 3165
f 3188 4024 4022
f 3188 4022 3175
f 3204 4025 4026
f 3204 4026 4024
f 3204 4024 3188
f 3223 4027 4025
f 3223 4025 3204
f 3245 4027 3223
f 3268 4028 4027
f 3268 4027 3245
f 3291 4029 4028
f 3291 4028 3268
f 3314 4030 4029
f 3314 4029 3291
f 3337 4030 3314
f 3337 4031 4030
f 3360 4031 3337
f 3360 4032 4033
f 3360 4033 4031
f 3383 4032 3360
f 3406 4034 4035
f 3406 4035 4032
f 3406 4032 3383
f 3429 4034 3406
f 3430 4036 4034
f 3430 4034 3429
f 3475 4037 4036
f 3475 4036 3430
f 3476 4038 4037
f 3476 4037 3475
f 3521 4039 4038
f 3521 4038 3476
f 3544 4040 4039
f 3544 4039 3521
f 3152 4041 4040
f 3152 4040 3544
f 3151 4042 4041
f 3151 4041 3152
f 3998 4042 3151
f 2623 3998 3151
f 3766 3765 3764
f 3768 3767 3766
f 3770 3768 3766
f 3770 3769 3768
f 3756 3758 3757
f 3756 3759 3758
f 3772 3766 3764
f 3772 3764 3763
f 3772 3771 3770
f 3772 3770 3766
f 3753 3755 3754
f 3753 3756 3755
f 3753 3760 3759
f 3753 3761 3760
f 3753 3762 3761
f 3753 3763 3762
f 3753 3759 3756
f 3751 3773 3772
f 3751 3774 3773
f 3751 3763 3753
f 3751 3772 3763
f 3752 3751 3753
f 3679 3751 3752
f 3681 3679 3680
f 3682 3679 3681
f 3685 3682 3683
f 3685 3683 3684
f 3685 3679 3682
f 3686 3679 3685
f 3688 3686 3687
f 3690 3688 3689
f 3690 3686 3688
f 3690 3679 3686
f 3693 3690 3691
f 3693 3691 3692
f 3693 3679 3690
f 3696 3693 3694
f 3696 3694 3695
f 3699 3696 3697
f 3699 3697 3698
f 3699 3693 3696
f 3702 3699 3700
f 3702 3700 3701
f 3702 3751 3679
f 3702 3679 3693
f 3702 3693 3699
f 3746 3747 3748
f 3746 3748 3749
f 3745 3749 3750
f 3745 3746 3749
f 3744 3745 3750
f 3741 3742 3743
f 3741 3743 3744
f 3740 3744 3750
f 3740 3741 3744
f 3739 3740 3750
f 3737 3739 3750
f 3737 3738 3739
f 3736 3737 3750
f 3734 3736 3750
f 3734 3735 3736
f 3733 3734 3750
f 3732 3733 3750
f 3731 3732 3750
f 3730 3731 3750
f 3727 3730 3750
f 3727 3728 3729
f 3727 3729 3730
f 3703 3750 3751
f 3703 3751 3702
f 3704 3727 3750
f 3704 3750 3703
f 3725 3703 3726
f 3706 3705 3704
f 3724 3703 3725
f 3708 3706 3704
f 3708 3707 3706
f 3722 3703 3724
f 3722 3724 3723
f 3721 3703 3722
f 3710 3709 3708
f 3720 3703 3721
f 3711 3710 3708
f 3711 3708 3704
f 3719 3703 3720
f 3712 3711 3704
f 3713 3712 3704
f 3717 3719 3718
f 3717 3703 3719
f 3714 3713 3704
f 3716 3704 3703
f 3716 3715 3714
f 3716 3703 3717
f 3716 3714 3704
f 3799 3944 4043
f 3799 3801 3944
f 3797 4044 3795
f 4043 4044 3797
f 3798 4043 3797
f 3799 4043 3798
f 3795 4044 3939
f 3795 3939 3796
f 3928 3783 3785
f 3928 4045 3783
f 4046 3779 3781
f 3782 4046 3781
f 4045 3782 3783
f 4045 4046 3782
f 3925 3780 3779
f 3925 3779 4046
f 4047 3826 4048
f 3873 3826 4047
f 3823 3825 4049
f 3823 4049 4050
f 3821 4050 4051
f 3821 3823 4050
f 3819 4051 4052
f 3819 3821 4051
f 3817 4052 4053
f 3817 4053 4054
f 3817 3819 4052
f 3815 3817 4054
f 3813 4054 4055
f 3813 3815 4054
f 3811 4055 4056
f 3811 3813 4055
f 3809 4056 4057
f 3809 3811 4056
f 3807 4057 4058
f 3807 4058 4059
f 3807 3809 4057
f 3805 3807 4059
f 3803 4059 4060
f 3803 4060 4061
f 3803 3805 4059
f 3804 3803 4061
f 3806 3804 4061
f 3806 4061 4062
f 3806 4062 4063
f 3808 3806 4063
f 3810 3808 4063
f 3810 4063 4064
f 3810 4064 4065
f 3812 3810 4065
f 3812 4065 4066
f 3814 3812 4066
f 3814 4066 4067
f 3816 3814 4067
f 3816 4067 4068
f 3818 3816 4068
f 3820 3818 4068
f 3820 4068 4069
f 3822 3820 4069
f 3822 4069 4070
f 3824 3822 4070
f 3824 4070 4071
f 3826 3824 4071
f 3826 4071 4048
f 4049 3827 4072
f 3825 3827 4049
f 3828 4072 3827
f 3828 4073 4072
f 3830 4074 4073
f 3830 4073 3828
f 3832 4075 4074
f 3832 4074 3830
f 3834 4076 4075
f 3834 4075 3832
f 3836 4077 4076
f 3836 4076 3834
f 3838 4078 4077
f 3838 4077 3836
f 3840 4079 4078
f 3840 4078 3838
f 3842 4080 4079
f 3842 4079 3840
f 3844 4081 4080
f 3844 4080 3842
f 3846 4082 4083
f 3846 4083 4081
f 3846 4081 3844
f 3848 4082 3846
f 3850 4082 3848
f 3850 4084 4082
f 3853 4084 3850
f 3853 4085 4086
f 3853 4086 4084
f 3855 4085 3853
f 3857 4085 3855
f 3857 4087 4085
f 3859 4087 3857
f 3859 4088 4089
f 3859 4089 4087
f 3861 4088 3859
f 3861 4090 4088
f 3863 4090 3861
f 3865 4090 3863
f 3865 4091 4092
f 3865 4092 4090
f 3867 4093 4091
f 3867 4091 3865
f 3869 4093 3867
f 3871 4094 4093
f 3871 4093 3869
f 3872 4095 4094
f 3872 4094 3871
f 4095 3897 4096
f 3872 3897 4095
f 3900 3898 4097
f 3900 4097 4098
f 3902 4098 4099
f 3902 3900 4098
f 3904 4099 4100
f 3904 3902 4099
f 3906 4100 4101
f 3906 3904 4100
f 3908 4101 4102
f 3908 3906 4101
f 3910 4102 4103
f 3910 4103 4104
f 3910 3908 4102
f 3912 3910 4104
f 3914 4104 4105
f 3914 3912 4104
f 3916 4105 4106
f 3916 3914 4105
f 3918 4106 4107
f 3918 4107 4108
f 3918 3916 4106
f 3919 4108 4109
f 3919 3918 4108
f 3920 3919 4109
f 3917 3920 4109
f 3917 4109 4110
f 3915 3917 4110
f 3915 4110 4111
f 3915 4111 4112
f 3913 3915 4112
f 3911 3913 4112
f 3911 4112 4113
f 3909 3911 4113
f 3909 4113 4114
f 3907 3909 4114
f 3907 4114 4115
f 3905 3907 4115
f 3905 4115 4116
f 3903 3905 4116
f 3903 4116 4117
f 3901 3903 4117
f 3901 4117 4118
f 3901 4118 4119
f 3899 3901 4119
f 3897 3899 4119
f 3897 4119 4096
f 3898 3896 4120
f 3898 4120 4097
f 3896 4121 4120
f 3895 4122 4121
f 3895 4121 3896
f 3894 4123 4122
f 3894 4122 3895
f 3893 4124 4123
f 3893 4123 3894
f 3892 4125 4124
f 3892 4124 3893
f 3891 4126 4125
f 3891 4125 3892
f 3890 4127 4126
f 3890 4126 3891
f 3889 4127 3890
f 3888 4128 4129
f 3888 4129 4127
f 3888 4127 3889
f 3887 4128 3888
f 3886 4130 4128
f 3886 4128 3887
f 3885 4131 4132
f 3885 4132 4130
f 3885 4130 3886
f 3884 4133 4131
f 3884 4131 3885
f 3883 4133 3884
f 3883 4134 4133
f 3882 4134 3883
f 3881 4134 3882
f 3881 4135 4134
f 3880 4135 3881
f 3880 4136 4137
f 3880 4137 4135
f 3879 4136 3880
f 3879 4138 4136
f 3878 4138 3879
f 3877 4138 3878
f 3877 4139 4138
f 3876 4140 4141
f 3876 4141 4139
f 3876 4139 3877
f 3875 4140 3876
f 3874 4142 4140
f 3874 4140 3875
f 3873 4047 4142
f 3873 4142 3874
f 3944 3939 4044
f 3944 4044 4043
f 4045 3925 4046
f 4045 3928 3925
f 4143 4008 4009
f 4144 4143 4009
f 4145 4008 4143
f 4145 4007 4008
f 4146 4009 4010
f 4146 4144 4009
f 4147 4006 4007
f 4147 4007 4145
f 4148 4010 4011
f 4148 4146 4010
f 4149 4005 4006
f 4149 4006 4147
f 4150 4011 4012
f 4150 4148 4011
f 4151 4004 4005
f 4151 4005 4149
f 4152 4012 4014
f 4152 4150 4012
f 4153 4003 4004
f 4153 4004 4151
f 4154 4014 4013
f 4154 4152 4014
f 4155 4002 4003
f 4155 4003 4153
f 4156 4013 4015
f 4156 4154 4013
f 4157 4001 4002
f 4157 4002 4155
f 4158 4015 4017
f 4158 4156 4015
f 4159 4000 4001
f 4159 4001 4157
f 4160 4158 4017
f 4160 4017 4016
f 4161 3999 4000
f 4161 4000 4159
f 4162 4160 4016
f 4162 4016 4018
f 4163 3997 3999
f 4163 3999 4161
f 4164 4162 4018
f 4164 4018 4019
f 4165 4164 4019
f 4165 4019 3995
f 4166 3998 3997
f 4166 3997 4163
f 4167 4042 3998
f 4167 4041 4042
f 4167 3998 4166
f 4168 4040 4041
f 4168 4041 4167
f 4169 4039 4040
f 4169 4040 4168
f 4170 4039 4169
f 4170 4038 4039
f 4171 4038 4170
f 4171 4037 4038
f 4172 4037 4171
f 4036 4037 4172
f 4173 4036 4172
f 4034 4036 4173
f 4174 4034 4173
f 4035 4034 4174
f 4175 4035 4174
f 4032 4035 4175
f 4176 4032 4175
f 4033 4032 4176
f 4177 4033 4176
f 4031 4033 4177
f 4178 4031 4177
f 4030 4031 4178
f 4030 4178 4179
f 4180 4030 4179
f 4029 4030 4180
f 4181 4029 4180
f 4028 4029 4181
f 4182 4028 4181
f 4027 4028 4182
f 4183 4027 4182
f 4025 4027 4183
f 4184 4025 4183
f 4026 4025 4184
f 4185 4026 4184
f 4024 4185 4186
f 4024 4026 4185
f 4022 4186 4187
f 4022 4024 4186
f 4023 4187 4188
f 4023 4022 4187
f 4021 4188 4189
f 4021 4023 4188
f 4020 4189 4190
f 4020 4021 4189
f 3996 4020 4190
f 4191 4165 3995
f 4191 3950 3949
f 4191 3995 3950
f 4192 3949 3951
f 4192 4191 3949
f 4193 3951 3953
f 4193 4192 3951
f 4194 3953 3952
f 4194 4193 3953
f 4195 3952 3954
f 4195 4194 3952
f 4196 4195 3954
f 3956 4196 3954
f 4197 4196 3956
f 3955 4197 3956
f 4198 4197 3955
f 3957 4198 3955
f 4199 4198 3957
f 3958 4199 3957
f 4200 4199 3958
f 3959 4200 3958
f 4201 4200 3959
f 3960 4201 3959
f 4202 4201 3960
f 4203 4202 3960
f 3961 4203 3960
f 4204 4203 3961
f 3963 4204 3961
f 4205 4204 3963
f 3962 4205 3963
f 4206 4205 3962
f 3965 4206 3962
f 4207 4206 3965
f 3964 4207 3965
f 4208 4207 3964
f 3966 4208 3964
f 4209 4208 3966
f 3967 4210 4209
f 3967 4209 3966
f 3968 4211 4210
f 3968 4210 3967
f 3969 4212 4211
f 3969 4211 3968
f 3970 4213 4212
f 3970 4212 3969
f 3971 4214 4213
f 3971 4213 3970
f 3948 4214 3971
f 4215 4214 3948
f 3993 4190 4216
f 3993 3996 4190
f 3947 4215 3948
f 3994 4216 4217
f 3994 3993 4216
f 3972 4218 4215
f 3972 4215 3947
f 3991 4217 4219
f 3991 3994 4217
f 3973 4220 4218
f 3973 4218 3972
f 3992 3991 4219
f 3992 4219 4221
f 3975 4222 4220
f 3975 4220 3973
f 3990 4221 4223
f 3990 3992 4221
f 3974 4222 3975
f 3974 4224 4222
f 3989 3990 4223
f 3989 4223 4225
f 3976 4224 3974
f 3976 4226 4224
f 3988 4225 4227
f 3988 3989 4225
f 3978 4226 3976
f 3978 4228 4226
f 3987 4227 4229
f 3987 3988 4227
f 3977 4230 4228
f 3977 4228 3978
f 3986 3987 4229
f 3986 4229 4231
f 3979 4232 4230
f 3979 4230 3977
f 3984 4231 4233
f 3984 3986 4231
f 3980 4234 4232
f 3980 4232 3979
f 3981 4235 4234
f 3981 4234 3980
f 3985 4233 4236
f 3985 3984 4233
f 3983 4236 4237
f 3983 3985 4236
f 3982 4235 3981
f 3982 4238 4235
f 3982 4237 4238
f 3982 3983 4237
f 4239 4048 4240
f 4239 4240 4241
f 4239 4047 4048
f 4242 4241 4243
f 4242 4239 4241
f 4244 4242 4243
f 4245 4243 4246
f 4245 4244 4243
f 4247 4246 4248
f 4247 4245 4246
f 4249 4248 4250
f 4249 4250 4251
f 4249 4247 4248
f 4252 4249 4251
f 4253 4251 4254
f 4253 4252 4251
f 4255 4254 4256
f 4255 4256 4257
f 4255 4253 4254
f 4258 4255 4257
f 4259 4257 4260
f 4259 4260 4261
f 4259 4258 4257
f 4262 4259 4261
f 4263 4262 4261
f 4263 4261 4264
f 4263 4264 4265
f 4266 4263 4265
f 4267 4266 4265
f 4267 4265 4268
f 4269 4267 4268
f 4269 4268 4270
f 4271 4270 4272
f 4271 4269 4270
f 4273 4272 4274
f 4273 4271 4272
f 4275 4274 4276
f 4275 4276 4277
f 4275 4273 4274
f 4278 4275 4277
f 4279 4277 4280
f 4279 4278 4277
f 4281 4280 4282
f 4281 4282 4283
f 4281 4279 4280
f 4284 4281 4283
f 4283 4282 4285
f 4286 4049 4287
f 4286 4050 4049
f 4288 4287 4289
f 4288 4286 4287
f 4290 4289 4291
f 4290 4288 4289
f 4292 4050 4286
f 4292 4051 4050
f 4293 4291 4294
f 4293 4290 4291
f 4295 4286 4288
f 4295 4292 4286
f 4296 4294 4297
f 4296 4293 4294
f 4298 4288 4290
f 4298 4295 4288
f 4299 4297 4300
f 4299 4296 4297
f 4301 4052 4051
f 4301 4051 4292
f 4302 4298 4290
f 4302 4290 4293
f 4303 4300 4304
f 4303 4299 4300
f 4305 4295 4298
f 4305 4292 4295
f 4305 4301 4292
f 4306 4302 4293
f 4306 4293 4296
f 4307 4304 4308
f 4307 4303 4304
f 4309 4305 4298
f 4310 4296 4299
f 4310 4306 4296
f 4311 4052 4301
f 4311 4053 4052
f 4312 4308 4313
f 4312 4307 4308
f 4314 4298 4302
f 4314 4309 4298
f 4315 4299 4303
f 4315 4310 4299
f 4316 4311 4301
f 4316 4301 4305
f 4317 4313 4318
f 4317 4312 4313
f 4319 4302 4306
f 4319 4314 4302
f 4320 4315 4303
f 4320 4303 4307
f 4321 4305 4309
f 4321 4316 4305
f 4322 4317 4318
f 4322 4318 4323
f 4324 4319 4306
f 4324 4306 4310
f 4325 4054 4053
f 4325 4053 4311
f 4326 4312 4317
f 4326 4307 4312
f 4326 4320 4307
f 4327 4314 4319
f 4327 4309 4314
f 4327 4321 4309
f 4328 4323 4329
f 4328 4322 4323
f 4330 4310 4315
f 4330 4324 4310
f 4331 4316 4321
f 4331 4325 4311
f 4331 4311 4316
f 4332 4326 4317
f 4333 4319 4324
f 4333 4327 4319
f 4334 4329 4335
f 4334 4328 4329
f 4336 4315 4320
f 4336 4330 4315
f 4337 4331 4321
f 4338 4317 4322
f 4338 4332 4317
f 4339 4333 4324
f 4340 4055 4054
f 4340 4054 4325
f 4340 4325 4331
f 4341 4335 4342
f 4341 4334 4335
f 4343 4336 4320
f 4343 4320 4326
f 4344 4337 4321
f 4344 4321 4327
f 4345 4338 4322
f 4345 4328 4334
f 4345 4322 4328
f 4346 4339 4324
f 4346 4324 4330
f 4347 4340 4331
f 4347 4331 4337
f 4348 4342 4349
f 4348 4341 4342
f 4350 4343 4326
f 4350 4326 4332
f 4351 4327 4333
f 4351 4344 4327
f 4352 4345 4334
f 4353 4330 4336
f 4353 4346 4330
f 4354 4347 4337
f 4355 4348 4349
f 4355 4349 4356
f 4357 4350 4332
f 4357 4332 4338
f 4358 4351 4333
f 4358 4333 4339
f 4359 4056 4055
f 4359 4055 4340
f 4360 4352 4334
f 4360 4334 4341
f 4361 4353 4336
f 4361 4336 4343
f 4362 4337 4344
f 4362 4354 4337
f 4363 4356 4364
f 4363 4355 4356
f 4365 4345 4352
f 4365 4357 4338
f 4365 4338 4345
f 4366 4358 4339
f 4366 4339 4346
f 4367 4340 4347
f 4367 4359 4340
f 4368 4348 4355
f 4368 4360 4341
f 4368 4341 4348
f 4369 4361 4343
f 4369 4343 4350
f 4370 4344 4351
f 4370 4362 4344
f 4371 4364 4372
f 4371 4372 4373
f 4371 4363 4364
f 4374 4365 4352
f 4374 4352 4360
f 4375 4346 4353
f 4375 4353 4361
f 4375 4366 4346
f 4376 4347 4354
f 4376 4367 4347
f 4377 4368 4355
f 4378 4350 4357
f 4378 4369 4350
f 4379 4351 4358
f 4379 4370 4351
f 4380 4057 4056
f 4380 4058 4057
f 4380 4056 4359
f 4381 4371 4373
f 4382 4374 4360
f 4383 4375 4361
f 4384 4354 4362
f 4384 4376 4354
f 4385 4355 4363
f 4385 4377 4355
f 4386 4357 4365
f 4386 4378 4357
f 4387 4358 4366
f 4387 4366 4375
f 4387 4379 4358
f 4388 4359 4367
f 4388 4380 4359
f 4388 4367 4376
f 4389 4373 4390
f 4389 4381 4373
f 4391 4382 4360
f 4391 4360 4368
f 4392 4361 4369
f 4392 4383 4361
f 4393 4362 4370
f 4393 4384 4362
f 4394 4385 4363
f 4394 4363 4371
f 4395 4386 4365
f 4395 4365 4374
f 4396 4387 4375
f 4397 4388 4376
f 4398 4390 4399
f 4398 4399 4400
f 4398 4389 4390
f 4401 4391 4368
f 4401 4368 4377
f 4402 4392 4369
f 4402 4369 4378
f 4403 4393 4370
f 4403 4370 4379
f 4404 4058 4380
f 4405 4371 4381
f 4405 4394 4371
f 4406 4374 4382
f 4406 4395 4374
f 4407 4396 4375
f 4407 4383 4392
f 4407 4375 4383
f 4408 4397 4376
f 4408 4384 4393
f 4408 4376 4384
f 4409 4400 4410
f 4409 4398 4400
f 4409 4410 4411
f 4412 4401 4377
f 4412 4377 4385
f 4413 4402 4378
f 4413 4378 4386
f 4414 4387 4396
f 4414 4403 4379
f 4414 4379 4387
f 4415 4404 4380
f 4415 4380 4388
f 4416 4381 4389
f 4416 4405 4381
f 4417 4382 4391
f 4417 4406 4382
f 4417 4391 4401
f 4418 4407 4392
f 4419 4408 4393
f 4420 4412 4385
f 4420 4385 4394
f 4421 4386 4395
f 4421 4413 4386
f 4422 4414 4396
f 4423 4397 4408
f 4423 4388 4397
f 4423 4415 4388
f 4424 4389 4398
f 4424 4416 4389
f 4425 4417 4401
f 4426 4418 4392
f 4426 4392 4402
f 4427 4393 4403
f 4427 4419 4393
f 4428 4058 4404
f 4428 4059 4058
f 4429 4394 4405
f 4429 4420 4394
f 4430 4395 4406
f 4430 4421 4395
f 4431 4396 4407
f 4431 4422 4396
f 4432 4423 4408
f 4433 4411 4434
f 4433 4398 4409
f 4433 4409 4411
f 4433 4424 4398
f 4435 4401 4412
f 4435 4425 4401
f 4436 4426 4402
f 4436 4402 4413
f 4437 4403 4414
f 4437 4427 4403
f 4438 4428 4404
f 4438 4404 4415
f 4439 4405 4416
f 4439 4429 4405
f 4440 4430 4406
f 4440 4406 4417
f 4441 4431 4407
f 4441 4418 4426
f 4441 4407 4418
f 4442 4432 4408
f 4442 4408 4419
f 4443 4412 4420
f 4443 4435 4412
f 4443 4420 4429
f 4444 4436 4413
f 4444 4413 4421
f 4445 4414 4422
f 4445 4437 4414
f 4446 4415 4423
f 4446 4438 4415
f 4446 4423 4432
f 4447 4416 4424
f 4447 4439 4416
f 4448 4417 4425
f 4448 4440 4417
f 4449 4441 4426
f 4450 4442 4419
f 4450 4419 4427
f 4451 4059 4428
f 4451 4060 4059
f 4452 4443 4429
f 4453 4421 4430
f 4453 4444 4421
f 4453 4430 4440
f 4454 4445 4422
f 4454 4422 4431
f 4455 4432 4442
f 4455 4446 4432
f 4456 4424 4433
f 4456 4447 4424
f 4456 4434 4457
f 4456 4433 4434
f 4458 4448 4425
f 4458 4425 4435
f 4459 4436 4444
f 4459 4449 4426
f 4459 4426 4436
f 4460 4450 4427
f 4460 4427 4437
f 4460 4437 4445
f 4461 4428 4438
f 4461 4451 4428
f 4462 4429 4439
f 4462 4452 4429
f 4463 4440 4448
f 4463 4453 4440
f 4464 4431 4441
f 4464 4454 4431
f 4465 4455 4442
f 4466 4435 4443
f 4466 4458 4435
f 4467 4459 4444
f 4468 4460 4445
f 4469 4438 4446
f 4469 4461 4438
f 4470 4447 4456
f 4470 4462 4439
f 4470 4439 4447
f 4471 4463 4448
f 4472 4464 4441
f 4472 4441 4449
f 4473 4465 4442
f 4473 4442 4450
f 4474 4451 4461
f 4474 4061 4060
f 4474 4060 4451
f 4475 4466 4443
f 4475 4443 4452
f 4476 4444 4453
f 4476 4467 4444
f 4477 4468 4445
f 4477 4445 4454
f 4478 4469 4446
f 4478 4446 4455
f 4479 4470 4456
f 4479 4456 4457
f 4479 4457 4480
f 4481 4471 4448
f 4481 4448 4458
f 4482 4472 4449
f 4482 4449 4459
f 4483 4473 4450
f 4483 4450 4460
f 4484 4474 4461
f 4485 4475 4452
f 4485 4452 4462
f 4486 4476 4453
f 4486 4453 4463
f 4487 4454 4464
f 4487 4477 4454
f 4488 4478 4455
f 4488 4455 4465
f 4489 4458 4466
f 4489 4466 4475
f 4489 4481 4458
f 4490 4459 4467
f 4490 4482 4459
f 4491 4483 4460
f 4491 4460 4468
f 4492 4484 4461
f 4492 4469 4478
f 4492 4461 4469
f 4493 4462 4470
f 4493 4485 4462
f 4494 4463 4471
f 4494 4486 4463
f 4495 4464 4472
f 4495 4487 4464
f 4496 4488 4465
f 4496 4465 4473
f 4497 4062 4061
f 4497 4061 4474
f 4498 4475 4485
f 4498 4489 4475
f 4499 4490 4467
f 4499 4467 4476
f 4500 4468 4477
f 4500 4491 4468
f 4501 4492 4478
f 4502 4470 4479
f 4502 4493 4470
f 4502 4480 4503
f 4502 4479 4480
f 4504 4494 4471
f 4504 4471 4481
f 4505 4495 4472
f 4505 4472 4482
f 4506 4473 4483
f 4506 4496 4473
f 4507 4474 4484
f 4507 4497 4474
f 4508 4498 4485
f 4509 4486 4494
f 4509 4499 4476
f 4509 4476 4486
f 4510 4500 4477
f 4510 4477 4487
f 4510 4487 4495
f 4511 4501 4478
f 4511 4478 4488
f 4512 4481 4489
f 4512 4504 4481
f 4513 4505 4482
f 4513 4482 4490
f 4514 4491 4500
f 4514 4483 4491
f 4514 4506 4483
f 4515 4507 4484
f 4515 4484 4492
f 4516 4485 4493
f 4516 4508 4485
f 4517 4509 4494
f 4517 4494 4504
f 4518 4510 4495
f 4519 4488 4496
f 4519 4511 4488
f 4520 4062 4497
f 4520 4063 4062
f 4520 4497 4507
f 4521 4489 4498
f 4521 4512 4489
f 4522 4513 4490
f 4522 4490 4499
f 4523 4514 4500
f 4523 4500 4510
f 4524 4492 4501
f 4524 4515 4492
f 4525 4502 4503
f 4525 4516 4493
f 4525 4503 4526
f 4525 4493 4502
f 4527 4517 4504
f 4528 4495 4505
f 4528 4518 4495
f 4528 4505 4513
f 4529 4496 4506
f 4529 4519 4496
f 4530 4507 4515
f 4530 4520 4507
f 4531 4498 4508
f 4531 4521 4498
f 4532 4522 4499
f 4532 4499 4509
f 4533 4510 4518
f 4533 4523 4510
f 4534 4501 4511
f 4534 4511 4519
f 4534 4524 4501
f 4535 4512 4521
f 4535 4504 4512
f 4535 4527 4504
f 4536 4528 4513
f 4537 4506 4514
f 4537 4529 4506
f 4538 4530 4515
f 4539 4508 4516
f 4539 4531 4508
f 4540 4532 4509
f 4540 4509 4517
f 4541 4518 4528
f 4541 4533 4518
f 4542 4534 4519
f 4542 4519 4529
f 4543 4064 4063
f 4543 4520 4530
f 4543 4063 4520
f 4544 4535 4521
f 4545 4513 4522
f 4545 4536 4513
f 4546 4514 4523
f 4546 4537 4514
f 4547 4515 4524
f 4547 4538 4515
f 4548 4516 4525
f 4548 4525 4526
f 4548 4526 4549
f 4548 4539 4516
f 4550 4540 4517
f 4550 4517 4527
f 4551 4541 4528
f 4552 4542 4529
f 4553 4543 4530
f 4554 4521 4531
f 4554 4544 4521
f 4555 4545 4522
f 4555 4522 4532
f 4556 4523 4533
f 4556 4546 4523
f 4557 4534 4542
f 4557 4524 4534
f 4557 4547 4524
f 4558 4527 4535
f 4558 4550 4527
f 4559 4528 4536
f 4559 4551 4528
f 4560 4529 4537
f 4560 4552 4529
f 4561 4530 4538
f 4561 4553 4530
f 4562 4554 4531
f 4562 4531 4539
f 4563 4555 4532
f 4563 4532 4540
f 4564 4533 4541
f 4564 4556 4533
f 4565 4557 4542
f 4566 4064 4543
f 4566 4065 4064
f 4567 4535 4544
f 4567 4558 4535
f 4568 4536 4545
f 4568 4559 4536
f 4568 4545 4555
f 4569 4537 4546
f 4569 4546 4556
f 4569 4560 4537
f 4570 4561 4538
f 4570 4538 4547
f 4571 4562 4539
f 4571 4539 4548
f 4571 4548 4549
f 4571 4549 4572
f 4573 4540 4550
f 4573 4563 4540
f 4574 4541 4551
f 4574 4564 4541
f 4575 4565 4542
f 4575 4542 4552
f 4576 4566 4543
f 4576 4543 4553
f 4577 4567 4544
f 4577 4544 4554
f 4577 4554 4562
f 4578 4568 4555
f 4578 4555 4563
f 4579 4569 4556
f 4579 4556 4564
f 4580 4547 4557
f 4580 4570 4547
f 4581 4573 4550
f 4581 4550 4558
f 4582 4574 4551
f 4582 4551 4559
f 4583 4575 4552
f 4583 4552 4560
f 4584 4553 4561
f 4584 4576 4553
f 4584 4561 4570
f 4585 4577 4562
f 4586 4578 4563
f 4587 4564 4574
f 4587 4579 4564
f 4588 4557 4565
f 4588 4580 4557
f 4589 4065 4566
f 4589 4566 4576
f 4589 4066 4065
f 4590 4581 4558
f 4590 4558 4567
f 4591 4582 4559
f 4591 4559 4568
f 4592 4560 4569
f 4592 4583 4560
f 4593 4584 4570
f 4593 4570 4580
f 4594 4562 4571
f 4594 4571 4572
f 4594 4585 4562
f 4594 4572 4595
f 4594 4595 4596
f 4597 4573 4581
f 4597 4586 4563
f 4597 4563 4573
f 4598 4587 4574
f 4599 4565 4575
f 4599 4588 4565
f 4600 4589 4576
f 4601 4567 4577
f 4601 4590 4567
f 4602 4568 4578
f 4602 4578 4586
f 4602 4591 4568
f 4603 4592 4569
f 4603 4569 4579
f 4604 4593 4580
f 4605 4581 4590
f 4605 4597 4581
f 4606 4574 4582
f 4606 4598 4574
f 4607 4575 4583
f 4607 4599 4575
f 4608 4600 4576
f 4608 4576 4584
f 4609 4601 4577
f 4609 4577 4585
f 4610 4602 4586
f 4611 4603 4579
f 4611 4579 4587
f 4611 4587 4598
f 4612 4580 4588
f 4612 4604 4580
f 4613 4066 4589
f 4613 4067 4066
f 4614 4605 4590
f 4615 4582 4591
f 4615 4606 4582
f 4616 4592 4603
f 4616 4607 4583
f 4616 4583 4592
f 4617 4608 4584
f 4617 4584 4593
f 4618 4585 4594
f 4618 4594 4596
f 4618 4609 4585
f 4619 4610 4586
f 4619 4586 4597
f 4620 4611 4598
f 4621 4612 4588
f 4621 4588 4599
f 4622 4589 4600
f 4622 4613 4589
f 4623 4590 4601
f 4623 4614 4590
f 4624 4591 4602
f 4624 4615 4591
f 4625 4616 4603
f 4626 4593 4604
f 4626 4617 4593
f 4627 4597 4605
f 4627 4619 4597
f 4628 4598 4606
f 4628 4606 4615
f 4628 4620 4598
f 4629 4599 4607
f 4629 4621 4599
f 4630 4622 4600
f 4630 4600 4608
f 4631 4601 4609
f 4631 4623 4601
f 4631 4609 4618
f 4632 4602 4610
f 4632 4624 4602
f 4633 4603 4611
f 4633 4625 4603
f 4634 4604 4612
f 4634 4626 4604
f 4635 4068 4067
f 4635 4067 4613
f 4636 4627 4605
f 4636 4605 4614
f 4637 4628 4615
f 4638 4607 4616
f 4638 4629 4607
f 4639 4630 4608
f 4639 4617 4626
f 4639 4608 4617
f 4640 4631 4618
f 4640 4618 4596
f 4640 4596 4641
f 4640 4641 4642
f 4643 4619 4627
f 4643 4610 4619
f 4643 4632 4610
f 4644 4633 4611
f 4644 4611 4620
f 4645 4612 4621
f 4645 4634 4612
f 4646 4613 4622
f 4646 4635 4613
f 4647 4636 4614
f 4647 4614 4623
f 4647 4623 4631
f 4648 4615 4624
f 4648 4624 4632
f 4648 4637 4615
f 4649 4616 4625
f 4649 4638 4616
f 4650 4639 4626
f 4651 4643 4627
f 4651 4627 4636
f 4652 4644 4620
f 4652 4620 4628
f 4652 4628 4637
f 4653 4629 4638
f 4653 4645 4621
f 4653 4621 4629
f 4654 4630 4639
f 4654 4646 4622
f 4654 4622 4630
f 4655 4647 4631
f 4656 4648 4632
f 4657 4649 4625
f 4657 4625 4633
f 4658 4626 4634
f 4658 4634 4645
f 4658 4650 4626
f 4659 4068 4635
f 4659 4069 4068
f 4659 4635 4646
f 4660 4651 4636
f 4661 4652 4637
f 4662 4653 4638
f 4662 4638 4649
f 4663 4654 4639
f 4664 4640 4642
f 4664 4631 4640
f 4664 4655 4631
f 4665 4632 4643
f 4665 4656 4632
f 4666 4633 4644
f 4666 4657 4633
f 4667 4658 4645
f 4668 4659 4646
f 4669 4660 4636
f 4669 4636 4647
f 4670 4637 4648
f 4670 4661 4637
f 4670 4648 4656
f 4671 4662 4649
f 4672 4639 4650
f 4672 4663 4639
f 4673 4643 4651
f 4673 4651 4660
f 4673 4665 4643
f 4674 4652 4661
f 4674 4644 4652
f 4674 4666 4644
f 4675 4645 4653
f 4675 4667 4645
f 4676 4646 4654
f 4676 4668 4646
f 4677 4655 4664
f 4677 4669 4647
f 4677 4647 4655
f 4678 4670 4656
f 4678 4656 4665
f 4679 4649 4657
f 4679 4671 4649
f 4680 4650 4658
f 4680 4672 4650
f 4681 4070 4069
f 4681 4071 4070
f 4681 4069 4659
f 4682 4673 4660
f 4683 4674 4661
f 4684 4653 4662
f 4684 4675 4653
f 4685 4663 4672
f 4685 4676 4654
f 4685 4654 4663
f 4686 4677 4664
f 4686 4664 4642
f 4686 4642 4687
f 4688 4678 4665
f 4689 4666 4674
f 4689 4679 4657
f 4689 4657 4666
f 4690 4680 4658
f 4690 4658 4667
f 4690 4667 4675
f 4691 4681 4659
f 4691 4659 4668
f 4692 4660 4669
f 4692 4682 4660
f 4693 4683 4661
f 4693 4661 4670
f 4693 4670 4678
f 4694 4662 4671
f 4694 4671 4679
f 4694 4684 4662
f 4695 4685 4672
f 4696 4665 4673
f 4696 4688 4665
f 4697 4689 4674
f 4698 4690 4675
f 4699 4668 4676
f 4699 4691 4668
f 4700 4692 4669
f 4700 4669 4677
f 4701 4693 4678
f 4701 4678 4688
f 4702 4694 4679
f 4703 4672 4680
f 4703 4680 4690
f 4703 4695 4672
f 4704 4048 4071
f 4704 4240 4048
f 4704 4071 4681
f 4705 4673 4682
f 4705 4696 4673
f 4706 4674 4683
f 4706 4697 4674
f 4707 4684 4694
f 4707 4675 4684
f 4707 4698 4675
f 4708 4676 4685
f 4708 4699 4676
f 4709 4677 4686
f 4709 4686 4687
f 4709 4700 4677
f 4709 4687 4710
f 4711 4701 4688
f 4712 4702 4679
f 4712 4679 4689
f 4713 4703 4690
f 4714 4240 4704
f 4714 4691 4699
f 4714 4681 4691
f 4714 4241 4240
f 4714 4704 4681
f 4715 4705 4682
f 4715 4682 4692
f 4716 4706 4683
f 4716 4683 4693
f 4717 4707 4694
f 4718 4685 4695
f 4718 4708 4685
f 4719 4696 4705
f 4719 4688 4696
f 4719 4711 4688
f 4720 4689 4697
f 4720 4712 4689
f 4721 4698 4707
f 4721 4713 4690
f 4721 4690 4698
f 4722 4714 4699
f 4722 4699 4708
f 4722 4243 4241
f 4722 4241 4714
f 4723 4692 4700
f 4723 4700 4709
f 4723 4715 4692
f 4724 4693 4701
f 4724 4716 4693
f 4725 4694 4702
f 4725 4702 4712
f 4725 4717 4694
f 4726 4695 4703
f 4726 4718 4695
f 4727 4719 4705
f 4728 4697 4706
f 4728 4720 4697
f 4729 4721 4707
f 4730 4243 4722
f 4730 4722 4708
f 4730 4246 4243
f 4731 4709 4710
f 4731 4723 4709
f 4731 4710 4732
f 4733 4701 4711
f 4733 4724 4701
f 4734 4725 4712
f 4735 4703 4713
f 4735 4726 4703
f 4736 4705 4715
f 4736 4727 4705
f 4736 4715 4723
f 4737 4706 4716
f 4737 4728 4706
f 4738 4707 4717
f 4738 4729 4707
f 4739 4708 4718
f 4739 4248 4246
f 4739 4250 4248
f 4739 4730 4708
f 4739 4246 4730
f 4739 4718 4726
f 4740 4711 4719
f 4740 4733 4711
f 4741 4712 4720
f 4741 4734 4712
f 4742 4735 4713
f 4742 4713 4721
f 4743 4736 4723
f 4744 4716 4724
f 4744 4737 4716
f 4745 4725 4734
f 4745 4717 4725
f 4745 4738 4717
f 4746 4250 4739
f 4746 4739 4726
f 4747 4740 4719
f 4747 4719 4727
f 4748 4720 4728
f 4748 4741 4720
f 4749 4721 4729
f 4749 4742 4721
f 4750 4743 4723
f 4750 4732 4751
f 4750 4723 4731
f 4750 4731 4732
f 4752 4724 4733
f 4752 4744 4724
f 4753 4734 4741
f 4753 4745 4734
f 4754 4726 4735
f 4754 4735 4742
f 4754 4746 4726
f 4754 4251 4250
f 4754 4254 4251
f 4754 4250 4746
f 4755 4747 4727
f 4755 4727 4736
f 4756 4728 4737
f 4756 4748 4728
f 4756 4737 4744
f 4757 4749 4729
f 4757 4729 4738
f 4758 4752 4733
f 4758 4733 4740
f 4759 4753 4741
f 4760 4254 4754
f 4760 4754 4742
f 4761 4736 4743
f 4761 4755 4736
f 4761 4743 4750
f 4762 4744 4752
f 4762 4756 4744
f 4763 4757 4738
f 4763 4738 4745
f 4764 4740 4747
f 4764 4758 4740
f 4765 4741 4748
f 4765 4759 4741
f 4765 4748 4756
f 4766 4749 4757
f 4766 4254 4760
f 4766 4256 4254
f 4766 4760 4742
f 4766 4742 4749
f 4767 4750 4751
f 4767 4761 4750
f 4767 4751 4768
f 4767 4768 4769
f 4770 4762 4752
f 4771 4763 4745
f 4771 4745 4753
f 4772 4747 4755
f 4772 4764 4747
f 4773 4765 4756
f 4774 4257 4256
f 4774 4256 4766
f 4774 4766 4757
f 4775 4752 4758
f 4775 4770 4752
f 4776 4771 4753
f 4776 4753 4759
f 4777 4755 4761
f 4777 4772 4755
f 4778 4756 4762
f 4778 4773 4756
f 4778 4762 4770
f 4779 4757 4763
f 4779 4774 4757
f 4779 4260 4257
f 4779 4763 4771
f 4779 4257 4774
f 4780 4758 4764
f 4780 4764 4772
f 4780 4775 4758
f 4781 4759 4765
f 4781 4776 4759
f 4782 4777 4761
f 4782 4769 4783
f 4782 4761 4767
f 4782 4767 4769
f 4784 4778 4770
f 4785 4260 4779
f 4785 4779 4771
f 4785 4261 4260
f 4786 4780 4772
f 4787 4781 4765
f 4787 4765 4773
f 4788 4775 4780
f 4788 4770 4775
f 4788 4784 4770
f 4789 4776 4781
f 4789 4261 4785
f 4789 4264 4261
f 4789 4265 4264
f 4789 4785 4771
f 4789 4771 4776
f 4790 4772 4777
f 4790 4777 4782
f 4790 4786 4772
f 4791 4787 4773
f 4791 4773 4778
f 4792 4788 4780
f 4793 4789 4781
f 4793 4265 4789
f 4794 4782 4783
f 4794 4790 4782
f 4795 4778 4784
f 4795 4791 4778
f 4796 4780 4786
f 4796 4792 4780
f 4796 4786 4790
f 4797 4781 4787
f 4797 4265 4793
f 4797 4787 4791
f 4797 4793 4781
f 4797 4268 4265
f 4797 4270 4268
f 4798 4784 4788
f 4798 4795 4784
f 4799 4796 4790
f 4800 4797 4791
f 4800 4270 4797
f 4801 4788 4792
f 4801 4798 4788
f 4802 4794 4783
f 4802 4790 4794
f 4802 4799 4790
f 4802 4783 4803
f 4804 4791 4795
f 4804 4272 4270
f 4804 4800 4791
f 4804 4270 4800
f 4805 4792 4796
f 4805 4801 4792
f 4806 4274 4272
f 4806 4795 4798
f 4806 4272 4804
f 4806 4804 4795
f 4807 4796 4799
f 4807 4805 4796
f 4807 4799 4802
f 4808 4276 4274
f 4808 4277 4276
f 4808 4274 4806
f 4808 4806 4798
f 4808 4798 4801
f 4808 4801 4805
f 4809 4807 4802
f 4809 4803 4810
f 4809 4802 4803
f 4809 4810 4285
f 4811 4808 4805
f 4811 4277 4808
f 4812 4811 4805
f 4812 4280 4277
f 4812 4277 4811
f 4812 4805 4807
f 4813 4807 4809
f 4813 4812 4807
f 4813 4280 4812
f 4813 4282 4280
f 4813 4285 4282
f 4813 4809 4285
f 4287 4072 4814
f 4287 4049 4072
f 4289 4814 4815
f 4289 4287 4814
f 4291 4815 4816
f 4291 4816 4817
f 4291 4289 4815
f 4294 4291 4817
f 4297 4817 4818
f 4297 4294 4817
f 4300 4818 4819
f 4300 4297 4818
f 4304 4819 4820
f 4304 4300 4819
f 4308 4820 4821
f 4308 4821 4822
f 4308 4304 4820
f 4313 4308 4822
f 4318 4822 4823
f 4318 4313 4822
f 4323 4823 4824
f 4323 4318 4823
f 4329 4323 4824
f 4329 4824 4825
f 4335 4329 4825
f 4335 4825 4826
f 4342 4335 4826
f 4342 4826 4827
f 4349 4342 4827
f 4349 4827 4828
f 4356 4349 4828
f 4356 4828 4829
f 4356 4829 4830
f 4364 4356 4830
f 4372 4364 4830
f 4372 4830 4831
f 4373 4831 4832
f 4373 4372 4831
f 4390 4832 4833
f 4390 4373 4832
f 4399 4833 4834
f 4399 4390 4833
f 4400 4834 4835
f 4400 4835 4836
f 4400 4399 4834
f 4410 4400 4836
f 4814 4072 4073
f 4837 4095 4838
f 4837 4094 4095
f 4839 4838 4840
f 4839 4837 4838
f 4841 4840 4842
f 4841 4839 4840
f 4843 4094 4837
f 4843 4093 4094
f 4844 4842 4845
f 4844 4841 4842
f 4846 4837 4839
f 4846 4843 4837
f 4847 4845 4848
f 4847 4844 4845
f 4849 4839 4841
f 4849 4846 4839
f 4850 4848 4851
f 4850 4847 4848
f 4852 4091 4093
f 4852 4093 4843
f 4853 4849 4841
f 4853 4841 4844
f 4854 4851 4855
f 4854 4850 4851
f 4856 4843 4846
f 4856 4852 4843
f 4857 4853 4844
f 4857 4844 4847
f 4858 4855 4859
f 4858 4859 4860
f 4858 4854 4855
f 4861 4856 4846
f 4861 4846 4849
f 4862 4847 4850
f 4862 4857 4847
f 4863 4092 4091
f 4863 4091 4852
f 4864 4858 4860
f 4865 4849 4853
f 4865 4861 4849
f 4866 4862 4850
f 4866 4850 4854
f 4867 4852 4856
f 4867 4863 4852
f 4868 4860 4869
f 4868 4864 4860
f 4870 4853 4857
f 4870 4865 4853
f 4871 4866 4854
f 4871 4854 4858
f 4872 4867 4856
f 4872 4856 4861
f 4873 4869 4874
f 4873 4868 4869
f 4875 4870 4857
f 4875 4857 4862
f 4876 4092 4863
f 4876 4090 4092
f 4877 4858 4864
f 4877 4871 4858
f 4878 4861 4865
f 4878 4872 4861
f 4879 4873 4874
f 4879 4874 4880
f 4879 4880 4881
f 4882 4862 4866
f 4882 4875 4862
f 4883 4876 4863
f 4883 4863 4867
f 4884 4864 4868
f 4884 4877 4864
f 4885 4865 4870
f 4885 4878 4865
f 4886 4879 4881
f 4887 4866 4871
f 4887 4882 4866
f 4888 4867 4872
f 4888 4883 4867
f 4889 4868 4873
f 4889 4884 4868
f 4890 4870 4875
f 4890 4885 4870
f 4891 4090 4876
f 4891 4088 4090
f 4891 4876 4883
f 4892 4886 4881
f 4892 4881 4893
f 4892 4893 4894
f 4895 4887 4871
f 4895 4871 4877
f 4896 4872 4878
f 4896 4888 4872
f 4897 4889 4873
f 4897 4873 4879
f 4898 4875 4882
f 4898 4890 4875
f 4899 4891 4883
f 4900 4892 4894
f 4901 4895 4877
f 4901 4877 4884
f 4902 4878 4885
f 4902 4896 4878
f 4903 4897 4879
f 4903 4879 4886
f 4904 4882 4887
f 4904 4898 4882
f 4905 4888 4896
f 4905 4899 4883
f 4905 4883 4888
f 4906 4894 4907
f 4906 4900 4894
f 4908 4901 4884
f 4908 4884 4889
f 4909 4902 4885
f 4909 4885 4890
f 4910 4089 4088
f 4910 4088 4891
f 4911 4903 4886
f 4911 4886 4892
f 4912 4904 4887
f 4912 4887 4895
f 4913 4905 4896
f 4914 4907 4915
f 4914 4906 4907
f 4916 4908 4889
f 4916 4889 4897
f 4917 4909 4890
f 4917 4890 4898
f 4918 4891 4899
f 4918 4910 4891
f 4919 4892 4900
f 4919 4911 4892
f 4920 4895 4901
f 4920 4901 4908
f 4920 4912 4895
f 4921 4902 4909
f 4921 4896 4902
f 4921 4913 4896
f 4922 4915 4923
f 4922 4914 4915
f 4924 4897 4903
f 4924 4916 4897
f 4925 4898 4904
f 4925 4917 4898
f 4926 4918 4899
f 4926 4899 4905
f 4927 4900 4906
f 4927 4906 4914
f 4927 4919 4900
f 4928 4920 4908
f 4929 4921 4909
f 4930 4087 4089
f 4930 4085 4087
f 4930 4089 4910
f 4931 4923 4932
f 4931 4922 4923
f 4933 4924 4903
f 4933 4903 4911
f 4934 4904 4912
f 4934 4925 4904
f 4935 4905 4913
f 4935 4926 4905
f 4936 4927 4914
f 4937 4908 4916
f 4937 4916 4924
f 4937 4928 4908
f 4938 4909 4917
f 4938 4929 4909
f 4939 4930 4910
f 4939 4910 4918
f 4939 4918 4926
f 4940 4932 4941
f 4940 4931 4932
f 4942 4919 4927
f 4942 4911 4919
f 4942 4933 4911
f 4943 4912 4920
f 4943 4920 4928
f 4943 4934 4912
f 4944 4935 4913
f 4944 4913 4921
f 4944 4921 4929
f 4945 4936 4914
f 4945 4914 4922
f 4946 4937 4924
f 4947 4917 4925
f 4947 4925 4934
f 4947 4938 4917
f 4948 4939 4926
f 4949 4941 4950
f 4949 4940 4941
f 4951 4942 4927
f 4952 4943 4928
f 4953 4944 4929
f 4954 4085 4930
f 4955 4922 4931
f 4955 4945 4922
f 4956 4924 4933
f 4956 4946 4924
f 4957 4947 4934
f 4958 4948 4926
f 4958 4926 4935
f 4959 4950 4960
f 4959 4960 4961
f 4959 4949 4950
f 4959 4961 4962
f 4959 4962 4963
f 4964 4936 4945
f 4964 4927 4936
f 4964 4951 4927
f 4965 4937 4946
f 4965 4928 4937
f 4965 4952 4928
f 4966 4929 4938
f 4966 4953 4929
f 4967 4954 4930
f 4967 4930 4939
f 4968 4931 4940
f 4968 4955 4931
f 4968 4940 4949
f 4969 4933 4942
f 4969 4956 4933
f 4970 4957 4934
f 4970 4934 4943
f 4971 4935 4944
f 4971 4958 4935
f 4972 4964 4945
f 4973 4965 4946
f 4974 4938 4947
f 4974 4966 4938
f 4975 4967 4939
f 4975 4939 4948
f 4976 4968 4949
f 4976 4949 4959
f 4977 4942 4951
f 4977 4969 4942
f 4978 4970 4943
f 4978 4952 4965
f 4978 4943 4952
f 4979 4944 4953
f 4979 4971 4944
f 4980 4086 4085
f 4980 4085 4954
f 4981 4945 4955
f 4981 4972 4945
f 4982 4946 4956
f 4982 4956 4969
f 4982 4973 4946
f 4983 4947 4957
f 4983 4974 4947
f 4984 4958 4971
f 4984 4975 4948
f 4984 4948 4958
f 4985 4976 4959
f 4985 4959 4963
f 4986 4951 4964
f 4986 4977 4951
f 4987 4978 4965
f 4988 4979 4953
f 4988 4953 4966
f 4989 4980 4954
f 4989 4954 4967
f 4990 4981 4955
f 4990 4955 4968
f 4991 4982 4969
f 4992 4957 4970
f 4992 4970 4978
f 4992 4983 4957
f 4993 4984 4971
f 4994 4986 4964
f 4994 4964 4972
f 4995 4987 4965
f 4995 4965 4973
f 4996 4966 4974
f 4996 4988 4966
f 4996 4974 4983
f 4997 4989 4967
f 4997 4967 4975
f 4998 4990 4968
f 4998 4968 4976
f 4999 4977 4986
f 4999 4991 4969
f 4999 4969 4977
f 5000 4992 4978
f 5001 4971 4979
f 5001 4993 4971
f 5002 4086 4980
f 5002 4084 4086
f 5003 4981 4990
f 5003 4994 4972
f 5003 4972 4981
f 5004 4973 4982
f 5004 4995 4973
f 5005 4996 4983
f 5006 4975 4984
f 5006 4997 4975
f 5007 4976 4985
f 5007 4985 4963
f 5007 4963 5008
f 5007 4998 4976
f 5009 4999 4986
f 5010 5000 4978
f 5010 4978 4987
f 5010 4987 4995
f 5011 4979 4988
f 5011 4988 4996
f 5011 5001 4979
f 5012 4980 4989
f 5012 5002 4980
f 5013 5003 4990
f 5014 4982 4991
f 5014 5004 4982
f 5015 4992 5000
f 5015 4983 4992
f 5015 5005 4983
f 5016 4984 4993
f 5016 5006 4984
f 5017 4986 4994
f 5017 5009 4986
f 5017 4994 5003
f 5018 5010 4995
f 5019 4996 5005
f 5019 5011 4996
f 5020 4989 4997
f 5020 5012 4989
f 5021 4990 4998
f 5021 5013 4990
f 5022 4991 4999
f 5022 5014 4991
f 5023 5015 5000
f 5024 5001 5011
f 5024 5016 4993
f 5024 4993 5001
f 5025 5002 5012
f 5025 4082 4084
f 5025 4084 5002
f 5026 5017 5003
f 5027 5018 4995
f 5027 4995 5004
f 5028 5019 5005
f 5029 4997 5006
f 5029 5020 4997
f 5030 5007 5008
f 5030 5021 4998
f 5030 5008 5031
f 5030 5031 5032
f 5030 4998 5007
f 5033 4999 5009
f 5033 5009 5017
f 5033 5022 4999
f 5034 5023 5000
f 5034 5000 5010
f 5035 5024 5011
f 5036 5025 5012
f 5037 5003 5013
f 5037 5013 5021
f 5037 5026 5003
f 5038 5027 5004
f 5038 5004 5014
f 5039 5005 5015
f 5039 5028 5005
f 5039 5015 5023
f 5040 5006 5016
f 5040 5029 5006
f 5041 5033 5017
f 5042 5034 5010
f 5042 5010 5018
f 5043 5011 5019
f 5043 5035 5011
f 5044 5012 5020
f 5044 5036 5012
f 5044 5020 5029
f 5045 5037 5021
f 5046 5014 5022
f 5046 5038 5014
f 5047 5039 5023
f 5048 5016 5024
f 5048 5040 5016
f 5049 4083 4082
f 5049 4082 5025
f 5050 5017 5026
f 5050 5041 5017
f 5051 5018 5027
f 5051 5042 5018
f 5052 5043 5019
f 5052 5019 5028
f 5053 5044 5029
f 5054 5045 5021
f 5054 5021 5030
f 5054 5030 5032
f 5055 5046 5022
f 5055 5022 5033
f 5056 5047 5023
f 5056 5023 5034
f 5057 5024 5035
f 5057 5048 5024
f 5058 5036 5044
f 5058 5049 5025
f 5058 5025 5036
f 5059 5026 5037
f 5059 5050 5026
f 5060 5038 5046
f 5060 5027 5038
f 5060 5051 5027
f 5061 5052 5028
f 5061 5028 5039
f 5062 5029 5040
f 5062 5040 5048
f 5062 5053 5029
f 5063 5041 5050
f 5063 5055 5033
f 5063 5033 5041
f 5064 5042 5051
f 5064 5056 5034
f 5064 5034 5042
f 5065 5057 5035
f 5065 5035 5043
f 5066 5058 5044
f 5067 5045 5054
f 5067 5059 5037
f 5067 5037 5045
f 5068 5060 5046
f 5069 5061 5039
f 5069 5039 5047
f 5070 5062 5048
f 5071 4083 5049
f 5071 4081 4083
f 5071 5049 5058
f 5072 5063 5050
f 5073 5064 5051
f 5074 5043 5052
f 5074 5065 5043
f 5075 5044 5053
f 5075 5066 5044
f 5075 5053 5062
f 5076 5054 5032
f 5076 5067 5054
f 5076 5032 5077
f 5076 5077 5078
f 5079 5068 5046
f 5079 5046 5055
f 5080 5047 5056
f 5080 5056 5064
f 5080 5069 5047
f 5081 5048 5057
f 5081 5070 5048
f 5081 5057 5065
f 5082 5071 5058
f 5083 5050 5059
f 5083 5072 5050
f 5084 5051 5060
f 5084 5073 5051
f 5085 5052 5061
f 5085 5074 5052
f 5086 5075 5062
f 5087 5079 5055
f 5087 5055 5063
f 5088 5080 5064
f 5089 5081 5065
f 5090 5082 5058
f 5090 5058 5066
f 5091 5059 5067
f 5091 5083 5059
f 5092 5060 5068
f 5092 5084 5060
f 5092 5068 5079
f 5093 5061 5069
f 5093 5085 5061
f 5094 5086 5062
f 5094 5062 5070
f 5095 5071 5082
f 5095 4080 4081
f 5095 4081 5071
f 5096 5087 5063
f 5096 5063 5072
f 5097 5088 5064
f 5097 5064 5073
f 5098 5089 5065
f 5098 5065 5074
f 5099 5090 5066
f 5099 5066 5075
f 5099 5075 5086
f 5100 5067 5076
f 5100 5076 5078
f 5100 5091 5067
f 5101 5092 5079
f 5102 5080 5088
f 5102 5093 5069
f 5102 5069 5080
f 5103 5094 5070
f 5103 5070 5081
f 5104 5095 5082
f 5105 5072 5083
f 5105 5096 5072
f 5106 5073 5084
f 5106 5097 5073
f 5106 5084 5092
f 5107 5074 5085
f 5107 5098 5074
f 5107 5085 5093
f 5108 5099 5086
f 5109 5079 5087
f 5109 5101 5079
f 5110 5102 5088
f 5111 5103 5081
f 5111 5081 5089
f 5112 5082 5090
f 5112 5104 5082
f 5113 5083 5091
f 5113 5105 5083
f 5114 5106 5092
f 5114 5092 5101
f 5115 5107 5093
f 5116 5108 5086
f 5116 5086 5094
f 5117 4079 4080
f 5117 4080 5095
f 5118 5087 5096
f 5118 5109 5087
f 5119 5088 5097
f 5119 5110 5088
f 5120 5111 5089
f 5120 5098 5107
f 5120 5089 5098
f 5121 5090 5099
f 5121 5112 5090
f 5122 5100 5078
f 5122 5091 5100
f 5122 5078 5123
f 5122 5113 5091
f 5124 5114 5101
f 5125 5115 5093
f 5125 5093 5102
f 5126 5116 5094
f 5126 5094 5103
f 5127 5117 5095
f 5127 5095 5104
f 5128 5096 5105
f 5128 5118 5096
f 5129 5119 5097
f 5129 5097 5106
f 5130 5120 5107
f 5130 5107 5115
f 5131 5121 5099
f 5131 5099 5108
f 5132 5124 5101
f 5132 5101 5109
f 5133 5125 5102
f 5133 5102 5110
f 5134 5103 5111
f 5134 5126 5103
f 5135 5127 5104
f 5135 5104 5112
f 5136 5113 5122
f 5136 5128 5105
f 5136 5105 5113
f 5137 5106 5114
f 5137 5114 5124
f 5137 5129 5106
f 5138 5130 5115
f 5139 5131 5108
f 5139 5108 5116
f 5140 4078 4079
f 5140 4079 5117
f 5141 5109 5118
f 5141 5132 5109
f 5142 5133 5110
f 5142 5110 5119
f 5143 5120 5130
f 5143 5134 5111
f 5143 5111 5120
f 5144 5135 5112
f 5144 5112 5121
f 5145 5136 5122
f 5145 5122 5123
f 5145 5123 5146
f 5147 5137 5124
f 5148 5115 5125
f 5148 5138 5115
f 5149 5116 5126
f 5149 5139 5116
f 5150 5117 5127
f 5150 5140 5117
f 5151 5118 5128
f 5151 5141 5118
f 5151 5128 5136
f 5152 5142 5119
f 5152 5119 5129
f 5153 5143 5130
f 5154 5131 5139
f 5154 5121 5131
f 5154 5144 5121
f 5155 5124 5132
f 5155 5147 5124
f 5156 5125 5133
f 5156 5133 5142
f 5156 5148 5125
f 5157 5126 5134
f 5157 5134 5143
f 5157 5149 5126
f 5158 5150 5127
f 5158 5127 5135
f 5159 5151 5136
f 5160 5152 5129
f 5160 5129 5137
f 5161 5153 5130
f 5161 5130 5138
f 5161 5138 5148
f 5162 5154 5139
f 5163 4077 4078
f 5163 4078 5140
f 5163 5140 5150
f 5164 5155 5132
f 5164 5132 5141
f 5165 5156 5142
f 5166 5157 5143
f 5167 5144 5154
f 5167 5158 5135
f 5167 5135 5144
f 5168 5145 5146
f 5168 5136 5145
f 5168 5146 5169
f 5168 5159 5136
f 5170 5160 5137
f 5170 5137 5147
f 5170 5147 5155
f 5171 5161 5148
f 5171 5148 5156
f 5172 5162 5139
f 5172 5139 5149
f 5173 5163 5150
f 5174 5141 5151
f 5174 5164 5141
f 5175 5152 5160
f 5175 5165 5142
f 5175 5142 5152
f 5176 5153 5161
f 5176 5166 5143
f 5176 5143 5153
f 5177 5167 5154
f 5178 5170 5155
f 5179 5171 5156
f 5180 5172 5149
f 5180 5157 5166
f 5180 5149 5157
f 5181 5173 5150
f 5181 5150 5158
f 5182 5151 5159
f 5182 5174 5151
f 5183 5175 5160
f 5184 5176 5161
f 5185 5162 5172
f 5185 5177 5154
f 5185 5154 5162
f 5186 4077 5163
f 5186 4076 4077
f 5187 5155 5164
f 5187 5178 5155
f 5188 5156 5165
f 5188 5165 5175
f 5188 5179 5156
f 5189 5180 5166
f 5190 5181 5158
f 5190 5167 5177
f 5190 5158 5167
f 5191 5159 5168
f 5191 5168 5169
f 5191 5169 5192
f 5191 5192 5193
f 5191 5182 5159
f 5194 5160 5170
f 5194 5183 5160
f 5195 5161 5171
f 5195 5184 5161
f 5196 5185 5172
f 5197 5163 5173
f 5197 5186 5163
f 5198 5187 5164
f 5198 5164 5174
f 5199 5188 5175
f 5200 5166 5176
f 5200 5189 5166
f 5201 5190 5177
f 5202 5194 5170
f 5202 5170 5178
f 5202 5178 5187
f 5203 5195 5171
f 5203 5171 5179
f 5204 5196 5172
f 5204 5172 5180
f 5205 5197 5173
f 5205 5173 5181
f 5206 5198 5174
f 5206 5174 5182
f 5206 5182 5191
f 5207 5199 5175
f 5207 5175 5183
f 5208 5176 5184
f 5208 5200 5176
f 5209 5177 5185
f 5209 5201 5177
f 5209 5185 5196
f 5210 4076 5186
f 5210 4075 4076
f 5210 4074 4075
f 5211 5202 5187
f 5212 5179 5188
f 5212 5203 5179
f 5213 5204 5180
f 5213 5180 5189
f 5214 5205 5181
f 5214 5181 5190
f 5215 5206 5191
f 5215 5191 5193
f 5216 5183 5194
f 5216 5194 5202
f 5216 5207 5183
f 5217 5184 5195
f 5217 5208 5184
f 5218 5209 5196
f 5219 5186 5197
f 5219 5210 5186
f 5220 5198 5206
f 5220 5187 5198
f 5220 5211 5187
f 5221 5212 5188
f 5221 5188 5199
f 5222 5189 5200
f 5222 5200 5208
f 5222 5213 5189
f 5223 5214 5190
f 5223 5190 5201
f 5224 5216 5202
f 5225 5195 5203
f 5225 5217 5195
f 5226 5218 5196
f 5226 5196 5204
f 5227 5219 5197
f 5227 5197 5205
f 5228 5220 5206
f 5229 5221 5199
f 5229 5199 5207
f 5230 5222 5208
f 5230 5208 5217
f 5231 5223 5201
f 5231 5201 5209
f 5232 4074 5210
f 5233 5224 5202
f 5233 5202 5211
f 5234 5225 5203
f 5234 5203 5212
f 5235 5226 5204
f 5235 5204 5213
f 5236 5227 5205
f 5236 5205 5214
f 5237 5215 5193
f 5237 5228 5206
f 5237 5193 5238
f 5237 5206 5215
f 5239 5229 5207
f 5239 5207 5216
f 5239 5216 5224
f 5240 5230 5217
f 5241 5231 5209
f 5241 5209 5218
f 5242 5210 5219
f 5242 5232 5210
f 5242 5219 5227
f 5243 5233 5211
f 5243 5211 5220
f 5244 5234 5212
f 5244 5212 5221
f 5245 5213 5222
f 5245 5235 5213
f 5246 5236 5214
f 5246 5214 5223
f 5247 5239 5224
f 5248 5217 5225
f 5248 5240 5217
f 5249 5218 5226
f 5249 5241 5218
f 5250 5242 5227
f 5251 5228 5237
f 5251 5220 5228
f 5251 5243 5220
f 5252 5221 5229
f 5252 5244 5221
f 5253 5222 5230
f 5253 5245 5222
f 5253 5230 5240
f 5254 5223 5231
f 5254 5246 5223
f 5255 4814 4073
f 5255 4073 4074
f 5255 4074 5232
f 5256 5224 5233
f 5256 5247 5224
f 5257 5225 5234
f 5257 5234 5244
f 5257 5248 5225
f 5258 5249 5226
f 5258 5226 5235
f 5259 5227 5236
f 5259 5250 5227
f 5260 5237 5238
f 5260 5251 5237
f 5260 5238 5261
f 5262 5252 5229
f 5262 5229 5239
f 5263 5253 5240
f 5263 5240 5248
f 5264 5231 5241
f 5264 5254 5231
f 5265 5255 5232
f 5265 4815 4814
f 5265 4816 4815
f 5265 4814 5255
f 5265 5232 5242
f 5266 5256 5233
f 5266 5233 5243
f 5267 5257 5244
f 5267 5244 5252
f 5268 5258 5235
f 5268 5235 5245
f 5269 5259 5236
f 5269 5236 5246
f 5269 5246 5254
f 5270 5239 5247
f 5270 5262 5239
f 5271 5263 5248
f 5272 5264 5241
f 5272 5241 5249
f 5273 5250 5259
f 5273 4816 5265
f 5273 5265 5242
f 5273 5242 5250
f 5274 5251 5260
f 5274 5266 5243
f 5274 5243 5251
f 5275 5267 5252
f 5276 5245 5253
f 5276 5268 5245
f 5277 5269 5254
f 5278 5247 5256
f 5278 5270 5247
f 5279 5271 5248
f 5279 5248 5257
f 5280 5249 5258
f 5280 5272 5249
f 5281 4816 5273
f 5281 5273 5259
f 5281 4817 4816
f 5282 5260 5261
f 5282 5274 5260
f 5282 5261 5283
f 5284 5275 5252
f 5284 5252 5262
f 5284 5262 5270
f 5285 5253 5263
f 5285 5276 5253
f 5286 5264 5272
f 5286 5277 5254
f 5286 5254 5264
f 5287 5256 5266
f 5287 5278 5256
f 5288 5257 5267
f 5288 5279 5257
f 5289 5258 5268
f 5289 5280 5258
f 5290 5259 5269
f 5290 5281 5259
f 5290 5269 5277
f 5290 4818 4817
f 5290 4819 4818
f 5290 4817 5281
f 5291 5284 5270
f 5292 5263 5271
f 5292 5285 5263
f 5293 5286 5272
f 5294 5266 5274
f 5294 5287 5266
f 5295 5267 5275
f 5295 5288 5267
f 5295 5275 5284
f 5296 5289 5268
f 5296 5268 5276
f 5297 4819 5290
f 5297 5290 5277
f 5298 5291 5270
f 5298 5270 5278
f 5299 5292 5271
f 5299 5271 5279
f 5300 5293 5272
f 5300 5272 5280
f 5301 5294 5274
f 5301 5283 5302
f 5301 5274 5282
f 5301 5282 5283
f 5303 5295 5284
f 5304 5296 5276
f 5304 5276 5285
f 5305 5297 5277
f 5305 4820 4819
f 5305 4819 5297
f 5305 5277 5286
f 5306 5298 5278
f 5306 5278 5287
f 5307 5299 5279
f 5307 5279 5288
f 5308 5300 5280
f 5308 5280 5289
f 5309 5291 5298
f 5309 5303 5284
f 5309 5284 5291
f 5310 5304 5285
f 5310 5285 5292
f 5310 5292 5299
f 5311 5286 5293
f 5311 5293 5300
f 5311 4821 4820
f 5311 4820 5305
f 5311 4822 4821
f 5311 5305 5286
f 5312 5306 5287
f 5312 5287 5294
f 5312 5294 5301
f 5313 5307 5288
f 5313 5288 5295
f 5314 5289 5296
f 5314 5308 5289
f 5314 5296 5304
f 5315 5309 5298
f 5316 5310 5299
f 5317 5311 5300
f 5317 4822 5311
f 5318 5301 5302
f 5318 5312 5301
f 5318 5302 5319
f 5320 5295 5303
f 5320 5313 5295
f 5320 5303 5309
f 5321 5314 5304
f 5321 5304 5310
f 5322 5298 5306
f 5322 5306 5312
f 5322 5315 5298
f 5323 5299 5307
f 5323 5316 5299
f 5324 4822 5317
f 5324 4823 4822
f 5324 4824 4823
f 5324 5317 5300
f 5324 5300 5308
f 5325 5320 5309
f 5326 5321 5310
f 5327 5322 5312
f 5328 5307 5313
f 5328 5323 5307
f 5329 5324 5308
f 5329 5308 5314
f 5329 4824 5324
f 5330 5325 5309
f 5330 5309 5315
f 5331 5310 5316
f 5331 5326 5310
f 5332 5327 5312
f 5332 5319 5333
f 5332 5312 5318
f 5332 5318 5319
f 5334 5313 5320
f 5334 5328 5313
f 5335 4824 5329
f 5335 5329 5314
f 5335 4825 4824
f 5335 5314 5321
f 5336 5330 5315
f 5336 5315 5322
f 5337 5331 5316
f 5337 5316 5323
f 5337 5323 5328
f 5338 5320 5325
f 5338 5334 5320
f 5339 5335 5321
f 5339 4826 4825
f 5339 5321 5326
f 5339 4825 5335
f 5340 5336 5322
f 5340 5322 5327
f 5340 5327 5332
f 5341 5337 5328
f 5342 5338 5325
f 5342 5325 5330
f 5342 5330 5336
f 5343 5326 5331
f 5343 5339 5326
f 5343 4826 5339
f 5343 4827 4826
f 5344 5332 5333
f 5344 5340 5332
f 5344 5333 5345
f 5346 5341 5328
f 5346 5328 5334
f 5347 5342 5336
f 5348 4827 5343
f 5348 5343 5331
f 5348 4828 4827
f 5348 5331 5337
f 5349 5334 5338
f 5349 5338 5342
f 5349 5346 5334
f 5350 5336 5340
f 5350 5347 5336
f 5351 5348 5337
f 5351 5337 5341
f 5351 4828 5348
f 5351 4829 4828
f 5352 5349 5342
f 5353 5340 5344
f 5353 5344 5345
f 5353 5350 5340
f 5353 5345 5354
f 5355 5341 5346
f 5355 4830 4829
f 5355 5351 5341
f 5355 4829 5351
f 5356 5342 5347
f 5356 5347 5350
f 5356 5352 5342
f 5357 4831 4830
f 5357 5346 5349
f 5357 5355 5346
f 5357 4830 5355
f 5358 5356 5350
f 5359 5349 5352
f 5359 4832 4831
f 5359 5357 5349
f 5359 4831 5357
f 5360 5350 5353
f 5360 5354 5361
f 5360 5353 5354
f 5360 5358 5350
f 5362 4833 4832
f 5362 4832 5359
f 5362 5352 5356
f 5362 5359 5352
f 5363 4833 5362
f 5363 5362 5356
f 5363 4834 4833
f 5363 5356 5358
f 5364 5358 5360
f 5364 5363 5358
f 5364 5360 5361
f 5364 4834 5363
f 5364 4835 4834
f 5364 4836 4835
f 5364 5361 5365
f 5364 5365 4836
f 4838 4096 5366
f 4838 5366 5367
f 4838 4095 4096
f 4840 5367 5368
f 4840 4838 5367
f 4842 4840 5368
f 4845 5368 5369
f 4845 4842 5368
f 4848 5369 5370
f 4848 4845 5369
f 4851 5370 5371
f 4851 5371 5372
f 4851 4848 5370
f 4855 4851 5372
f 4859 5372 5373
f 4859 4855 5372
f 4860 5373 5374
f 4860 5374 5375
f 4860 4859 5373
f 4869 4860 5375
f 4874 5375 5376
f 4874 5376 5377
f 4874 4869 5375
f 4880 4874 5377
f 4881 4880 5377
f 4881 5377 5378
f 4881 5378 5379
f 4893 4881 5379
f 4894 4893 5379
f 4894 5379 5380
f 4907 4894 5380
f 4907 5380 5381
f 4915 5381 5382
f 4915 4907 5381
f 4923 5382 5383
f 4923 4915 5382
f 4932 5383 5384
f 4932 5384 5385
f 4932 4923 5383
f 4941 4932 5385
f 4950 5385 5386
f 4950 4941 5385
f 4960 5386 5387
f 4960 5387 5388
f 4960 4950 5386
f 4961 4960 5388
f 5366 4096 4119
f 5389 4097 5390
f 5389 4098 4097
f 5391 5390 5392
f 5391 5389 5390
f 5393 5392 5394
f 5393 5391 5392
f 5395 4098 5389
f 5395 4099 4098
f 5395 4100 4099
f 5396 5394 5397
f 5396 5393 5394
f 5398 5389 5391
f 5398 5395 5389
f 5399 5397 5400
f 5399 5396 5397
f 5401 5391 5393
f 5401 5398 5391
f 5402 5400 5403
f 5402 5399 5400
f 5404 4100 5395
f 5405 5401 5393
f 5405 5393 5396
f 5406 5403 5407
f 5406 5407 5408
f 5406 5402 5403
f 5409 5404 5395
f 5409 5395 5398
f 5410 5405 5396
f 5410 5396 5399
f 5411 5406 5408
f 5412 5409 5398
f 5412 5398 5401
f 5413 5399 5402
f 5413 5410 5399
f 5414 4100 5404
f 5414 4101 4100
f 5415 5408 5416
f 5415 5411 5408
f 5417 5401 5405
f 5417 5412 5401
f 5418 5413 5402
f 5418 5402 5406
f 5419 5404 5409
f 5419 5414 5404
f 5420 5416 5421
f 5420 5415 5416
f 5422 5417 5405
f 5422 5405 5410
f 5423 5418 5406
f 5423 5406 5411
f 5424 5419 5409
f 5424 5409 5412
f 5425 5421 5426
f 5425 5420 5421
f 5427 5410 5413
f 5427 5422 5410
f 5428 4102 4101
f 5428 4101 5414
f 5429 5423 5411
f 5429 5411 5415
f 5430 5424 5412
f 5430 5412 5417
f 5431 5426 5432
f 5431 5425 5426
f 5433 5427 5413
f 5433 5413 5418
f 5434 5428 5414
f 5434 5414 5419
f 5435 5415 5420
f 5435 5429 5415
f 5436 5422 5427
f 5436 5430 5417
f 5436 5417 5422
f 5437 5432 5438
f 5437 5431 5432
f 5439 5418 5423
f 5439 5433 5418
f 5440 5419 5424
f 5440 5434 5419
f 5441 5435 5420
f 5441 5420 5425
f 5442 5436 5427
f 5443 4102 5428
f 5443 5428 5434
f 5443 4103 4102
f 5444 5437 5438
f 5444 5438 5445
f 5444 5445 5446
f 5447 5439 5423
f 5447 5423 5429
f 5448 5440 5424
f 5448 5424 5430
f 5449 5425 5431
f 5449 5441 5425
f 5450 5442 5427
f 5450 5427 5433
f 5451 5443 5434
f 5452 5444 5446
f 5453 5447 5429
f 5453 5429 5435
f 5454 5430 5436
f 5454 5448 5430
f 5455 5449 5431
f 5455 5431 5437
f 5455 5437 5444
f 5456 5439 5447
f 5456 5450 5433
f 5456 5433 5439
f 5457 5451 5434
f 5457 5434 5440
f 5458 5446 5459
f 5458 5452 5446
f 5460 5453 5435
f 5460 5435 5441
f 5461 5436 5442
f 5461 5454 5436
f 5462 4103 5443
f 5462 4104 4103
f 5463 5444 5452
f 5463 5455 5444
f 5464 5456 5447
f 5465 5440 5448
f 5465 5457 5440
f 5466 5459 5467
f 5466 5458 5459
f 5468 5460 5441
f 5468 5441 5449
f 5469 5461 5442
f 5469 5442 5450
f 5470 5462 5443
f 5470 5443 5451
f 5471 5463 5452
f 5472 5464 5447
f 5472 5453 5460
f 5472 5447 5453
f 5473 5448 5454
f 5473 5465 5448
f 5474 5467 5475
f 5474 5466 5467
f 5476 5449 5455
f 5476 5455 5463
f 5476 5468 5449
f 5477 5450 5456
f 5477 5469 5450
f 5478 5451 5457
f 5478 5470 5451
f 5479 5452 5458
f 5479 5471 5452
f 5480 5472 5460
f 5481 5454 5461
f 5481 5461 5469
f 5481 5473 5454
f 5482 4105 4104
f 5482 4106 4105
f 5482 4104 5462
f 5483 5475 5484
f 5483 5474 5475
f 5485 5476 5463
f 5486 5477 5456
f 5486 5456 5464
f 5486 5464 5472
f 5487 5457 5465
f 5487 5478 5457
f 5488 5458 5466
f 5488 5479 5458
f 5489 5468 5476
f 5489 5460 5468
f 5489 5480 5460
f 5490 5481 5469
f 5491 5462 5470
f 5491 5482 5462
f 5492 5484 5493
f 5492 5483 5484
f 5494 5463 5471
f 5494 5485 5463
f 5495 5486 5472
f 5496 5487 5465
f 5496 5465 5473
f 5497 5488 5466
f 5497 5466 5474
f 5498 5489 5476
f 5499 5490 5469
f 5499 5469 5477
f 5500 5491 5470
f 5500 5470 5478
f 5501 5493 5502
f 5501 5492 5493
f 5503 5494 5471
f 5503 5471 5479
f 5504 5495 5472
f 5504 5472 5480
f 5505 5496 5473
f 5505 5473 5481
f 5506 4106 5482
f 5506 4107 4106
f 5507 5474 5483
f 5507 5483 5492
f 5507 5497 5474
f 5508 5498 5476
f 5508 5476 5485
f 5509 5499 5477
f 5509 5477 5486
f 5510 5500 5478
f 5510 5478 5487
f 5511 5502 5512
f 5511 5512 5513
f 5511 5501 5502
f 5511 5513 5514
f 5515 5479 5488
f 5515 5503 5479
f 5516 5480 5489
f 5516 5504 5480
f 5517 5481 5490
f 5517 5505 5481
f 5518 5482 5491
f 5518 5506 5482
f 5519 5507 5492
f 5520 5485 5494
f 5520 5508 5485
f 5521 5495 5504
f 5521 5486 5495
f 5521 5509 5486
f 5522 5496 5505
f 5522 5487 5496
f 5522 5510 5487
f 5523 5488 5497
f 5523 5515 5488
f 5524 5489 5498
f 5524 5516 5489
f 5525 5517 5490
f 5525 5490 5499
f 5526 5500 5510
f 5526 5518 5491
f 5526 5491 5500
f 5527 5492 5501
f 5527 5519 5492
f 5527 5501 5511
f 5528 5520 5494
f 5528 5494 5503
f 5529 5521 5504
f 5530 5522 5505
f 5531 4107 5506
f 5532 5523 5497
f 5532 5497 5507
f 5533 5498 5508
f 5533 5524 5498
f 5534 5499 5509
f 5534 5525 5499
f 5535 5526 5510
f 5536 5527 5511
f 5536 5514 5537
f 5536 5511 5514
f 5538 5528 5503
f 5538 5503 5515
f 5539 5529 5504
f 5539 5504 5516
f 5540 5517 5525
f 5540 5505 5517
f 5540 5530 5505
f 5541 5518 5526
f 5541 5531 5506
f 5541 5506 5518
f 5542 5532 5507
f 5542 5507 5519
f 5543 5533 5508
f 5543 5520 5528
f 5543 5508 5520
f 5544 5534 5509
f 5544 5509 5521
f 5545 5510 5522
f 5545 5535 5510
f 5546 5515 5523
f 5546 5538 5515
f 5547 5516 5524
f 5547 5539 5516
f 5548 5540 5525
f 5548 5525 5534
f 5549 5541 5526
f 5549 5526 5535
f 5550 5519 5527
f 5550 5542 5519
f 5551 5543 5528
f 5551 5528 5538
f 5552 5521 5529
f 5552 5544 5521
f 5553 5545 5522
f 5553 5522 5530
f 5554 4108 4107
f 5554 4107 5531
f 5555 5546 5523
f 5555 5523 5532
f 5555 5532 5542
f 5556 5524 5533
f 5556 5533 5543
f 5556 5547 5524
f 5557 5548 5534
f 5558 5549 5535
f 5559 5536 5537
f 5559 5550 5527
f 5559 5537 5560
f 5559 5527 5536
f 5561 5551 5538
f 5562 5529 5539
f 5562 5552 5529
f 5563 5530 5540
f 5563 5553 5530
f 5564 5531 5541
f 5564 5554 5531
f 5565 5555 5542
f 5566 5556 5543
f 5567 5534 5544
f 5567 5557 5534
f 5567 5544 5552
f 5568 5535 5545
f 5568 5558 5535
f 5569 5561 5538
f 5569 5538 5546
f 5570 5539 5547
f 5570 5547 5556
f 5570 5562 5539
f 5571 5540 5548
f 5571 5563 5540
f 5572 5541 5549
f 5572 5564 5541
f 5573 5565 5542
f 5573 5542 5550
f 5574 5543 5551
f 5574 5566 5543
f 5575 5567 5552
f 5576 5568 5545
f 5576 5545 5553
f 5577 5554 5564
f 5577 4109 4108
f 5577 4108 5554
f 5578 5569 5546
f 5578 5546 5555
f 5579 5556 5566
f 5579 5570 5556
f 5580 5571 5548
f 5580 5548 5557
f 5581 5549 5558
f 5581 5572 5549
f 5582 5550 5559
f 5582 5559 5560
f 5582 5573 5550
f 5582 5560 5583
f 5584 5574 5551
f 5584 5551 5561
f 5585 5575 5552
f 5585 5552 5562
f 5585 5562 5570
f 5586 5576 5553
f 5586 5553 5563
f 5587 5577 5564
f 5588 5578 5555
f 5588 5555 5565
f 5589 5566 5574
f 5589 5579 5566
f 5590 5580 5557
f 5590 5557 5567
f 5591 5558 5568
f 5591 5581 5558
f 5592 5561 5569
f 5592 5584 5561
f 5593 5585 5570
f 5594 5563 5571
f 5594 5571 5580
f 5594 5586 5563
f 5595 5587 5564
f 5595 5564 5572
f 5595 5572 5581
f 5596 5565 5573
f 5596 5573 5582
f 5596 5588 5565
f 5597 5574 5584
f 5597 5589 5574
f 5598 5567 5575
f 5598 5590 5567
f 5599 5591 5568
f 5599 5576 5586
f 5599 5568 5576
f 5600 4110 4109
f 5600 4109 5577
f 5601 5592 5569
f 5601 5569 5578
f 5602 5570 5579
f 5602 5593 5570
f 5603 5594 5580
f 5604 5595 5581
f 5605 5596 5582
f 5605 5583 5606
f 5605 5582 5583
f 5607 5597 5584
f 5607 5584 5592
f 5608 5598 5575
f 5608 5575 5585
f 5609 5599 5586
f 5609 5586 5594
f 5610 5587 5595
f 5610 5600 5577
f 5610 5577 5587
f 5611 5601 5578
f 5611 5578 5588
f 5612 5602 5579
f 5612 5579 5589
f 5613 5603 5580
f 5613 5580 5590
f 5614 5581 5591
f 5614 5591 5599
f 5614 5604 5581
f 5615 5607 5592
f 5616 5608 5585
f 5616 5593 5602
f 5616 5585 5593
f 5617 5609 5594
f 5618 5610 5595
f 5619 5588 5596
f 5619 5611 5588
f 5620 5589 5597
f 5620 5612 5589
f 5621 5613 5590
f 5621 5590 5598
f 5622 5614 5599
f 5623 4111 4110
f 5623 4110 5600
f 5623 5600 5610
f 5624 5615 5592
f 5624 5592 5601
f 5625 5602 5612
f 5625 5616 5602
f 5626 5603 5613
f 5626 5594 5603
f 5626 5617 5594
f 5627 5595 5604
f 5627 5618 5595
f 5628 5605 5606
f 5628 5619 5596
f 5628 5606 5629
f 5628 5596 5605
f 5630 5620 5597
f 5630 5597 5607
f 5631 5598 5608
f 5631 5621 5598
f 5632 5599 5609
f 5632 5609 5617
f 5632 5622 5599
f 5633 5610 5618
f 5633 5623 5610
f 5634 5601 5611
f 5634 5624 5601
f 5634 5611 5619
f 5635 5625 5612
f 5636 5626 5613
f 5637 5627 5604
f 5637 5604 5614
f 5638 5607 5615
f 5638 5630 5607
f 5639 5631 5608
f 5639 5608 5616
f 5640 5632 5617
f 5641 5633 5618
f 5642 5619 5628
f 5642 5634 5619
f 5643 5620 5630
f 5643 5635 5612
f 5643 5612 5620
f 5644 5636 5613
f 5644 5613 5621
f 5644 5621 5631
f 5645 5637 5614
f 5645 5614 5622
f 5646 4112 4111
f 5646 4111 5623
f 5646 5623 5633
f 5647 5615 5624
f 5647 5638 5615
f 5648 5639 5616
f 5648 5616 5625
f 5649 5640 5617
f 5649 5626 5636
f 5649 5617 5626
f 5650 5641 5618
f 5650 5627 5637
f 5650 5618 5627
f 5651 5628 5629
f 5651 5629 5652
f 5651 5642 5628
f 5653 5643 5630
f 5654 5644 5631
f 5655 5645 5622
f 5655 5622 5632
f 5656 5646 5633
f 5657 5624 5634
f 5657 5647 5624
f 5658 5625 5635
f 5658 5648 5625
f 5659 5649 5636
f 5660 5650 5637
f 5661 5653 5630
f 5661 5630 5638
f 5661 5638 5647
f 5662 5631 5639
f 5662 5654 5631
f 5663 5655 5632
f 5663 5632 5640
f 5664 5633 5641
f 5664 5656 5633
f 5665 5657 5634
f 5665 5634 5642
f 5666 5658 5635
f 5666 5635 5643
f 5667 5636 5644
f 5667 5659 5636
f 5668 5660 5637
f 5668 5637 5645
f 5669 4112 5646
f 5669 4113 4112
f 5670 5647 5657
f 5670 5661 5647
f 5671 5639 5648
f 5671 5662 5639
f 5672 5640 5649
f 5672 5663 5640
f 5673 5641 5650
f 5673 5664 5641
f 5673 5650 5660
f 5674 5642 5651
f 5674 5651 5652
f 5674 5652 5675
f 5674 5675 5676
f 5674 5665 5642
f 5677 5666 5643
f 5677 5643 5653
f 5678 5667 5644
f 5678 5644 5654
f 5678 5654 5662
f 5679 5668 5645
f 5679 5645 5655
f 5679 5655 5663
f 5680 5669 5646
f 5680 5646 5656
f 5681 5670 5657
f 5682 5671 5648
f 5682 5648 5658
f 5683 5672 5649
f 5683 5649 5659
f 5684 5673 5660
f 5685 5653 5661
f 5685 5677 5653
f 5686 5678 5662
f 5687 5679 5663
f 5688 5680 5656
f 5688 5656 5664
f 5689 5657 5665
f 5689 5681 5657
f 5690 5658 5666
f 5690 5682 5658
f 5691 5659 5667
f 5691 5683 5659
f 5692 5660 5668
f 5692 5668 5679
f 5692 5684 5660
f 5693 4113 5669
f 5693 5669 5680
f 5693 4114 4113
f 5694 5685 5661
f 5694 5661 5670
f 5695 5686 5662
f 5695 5662 5671
f 5696 5663 5672
f 5696 5687 5663
f 5697 5664 5673
f 5697 5673 5684
f 5697 5688 5664
f 5698 5674 5676
f 5698 5665 5674
f 5698 5689 5665
f 5699 5666 5677
f 5699 5690 5666
f 5699 5677 5685
f 5700 5667 5678
f 5700 5691 5667
f 5701 5692 5679
f 5701 5679 5687
f 5702 5693 5680
f 5703 5670 5681
f 5703 5694 5670
f 5704 5671 5682
f 5704 5695 5671
f 5705 5672 5683
f 5705 5696 5672
f 5706 5697 5684
f 5707 5699 5685
f 5708 5678 5686
f 5708 5686 5695
f 5708 5700 5678
f 5709 5701 5687
f 5710 5688 5697
f 5710 5702 5680
f 5710 5680 5688
f 5711 5681 5689
f 5711 5703 5681
f 5712 5682 5690
f 5712 5704 5682
f 5713 5683 5691
f 5713 5705 5683
f 5713 5691 5700
f 5714 5684 5692
f 5714 5706 5684
f 5715 4115 4114
f 5715 4114 5693
f 5716 5694 5703
f 5716 5707 5685
f 5716 5685 5694
f 5717 5708 5695
f 5718 5709 5687
f 5718 5687 5696
f 5719 5710 5697
f 5720 5698 5676
f 5720 5689 5698
f 5720 5711 5689
f 5720 5676 5721
f 5720 5721 5722
f 5723 5690 5699
f 5723 5699 5707
f 5723 5712 5690
f 5724 5713 5700
f 5725 5701 5709
f 5725 5714 5692
f 5725 5692 5701
f 5726 5693 5702
f 5726 5715 5693
f 5727 5716 5703
f 5728 5695 5704
f 5728 5717 5695
f 5729 5705 5713
f 5729 5718 5696
f 5729 5696 5705
f 5730 5719 5697
f 5730 5697 5706
f 5731 5723 5707
f 5732 5700 5708
f 5732 5724 5700
f 5733 5725 5709
f 5734 5726 5702
f 5734 5702 5710
f 5735 5703 5711
f 5735 5727 5703
f 5735 5711 5720
f 5736 5704 5712
f 5736 5712 5723
f 5736 5728 5704
f 5737 5729 5713
f 5738 5706 5714
f 5738 5730 5706
f 5739 4116 4115
f 5739 4115 5715
f 5740 5716 5727
f 5740 5707 5716
f 5740 5731 5707
f 5741 5708 5717
f 5741 5732 5708
f 5742 5733 5709
f 5742 5709 5718
f 5742 5718 5729
f 5743 5710 5719
f 5743 5734 5710
f 5744 5735 5720
f 5744 5720 5722
f 5745 5736 5723
f 5746 5737 5713
f 5746 5713 5724
f 5747 5714 5725
f 5747 5738 5714
f 5748 5715 5726
f 5748 5739 5715
f 5749 5740 5727
f 5750 5728 5736
f 5750 5741 5717
f 5750 5717 5728
f 5751 5729 5737
f 5751 5742 5729
f 5752 5743 5719
f 5752 5719 5730
f 5753 5731 5740
f 5753 5745 5723
f 5753 5723 5731
f 5754 5732 5741
f 5754 5746 5724
f 5754 5724 5732
f 5755 5747 5725
f 5755 5725 5733
f 5756 5748 5726
f 5756 5726 5734
f 5757 5727 5735
f 5757 5749 5727
f 5758 5750 5736
f 5759 5751 5737
f 5760 5738 5747
f 5760 5752 5730
f 5760 5730 5738
f 5761 4116 5739
f 5761 4117 4116
f 5761 5739 5748
f 5762 5753 5740
f 5763 5754 5741
f 5764 5755 5733
f 5764 5733 5742
f 5765 5734 5743
f 5765 5756 5734
f 5766 5735 5744
f 5766 5744 5722
f 5766 5722 5767
f 5766 5757 5735
f 5768 5736 5745
f 5768 5745 5753
f 5768 5758 5736
f 5769 5759 5737
f 5769 5737 5746
f 5769 5746 5754
f 5770 5760 5747
f 5771 5761 5748
f 5772 5740 5749
f 5772 5762 5740
f 5773 5741 5750
f 5773 5763 5741
f 5774 5764 5742
f 5774 5742 5751
f 5775 5743 5752
f 5775 5765 5743
f 5776 5768 5753
f 5777 5769 5754
f 5778 5747 5755
f 5778 5770 5747
f 5779 5748 5756
f 5779 5771 5748
f 5780 5772 5749
f 5780 5749 5757
f 5781 5750 5758
f 5781 5758 5768
f 5781 5773 5750
f 5782 5774 5751
f 5782 5751 5759
f 5783 5752 5760
f 5783 5775 5752
f 5784 4118 4117
f 5784 4119 4118
f 5784 4117 5761
f 5785 5762 5772
f 5785 5776 5753
f 5785 5753 5762
f 5786 5777 5754
f 5786 5754 5763
f 5787 5778 5755
f 5787 5755 5764
f 5788 5779 5756
f 5788 5756 5765
f 5788 5765 5775
f 5789 5766 5767
f 5789 5780 5757
f 5789 5757 5766
f 5789 5767 5790
f 5791 5781 5768
f 5792 5782 5759
f 5792 5759 5769
f 5793 5783 5760
f 5793 5760 5770
f 5794 5784 5761
f 5794 5761 5771
f 5795 5785 5772
f 5796 5763 5773
f 5796 5786 5763
f 5796 5773 5781
f 5797 5764 5774
f 5797 5774 5782
f 5797 5787 5764
f 5798 5788 5775
f 5799 5776 5785
f 5799 5768 5776
f 5799 5791 5768
f 5800 5769 5777
f 5800 5792 5769
f 5801 5770 5778
f 5801 5793 5770
f 5802 5794 5771
f 5802 5779 5788
f 5802 5771 5779
f 5803 5772 5780
f 5803 5795 5772
f 5804 5796 5781
f 5805 5797 5782
f 5805 5782 5792
f 5806 5798 5775
f 5806 5775 5783
f 5807 5366 4119
f 5807 4119 5784
f 5808 5799 5785
f 5809 5777 5786
f 5809 5800 5777
f 5810 5778 5787
f 5810 5801 5778
f 5811 5802 5788
f 5812 5803 5780
f 5812 5780 5789
f 5812 5789 5790
f 5812 5790 5813
f 5814 5804 5781
f 5814 5791 5799
f 5814 5781 5791
f 5815 5805 5792
f 5816 5806 5783
f 5816 5783 5793
f 5816 5793 5801
f 5817 5784 5794
f 5817 5807 5784
f 5817 5367 5366
f 5817 5368 5367
f 5817 5794 5802
f 5817 5366 5807
f 5818 5795 5803
f 5818 5808 5785
f 5818 5785 5795
f 5819 5809 5786
f 5819 5786 5796
f 5820 5810 5787
f 5820 5787 5797
f 5821 5811 5788
f 5821 5788 5798
f 5821 5798 5806
f 5822 5814 5799
f 5823 5815 5792
f 5823 5792 5800
f 5824 5801 5810
f 5824 5816 5801
f 5825 5817 5802
f 5825 5368 5817
f 5825 5802 5811
f 5826 5818 5803
f 5827 5819 5796
f 5827 5796 5804
f 5828 5820 5797
f 5828 5797 5805
f 5829 5821 5806
f 5830 5799 5808
f 5830 5822 5799
f 5830 5808 5818
f 5831 5800 5809
f 5831 5823 5800
f 5832 5824 5810
f 5833 5825 5811
f 5833 5369 5368
f 5833 5370 5369
f 5833 5368 5825
f 5834 5812 5813
f 5834 5826 5803
f 5834 5803 5812
f 5834 5813 5835
f 5836 5804 5814
f 5836 5827 5804
f 5837 5805 5815
f 5837 5828 5805
f 5838 5829 5806
f 5838 5806 5816
f 5838 5816 5824
f 5839 5830 5818
f 5840 5809 5819
f 5840 5819 5827
f 5840 5831 5809
f 5841 5820 5828
f 5841 5810 5820
f 5841 5832 5810
f 5842 5811 5821
f 5842 5371 5370
f 5842 5833 5811
f 5842 5370 5833
f 5843 5836 5814
f 5843 5814 5822
f 5844 5815 5823
f 5844 5837 5815
f 5845 5838 5824
f 5845 5824 5832
f 5846 5818 5826
f 5846 5839 5818
f 5847 5827 5836
f 5847 5840 5827
f 5848 5841 5828
f 5848 5828 5837
f 5849 5842 5821
f 5849 5821 5829
f 5849 5371 5842
f 5850 5843 5822
f 5850 5822 5830
f 5851 5823 5831
f 5851 5844 5823
f 5852 5845 5832
f 5853 5846 5826
f 5853 5835 5854
f 5853 5826 5834
f 5853 5834 5835
f 5855 5847 5836
f 5856 5837 5844
f 5856 5848 5837
f 5857 5372 5371
f 5857 5829 5838
f 5857 5371 5849
f 5857 5849 5829
f 5858 5850 5830
f 5858 5830 5839
f 5859 5831 5840
f 5859 5851 5831
f 5860 5832 5841
f 5860 5852 5832
f 5861 5855 5836
f 5861 5836 5843
f 5862 5856 5844
f 5863 5372 5857
f 5863 5857 5838
f 5863 5838 5845
f 5863 5373 5372
f 5863 5374 5373
f 5864 5858 5839
f 5864 5839 5846
f 5865 5840 5847
f 5865 5859 5840
f 5866 5860 5841
f 5866 5841 5848
f 5867 5843 5850
f 5867 5850 5858
f 5867 5861 5843
f 5868 5851 5859
f 5868 5844 5851
f 5868 5862 5844
f 5869 5845 5852
f 5869 5863 5845
f 5869 5374 5863
f 5870 5864 5846
f 5870 5846 5853
f 5870 5853 5854
f 5870 5854 5871
f 5872 5847 5855
f 5872 5865 5847
f 5873 5866 5848
f 5873 5848 5856
f 5873 5856 5862
f 5874 5858 5864
f 5874 5867 5858
f 5875 5868 5859
f 5875 5859 5865
f 5876 5374 5869
f 5876 5375 5374
f 5876 5376 5375
f 5876 5869 5852
f 5876 5852 5860
f 5877 5855 5861
f 5877 5872 5855
f 5878 5862 5868
f 5878 5873 5862
f 5879 5864 5870
f 5879 5874 5864
f 5880 5865 5872
f 5880 5875 5865
f 5881 5376 5876
f 5881 5860 5866
f 5881 5876 5860
f 5882 5861 5867
f 5882 5877 5861
f 5883 5878 5868
f 5884 5879 5870
f 5884 5871 5885
f 5884 5870 5871
f 5886 5880 5872
f 5887 5376 5881
f 5887 5881 5866
f 5887 5377 5376
f 5887 5378 5377
f 5887 5866 5873
f 5888 5882 5867
f 5888 5867 5874
f 5889 5883 5868
f 5889 5868 5875
f 5890 5886 5872
f 5890 5872 5877
f 5891 5378 5887
f 5891 5887 5873
f 5891 5873 5878
f 5892 5874 5879
f 5892 5888 5874
f 5893 5875 5880
f 5893 5880 5886
f 5893 5889 5875
f 5894 5882 5888
f 5894 5877 5882
f 5894 5890 5877
f 5895 5378 5891
f 5895 5891 5878
f 5895 5379 5378
f 5895 5878 5883
f 5896 5884 5885
f 5896 5892 5879
f 5896 5885 5897
f 5896 5897 5898
f 5896 5879 5884
f 5899 5893 5886
f 5900 5888 5892
f 5900 5894 5888
f 5901 5883 5889
f 5901 5379 5895
f 5901 5895 5883
f 5901 5380 5379
f 5902 5886 5890
f 5902 5899 5886
f 5903 5900 5892
f 5904 5889 5893
f 5904 5380 5901
f 5904 5381 5380
f 5904 5901 5889
f 5905 5890 5894
f 5905 5902 5890
f 5906 5892 5896
f 5906 5896 5898
f 5906 5903 5892
f 5906 5898 5907
f 5908 5904 5893
f 5908 5893 5899
f 5908 5382 5381
f 5908 5381 5904
f 5909 5894 5900
f 5909 5905 5894
f 5910 5908 5899
f 5910 5383 5382
f 5910 5899 5902
f 5910 5382 5908
f 5911 5900 5903
f 5911 5909 5900
f 5912 5383 5910
f 5912 5384 5383
f 5912 5902 5905
f 5912 5910 5902
f 5913 5911 5903
f 5913 5903 5906
f 5913 5906 5907
f 5914 5905 5909
f 5914 5385 5384
f 5914 5384 5912
f 5914 5912 5905
f 5915 5911 5913
f 5915 5914 5909
f 5915 5386 5385
f 5915 5385 5914
f 5915 5909 5911
f 5916 5913 5907
f 5916 5915 5913
f 5916 5386 5915
f 5916 5387 5386
f 5916 5388 5387
f 5916 5907 5917
f 5916 5917 5388
f 5390 4120 5918
f 5390 4097 4120
f 5392 5918 5919
f 5392 5390 5918
f 5394 5919 5920
f 5394 5392 5919
f 5397 5920 5921
f 5397 5394 5920
f 5400 5921 5922
f 5400 5922 5923
f 5400 5397 5921
f 5403 5400 5923
f 5407 5923 5924
f 5407 5403 5923
f 5408 5924 5925
f 5408 5407 5924
f 5416 5925 5926
f 5416 5926 5927
f 5416 5408 5925
f 5421 5416 5927
f 5426 5927 5928
f 5426 5421 5927
f 5432 5426 5928
f 5432 5928 5929
f 5438 5432 5929
f 5438 5929 5930
f 5445 5438 5930
f 5445 5930 5931
f 5446 5445 5931
f 5446 5931 5932
f 5459 5446 5932
f 5459 5932 5933
f 5467 5933 5934
f 5467 5459 5933
f 5475 5934 5935
f 5475 5467 5934
f 5484 5935 5936
f 5484 5475 5935
f 5493 5936 5937
f 5493 5484 5936
f 5502 5937 5938
f 5502 5493 5937
f 5512 5938 5939
f 5512 5502 5938
f 5513 5939 5940
f 5513 5512 5939
f 5941 4047 4239
f 5941 4142 4047
f 5942 4239 4242
f 5942 5941 4239
f 5943 4242 4244
f 5943 5942 4242
f 5944 4142 5941
f 5944 4140 4142
f 5945 4244 4245
f 5945 5943 4244
f 5946 5941 5942
f 5946 5944 5941
f 5947 4245 4247
f 5947 5945 4245
f 5948 5942 5943
f 5948 5946 5942
f 5949 4247 4249
f 5949 5947 4247
f 5950 4141 4140
f 5950 4139 4141
f 5950 4140 5944
f 5951 5943 5945
f 5951 5948 5943
f 5952 4249 4252
f 5952 5949 4249
f 5953 5944 5946
f 5953 5950 5944
f 5954 5951 5945
f 5954 5945 5947
f 5955 4252 4253
f 5955 5952 4252
f 5956 5953 5946
f 5956 5946 5948
f 5957 5947 5949
f 5957 5954 5947
f 5958 4139 5950
f 5959 4253 4255
f 5959 5955 4253
f 5960 5956 5948
f 5960 5948 5951
f 5961 5957 5949
f 5961 5949 5952
f 5962 5950 5953
f 5962 5958 5950
f 5963 4255 4258
f 5963 5959 4255
f 5964 5951 5954
f 5964 5960 5951
f 5965 5955 5959
f 5965 5952 5955
f 5965 5961 5952
f 5966 5962 5953
f 5966 5953 5956
f 5967 4258 4259
f 5967 4259 4262
f 5967 5963 4258
f 5968 5954 5957
f 5968 5964 5954
f 5969 4138 4139
f 5969 4139 5958
f 5970 5965 5959
f 5971 5956 5960
f 5971 5966 5956
f 5972 5967 4262
f 5973 5968 5957
f 5973 5957 5961
f 5974 5969 5958
f 5974 5958 5962
f 5974 5962 5966
f 5975 5959 5963
f 5975 5970 5959
f 5976 5960 5964
f 5976 5964 5968
f 5976 5971 5960
f 5977 4262 4263
f 5977 5972 4262
f 5978 5961 5965
f 5978 5973 5961
f 5979 5974 5966
f 5980 5963 5967
f 5980 5975 5963
f 5981 5976 5968
f 5982 4138 5969
f 5982 4136 4138
f 5983 5977 4263
f 5983 4263 4266
f 5984 5978 5965
f 5984 5965 5970
f 5985 5979 5966
f 5985 5966 5971
f 5986 5967 5972
f 5986 5980 5967
f 5987 5968 5973
f 5987 5973 5978
f 5987 5981 5968
f 5988 5969 5974
f 5988 5982 5969
f 5989 4266 4267
f 5989 5983 4266
f 5990 5984 5970
f 5990 5970 5975
f 5991 5985 5971
f 5991 5971 5976
f 5992 5972 5977
f 5992 5986 5972
f 5993 5987 5978
f 5994 5974 5979
f 5994 5988 5974
f 5995 4267 4269
f 5995 5989 4267
f 5996 5990 5975
f 5996 5975 5980
f 5997 5991 5976
f 5997 5976 5981
f 5998 4136 5982
f 5998 4137 4136
f 5999 5992 5977
f 5999 5983 5989
f 5999 5977 5983
f 6000 5984 5990
f 6000 5993 5978
f 6000 5978 5984
f 6001 5994 5979
f 6001 5979 5985
f 6002 4269 4271
f 6002 5995 4269
f 6003 5980 5986
f 6003 5996 5980
f 6003 5986 5992
f 6004 5997 5981
f 6004 5981 5987
f 6005 5982 5988
f 6005 5998 5982
f 6005 5988 5994
f 6006 5999 5989
f 6007 6000 5990
f 6008 5985 5991
f 6008 6001 5985
f 6009 4271 4273
f 6009 6002 4271
f 6010 6003 5992
f 6010 5992 5999
f 6011 5987 5993
f 6011 5993 6000
f 6011 6004 5987
f 6012 6005 5994
f 6013 5989 5995
f 6013 6006 5989
f 6014 5990 5996
f 6014 6007 5990
f 6015 5991 5997
f 6015 6008 5991
f 6016 4135 4137
f 6016 4134 4135
f 6016 4137 5998
f 6017 4273 4275
f 6017 4275 4278
f 6017 6009 4273
f 6018 6010 5999
f 6019 6011 6000
f 6020 6001 6008
f 6020 5994 6001
f 6020 6012 5994
f 6021 5995 6002
f 6021 6013 5995
f 6021 6002 6009
f 6022 5996 6003
f 6022 6014 5996
f 6023 5997 6004
f 6023 6015 5997
f 6024 5998 6005
f 6024 6016 5998
f 6025 6017 4278
f 6026 5999 6006
f 6026 6018 5999
f 6027 6000 6007
f 6027 6007 6014
f 6027 6019 6000
f 6028 6020 6008
f 6029 6021 6009
f 6030 6022 6003
f 6030 6003 6010
f 6031 6004 6011
f 6031 6023 6004
f 6032 6005 6012
f 6032 6024 6005
f 6033 4278 4279
f 6033 6025 4278
f 6034 6013 6021
f 6034 6006 6013
f 6034 6026 6006
f 6035 6027 6014
f 6036 6015 6023
f 6036 6028 6008
f 6036 6008 6015
f 6037 4134 6016
f 6038 6009 6017
f 6038 6029 6009
f 6039 6010 6018
f 6039 6030 6010
f 6040 6031 6011
f 6040 6011 6019
f 6041 6032 6012
f 6041 6012 6020
f 6042 4279 4281
f 6042 4281 4284
f 6042 6033 4279
f 6042 4284 6043
f 6044 6034 6021
f 6045 6022 6030
f 6045 6014 6022
f 6045 6035 6014
f 6046 6036 6023
f 6047 6016 6024
f 6047 6037 6016
f 6048 6017 6025
f 6048 6038 6017
f 6049 6018 6026
f 6049 6039 6018
f 6050 6040 6019
f 6050 6019 6027
f 6051 6020 6028
f 6051 6041 6020
f 6051 6028 6036
f 6052 6021 6029
f 6052 6044 6021
f 6053 6045 6030
f 6054 6046 6023
f 6054 6023 6031
f 6055 6024 6032
f 6055 6047 6024
f 6055 6032 6041
f 6056 6025 6033
f 6056 6048 6025
f 6057 6026 6034
f 6057 6049 6026
f 6058 6050 6027
f 6058 6027 6035
f 6059 6051 6036
f 6060 4134 6037
f 6060 4133 4134
f 6061 6029 6038
f 6061 6038 6048
f 6061 6052 6029
f 6062 6030 6039
f 6062 6053 6030
f 6063 6031 6040
f 6063 6040 6050
f 6063 6054 6031
f 6064 6055 6041
f 6065 6043 6066
f 6065 6033 6042
f 6065 6042 6043
f 6065 6056 6033
f 6067 6034 6044
f 6067 6057 6034
f 6067 6044 6052
f 6068 6045 6053
f 6068 6058 6035
f 6068 6035 6045
f 6069 6059 6036
f 6069 6036 6046
f 6070 6060 6037
f 6070 6037 6047
f 6071 6061 6048
f 6072 6039 6049
f 6072 6062 6039
f 6073 6063 6050
f 6074 6051 6059
f 6074 6041 6051
f 6074 6064 6041
f 6075 6067 6052
f 6076 6068 6053
f 6077 6069 6046
f 6077 6046 6054
f 6078 6047 6055
f 6078 6070 6047
f 6079 6048 6056
f 6079 6071 6048
f 6080 6072 6049
f 6080 6049 6057
f 6081 6050 6058
f 6081 6073 6050
f 6082 6074 6059
f 6083 4133 6060
f 6083 4131 4133
f 6084 6061 6071
f 6084 6052 6061
f 6084 6075 6052
f 6085 6076 6053
f 6085 6053 6062
f 6086 6054 6063
f 6086 6077 6054
f 6087 6078 6055
f 6087 6064 6074
f 6087 6055 6064
f 6088 6065 6066
f 6088 6056 6065
f 6088 6079 6056
f 6088 6066 6089
f 6090 6057 6067
f 6090 6080 6057
f 6091 6058 6068
f 6091 6081 6058
f 6092 6069 6077
f 6092 6059 6069
f 6092 6082 6059
f 6093 6060 6070
f 6093 6083 6060
f 6094 6084 6071
f 6095 6085 6062
f 6095 6062 6072
f 6096 6063 6073
f 6096 6086 6063
f 6097 6087 6074
f 6098 6067 6075
f 6098 6090 6067
f 6099 6091 6068
f 6099 6068 6076
f 6100 6092 6077
f 6100 6077 6086
f 6101 6070 6078
f 6101 6093 6070
f 6102 6094 6071
f 6102 6071 6079
f 6103 6072 6080
f 6103 6095 6072
f 6104 6073 6081
f 6104 6096 6073
f 6105 6074 6082
f 6105 6097 6074
f 6106 4131 6083
f 6106 4132 4131
f 6107 6075 6084
f 6107 6098 6075
f 6108 6099 6076
f 6108 6076 6085
f 6109 6100 6086
f 6110 6078 6087
f 6110 6101 6078
f 6111 6079 6088
f 6111 6088 6089
f 6111 6089 6112
f 6111 6102 6079
f 6113 6103 6080
f 6113 6080 6090
f 6114 6104 6081
f 6114 6081 6091
f 6114 6091 6099
f 6115 6082 6092
f 6115 6105 6082
f 6116 6106 6083
f 6116 6083 6093
f 6117 6084 6094
f 6117 6107 6084
f 6118 6108 6085
f 6118 6085 6095
f 6119 6086 6096
f 6119 6109 6086
f 6120 6110 6087
f 6120 6087 6097
f 6121 6090 6098
f 6121 6113 6090
f 6122 6114 6099
f 6123 6100 6109
f 6123 6092 6100
f 6123 6115 6092
f 6124 6116 6093
f 6124 6093 6101
f 6125 6094 6102
f 6125 6117 6094
f 6126 6095 6103
f 6126 6118 6095
f 6127 6096 6104
f 6127 6119 6096
f 6127 6104 6114
f 6128 6097 6105
f 6128 6120 6097
f 6129 6106 6116
f 6129 4130 4132
f 6129 4132 6106
f 6130 6098 6107
f 6130 6121 6098
f 6131 6099 6108
f 6131 6122 6099
f 6131 6108 6118
f 6132 6109 6119
f 6132 6123 6109
f 6133 6124 6101
f 6133 6101 6110
f 6134 6112 6135
f 6134 6102 6111
f 6134 6111 6112
f 6134 6125 6102
f 6136 6103 6113
f 6136 6113 6121
f 6136 6126 6103
f 6137 6127 6114
f 6137 6114 6122
f 6138 6128 6105
f 6138 6105 6115
f 6139 6116 6124
f 6139 6129 6116
f 6140 6107 6117
f 6140 6130 6107
f 6141 6131 6118
f 6142 6132 6119
f 6143 6133 6110
f 6143 6110 6120
f 6144 6136 6121
f 6145 6137 6122
f 6146 6115 6123
f 6146 6138 6115
f 6147 6139 6124
f 6148 6140 6117
f 6148 6117 6125
f 6149 6141 6118
f 6149 6118 6126
f 6150 6119 6127
f 6150 6142 6119
f 6150 6127 6137
f 6151 6143 6120
f 6151 6120 6128
f 6152 4130 6129
f 6152 4128 4130
f 6153 6121 6130
f 6153 6130 6140
f 6153 6144 6121
f 6154 6122 6131
f 6154 6145 6122
f 6155 6123 6132
f 6155 6146 6123
f 6156 6124 6133
f 6156 6147 6124
f 6157 6134 6135
f 6157 6125 6134
f 6157 6148 6125
f 6157 6135 6158
f 6159 6149 6126
f 6159 6126 6136
f 6160 6150 6137
f 6161 6151 6128
f 6161 6128 6138
f 6162 6152 6129
f 6162 6139 6147
f 6162 6129 6139
f 6163 6153 6140
f 6164 6131 6141
f 6164 6154 6131
f 6165 6132 6142
f 6165 6155 6132
f 6166 6133 6143
f 6166 6156 6133
f 6167 6136 6144
f 6167 6159 6136
f 6168 6160 6137
f 6168 6145 6154
f 6168 6137 6145
f 6169 6161 6138
f 6169 6146 6155
f 6169 6138 6146
f 6170 6162 6147
f 6171 6148 6157
f 6171 6163 6140
f 6171 6140 6148
f 6172 6164 6141
f 6172 6141 6149
f 6173 6165 6142
f 6173 6142 6150
f 6174 6166 6143
f 6174 6143 6151
f 6175 4128 6152
f 6175 4129 4128
f 6176 6144 6153
f 6176 6167 6144
f 6177 6168 6154
f 6177 6154 6164
f 6178 6169 6155
f 6179 6147 6156
f 6179 6170 6147
f 6180 6157 6158
f 6180 6158 6181
f 6180 6171 6157
f 6182 6159 6167
f 6182 6172 6149
f 6182 6149 6159
f 6183 6173 6150
f 6183 6150 6160
f 6184 6161 6169
f 6184 6151 6161
f 6184 6174 6151
f 6185 6175 6152
f 6185 6152 6162
f 6186 6153 6163
f 6186 6176 6153
f 6187 6177 6164
f 6188 6155 6165
f 6188 6178 6155
f 6189 6166 6174
f 6189 6179 6156
f 6189 6156 6166
f 6190 6167 6176
f 6190 6182 6167
f 6191 6160 6168
f 6191 6168 6177
f 6191 6183 6160
f 6192 6184 6169
f 6193 6185 6162
f 6193 6162 6170
f 6194 6163 6171
f 6194 6186 6163
f 6195 6172 6182
f 6195 6164 6172
f 6195 6187 6164
f 6196 6165 6173
f 6196 6173 6183
f 6196 6188 6165
f 6197 6189 6174
f 6198 4127 4129
f 6198 6175 6185
f 6198 4129 6175
f 6199 6190 6176
f 6200 6191 6177
f 6201 6192 6169
f 6201 6169 6178
f 6201 6178 6188
f 6202 6193 6170
f 6202 6170 6179
f 6203 6194 6171
f 6203 6171 6180
f 6203 6180 6181
f 6203 6181 6204
f 6205 6195 6182
f 6206 6183 6191
f 6206 6196 6183
f 6207 6174 6184
f 6207 6184 6192
f 6207 6197 6174
f 6208 6198 6185
f 6209 6199 6176
f 6209 6176 6186
f 6210 6200 6177
f 6210 6177 6187
f 6211 6201 6188
f 6212 6179 6189
f 6212 6202 6179
f 6213 6205 6182
f 6213 6182 6190
f 6214 6206 6191
f 6215 6207 6192
f 6216 6185 6193
f 6216 6208 6185
f 6216 6193 6202
f 6217 6209 6186
f 6217 6194 6203
f 6217 6186 6194
f 6218 6210 6187
f 6218 6187 6195
f 6219 6211 6188
f 6219 6188 6196
f 6220 6212 6189
f 6220 6189 6197
f 6221 4126 4127
f 6221 4127 6198
f 6222 6190 6199
f 6222 6213 6190
f 6222 6199 6209
f 6223 6214 6191
f 6223 6191 6200
f 6224 6215 6192
f 6224 6192 6201
f 6225 6202 6212
f 6225 6216 6202
f 6226 6203 6204
f 6226 6217 6203
f 6226 6204 6227
f 6228 6205 6213
f 6228 6195 6205
f 6228 6218 6195
f 6229 6219 6196
f 6229 6196 6206
f 6230 6197 6207
f 6230 6220 6197
f 6231 6198 6208
f 6231 6221 6198
f 6232 6222 6209
f 6233 6200 6210
f 6233 6223 6200
f 6234 6224 6201
f 6234 6201 6211
f 6235 6225 6212
f 6236 6228 6213
f 6237 6229 6206
f 6237 6206 6214
f 6238 6207 6215
f 6238 6230 6207
f 6238 6215 6224
f 6239 6208 6216
f 6239 6231 6208
f 6240 6209 6217
f 6240 6217 6226
f 6240 6232 6209
f 6241 6210 6218
f 6241 6233 6210
f 6242 6234 6211
f 6242 6211 6219
f 6242 6219 6229
f 6243 6220 6230
f 6243 6212 6220
f 6243 6235 6212
f 6244 4125 4126
f 6244 4126 6221
f 6245 6236 6213
f 6245 6213 6222
f 6246 6237 6214
f 6246 6214 6223
f 6247 6238 6224
f 6248 6239 6216
f 6248 6216 6225
f 6249 6226 6227
f 6249 6240 6226
f 6249 6227 6250
f 6251 6218 6228
f 6251 6241 6218
f 6252 6242 6229
f 6253 6243 6230
f 6253 6230 6238
f 6254 6221 6231
f 6254 6244 6221
f 6255 6245 6222
f 6255 6222 6232
f 6256 6223 6233
f 6256 6233 6241
f 6256 6246 6223
f 6257 6247 6224
f 6257 6224 6234
f 6258 6225 6235
f 6258 6248 6225
f 6259 6228 6236
f 6259 6251 6228
f 6260 6237 6246
f 6260 6229 6237
f 6260 6252 6229
f 6261 6253 6238
f 6262 6254 6231
f 6262 6231 6239
f 6262 6239 6248
f 6263 6232 6240
f 6263 6255 6232
f 6264 6241 6251
f 6264 6256 6241
f 6265 6234 6242
f 6265 6257 6234
f 6266 6235 6243
f 6266 6258 6235
f 6267 4124 4125
f 6267 4123 4124
f 6267 4125 6244
f 6268 6236 6245
f 6268 6259 6236
f 6269 6260 6246
f 6269 6246 6256
f 6270 6261 6238
f 6270 6238 6247
f 6270 6247 6257
f 6271 6262 6248
f 6272 6240 6249
f 6272 6249 6250
f 6272 6250 6273
f 6272 6263 6240
f 6274 6251 6259
f 6274 6264 6251
f 6275 6242 6252
f 6275 6252 6260
f 6275 6265 6242
f 6276 6266 6243
f 6276 6243 6253
f 6277 6244 6254
f 6277 6267 6244
f 6278 6268 6245
f 6278 6245 6255
f 6279 6269 6256
f 6279 6256 6264
f 6280 6270 6257
f 6280 6257 6265
f 6281 6271 6248
f 6281 6248 6258
f 6282 6274 6259
f 6282 6259 6268
f 6283 6275 6260
f 6284 6261 6270
f 6284 6276 6253
f 6284 6253 6261
f 6285 6254 6262
f 6285 6277 6254
f 6286 6255 6263
f 6286 6278 6255
f 6287 6279 6264
f 6288 6280 6265
f 6289 6281 6258
f 6289 6258 6266
f 6290 4123 6267
f 6291 6282 6268
f 6291 6268 6278
f 6292 6269 6279
f 6292 6283 6260
f 6292 6260 6269
f 6293 6284 6270
f 6294 6262 6271
f 6294 6285 6262
f 6295 6263 6272
f 6295 6272 6273
f 6295 6286 6263
f 6295 6273 6296
f 6297 6264 6274
f 6297 6287 6264
f 6298 6265 6275
f 6298 6288 6265
f 6299 6266 6276
f 6299 6289 6266
f 6300 6267 6277
f 6300 6290 6267
f 6301 6291 6278
f 6301 6278 6286
f 6302 6292 6279
f 6303 6270 6280
f 6303 6293 6270
f 6304 6294 6271
f 6304 6271 6281
f 6305 6274 6282
f 6305 6297 6274
f 6306 6275 6283
f 6306 6283 6292
f 6306 6298 6275
f 6307 6276 6284
f 6307 6299 6276
f 6307 6284 6293
f 6308 6277 6285
f 6308 6300 6277
f 6308 6285 6294
f 6309 6301 6286
f 6310 6279 6287
f 6310 6302 6279
f 6311 6303 6280
f 6311 6280 6288
f 6312 6281 6289
f 6312 6304 6281
f 6313 4122 4123
f 6313 4123 6290
f 6314 6291 6301
f 6314 6282 6291
f 6314 6305 6282
f 6315 6306 6292
f 6316 6307 6293
f 6316 6293 6303
f 6317 6308 6294
f 6318 6295 6296
f 6318 6309 6286
f 6318 6296 6319
f 6318 6286 6295
f 6320 6287 6297
f 6320 6310 6287
f 6321 6311 6288
f 6321 6288 6298
f 6322 6289 6299
f 6322 6312 6289
f 6323 6290 6300
f 6323 6313 6290
f 6324 6314 6301
f 6325 6315 6292
f 6325 6292 6302
f 6326 6316 6303
f 6327 6317 6294
f 6327 6294 6304
f 6328 6320 6297
f 6328 6297 6305
f 6329 6298 6306
f 6329 6321 6298
f 6330 6299 6307
f 6330 6322 6299
f 6331 6323 6300
f 6331 6300 6308
f 6332 6301 6309
f 6332 6324 6301
f 6333 6302 6310
f 6333 6325 6302
f 6334 6303 6311
f 6334 6326 6303
f 6335 6327 6304
f 6335 6304 6312
f 6336 4121 4122
f 6336 4120 4121
f 6336 5918 4120
f 6336 4122 6313
f 6337 6305 6314
f 6337 6328 6305
f 6338 6329 6306
f 6338 6306 6315
f 6339 6307 6316
f 6339 6330 6307
f 6340 6331 6308
f 6340 6308 6317
f 6341 6309 6318
f 6341 6318 6319
f 6341 6332 6309
f 6341 6319 6342
f 6343 6310 6320
f 6343 6320 6328
f 6343 6333 6310
f 6344 6311 6321
f 6344 6321 6329
f 6344 6334 6311
f 6345 6312 6322
f 6345 6322 6330
f 6345 6335 6312
f 6346 5918 6336
f 6346 6313 6323
f 6346 5919 5918
f 6346 6336 6313
f 6347 6314 6324
f 6347 6337 6314
f 6348 6338 6315
f 6348 6315 6325
f 6349 6339 6316
f 6349 6316 6326
f 6350 6317 6327
f 6350 6327 6335
f 6350 6340 6317
f 6351 6343 6328
f 6352 6344 6329
f 6353 6345 6330
f 6354 6346 6323
f 6354 6323 6331
f 6354 5919 6346
f 6354 5920 5919
f 6355 6324 6332
f 6355 6347 6324
f 6356 6348 6325
f 6356 6325 6333
f 6357 6326 6334
f 6357 6334 6344
f 6357 6349 6326
f 6358 6350 6335
f 6359 6328 6337
f 6359 6351 6328
f 6360 6329 6338
f 6360 6352 6329
f 6361 6330 6339
f 6361 6353 6330
f 6362 6331 6340
f 6362 6354 6331
f 6362 5921 5920
f 6362 5922 5921
f 6362 5920 6354
f 6363 6341 6342
f 6363 6355 6332
f 6363 6332 6341
f 6363 6342 6364
f 6365 6356 6333
f 6365 6333 6343
f 6366 6357 6344
f 6367 6335 6345
f 6367 6358 6335
f 6368 6337 6347
f 6368 6359 6337
f 6369 6338 6348
f 6369 6360 6338
f 6370 6361 6339
f 6370 6349 6357
f 6370 6339 6349
f 6371 6340 6350
f 6371 5923 5922
f 6371 6350 6358
f 6371 6362 6340
f 6371 5922 6362
f 6372 6365 6343
f 6372 6343 6351
f 6373 6344 6352
f 6373 6366 6344
f 6374 6345 6353
f 6374 6367 6345
f 6375 6347 6355
f 6375 6368 6347
f 6375 6355 6363
f 6376 6356 6365
f 6376 6348 6356
f 6376 6369 6348
f 6377 6370 6357
f 6378 6371 6358
f 6378 5923 6371
f 6379 6351 6359
f 6379 6372 6351
f 6380 6373 6352
f 6380 6352 6360
f 6381 6374 6353
f 6381 6353 6361
f 6382 6375 6363
f 6382 6364 6383
f 6382 6363 6364
f 6384 6376 6365
f 6385 6377 6357
f 6385 6357 6366
f 6386 5923 6378
f 6386 6378 6358
f 6386 5924 5923
f 6386 6358 6367
f 6387 6379 6359
f 6387 6359 6368
f 6388 6380 6360
f 6388 6360 6369
f 6389 6361 6370
f 6389 6381 6361
f 6390 6365 6372
f 6390 6372 6379
f 6390 6384 6365
f 6391 6366 6373
f 6391 6385 6366
f 6392 5924 6386
f 6392 5925 5924
f 6392 6386 6367
f 6392 6367 6374
f 6393 6368 6375
f 6393 6387 6368
f 6394 6369 6376
f 6394 6388 6369
f 6395 6370 6377
f 6395 6389 6370
f 6396 6390 6379
f 6397 6373 6380
f 6397 6380 6388
f 6397 6391 6373
f 6398 5925 6392
f 6398 5926 5925
f 6398 6392 6374
f 6398 6374 6381
f 6399 6375 6382
f 6399 6382 6383
f 6399 6393 6375
f 6399 6383 6400
f 6399 6400 6401
f 6402 6376 6384
f 6402 6394 6376
f 6403 6377 6385
f 6403 6395 6377
f 6404 6379 6387
f 6404 6396 6379
f 6405 6388 6394
f 6405 6397 6388
f 6406 6398 6381
f 6406 6381 6389
f 6406 5926 6398
f 6406 5927 5926
f 6407 6384 6390
f 6407 6402 6384
f 6408 6385 6391
f 6408 6403 6385
f 6409 6387 6393
f 6409 6404 6387
f 6409 6393 6399
f 6410 6405 6394
f 6411 6395 6403
f 6411 6406 6389
f 6411 5928 5927
f 6411 6389 6395
f 6411 5927 6406
f 6412 6390 6396
f 6412 6407 6390
f 6413 6408 6391
f 6413 6391 6397
f 6414 6409 6399
f 6414 6399 6401
f 6415 6410 6394
f 6415 6394 6402
f 6416 5928 6411
f 6416 5929 5928
f 6416 6411 6403
f 6417 6396 6404
f 6417 6412 6396
f 6418 6413 6397
f 6418 6397 6405
f 6419 6407 6412
f 6419 6415 6402
f 6419 6402 6407
f 6420 5929 6416
f 6420 6416 6403
f 6420 5930 5929
f 6420 6403 6408
f 6421 6404 6409
f 6421 6417 6404
f 6422 6418 6405
f 6422 6405 6410
f 6423 6419 6412
f 6424 5930 6420
f 6424 6420 6408
f 6424 5931 5930
f 6424 6408 6413
f 6425 6409 6414
f 6425 6414 6401
f 6425 6421 6409
f 6425 6401 6426
f 6427 6410 6415
f 6427 6422 6410
f 6428 6417 6421
f 6428 6423 6412
f 6428 6412 6417
f 6429 6413 6418
f 6429 5931 6424
f 6429 6424 6413
f 6429 5932 5931
f 6430 6427 6415
f 6430 6415 6419
f 6431 6428 6421
f 6432 5932 6429
f 6432 6429 6418
f 6432 5933 5932
f 6432 6418 6422
f 6433 6419 6423
f 6433 6430 6419
f 6434 6421 6425
f 6434 6425 6426
f 6434 6431 6421
f 6434 6426 6435
f 6436 5933 6432
f 6436 6422 6427
f 6436 6432 6422
f 6436 5934 5933
f 6437 6433 6423
f 6437 6423 6428
f 6438 6427 6430
f 6438 5935 5934
f 6438 5934 6436
f 6438 6436 6427
f 6439 6428 6431
f 6439 6437 6428
f 6440 5936 5935
f 6440 6430 6433
f 6440 5935 6438
f 6440 6438 6430
f 6441 6431 6434
f 6441 6435 6442
f 6441 6434 6435
f 6441 6439 6431
f 6443 5937 5936
f 6443 6440 6433
f 6443 6433 6437
f 6443 5936 6440
f 6444 6443 6437
f 6444 5938 5937
f 6444 6437 6439
f 6444 5937 6443
f 6445 6439 6441
f 6445 6441 6442
f 6445 5938 6444
f 6445 5939 5938
f 6445 5940 5939
f 6445 6442 6446
f 6445 6446 5940
f 6445 6444 6439
f 6447 6448 4165
f 6447 4165 4191
f 6449 4214 6450
f 6449 4213 4214
f 6451 4212 4213
f 6451 4213 6449
f 6452 4210 4211
f 6452 4211 4212
f 6452 4212 6451
f 6453 4210 6452
f 6454 4209 4210
f 6454 4210 6453
f 6455 4208 4209
f 6455 4209 6454
f 6456 4207 4208
f 6456 4208 6455
f 6457 4206 4207
f 6457 4207 6456
f 6458 4205 4206
f 6458 4206 6457
f 6459 4203 4204
f 6459 4204 4205
f 6459 4205 6458
f 6460 4203 6459
f 6461 4203 6460
f 6461 4201 4202
f 6461 4202 4203
f 6462 4201 6461
f 6463 4201 6462
f 6463 4199 4200
f 6463 4200 4201
f 6464 4199 6463
f 6465 4199 6464
f 6465 4197 4198
f 6465 4198 4199
f 6466 4197 6465
f 6467 4197 6466
f 6467 4196 4197
f 6468 4195 4196
f 6468 4196 6467
f 6469 4195 6468
f 6469 4194 4195
f 6470 4193 4194
f 6470 4194 6469
f 6471 4192 4193
f 6471 4193 6470
f 6447 4191 4192
f 6447 4192 6471
f 6472 6473 4166
f 6472 4166 4163
f 6474 4163 4161
f 6474 6472 4163
f 6475 4161 4159
f 6475 6474 4161
f 6476 4159 4157
f 6476 6475 4159
f 6477 4157 4155
f 6477 4155 4153
f 6477 6476 4157
f 6478 4153 4151
f 6478 6477 4153
f 6479 4151 4149
f 6479 6478 4151
f 6480 6479 4149
f 6481 4149 4147
f 6481 6480 4149
f 6482 4147 4145
f 6482 6481 4147
f 6483 4145 4143
f 6483 4143 4144
f 6483 6482 4145
f 6484 6483 4144
f 6485 6484 4144
f 6485 4144 4146
f 6486 6485 4146
f 6486 4146 4148
f 6486 4148 4150
f 6487 6486 4150
f 6488 6487 4150
f 6488 4150 4152
f 6489 6488 4152
f 6489 4152 4154
f 6490 6489 4154
f 6490 4154 4156
f 6491 6490 4156
f 6491 4156 4158
f 6492 6491 4158
f 6492 4158 4160
f 6493 6492 4160
f 6493 4160 4162
f 6494 6493 4162
f 6494 4162 4164
f 6448 6494 4164
f 6448 4164 4165
f 6495 6450 4214
f 6495 4214 4215
f 6473 6496 4167
f 6473 4167 4166
f 6497 6495 4215
f 6497 4215 4218
f 6498 4218 4220
f 6498 6497 4218
f 6499 4220 4222
f 6499 6498 4220
f 6500 4222 4224
f 6500 6499 4222
f 6501 4224 4226
f 6501 6500 4224
f 6502 4226 4228
f 6502 4228 4230
f 6502 6501 4226
f 6503 6502 4230
f 6504 4230 4232
f 6504 6503 4230
f 6505 4232 4234
f 6505 6504 4232
f 6506 4234 4235
f 6506 6505 4234
f 6507 4235 4238
f 6507 6506 4235
f 6508 6507 4238
f 6508 4238 4237
f 6508 4237 4236
f 6509 6508 4236
f 6510 6509 4236
f 6510 4236 4233
f 6510 4233 4231
f 6511 6510 4231
f 6512 6511 4231
f 6512 4231 4229
f 6512 4229 4227
f 6513 6512 4227
f 6514 6513 4227
f 6514 4227 4225
f 6515 6514 4225
f 6515 4225 4223
f 6516 6515 4223
f 6516 4223 4221
f 6517 6516 4221
f 6517 4221 4219
f 6518 6517 4219
f 6518 4219 4217
f 6519 6518 4217
f 6519 4217 4216
f 6520 4167 6496
f 6520 4168 4167
f 6521 4169 4168
f 6521 4168 6520
f 6522 4171 4170
f 6522 4170 4169
f 6522 4169 6521
f 6523 4171 6522
f 6524 4172 4171
f 6524 4171 6523
f 6525 4173 4172
f 6525 4172 6524
f 6526 4174 4173
f 6526 4173 6525
f 6527 4175 4174
f 6527 4174 6526
f 6528 4176 4175
f 6528 4175 6527
f 6529 4178 4177
f 6529 4177 4176
f 6529 4176 6528
f 6530 4178 6529
f 6531 4178 6530
f 6531 4180 4179
f 6531 4179 4178
f 6532 4180 6531
f 6533 4180 6532
f 6533 4182 4181
f 6533 4181 4180
f 6534 4182 6533
f 6535 4182 6534
f 6535 4184 4183
f 6535 4183 4182
f 6536 4184 6535
f 6537 4184 6536
f 6537 4185 4184
f 6538 4186 4185
f 6538 4185 6537
f 6539 4186 6538
f 6539 4187 4186
f 6540 4188 4187
f 6540 4187 6539
f 6541 4189 4188
f 6541 4188 6540
f 6542 4190 4189
f 6542 4189 6541
f 6542 6519 4216
f 6542 4216 4190
f 5261 5192 5169
f 5261 5193 5192
f 5261 5238 5193
f 5078 5261 5169
f 5078 5146 5123
f 5078 5169 5146
f 5319 5302 5283
f 5345 5333 5319
f 5031 5077 5032
f 5008 5261 5078
f 5008 5077 5031
f 5008 5078 5077
f 5361 5354 5345
f 4962 5008 4963
f 5365 5361 5345
f 4836 5319 5283
f 4836 5345 5319
f 4836 5365 5345
f 4836 5283 5261
f 4961 4836 5261
f 4961 5261 5008
f 4961 5008 4962
f 6543 6544 4836
f 6545 4836 6544
f 6546 6543 4836
f 6547 6546 4836
f 6548 4836 6545
f 6549 6547 4836
f 6550 4836 6548
f 6551 4836 6550
f 6552 6549 4836
f 6553 6552 4836
f 6554 4836 6551
f 6555 6553 4836
f 6556 4836 6554
f 6557 4836 6556
f 6558 6555 4836
f 6559 6558 4836
f 6560 4836 6557
f 6561 6559 4836
f 6562 4836 6560
f 6563 6561 4836
f 6564 4836 6562
f 6565 4836 4961
f 6565 6563 4836
f 4410 6564 6566
f 4410 4836 6564
f 6567 4411 4410
f 6567 4434 4411
f 6567 4457 4434
f 6567 4480 4457
f 6567 4503 4480
f 6567 4526 4503
f 6567 4549 4526
f 6567 4572 4549
f 6567 4595 4572
f 6567 4596 4595
f 6567 4410 6566
f 6568 4596 6567
f 6568 4641 4596
f 6569 4642 4641
f 6569 4641 6568
f 6570 4642 6569
f 6570 4687 4642
f 6570 4710 4687
f 6571 4710 6570
f 6571 4732 4710
f 6572 4732 6571
f 6572 4751 4732
f 6573 4751 6572
f 4768 6573 6574
f 4768 4751 6573
f 4769 6574 6575
f 4769 4768 6574
f 4783 6575 6576
f 4783 4769 6575
f 4803 6577 6578
f 4803 6576 6577
f 4803 4783 6576
f 4810 6578 6579
f 4810 4803 6578
f 4285 6579 6580
f 4285 4810 6579
f 4283 6581 6582
f 4283 6583 6581
f 4283 6584 6583
f 4283 6585 6584
f 4283 6586 6585
f 4283 6580 6586
f 4283 4285 6580
f 4283 6587 6588
f 4283 6589 6587
f 4283 6590 6589
f 4283 6582 6590
f 5898 5917 5907
f 5898 5388 5917
f 5885 5898 5897
f 5854 5885 5871
f 5854 5898 5885
f 5835 5898 5854
f 5835 5388 5898
f 5813 5388 5835
f 5767 5388 5813
f 5767 5813 5790
f 5722 5388 5767
f 5676 5722 5721
f 5675 5722 5676
f 5652 5722 5675
f 5629 5388 5722
f 5629 5722 5652
f 5583 5629 5606
f 5560 5388 5629
f 5560 5629 5583
f 5514 5560 5537
f 5513 5388 5560
f 5513 5560 5514
f 6591 5388 5513
f 6591 4961 5388
f 6591 6565 4961
f 6592 6591 5513
f 6593 6592 5513
f 6594 6593 5513
f 6595 6594 5513
f 6596 6595 5513
f 6597 6596 5513
f 6598 6597 5513
f 6599 6598 5513
f 6600 6599 5513
f 6601 6600 5513
f 6602 6601 5513
f 6603 6602 5513
f 6604 6603 5513
f 6605 6604 5513
f 6606 6605 5513
f 6607 6606 5513
f 6608 6607 5513
f 6609 6608 5513
f 6610 6609 5513
f 6611 6610 5513
f 6612 6611 5513
f 6613 6612 5513
f 4284 4283 6588
f 4284 6614 6615
f 4284 6616 6614
f 4284 6617 6616
f 4284 6618 6617
f 4284 6619 6618
f 4284 6620 6619
f 4284 6621 6620
f 4284 6622 6621
f 4284 6623 6622
f 4284 6624 6623
f 4284 6588 6624
f 5940 6625 6613
f 5940 6626 6625
f 6446 6626 5940
f 6043 6615 6627
f 6043 4284 6615
f 6066 6043 6627
f 6066 6627 6628
f 6442 6626 6446
f 6435 6626 6442
f 6089 6066 6628
f 6089 6629 6630
f 6089 6628 6629
f 6426 6626 6435
f 6112 6089 6630
f 6112 6630 6631
f 6135 6112 6631
f 6135 6631 6632
f 6401 6626 6426
f 6158 6135 6632
f 6158 6632 6633
f 6400 6626 6401
f 6181 6158 6633
f 6181 6633 6634
f 6383 6626 6400
f 6204 6181 6634
f 6204 6634 6635
f 6364 6626 6383
f 6342 6626 6364
f 6227 6204 6635
f 6227 6635 6636
f 6250 6227 6636
f 6319 6626 6342
f 6319 6637 6626
f 6273 6250 6636
f 6273 6636 6638
f 6296 6638 6637
f 6296 6637 6319
f 6296 6273 6638
f 5940 6613 5513
f 6483 6639 6640
f 6484 6639 6483
f 6482 6483 6640
f 6482 6640 6641
f 6485 6642 6639
f 6485 6639 6484
f 6481 6641 6643
f 6481 6482 6641
f 6486 6644 6642
f 6486 6642 6485
f 6480 6643 6645
f 6480 6481 6643
f 6487 6646 6644
f 6487 6644 6486
f 6479 6645 6647
f 6479 6480 6645
f 6488 6648 6646
f 6488 6646 6487
f 6478 6647 6649
f 6478 6479 6647
f 6489 6650 6648
f 6489 6648 6488
f 6477 6649 6651
f 6477 6478 6649
f 6490 6652 6650
f 6490 6650 6489
f 6476 6651 6653
f 6476 6477 6651
f 6491 6654 6652
f 6491 6652 6490
f 6475 6653 6655
f 6475 6476 6653
f 6492 6654 6491
f 6492 6656 6654
f 6474 6655 6657
f 6474 6475 6655
f 6493 6656 6492
f 6493 6658 6656
f 6472 6657 6659
f 6472 6474 6657
f 6494 6658 6493
f 6494 6660 6658
f 6448 6660 6494
f 6448 6661 6660
f 6473 6659 6662
f 6473 6472 6659
f 6496 6662 6663
f 6496 6663 6664
f 6496 6473 6662
f 6520 6664 6665
f 6520 6496 6664
f 6521 6665 6666
f 6521 6520 6665
f 6522 6521 6666
f 6522 6666 6667
f 6523 6522 6667
f 6523 6667 6668
f 6524 6523 6668
f 6669 6524 6668
f 6525 6524 6669
f 6670 6525 6669
f 6526 6525 6670
f 6671 6526 6670
f 6527 6526 6671
f 6672 6527 6671
f 6528 6527 6672
f 6673 6528 6672
f 6529 6528 6673
f 6674 6529 6673
f 6530 6529 6674
f 6675 6530 6674
f 6675 6531 6530
f 6532 6531 6675
f 6676 6532 6675
f 6533 6532 6676
f 6677 6533 6676
f 6534 6533 6677
f 6678 6534 6677
f 6535 6534 6678
f 6679 6535 6678
f 6536 6535 6679
f 6680 6536 6679
f 6537 6536 6680
f 6681 6538 6537
f 6681 6537 6680
f 6682 6539 6538
f 6682 6538 6681
f 6683 6540 6539
f 6683 6539 6682
f 6684 6541 6540
f 6684 6540 6683
f 6685 6542 6541
f 6685 6541 6684
f 6686 6542 6685
f 6447 6661 6448
f 6447 6687 6688
f 6447 6688 6661
f 6471 6689 6687
f 6471 6687 6447
f 6470 6690 6689
f 6470 6689 6471
f 6469 6691 6690
f 6469 6690 6470
f 6468 6692 6691
f 6468 6691 6469
f 6467 6692 6468
f 6693 6692 6467
f 6466 6693 6467
f 6694 6693 6466
f 6465 6694 6466
f 6695 6694 6465
f 6464 6695 6465
f 6696 6695 6464
f 6463 6696 6464
f 6697 6696 6463
f 6462 6697 6463
f 6698 6697 6462
f 6461 6698 6462
f 6460 6698 6461
f 6699 6698 6460
f 6459 6699 6460
f 6700 6699 6459
f 6458 6700 6459
f 6701 6700 6458
f 6457 6701 6458
f 6702 6701 6457
f 6456 6702 6457
f 6703 6702 6456
f 6455 6703 6456
f 6704 6703 6455
f 6454 6704 6455
f 6705 6454 6453
f 6705 6704 6454
f 6706 6453 6452
f 6706 6705 6453
f 6707 6452 6451
f 6707 6706 6452
f 6708 6451 6449
f 6708 6707 6451
f 6709 6449 6450
f 6709 6708 6449
f 6710 6709 6450
f 6495 6710 6450
f 6711 6519 6542
f 6711 6542 6686
f 6712 6710 6495
f 6713 6518 6519
f 6713 6519 6711
f 6714 6495 6497
f 6714 6712 6495
f 6715 6517 6518
f 6715 6518 6713
f 6716 6497 6498
f 6716 6714 6497
f 6717 6517 6715
f 6717 6516 6517
f 6718 6498 6499
f 6718 6716 6498
f 6719 6515 6516
f 6719 6516 6717
f 6720 6718 6499
f 6720 6499 6500
f 6721 6515 6719
f 6721 6514 6515
f 6722 6720 6500
f 6722 6500 6501
f 6723 6513 6514
f 6723 6514 6721
f 6724 6722 6501
f 6724 6501 6502
f 6725 6512 6513
f 6725 6513 6723
f 6726 6502 6503
f 6726 6724 6502
f 6727 6512 6725
f 6727 6511 6512
f 6728 6503 6504
f 6728 6726 6503
f 6729 6510 6511
f 6729 6511 6727
f 6730 6504 6505
f 6730 6728 6504
f 6731 6505 6506
f 6731 6730 6505
f 6732 6509 6510
f 6732 6510 6729
f 6733 6508 6509
f 6733 6509 6732
f 6734 6731 6506
f 6734 6506 6507
f 6734 6507 6508
f 6734 6508 6733
f 6568 6567 6735
f 6568 6735 6736
f 6569 6736 6737
f 6569 6568 6736
f 6570 6737 6738
f 6570 6569 6737
f 6571 6738 6739
f 6571 6570 6738
f 6572 6739 6740
f 6572 6571 6739
f 6573 6740 6741
f 6573 6572 6740
f 6574 6741 6742
f 6574 6573 6741
f 6575 6742 6743
f 6575 6574 6742
f 6576 6743 6744
f 6576 6575 6743
f 6577 6744 6745
f 6577 6576 6744
f 6578 6745 6746
f 6578 6577 6745
f 6579 6578 6746
f 6579 6746 6747
f 6580 6579 6747
f 6580 6747 6748
f 6586 6580 6748
f 6586 6748 6749
f 6585 6586 6749
f 6585 6749 6750
f 6584 6585 6750
f 6584 6750 6751
f 6583 6751 6752
f 6583 6584 6751
f 6581 6583 6752
f 6581 6752 6753
f 6582 6753 6754
f 6582 6581 6753
f 6590 6754 6755
f 6590 6582 6754
f 6589 6755 6756
f 6589 6590 6755
f 6587 6756 6757
f 6587 6589 6756
f 6588 6587 6757
f 6588 6757 6758
f 6624 6588 6758
f 6624 6758 6759
f 6637 6760 6626
f 6637 6761 6760
f 6638 6762 6761
f 6638 6763 6762
f 6638 6761 6637
f 6636 6764 6763
f 6636 6763 6638
f 6635 6765 6764
f 6635 6764 6636
f 6634 6765 6635
f 6633 6766 6765
f 6633 6765 6634
f 6632 6767 6766
f 6632 6766 6633
f 6631 6768 6767
f 6631 6767 6632
f 6630 6769 6768
f 6630 6768 6631
f 6629 6770 6769
f 6629 6769 6630
f 6628 6771 6770
f 6628 6770 6629
f 6627 6771 6628
f 6627 6772 6771
f 6615 6772 6627
f 6615 6773 6772
f 6614 6773 6615
f 6614 6774 6773
f 6616 6774 6614
f 6616 6775 6774
f 6617 6775 6616
f 6617 6776 6775
f 6618 6777 6776
f 6618 6776 6617
f 6619 6777 6618
f 6619 6778 6777
f 6620 6779 6778
f 6620 6778 6619
f 6621 6780 6779
f 6621 6779 6620
f 6622 6781 6780
f 6622 6780 6621
f 6623 6782 6781
f 6623 6781 6622
f 6624 6782 6623
f 6624 6759 6782
f 6783 6626 6760
f 6783 6625 6626
f 6613 6625 6783
f 6613 6783 6784
f 6612 6784 6785
f 6612 6613 6784
f 6611 6785 6786
f 6611 6612 6785
f 6610 6786 6787
f 6610 6611 6786
f 6609 6787 6788
f 6609 6610 6787
f 6608 6788 6789
f 6608 6609 6788
f 6607 6789 6790
f 6607 6608 6789
f 6606 6790 6791
f 6606 6607 6790
f 6605 6791 6792
f 6605 6606 6791
f 6604 6792 6793
f 6604 6605 6792
f 6603 6793 6794
f 6603 6604 6793
f 6602 6603 6794
f 6602 6794 6795
f 6601 6602 6795
f 6601 6795 6796
f 6600 6601 6796
f 6600 6796 6797
f 6599 6600 6797
f 6599 6797 6798
f 6598 6599 6798
f 6598 6798 6799
f 6597 6799 6800
f 6597 6598 6799
f 6596 6597 6800
f 6596 6800 6801
f 6595 6801 6802
f 6595 6596 6801
f 6594 6802 6803
f 6594 6595 6802
f 6593 6803 6804
f 6593 6594 6803
f 6592 6804 6805
f 6592 6593 6804
f 6591 6592 6805
f 6591 6805 6806
f 6591 6807 6565
f 6591 6806 6807
f 6564 6808 6566
f 6564 6809 6808
f 6562 6810 6809
f 6562 6809 6564
f 6560 6811 6810
f 6560 6810 6562
f 6557 6812 6811
f 6557 6811 6560
f 6556 6813 6812
f 6556 6812 6557
f 6554 6814 6813
f 6554 6813 6556
f 6551 6815 6814
f 6551 6814 6554
f 6550 6816 6815
f 6550 6815 6551
f 6548 6817 6816
f 6548 6816 6550
f 6545 6818 6817
f 6545 6817 6548
f 6544 6819 6818
f 6544 6818 6545
f 6543 6819 6544
f 6543 6820 6819
f 6546 6820 6543
f 6546 6821 6820
f 6547 6821 6546
f 6547 6822 6821
f 6549 6822 6547
f 6549 6823 6822
f 6552 6823 6549
f 6552 6824 6823
f 6553 6825 6824
f 6553 6824 6552
f 6555 6825 6553
f 6555 6826 6825
f 6558 6827 6826
f 6558 6826 6555
f 6559 6828 6827
f 6559 6827 6558
f 6561 6829 6828
f 6561 6828 6559
f 6563 6830 6829
f 6563 6829 6561
f 6565 6830 6563
f 6565 6807 6830
f 6808 6735 6567
f 6808 6567 6566
f 6659 6831 6832
f 6659 6832 6662
f 6657 6833 6831
f 6657 6831 6659
f 6655 6834 6833
f 6655 6833 6657
f 6653 6835 6834
f 6653 6834 6655
f 6651 6836 6835
f 6651 6835 6653
f 6649 6837 6836
f 6649 6836 6651
f 6647 6838 6837
f 6647 6837 6649
f 6645 6839 6838
f 6645 6838 6647
f 6643 6840 6839
f 6643 6839 6645
f 6641 6841 6840
f 6641 6840 6643
f 6640 6842 6841
f 6640 6841 6641
f 6639 6842 6640
f 6639 6843 6842
f 6639 6844 6843
f 6642 6844 6639
f 6644 6844 6642
f 6644 6845 6844
f 6644 6846 6845
f 6646 6846 6644
f 6648 6847 6846
f 6648 6846 6646
f 6650 6848 6847
f 6650 6849 6848
f 6650 6847 6648
f 6652 6849 6650
f 6654 6850 6849
f 6654 6851 6850
f 6654 6849 6652
f 6656 6851 6654
f 6658 6852 6851
f 6658 6851 6656
f 6660 6853 6852
f 6660 6852 6658
f 6661 6854 6853
f 6661 6853 6660
f 6855 6854 6661
f 6688 6855 6661
f 6688 6856 6855
f 6687 6857 6856
f 6687 6856 6688
f 6689 6858 6857
f 6689 6857 6687
f 6690 6859 6858
f 6690 6858 6689
f 6691 6860 6859
f 6691 6859 6690
f 6692 6861 6860
f 6692 6860 6691
f 6693 6862 6861
f 6693 6861 6692
f 6694 6863 6862
f 6694 6862 6693
f 6695 6864 6863
f 6695 6863 6694
f 6696 6865 6864
f 6696 6864 6695
f 6697 6866 6865
f 6697 6865 6696
f 6698 6866 6697
f 6699 6866 6698
f 6699 6867 6868
f 6699 6868 6866
f 6700 6867 6699
f 6701 6867 6700
f 6701 6869 6870
f 6701 6870 6867
f 6702 6871 6869
f 6702 6869 6701
f 6703 6871 6702
f 6704 6872 6873
f 6704 6873 6871
f 6704 6871 6703
f 6705 6874 6872
f 6705 6872 6704
f 6706 6874 6705
f 6707 6875 6876
f 6707 6876 6874
f 6707 6874 6706
f 6708 6877 6875
f 6708 6875 6707
f 6709 6878 6877
f 6709 6877 6708
f 6710 6878 6709
f 6712 6879 6878
f 6712 6878 6710
f 6712 6880 6879
f 6714 6881 6880
f 6714 6880 6712
f 6716 6881 6714
f 6718 6882 6881
f 6718 6881 6716
f 6720 6883 6882
f 6720 6882 6718
f 6722 6884 6883
f 6722 6883 6720
f 6724 6885 6884
f 6724 6884 6722
f 6726 6886 6885
f 6726 6887 6886
f 6726 6885 6724
f 6728 6887 6726
f 6730 6888 6887
f 6730 6887 6728
f 6731 6889 6888
f 6731 6890 6889
f 6731 6888 6730
f 6734 6890 6731
f 6733 6890 6734
f 6733 6891 6890
f 6732 6891 6733
f 6732 6892 6891
f 6729 6892 6732
f 6729 6893 6892
f 6729 6894 6893
f 6727 6894 6729
f 6725 6894 6727
f 6725 6895 6894
f 6723 6896 6895
f 6723 6895 6725
f 6723 6897 6896
f 6721 6898 6897
f 6721 6897 6723
f 6719 6898 6721
f 6717 6899 6898
f 6717 6900 6899
f 6717 6898 6719
f 6715 6901 6900
f 6715 6900 6717
f 6713 6901 6715
f 6711 6902 6901
f 6711 6901 6713
f 6686 6903 6902
f 6686 6902 6711
f 6686 6904 6903
f 6685 6905 6904
f 6685 6904 6686
f 6684 6906 6905
f 6684 6905 6685
f 6683 6907 6906
f 6683 6906 6684
f 6682 6908 6907
f 6682 6907 6683
f 6681 6909 6908
f 6681 6908 6682
f 6680 6910 6909
f 6680 6909 6681
f 6679 6911 6910
f 6679 6910 6680
f 6678 6912 6911
f 6678 6911 6679
f 6677 6913 6912
f 6677 6912 6678
f 6676 6914 6913
f 6676 6913 6677
f 6675 6914 6676
f 6674 6914 6675
f 6674 6915 6916
f 6674 6916 6914
f 6673 6915 6674
f 6672 6915 6673
f 6672 6917 6918
f 6672 6918 6915
f 6671 6919 6917
f 6671 6917 6672
f 6670 6919 6671
f 6669 6920 6921
f 6669 6921 6919
f 6669 6919 6670
f 6668 6922 6920
f 6668 6920 6669
f 6667 6922 6668
f 6666 6923 6924
f 6666 6924 6922
f 6666 6922 6667
f 6665 6925 6923
f 6665 6923 6666
f 6664 6926 6925
f 6664 6925 6665
f 6663 6926 6664
f 6662 6832 6926
f 6662 6926 6663
f 6743 6745 6744
f 6743 6746 6745
f 6751 6750 6749
f 6753 6752 6751
f 6738 6740 6739
f 6755 6747 6746
f 6755 6748 6747
f 6755 6749 6748
f 6755 6754 6753
f 6755 6751 6749
f 6755 6753 6751
f 6758 6756 6755
f 6758 6757 6756
f 6735 6737 6736
f 6735 6738 6737
f 6735 6741 6740
f 6735 6742 6741
f 6735 6743 6742
f 6735 6746 6743
f 6735 6758 6755
f 6735 6740 6738
f 6735 6755 6746
f 6927 6928 6758
f 6929 6758 6928
f 6930 6927 6758
f 6931 6930 6758
f 6932 6758 6929
f 6933 6931 6758
f 6934 6758 6932
f 6935 6758 6934
f 6936 6933 6758
f 6936 6758 6735
f 6937 6758 6935
f 6938 6936 6735
f 6939 6758 6937
f 6940 6938 6735
f 6941 6940 6735
f 6942 6758 6939
f 6943 6758 6942
f 6944 6941 6735
f 6945 6944 6735
f 6946 6758 6943
f 6947 6945 6735
f 6948 6758 6946
f 6949 6947 6735
f 6950 6758 6948
f 6951 6758 6950
f 6952 6949 6735
f 6953 6758 6951
f 6954 6952 6735
f 6955 6758 6953
f 6956 6954 6735
f 6957 6758 6955
f 6958 6956 6735
f 6959 6758 6957
f 6960 6958 6735
f 6961 6960 6735
f 6962 6961 6735
f 6808 6963 6964
f 6808 6964 6965
f 6808 6965 6966
f 6808 6966 6967
f 6808 6967 6968
f 6808 6968 6969
f 6808 6969 6970
f 6808 6970 6971
f 6808 6971 6972
f 6808 6972 6973
f 6808 6973 6974
f 6808 6974 6975
f 6808 6975 6976
f 6808 6976 6977
f 6808 6977 6978
f 6808 6978 6979
f 6808 6979 6962
f 6808 6962 6735
f 6811 6809 6810
f 6812 6808 6809
f 6812 6809 6811
f 6814 6812 6813
f 6815 6812 6814
f 6818 6815 6816
f 6818 6816 6817
f 6819 6815 6818
f 6819 6812 6815
f 6821 6819 6820
f 6822 6812 6819
f 6822 6808 6812
f 6822 6819 6821
f 6824 6822 6823
f 6829 6827 6828
f 6830 6808 6822
f 6830 6827 6829
f 6830 6824 6825
f 6830 6825 6826
f 6830 6826 6827
f 6830 6822 6824
f 6807 6808 6830
f 6807 6980 6981
f 6807 6981 6963
f 6807 6963 6808
f 6982 6983 6984
f 6982 6984 6985
f 6982 6985 6986
f 6982 6986 6987
f 6982 6987 6988
f 6989 6988 6990
f 6989 6990 6991
f 6989 6991 6992
f 6989 6992 6993
f 6989 6993 6994
f 6989 6982 6988
f 6995 6994 6996
f 6995 6996 6997
f 6995 6997 6998
f 6995 6998 6999
f 6995 6999 7000
f 6995 6989 6994
f 7001 6959 7002
f 7001 7002 7003
f 7001 7003 7004
f 7001 7004 6983
f 7001 6758 6959
f 7001 6983 6982
f 7005 7001 6982
f 7006 6989 6995
f 7007 7000 7008
f 7007 7008 7009
f 7007 7009 7010
f 7007 7010 7011
f 7007 7011 7012
f 7007 7012 7013
f 7007 6995 7000
f 7014 6758 7001
f 7015 7001 7005
f 7016 7006 6995
f 7017 7006 7016
f 7017 7015 7005
f 7017 7005 7006
f 7018 7015 7017
f 7019 7014 7018
f 7020 7021 7007
f 7022 7007 7013
f 7022 7013 7023
f 7022 7020 7007
f 7024 7014 7019
f 7025 7018 7017
f 7025 7019 7018
f 7026 7016 7021
f 7026 7021 7020
f 7026 7017 7016
f 7027 7026 7020
f 7028 7019 7025
f 7029 7026 7027
f 7030 7028 7025
f 7031 7025 7032
f 7031 7030 7025
f 7033 7032 7026
f 7033 7026 7029
f 7034 7027 7035
f 7034 7029 7027
f 7036 7028 7030
f 7036 7037 7028
f 7038 7031 7032
f 7039 7032 7033
f 7039 7038 7032
f 7040 7039 7033
f 7041 7031 7038
f 7042 7041 7038
f 7043 7039 7040
f 7044 7022 7023
f 7044 7045 7022
f 7046 7022 7045
f 7047 7023 7048
f 7047 7044 7023
f 7049 7035 7022
f 7049 7022 7046
f 7050 7047 7048
f 7050 7048 7051
f 7050 7051 7052
f 7053 7035 7049
f 7054 7052 7055
f 7054 7050 7052
f 7056 7035 7053
f 7057 7054 7055
f 7057 7055 7058
f 7057 7058 7059
f 7060 7035 7056
f 7061 7059 7062
f 7061 7057 7059
f 7063 7035 7060
f 7063 7034 7035
f 7064 7061 7062
f 7064 7062 7065
f 7066 7034 7063
f 7067 7065 7068
f 7067 7068 7069
f 7067 7064 7065
f 7070 7034 7066
f 7071 7067 7069
f 7071 7069 7072
f 7073 7034 7070
f 7074 7071 7072
f 7074 7072 7075
f 7076 7034 7073
f 7077 7075 7078
f 7077 7078 7079
f 7077 7074 7075
f 7080 7040 7034
f 7080 7034 7076
f 7081 7079 7082
f 7081 7077 7079
f 7083 7040 7080
f 7084 6980 6807
f 7084 7081 7082
f 7084 7082 6980
f 7085 7040 7083
f 7086 7084 6807
f 7087 7040 7085
f 7088 7086 6807
f 7089 7040 7087
f 7090 7088 6807
f 7091 7043 7040
f 7091 7040 7089
f 7092 7090 6807
f 7093 7043 7091
f 7094 7092 6807
f 7095 7043 7093
f 7096 7094 6807
f 7097 7043 7095
f 7098 7096 6807
f 7099 7042 7043
f 7099 7043 7097
f 7100 7098 6807
f 7101 7042 7099
f 7102 7100 6807
f 7103 7042 7101
f 7104 7102 6807
f 7105 7042 7103
f 7106 7104 6807
f 7107 7106 6807
f 7108 7024 7037
f 7108 7109 7024
f 7110 7108 7037
f 7111 7024 7109
f 7112 7110 7037
f 7113 7024 7111
f 7114 7112 7037
f 7115 7024 7113
f 7116 7114 7037
f 7117 7024 7115
f 7117 7014 7024
f 7118 7116 7037
f 7118 7037 7036
f 7119 7014 7117
f 7120 7118 7036
f 7121 7014 7119
f 7122 7014 7121
f 7123 7120 7036
f 7124 7014 7122
f 7125 7123 7036
f 7126 7107 6807
f 7127 7125 7036
f 7128 7014 7124
f 7129 7014 7128
f 7130 7127 7036
f 7131 7130 7036
f 7132 7126 6807
f 7133 7132 6807
f 7134 7133 6807
f 7135 7134 6807
f 7136 7135 6807
f 7137 7036 7041
f 7137 7131 7036
f 7138 7136 6807
f 7139 7137 7041
f 7140 7139 7041
f 7141 7140 7041
f 7142 7138 6807
f 7143 7141 7041
f 7144 7143 7041
f 7145 7041 7042
f 7145 7144 7041
f 7146 7142 6807
f 7147 7145 7042
f 7147 7042 7105
f 7148 7147 7105
f 7149 7146 6807
f 7150 7151 7152
f 7153 7148 7105
f 7153 7150 7152
f 7153 7152 7148
f 7154 7151 7150
f 7154 7155 7156
f 7154 7156 7151
f 7157 7105 7158
f 7157 7153 7105
f 7159 7155 7154
f 7159 7160 7155
f 7161 7158 7162
f 7161 7157 7158
f 7163 7160 7159
f 7163 7164 7165
f 7163 7165 7160
f 7166 7167 7168
f 7166 7162 7167
f 7166 7161 7162
f 7169 7170 7164
f 7169 7164 7163
f 7171 7166 7168
f 7171 7168 7172
f 7173 7174 7175
f 7173 7175 7170
f 7173 7170 7169
f 7176 7171 7172
f 7177 7174 7173
f 7177 7178 7179
f 7177 7179 7174
f 7180 7181 7182
f 7180 7172 7181
f 7180 7176 7172
f 7183 7184 7178
f 7183 7178 7177
f 7185 7180 7182
f 7186 7187 7188
f 7186 7188 7184
f 7186 7184 7183
f 7189 7190 7191
f 7189 7182 7190
f 7189 7185 7182
f 7192 7187 7186
f 7193 7189 7191
f 7194 7187 7192
f 7195 7193 7191
f 7195 7191 7196
f 7197 7198 7187
f 7197 7187 7194
f 7199 7195 7196
f 7199 7196 7200
f 7201 7198 7197
f 7202 7203 7204
f 7202 7200 7203
f 7202 7199 7200
f 7205 7198 7201
f 7206 7202 7204
f 7207 7208 7209
f 7207 7209 7198
f 7207 7198 7205
f 7210 7204 7211
f 7210 7206 7204
f 7212 7208 7207
f 7212 7213 7208
f 7214 7210 7211
f 7214 7215 7216
f 7214 7211 7215
f 7217 7213 7212
f 7217 7218 7219
f 7217 7219 7213
f 7220 7214 7216
f 7221 7218 7217
f 7221 7222 7223
f 7221 7223 7218
f 7224 7220 7216
f 7224 7216 7225
f 7226 7222 7221
f 7226 7227 7222
f 7228 7225 7229
f 7228 7224 7225
f 7230 7231 7232
f 7230 7232 7227
f 7230 7227 7226
f 7233 7228 7229
f 7233 7234 7235
f 7233 7229 7234
f 7236 7231 7230
f 7236 7237 7231
f 7238 7233 7235
f 7239 7237 7236
f 7239 7240 7241
f 7239 7241 7237
f 7242 7235 7243
f 7242 7238 7235
f 7244 7240 7239
f 7244 7245 7240
f 7246 7247 7248
f 7246 7243 7247
f 7246 7242 7243
f 7249 7245 7244
f 7249 7250 7245
f 7251 7248 7252
f 7251 7246 7248
f 7253 7251 7252
f 7254 7255 7256
f 7257 7254 7256
f 7257 7256 7258
f 7259 7258 7260
f 7259 7260 7261
f 7259 7257 7258
f 7262 7255 7254
f 7263 7255 7262
f 7263 7264 7265
f 7263 7265 7255
f 7266 7259 7261
f 7267 7261 7268
f 7267 7266 7261
f 7269 7264 7263
f 7270 7268 7271
f 7270 7271 7272
f 7270 7267 7268
f 7273 7274 7275
f 7273 7275 7264
f 7273 7264 7269
f 7276 7270 7272
f 7277 7274 7273
f 7278 7272 7279
f 7278 7276 7272
f 7280 7281 7282
f 7280 7282 7274
f 7280 7274 7277
f 7283 7279 7284
f 7283 7278 7279
f 7285 7281 7280
f 7286 7287 7281
f 7286 7281 7285
f 7288 7284 7289
f 7288 7283 7284
f 7290 7252 7291
f 7290 7253 7252
f 7292 7289 7293
f 7292 7293 7294
f 7292 7288 7289
f 7295 7296 7287
f 7295 7287 7286
f 7297 7292 7294
f 7298 7296 7295
f 7298 7299 7296
f 7300 7297 7294
f 7300 7294 7301
f 7302 7291 7303
f 7302 7290 7291
f 7304 7305 7306
f 7304 7303 7305
f 7304 7302 7303
f 7307 7304 7306
f 7308 7309 7310
f 7308 7306 7309
f 7308 7307 7306
f 7311 7308 7310
f 7312 7300 7301
f 7312 7301 7313
f 7314 7310 7315
f 7314 7311 7310
f 7316 7312 7313
f 7316 7313 7317
f 7318 7316 7317
f 7318 7317 7319
f 7320 7319 7321
f 7320 7321 7322
f 7320 7318 7319
f 7323 7315 7149
f 7323 7314 7315
f 7324 7320 7322
f 7324 7322 7325
f 7326 7324 7325
f 7327 7325 7328
f 7327 7326 7325
f 7329 7328 7330
f 7329 7330 7250
f 7329 7327 7328
f 7331 7329 7250
f 7331 7250 7249
f 7332 7333 7334
f 7335 7332 7334
f 7335 7334 7331
f 7335 7331 7249
f 7336 7333 7332
f 7336 7337 7338
f 7336 7338 7333
f 7339 7335 7249
f 7339 7249 7340
f 7341 7337 7336
f 7341 7342 7337
f 7343 7340 7344
f 7343 7339 7340
f 7345 7342 7341
f 7345 7346 7347
f 7345 7347 7342
f 7348 7343 7344
f 7348 7349 7350
f 7348 7344 7349
f 7351 7346 7345
f 7351 7352 7346
f 7353 7348 7350
f 7354 7355 7356
f 7354 7356 7352
f 7354 7352 7351
f 7357 7350 7358
f 7357 7353 7350
f 7359 7360 7361
f 7359 7361 7355
f 7359 7355 7354
f 7362 7363 7364
f 7362 7358 7363
f 7362 7357 7358
f 7365 7360 7359
f 7365 7366 7360
f 7367 7362 7364
f 7367 7364 7368
f 7369 7370 7371
f 7369 7371 7366
f 7369 7366 7365
f 7372 7367 7368
f 7373 7370 7369
f 7374 7368 7375
f 7374 7372 7368
f 7376 7370 7373
f 7377 7375 7378
f 7377 7374 7375
f 7379 7370 7376
f 7379 7380 7370
f 7381 7378 7382
f 7381 7377 7378
f 7383 7380 7379
f 7384 7385 7386
f 7384 7382 7385
f 7384 7381 7382
f 7387 7380 7383
f 7388 7386 7389
f 7388 7384 7386
f 7390 7391 7392
f 7390 7392 7380
f 7390 7380 7387
f 7393 7388 7389
f 7394 7395 7391
f 7394 7391 7390
f 7396 7389 7397
f 7396 7393 7389
f 7398 7395 7394
f 7398 7399 7400
f 7398 7400 7395
f 7401 7396 7397
f 7401 7397 7402
f 7403 7399 7398
f 7403 7404 7405
f 7403 7405 7399
f 7406 7401 7402
f 7406 7402 7407
f 7408 7404 7403
f 7408 7409 7404
f 7410 7406 7407
f 7410 7407 7411
f 7412 7409 7408
f 7412 7413 7414
f 7412 7414 7409
f 7415 7416 7417
f 7415 7411 7416
f 7415 7410 7411
f 7418 7413 7412
f 7418 7419 7413
f 7420 7417 7421
f 7420 7415 7417
f 7422 7419 7418
f 7422 7423 7424
f 7422 7424 7419
f 7425 7420 7421
f 7426 7423 7422
f 7426 7427 7423
f 7428 7421 7429
f 7428 7425 7421
f 7430 7431 7427
f 7430 7427 7426
f 7432 7428 7429
f 7432 7433 7434
f 7432 7429 7433
f 7435 7431 7430
f 7435 7436 7437
f 7435 7437 7431
f 7438 7432 7434
f 7439 7436 7435
f 7440 7441 7442
f 7440 7434 7441
f 7440 7438 7434
f 7443 7440 7442
f 7444 7445 7446
f 7444 7442 7445
f 7444 7443 7442
f 7447 7444 7446
f 7448 7449 7450
f 7448 7446 7449
f 7448 7447 7446
f 7451 7448 7450
f 7452 7450 7453
f 7452 7451 7450
f 7454 7453 7455
f 7454 7452 7453
f 7456 7457 7458
f 7456 7458 7459
f 7456 7459 7460
f 7456 7460 7461
f 7456 7461 7462
f 7456 7462 7463
f 7456 7463 7464
f 7456 7464 7465
f 7456 7465 7466
f 7467 7468 7469
f 7467 7469 7470
f 7467 7470 7471
f 7467 7471 7472
f 7467 7472 7457
f 7467 7457 7456
f 7473 7474 7456
f 7475 7466 7476
f 7475 7476 7477
f 7475 7477 7478
f 7475 7478 7479
f 7475 7479 7480
f 7475 7480 7481
f 7475 7481 7482
f 7475 7482 7483
f 7475 7483 7484
f 7475 7484 7436
f 7475 7436 7439
f 7475 7456 7466
f 7475 7473 7456
f 7475 7485 7486
f 7475 7487 7485
f 7475 7488 7487
f 7475 7489 7488
f 7475 7490 7489
f 7475 7491 7490
f 7475 7439 7491
f 7492 7473 7475
f 7492 7493 7473
f 7494 7495 7467
f 7496 7467 7495
f 7496 7468 7467
f 7497 7495 7494
f 7498 7495 7499
f 7498 7496 7495
f 7500 7501 7492
f 7502 7503 7504
f 7502 7504 7468
f 7502 7496 7505
f 7502 7468 7496
f 7506 7492 7475
f 7506 7500 7492
f 7507 7467 7508
f 7507 7508 7509
f 7507 7509 7510
f 7507 7511 7494
f 7507 7494 7467
f 7512 7513 7506
f 7512 7506 7475
f 7514 7502 7515
f 7514 7516 7502
f 7517 7516 7518
f 7519 7520 7521
f 7519 7521 7512
f 7519 7512 7475
f 7522 7523 7524
f 7525 7526 7519
f 7527 7524 7528
f 7529 7527 7530
f 7529 7531 7532
f 7529 7532 7525
f 7533 7517 7534
f 7533 7534 7535
f 7536 7522 7524
f 7537 7533 7538
f 7539 7527 7529
f 7539 7536 7524
f 7539 7524 7527
f 7539 7529 7525
f 7540 7537 7541
f 7542 7543 7544
f 7542 7545 7543
f 7542 7546 7545
f 7542 7547 7546
f 7542 7548 7547
f 7542 7549 7548
f 7542 7550 7549
f 7542 7551 7550
f 7542 7552 7551
f 7542 7553 7552
f 7542 7554 7553
f 7542 7555 7554
f 7542 7556 7555
f 7542 7486 7556
f 7542 7475 7486
f 6759 7557 7558
f 6759 7558 7559
f 6759 7559 7503
f 6759 7533 7537
f 6759 7537 7540
f 6759 7503 7502
f 6759 7517 7533
f 6759 7516 7517
f 6759 7502 7516
f 6781 6782 6759
f 6780 6781 6759
f 6777 6778 6779
f 6776 6777 6779
f 6776 6779 6780
f 6774 6780 6759
f 6774 6776 6780
f 6774 6775 6776
f 6773 6774 6759
f 6770 6771 6772
f 6769 6773 6759
f 6769 6770 6772
f 6769 6772 6773
f 6767 6768 6769
f 6766 6767 6769
f 6765 6769 6759
f 6765 6766 6769
f 6763 6765 6759
f 6763 6764 6765
f 6761 6762 6763
f 6760 6763 6759
f 6760 6761 6763
f 7560 7561 7562
f 7560 7563 7561
f 7560 7564 7563
f 7560 7565 7564
f 7560 7566 7565
f 7560 7567 7566
f 7560 7568 7567
f 7560 7569 7568
f 7560 7544 7569
f 7560 7542 7544
f 7570 7525 7519
f 7570 7539 7525
f 7570 7540 7539
f 7570 6759 7540
f 7570 6760 6759
f 7570 7519 7475
f 6806 7571 7572
f 6806 7572 7560
f 6783 7571 6806
f 6783 7570 7571
f 6783 6760 7570
f 6803 6805 6804
f 6803 6806 6805
f 6786 6785 6784
f 6787 6786 6784
f 6801 6803 6802
f 6788 6784 6783
f 6788 6787 6784
f 6800 6803 6801
f 6800 6806 6803
f 6789 6788 6783
f 6798 6806 6800
f 6798 6800 6799
f 6791 6790 6789
f 6797 6806 6798
f 6796 6806 6797
f 6793 6791 6789
f 6793 6792 6791
f 6793 6789 6783
f 6795 6806 6796
f 6795 6793 6783
f 6795 6794 6793
f 6795 6783 6806
f 6759 6758 7014
f 6759 7014 7129
f 6759 7129 7573
f 6759 7573 7574
f 6759 7574 7299
f 6759 7299 7298
f 6759 7298 7575
f 6759 7575 7576
f 6759 7576 7557
f 6807 6806 7560
f 6807 7560 7562
f 6807 7562 7577
f 6807 7577 7454
f 6807 7454 7455
f 6807 7455 7578
f 6807 7578 7323
f 6807 7323 7149
f 6831 7579 7580
f 6831 7580 6832
f 6833 7581 7579
f 6833 7579 6831
f 6834 7582 7581
f 6834 7581 6833
f 6835 7583 7582
f 6835 7582 6834
f 6836 7584 7583
f 6836 7583 6835
f 6837 7585 7584
f 6837 7584 6836
f 6838 7586 7585
f 6838 7585 6837
f 7587 7586 6838
f 6839 7587 6838
f 6840 7588 7587
f 6840 7587 6839
f 7589 7588 6840
f 6841 7589 6840
f 6842 7590 7589
f 6842 7589 6841
f 6843 7591 7590
f 6843 7590 6842
f 6844 7591 6843
f 6844 7592 7591
f 6845 7592 6844
f 6845 7593 7592
f 7594 7593 6845
f 6846 7594 6845
f 7595 7594 6846
f 6847 7595 6846
f 6848 7596 7595
f 6848 7595 6847
f 6849 7597 7596
f 6849 7596 6848
f 6850 7598 7597
f 6850 7597 6849
f 6851 7599 7598
f 6851 7598 6850
f 6852 7600 7599
f 6852 7599 6851
f 7601 7600 6852
f 6853 7601 6852
f 7602 7601 6853
f 6854 7602 6853
f 6855 7603 7602
f 6855 7602 6854
f 6856 7604 7603
f 6856 7603 6855
f 6857 7605 7604
f 6857 7604 6856
f 6858 7606 7605
f 6858 7605 6857
f 6859 7607 7606
f 6859 7606 6858
f 6860 7608 7607
f 6860 7607 6859
f 6861 7609 7608
f 6861 7608 6860
f 6862 7610 7609
f 6862 7609 6861
f 6863 7611 7610
f 6863 7610 6862
f 6864 7612 7611
f 6864 7611 6863
f 6865 7613 7612
f 6865 7612 6864
f 6866 7614 7613
f 6866 7613 6865
f 6868 7615 7614
f 6868 7614 6866
f 6867 7615 6868
f 6867 7616 7615
f 6870 7616 6867
f 6870 7617 7616
f 6869 7618 7617
f 6869 7617 6870
f 6871 7619 7618
f 6871 7618 6869
f 6873 7620 7619
f 6873 7619 6871
f 7621 7620 6873
f 6872 7621 6873
f 6874 7622 7621
f 6874 7621 6872
f 6876 7623 7622
f 6876 7622 6874
f 7624 7623 6876
f 6875 7624 6876
f 6877 7625 7624
f 6877 7624 6875
f 7626 7625 6877
f 6878 7626 6877
f 7627 7626 6878
f 6879 7627 6878
f 7628 7627 6879
f 6880 7628 6879
f 7629 7628 6880
f 6881 7629 6880
f 7630 7629 6881
f 6882 7630 6881
f 7631 7630 6882
f 6883 7631 6882
f 7632 7631 6883
f 6884 7632 6883
f 7633 7632 6884
f 6885 7633 6884
f 7634 7633 6885
f 6886 7634 6885
f 7635 7634 6886
f 6887 7635 6886
f 7636 7635 6887
f 6888 7636 6887
f 7637 7636 6888
f 6889 7637 6888
f 7638 7637 6889
f 6890 7638 6889
f 7639 7638 6890
f 6891 7639 6890
f 7640 7639 6891
f 6892 7640 6891
f 7641 7640 6892
f 6893 7641 6892
f 7642 7641 6893
f 6894 7642 6893
f 7643 7642 6894
f 6895 7643 6894
f 7644 7643 6895
f 6896 7644 6895
f 7645 7644 6896
f 6897 7645 6896
f 7646 7645 6897
f 6898 7646 6897
f 7647 7646 6898
f 6899 7647 6898
f 7648 7647 6899
f 6900 7648 6899
f 7649 7648 6900
f 6901 7649 6900
f 7650 7649 6901
f 6902 7650 6901
f 6903 7651 7650
f 6903 7650 6902
f 6904 7652 7651
f 6904 7651 6903
f 6905 7653 7652
f 6905 7652 6904
f 6906 7654 7653
f 6906 7653 6905
f 6907 7655 7654
f 6907 7654 6906
f 6908 7656 7655
f 6908 7655 6907
f 6909 7657 7656
f 6909 7656 6908
f 6910 7658 7657
f 6910 7657 6909
f 6911 7659 7658
f 6911 7658 6910
f 6912 7660 7659
f 6912 7659 6911
f 6913 7661 7660
f 6913 7660 6912
f 6914 7662 7661
f 6914 7661 6913
f 6916 7663 7662
f 6916 7662 6914
f 6915 7663 6916
f 6915 7664 7663
f 6918 7664 6915
f 6918 7665 7664
f 6917 7666 7665
f 6917 7665 6918
f 6919 7667 7666
f 6919 7666 6917
f 6921 7668 7667
f 6921 7667 6919
f 7669 7668 6921
f 6920 7669 6921
f 7670 7669 6920
f 6922 7670 6920
f 6924 7671 7670
f 6924 7670 6922
f 6923 7672 7671
f 6923 7671 6924
f 6925 7673 7672
f 6925 7672 6923
f 7674 7673 6925
f 6926 7674 6925
f 7580 7674 6926
f 6832 7580 6926
f 7675 6950 7676
f 7675 6951 6950
f 7677 6949 7678
f 7677 6947 6949
f 7679 6945 6947
f 7679 6947 7677
f 7680 6944 6945
f 7680 6945 7679
f 7681 6941 6944
f 7681 6944 7680
f 7682 6940 6941
f 7682 6938 6940
f 7682 6941 7681
f 7683 6938 7682
f 7684 6936 6938
f 7684 6938 7683
f 7685 6933 6936
f 7685 6936 7684
f 7686 6931 6933
f 7686 6933 7685
f 7687 6930 6931
f 7687 6931 7686
f 7688 6927 6930
f 7688 6930 7687
f 7689 6927 7688
f 7689 6928 6927
f 7690 6928 7689
f 7690 6929 6928
f 7691 6929 7690
f 7691 6932 6929
f 7691 6934 6932
f 7692 6934 7691
f 7693 6934 7692
f 7693 6935 6934
f 7693 6937 6935
f 7694 6937 7693
f 7695 6937 7694
f 7695 6939 6937
f 7695 6942 6939
f 7696 6942 7695
f 7697 6942 7696
f 7697 6943 6942
f 7698 6943 7697
f 7698 6946 6943
f 7699 6946 7698
f 7699 6948 6946
f 7699 6950 6948
f 7676 6950 7699
f 7678 6952 7700
f 7678 6949 6952
f 7700 6952 6954
f 7701 6954 6956
f 7701 7700 6954
f 7702 6956 6958
f 7702 7701 6956
f 7703 6958 6960
f 7703 7702 6958
f 7704 6960 6961
f 7704 7703 6960
f 7705 6961 6962
f 7705 7704 6961
f 7706 6962 6979
f 7706 7705 6962
f 7707 6979 6978
f 7707 7706 6979
f 7708 6978 6977
f 7708 7707 6978
f 7709 6977 6976
f 7709 7708 6977
f 7710 6976 6975
f 7710 7709 6976
f 7711 6975 6974
f 7711 7710 6975
f 7712 7711 6974
f 7712 6974 6973
f 7713 7712 6973
f 7713 6973 6972
f 7714 7713 6972
f 7714 6972 6971
f 7715 7714 6971
f 7715 6971 6970
f 7716 7715 6970
f 7716 6970 6969
f 7717 7716 6969
f 7717 6969 6968
f 7718 7717 6968
f 7719 7718 6968
f 7719 6967 6966
f 7719 6968 6967
f 7720 7719 6966
f 7721 6965 6964
f 7721 6966 6965
f 7721 7720 6966
f 7722 7721 6964
f 7723 6964 6963
f 7723 7722 6964
f 7723 6981 7724
f 7723 6963 6981
f 7725 7008 7726
f 7725 7009 7008
f 7727 7010 7009
f 7727 7009 7725
f 7728 7011 7010
f 7728 7010 7727
f 7729 7012 7011
f 7729 7011 7728
f 7730 7013 7012
f 7730 7023 7013
f 7730 7012 7729
f 7731 7023 7730
f 7732 7048 7023
f 7732 7023 7731
f 7733 7051 7048
f 7733 7048 7732
f 7734 7052 7051
f 7734 7051 7733
f 7735 7055 7052
f 7735 7052 7734
f 7736 7058 7055
f 7736 7055 7735
f 7737 7058 7736
f 7737 7059 7058
f 7738 7059 7737
f 7738 7062 7059
f 7739 7062 7738
f 7739 7065 7062
f 7739 7068 7065
f 7740 7068 7739
f 7741 7068 7740
f 7741 7069 7068
f 7741 7072 7069
f 7742 7072 7741
f 7743 7072 7742
f 7743 7075 7072
f 7743 7078 7075
f 7744 7078 7743
f 7745 7078 7744
f 7745 7079 7078
f 7746 7079 7745
f 7746 7082 7079
f 7747 7082 7746
f 7747 6980 7082
f 7747 6981 6980
f 7724 6981 7747
f 7726 7000 7748
f 7726 7008 7000
f 7748 7000 6999
f 7749 6999 6998
f 7749 7748 6999
f 7750 6998 6997
f 7750 7749 6998
f 7751 6997 6996
f 7751 7750 6997
f 7752 6996 6994
f 7752 7751 6996
f 7753 6994 6993
f 7753 7752 6994
f 7754 6993 6992
f 7754 7753 6993
f 7755 6992 6991
f 7755 7754 6992
f 7756 6991 6990
f 7756 7755 6991
f 7757 6990 6988
f 7757 7756 6990
f 7758 6988 6987
f 7758 7757 6988
f 7759 6987 6986
f 7759 7758 6987
f 7760 7759 6986
f 7760 6986 6985
f 7761 7760 6985
f 7761 6985 6984
f 7762 7761 6984
f 7762 6984 6983
f 7763 7762 6983
f 7763 6983 7004
f 7764 7763 7004
f 7764 7004 7003
f 7765 7764 7003
f 7765 7003 7002
f 7766 7765 7002
f 7767 7766 7002
f 7767 6959 6957
f 7767 7002 6959
f 7768 7767 6957
f 7769 6955 6953
f 7769 6957 6955
f 7769 7768 6957
f 7770 7769 6953
f 7675 6953 6951
f 7675 7770 6953
f 7771 7772 6989
f 7006 7771 6989
f 7772 7773 6982
f 7772 6982 6989
f 7771 7005 7774
f 7771 7006 7005
f 7774 6982 7773
f 7005 6982 7774
f 7018 7775 7015
f 7018 7776 7775
f 7775 7777 7001
f 7775 7001 7015
f 7776 7014 7778
f 7776 7018 7014
f 7014 7001 7777
f 7014 7777 7778
f 7779 7780 7028
f 7037 7779 7028
f 7780 7781 7019
f 7780 7019 7028
f 7779 7024 7782
f 7779 7037 7024
f 7782 7019 7781
f 7024 7019 7782
f 7783 7784 6995
f 7007 7783 6995
f 7784 7785 7016
f 7784 7016 6995
f 7783 7021 7786
f 7783 7007 7021
f 7786 7016 7785
f 7021 7016 7786
f 7032 7787 7026
f 7032 7788 7787
f 7787 7789 7017
f 7787 7017 7026
f 7788 7025 7790
f 7788 7032 7025
f 7025 7017 7789
f 7025 7789 7790
f 7791 7792 7020
f 7022 7791 7020
f 7792 7793 7027
f 7792 7027 7020
f 7791 7035 7794
f 7791 7022 7035
f 7794 7027 7793
f 7035 7027 7794
f 7029 7795 7033
f 7029 7796 7795
f 7795 7797 7040
f 7795 7040 7033
f 7796 7034 7798
f 7796 7029 7034
f 7034 7040 7797
f 7034 7797 7798
f 7799 7800 7042
f 7038 7799 7042
f 7800 7801 7043
f 7800 7043 7042
f 7799 7039 7802
f 7799 7038 7039
f 7802 7043 7801
f 7039 7043 7802
f 7803 7804 7041
f 7036 7803 7041
f 7804 7805 7031
f 7804 7031 7041
f 7803 7030 7806
f 7803 7036 7030
f 7806 7031 7805
f 7030 7031 7806
f 7807 7573 7808
f 7807 7574 7573
f 7809 7810 7301
f 7809 7301 7294
f 7811 7294 7293
f 7811 7809 7294
f 7812 7293 7289
f 7812 7811 7293
f 7813 7289 7284
f 7813 7812 7289
f 7814 7284 7279
f 7814 7813 7284
f 7815 7279 7272
f 7815 7814 7279
f 7816 7272 7271
f 7816 7815 7272
f 7817 7271 7268
f 7817 7816 7271
f 7818 7268 7261
f 7818 7817 7268
f 7819 7261 7260
f 7819 7818 7261
f 7820 7260 7258
f 7820 7819 7260
f 7821 7820 7258
f 7821 7258 7256
f 7822 7821 7256
f 7822 7256 7255
f 7823 7822 7255
f 7823 7255 7265
f 7824 7823 7265
f 7824 7265 7264
f 7825 7824 7264
f 7825 7264 7275
f 7826 7825 7275
f 7826 7275 7274
f 7827 7826 7274
f 7827 7274 7282
f 7828 7282 7281
f 7828 7827 7282
f 7829 7828 7281
f 7829 7281 7287
f 7830 7287 7296
f 7830 7829 7287
f 7831 7296 7299
f 7831 7830 7296
f 7807 7299 7574
f 7807 7831 7299
f 7832 7131 7833
f 7832 7130 7131
f 7834 7127 7130
f 7834 7130 7832
f 7835 7125 7127
f 7835 7127 7834
f 7836 7123 7125
f 7836 7125 7835
f 7837 7120 7123
f 7837 7123 7836
f 7838 7118 7120
f 7838 7120 7837
f 7839 7116 7118
f 7839 7118 7838
f 7840 7114 7116
f 7840 7116 7839
f 7841 7112 7114
f 7841 7114 7840
f 7842 7110 7112
f 7842 7112 7841
f 7843 7108 7110
f 7843 7109 7108
f 7843 7110 7842
f 7844 7109 7843
f 7845 7109 7844
f 7845 7111 7109
f 7846 7111 7845
f 7846 7113 7111
f 7847 7113 7846
f 7847 7115 7113
f 7848 7115 7847
f 7848 7117 7115
f 7849 7117 7848
f 7849 7119 7117
f 7850 7119 7849
f 7850 7121 7119
f 7851 7121 7850
f 7851 7122 7121
f 7852 7122 7851
f 7852 7124 7122
f 7853 7124 7852
f 7853 7128 7124
f 7853 7129 7128
f 7854 7129 7853
f 7854 7573 7129
f 7808 7573 7854
f 7855 7301 7810
f 7855 7313 7301
f 7833 7137 7856
f 7833 7131 7137
f 7857 7313 7855
f 7857 7317 7313
f 7858 7319 7317
f 7858 7317 7857
f 7859 7321 7319
f 7859 7319 7858
f 7860 7322 7321
f 7860 7321 7859
f 7861 7325 7322
f 7861 7322 7860
f 7862 7328 7325
f 7862 7325 7861
f 7863 7330 7328
f 7863 7328 7862
f 7864 7250 7330
f 7864 7330 7863
f 7865 7245 7250
f 7865 7250 7864
f 7866 7240 7245
f 7866 7245 7865
f 7867 7241 7240
f 7867 7237 7241
f 7867 7240 7866
f 7868 7237 7867
f 7869 7237 7868
f 7869 7231 7237
f 7870 7231 7869
f 7870 7232 7231
f 7871 7232 7870
f 7871 7227 7232
f 7872 7227 7871
f 7872 7222 7227
f 7873 7222 7872
f 7873 7223 7222
f 7874 7223 7873
f 7874 7218 7223
f 7875 7218 7874
f 7875 7219 7218
f 7876 7219 7875
f 7876 7213 7219
f 7877 7213 7876
f 7877 7208 7213
f 7877 7209 7208
f 7878 7209 7877
f 7878 7198 7209
f 7879 7198 7878
f 7880 7856 7137
f 7880 7137 7139
f 7881 7139 7140
f 7881 7880 7139
f 7882 7140 7141
f 7882 7881 7140
f 7883 7141 7143
f 7883 7882 7141
f 7884 7143 7144
f 7884 7883 7143
f 7885 7144 7145
f 7885 7884 7144
f 7886 7145 7147
f 7886 7885 7145
f 7887 7147 7148
f 7887 7886 7147
f 7888 7148 7152
f 7888 7887 7148
f 7889 7152 7151
f 7889 7888 7152
f 7890 7151 7156
f 7890 7889 7151
f 7891 7890 7156
f 7891 7156 7155
f 7892 7891 7155
f 7892 7155 7160
f 7893 7892 7160
f 7893 7160 7165
f 7894 7893 7165
f 7894 7165 7164
f 7895 7894 7164
f 7895 7164 7170
f 7896 7895 7170
f 7896 7170 7175
f 7897 7896 7175
f 7897 7175 7174
f 7898 7174 7179
f 7898 7897 7174
f 7899 7898 7179
f 7899 7179 7178
f 7900 7178 7184
f 7900 7899 7178
f 7901 7184 7188
f 7901 7900 7184
f 7902 7188 7187
f 7902 7901 7188
f 7902 7198 7879
f 7902 7187 7198
f 7149 7903 7146
f 7149 7904 7903
f 7315 7905 7904
f 7315 7904 7149
f 7310 7906 7905
f 7310 7905 7315
f 7309 7907 7906
f 7309 7906 7310
f 7306 7907 7309
f 7306 7908 7907
f 7305 7908 7306
f 7305 7909 7908
f 7303 7909 7305
f 7303 7910 7909
f 7291 7910 7303
f 7291 7911 7910
f 7252 7911 7291
f 7252 7912 7911
f 7248 7913 7912
f 7248 7912 7252
f 7247 7914 7913
f 7247 7913 7248
f 7243 7915 7914
f 7243 7914 7247
f 7235 7916 7915
f 7235 7915 7243
f 7234 7917 7916
f 7234 7916 7235
f 7229 7918 7917
f 7229 7917 7234
f 7225 7919 7918
f 7225 7918 7229
f 7216 7920 7919
f 7216 7919 7225
f 7215 7921 7920
f 7215 7920 7216
f 7211 7922 7921
f 7211 7921 7215
f 7204 7923 7922
f 7204 7922 7211
f 7203 7924 7923
f 7203 7923 7204
f 7200 7925 7924
f 7200 7924 7203
f 7196 7926 7925
f 7196 7927 7926
f 7196 7925 7200
f 7191 7927 7196
f 7190 7928 7927
f 7190 7929 7928
f 7190 7927 7191
f 7182 7929 7190
f 7181 7930 7929
f 7181 7929 7182
f 7172 7931 7930
f 7172 7930 7181
f 7168 7931 7172
f 7168 7932 7931
f 7168 7933 7932
f 7167 7933 7168
f 7162 7933 7167
f 7162 7934 7933
f 7162 7935 7934
f 7158 7935 7162
f 7105 7935 7158
f 7105 7936 7935
f 7105 7937 7936
f 7103 7937 7105
f 7101 7938 7937
f 7101 7937 7103
f 7101 7939 7938
f 7099 7939 7101
f 7097 7940 7939
f 7097 7941 7940
f 7097 7939 7099
f 7095 7941 7097
f 7093 7942 7941
f 7093 7943 7942
f 7093 7941 7095
f 7091 7943 7093
f 7089 7944 7943
f 7089 7943 7091
f 7087 7945 7944
f 7087 7944 7089
f 7085 7946 7945
f 7085 7945 7087
f 7083 7947 7946
f 7083 7946 7085
f 7080 7948 7947
f 7080 7947 7083
f 7076 7949 7948
f 7076 7950 7949
f 7076 7948 7080
f 7073 7950 7076
f 7070 7951 7950
f 7070 7950 7073
f 7066 7952 7951
f 7066 7953 7952
f 7066 7951 7070
f 7063 7953 7066
f 7060 7954 7953
f 7060 7953 7063
f 7056 7955 7954
f 7056 7954 7060
f 7053 7956 7955
f 7053 7955 7056
f 7049 7957 7956
f 7049 7956 7053
f 7046 7957 7049
f 7046 7958 7957
f 7045 7958 7046
f 7045 7959 7958
f 7044 7959 7045
f 7044 7960 7959
f 7047 7960 7044
f 7047 7961 7960
f 7050 7961 7047
f 7050 7962 7961
f 7054 7962 7050
f 7054 7963 7962
f 7057 7963 7054
f 7057 7964 7963
f 7061 7964 7057
f 7061 7965 7964
f 7064 7965 7061
f 7064 7966 7965
f 7067 7966 7064
f 7067 7967 7966
f 7071 7967 7067
f 7071 7968 7967
f 7074 7968 7071
f 7074 7969 7968
f 7074 7970 7969
f 7077 7970 7074
f 7081 7970 7077
f 7081 7971 7970
f 7084 7971 7081
f 7084 7972 7971
f 7086 7973 7972
f 7086 7972 7084
f 7088 7974 7973
f 7088 7973 7086
f 7090 7975 7974
f 7090 7974 7088
f 7092 7976 7975
f 7092 7975 7090
f 7094 7977 7976
f 7094 7976 7092
f 7096 7978 7977
f 7096 7977 7094
f 7098 7979 7978
f 7098 7978 7096
f 7100 7980 7979
f 7100 7979 7098
f 7102 7981 7980
f 7102 7980 7100
f 7104 7982 7981
f 7104 7981 7102
f 7106 7982 7104
f 7106 7983 7982
f 7107 7983 7106
f 7107 7984 7983
f 7126 7984 7107
f 7126 7985 7984
f 7132 7985 7126
f 7132 7986 7985
f 7133 7986 7132
f 7133 7987 7986
f 7134 7987 7133
f 7134 7988 7987
f 7135 7988 7134
f 7135 7989 7988
f 7136 7989 7135
f 7136 7990 7989
f 7138 7990 7136
f 7138 7991 7990
f 7142 7991 7138
f 7142 7992 7991
f 7146 7992 7142
f 7146 7903 7992
f 7455 7993 7578
f 7455 7994 7993
f 7453 7995 7994
f 7453 7994 7455
f 7450 7996 7995
f 7450 7995 7453
f 7449 7997 7996
f 7449 7996 7450
f 7446 7997 7449
f 7446 7998 7997
f 7445 7998 7446
f 7445 7999 7998
f 7442 7999 7445
f 7442 8000 7999
f 7441 8000 7442
f 7441 8001 8000
f 7434 8001 7441
f 7434 8002 8001
f 7433 8003 8002
f 7433 8002 7434
f 7429 8004 8003
f 7429 8003 7433
f 7421 8005 8004
f 7421 8004 7429
f 7417 8006 8005
f 7417 8005 7421
f 7416 8007 8006
f 7416 8006 7417
f 7411 8008 8007
f 7411 8007 7416
f 7407 8009 8008
f 7407 8008 7411
f 7402 8010 8009
f 7402 8009 7407
f 7397 8011 8010
f 7397 8010 7402
f 7389 8012 8011
f 7389 8011 7397
f 7386 8013 8012
f 7386 8012 7389
f 7385 8014 8013
f 7385 8013 7386
f 7382 8015 8014
f 7382 8014 7385
f 7378 8016 8015
f 7378 8017 8016
f 7378 8015 7382
f 7375 8017 7378
f 7368 8018 8017
f 7368 8019 8018
f 7368 8017 7375
f 7364 8019 7368
f 7363 8020 8019
f 7363 8019 7364
f 7358 8021 8020
f 7358 8020 7363
f 7350 8021 7358
f 7350 8022 8021
f 7350 8023 8022
f 7349 8023 7350
f 7344 8023 7349
f 7344 8024 8023
f 7344 8025 8024
f 7340 8025 7344
f 7249 8025 7340
f 7249 8026 8025
f 7249 8027 8026
f 7244 8027 7249
f 7239 8028 8027
f 7239 8027 7244
f 7239 8029 8028
f 7236 8029 7239
f 7230 8030 8029
f 7230 8031 8030
f 7230 8029 7236
f 7226 8031 7230
f 7221 8032 8031
f 7221 8033 8032
f 7221 8031 7226
f 7217 8033 7221
f 7212 8034 8033
f 7212 8033 7217
f 7207 8035 8034
f 7207 8034 7212
f 7205 8036 8035
f 7205 8035 7207
f 7201 8037 8036
f 7201 8036 7205
f 7197 8038 8037
f 7197 8037 7201
f 7194 8039 8038
f 7194 8040 8039
f 7194 8038 7197
f 7192 8040 7194
f 7186 8041 8040
f 7186 8040 7192
f 7183 8042 8041
f 7183 8043 8042
f 7183 8041 7186
f 7177 8043 7183
f 7173 8044 8043
f 7173 8043 7177
f 7169 8045 8044
f 7169 8044 7173
f 7163 8046 8045
f 7163 8045 7169
f 7159 8047 8046
f 7159 8046 7163
f 7154 8047 7159
f 7154 8048 8047
f 7150 8048 7154
f 7150 8049 8048
f 7153 8049 7150
f 7153 8050 8049
f 7157 8050 7153
f 7157 8051 8050
f 7161 8051 7157
f 7161 8052 8051
f 7166 8052 7161
f 7166 8053 8052
f 7171 8053 7166
f 7171 8054 8053
f 7176 8054 7171
f 7176 8055 8054
f 7180 8055 7176
f 7180 8056 8055
f 7185 8056 7180
f 7185 8057 8056
f 7189 8057 7185
f 7189 8058 8057
f 7193 8058 7189
f 7193 8059 8058
f 7193 8060 8059
f 7195 8060 7193
f 7199 8060 7195
f 7199 8061 8060
f 7202 8061 7199
f 7202 8062 8061
f 7206 8063 8062
f 7206 8062 7202
f 7210 8064 8063
f 7210 8063 7206
f 7214 8065 8064
f 7214 8064 7210
f 7220 8066 8065
f 7220 8065 7214
f 7224 8067 8066
f 7224 8066 7220
f 7228 8068 8067
f 7228 8067 7224
f 7233 8069 8068
f 7233 8068 7228
f 7238 8070 8069
f 7238 8069 7233
f 7242 8071 8070
f 7242 8070 7238
f 7246 8072 8071
f 7246 8071 7242
f 7251 8072 7246
f 7251 8073 8072
f 7253 8073 7251
f 7253 8074 8073
f 7290 8074 7253
f 7290 8075 8074
f 7302 8075 7290
f 7302 8076 8075
f 7304 8076 7302
f 7304 8077 8076
f 7307 8077 7304
f 7307 8078 8077
f 7308 8078 7307
f 7308 8079 8078
f 7311 8079 7308
f 7311 8080 8079
f 7314 8080 7311
f 7314 8081 8080
f 7323 8081 7314
f 7323 8082 8081
f 7578 8082 7323
f 7578 7993 8082
f 8083 7575 8084
f 8083 7576 7575
f 8085 8086 7478
f 8085 7478 7477
f 8087 7477 7476
f 8087 8085 7477
f 8088 7476 7466
f 8088 8087 7476
f 8089 7466 7465
f 8089 8088 7466
f 8090 7465 7464
f 8090 8089 7465
f 8091 7464 7463
f 8091 8090 7464
f 8092 7463 7462
f 8092 8091 7463
f 8093 7462 7461
f 8093 8092 7462
f 8094 7461 7460
f 8094 8093 7461
f 8095 7460 7459
f 8095 8094 7460
f 8096 7459 7458
f 8096 8095 7459
f 8097 8096 7458
f 8097 7458 7457
f 8098 8097 7457
f 8098 7457 7472
f 8099 8098 7472
f 8099 7472 7471
f 8100 8099 7471
f 8100 7470 7469
f 8100 7471 7470
f 8101 8100 7469
f 8102 8101 7469
f 8102 7469 7468
f 8103 8102 7468
f 8103 7468 7504
f 8104 7504 7503
f 8104 8103 7504
f 8105 8104 7503
f 8105 7559 7558
f 8105 7503 7559
f 8106 7558 7557
f 8106 8105 7558
f 8107 7557 7576
f 8107 8106 7557
f 8083 8107 7576
f 8108 7300 8109
f 8108 7297 7300
f 8110 7292 7297
f 8110 7297 8108
f 8111 7288 7292
f 8111 7292 8110
f 8112 7283 7288
f 8112 7288 8111
f 8113 7278 7283
f 8113 7283 8112
f 8114 7276 7278
f 8114 7278 8113
f 8115 7270 7276
f 8115 7276 8114
f 8116 7267 7270
f 8116 7270 8115
f 8117 7266 7267
f 8117 7267 8116
f 8118 7259 7266
f 8118 7266 8117
f 8119 7257 7259
f 8119 7259 8118
f 8120 7257 8119
f 8120 7254 7257
f 8120 7262 7254
f 8121 7262 8120
f 8121 7263 7262
f 8122 7263 8121
f 8123 7263 8122
f 8123 7269 7263
f 8124 7269 8123
f 8124 7273 7269
f 8124 7277 7273
f 8125 7277 8124
f 8126 7277 8125
f 8126 7280 7277
f 8127 7280 8126
f 8127 7285 7280
f 8128 7285 8127
f 8128 7286 7285
f 8129 7286 8128
f 8129 7295 7286
f 8129 7298 7295
f 8130 7298 8129
f 8130 7575 7298
f 8084 7575 8130
f 8131 7478 8086
f 8131 7479 7478
f 8109 7312 8132
f 8109 7300 7312
f 8133 7479 8131
f 8133 7480 7479
f 8134 7481 7480
f 8134 7480 8133
f 8135 7482 7481
f 8135 7481 8134
f 8136 7483 7482
f 8136 7482 8135
f 8137 7484 7483
f 8137 7483 8136
f 8138 7436 7484
f 8138 7484 8137
f 8139 7437 7436
f 8139 7436 8138
f 8140 7431 7437
f 8140 7437 8139
f 8141 7427 7431
f 8141 7431 8140
f 8142 7423 7427
f 8142 7427 8141
f 8143 7424 7423
f 8143 7423 8142
f 8144 7424 8143
f 8144 7419 7424
f 8144 7413 7419
f 8145 7413 8144
f 8145 7414 7413
f 8146 7414 8145
f 8147 7414 8146
f 8147 7409 7414
f 8148 7409 8147
f 8148 7404 7409
f 8148 7405 7404
f 8149 7405 8148
f 8150 7405 8149
f 8150 7399 7405
f 8151 7399 8150
f 8151 7400 7399
f 8152 7400 8151
f 8152 7395 7400
f 8153 7395 8152
f 8153 7391 7395
f 8153 7392 7391
f 8154 7392 8153
f 8154 7380 7392
f 8155 7380 8154
f 8156 8132 7312
f 8156 7312 7316
f 8157 7316 7318
f 8157 8156 7316
f 8158 7318 7320
f 8158 8157 7318
f 8159 7320 7324
f 8159 8158 7320
f 8160 7324 7326
f 8160 8159 7324
f 8161 7326 7327
f 8161 8160 7326
f 8162 7327 7329
f 8162 8161 7327
f 8163 7329 7331
f 8163 8162 7329
f 8164 7331 7334
f 8164 8163 7331
f 8165 7334 7333
f 8165 8164 7334
f 8166 7333 7338
f 8166 8165 7333
f 8167 8166 7338
f 8167 7338 7337
f 8168 8167 7337
f 8168 7337 7342
f 8169 8168 7342
f 8169 7342 7347
f 8170 8169 7347
f 8170 7346 7352
f 8170 7347 7346
f 8171 8170 7352
f 8172 8171 7352
f 8172 7352 7356
f 8173 8172 7356
f 8173 7356 7355
f 8174 7355 7361
f 8174 8173 7355
f 8175 8174 7361
f 8175 7360 7366
f 8175 7361 7360
f 8176 7366 7371
f 8176 8175 7366
f 8177 7371 7370
f 8177 8176 7371
f 8178 8177 7370
f 8178 7380 8155
f 8178 7370 7380
f 7492 8179 8180
f 7501 8179 7492
f 8181 7493 7492
f 8180 8181 7492
f 7500 8179 7501
f 8182 8179 7500
f 8181 8183 7473
f 8181 7473 7493
f 7506 8184 8182
f 7500 7506 8182
f 7474 7473 8183
f 7474 8183 8185
f 8186 8184 7506
f 8186 7506 7513
f 7474 8187 7456
f 8185 8187 7474
f 8188 8186 7513
f 8188 7513 7512
f 7456 8187 8189
f 7467 7456 8189
f 7521 8188 7512
f 7521 8190 8188
f 8191 7467 8189
f 8191 7508 7467
f 8192 8190 7521
f 8192 7521 7520
f 8193 7508 8191
f 8193 7509 7508
f 7520 7519 8194
f 7520 8194 8192
f 8195 7509 8193
f 8195 7510 7509
f 8196 8194 7519
f 8196 7519 7526
f 7507 7510 8195
f 8197 7507 8195
f 8198 8196 7526
f 8198 7526 7525
f 7511 7507 8197
f 8199 7511 8197
f 7532 8198 7525
f 7532 8200 8198
f 7511 8199 8201
f 7494 7511 8201
f 7531 8200 7532
f 8202 8200 7531
f 8203 7494 8201
f 8203 7497 7494
f 7531 7529 8204
f 7531 8204 8202
f 8205 7497 8203
f 8205 7495 7497
f 8206 8204 7529
f 8206 7529 7530
f 7499 8205 8207
f 7495 8205 7499
f 8208 8206 7530
f 8208 7530 7527
f 7498 7499 8207
f 8209 7498 8207
f 7528 8208 7527
f 7528 8210 8208
f 7498 8209 8211
f 7496 7498 8211
f 7524 8210 7528
f 8212 8210 7524
f 8213 7496 8211
f 8213 7505 7496
f 8214 8212 7524
f 8214 7524 7523
f 8213 7502 7505
f 8215 7502 8213
f 8216 8214 7523
f 8216 7523 7522
f 7502 8217 7515
f 7502 8215 8217
f 8218 8216 7522
f 8218 7522 7536
f 8219 7515 8217
f 8219 7514 7515
f 7539 8218 7536
f 8220 8218 7539
f 7514 8219 8221
f 7516 7514 8221
f 7539 8222 8220
f 7540 8222 7539
f 8223 7516 8221
f 8223 7518 7516
f 8222 7541 8224
f 8222 7540 7541
f 8225 7518 8223
f 8225 7517 7518
f 7537 8224 7541
f 7537 8226 8224
f 7534 8225 8227
f 7517 8225 7534
f 8228 7537 7538
f 8226 7537 8228
f 7535 7534 8227
f 8229 7535 8227
f 8228 7533 8230
f 8228 7538 7533
f 7535 8229 8230
f 7533 7535 8230
f 7562 8231 7577
f 7562 8232 8231
f 7561 8233 8232
f 7561 8232 7562
f 7563 8234 8233
f 7563 8233 7561
f 7564 8235 8234
f 7564 8234 7563
f 7565 8235 7564
f 7565 8236 8235
f 7566 8236 7565
f 7566 8237 8236
f 7567 8237 7566
f 7567 8238 8237
f 7568 8238 7567
f 7568 8239 8238
f 7569 8239 7568
f 7569 8240 8239
f 7544 8241 8240
f 7544 8240 7569
f 7543 8242 8241
f 7543 8241 7544
f 7545 8243 8242
f 7545 8242 7543
f 7546 8244 8243
f 7546 8243 7545
f 7547 8245 8244
f 7547 8244 7546
f 7548 8246 8245
f 7548 8245 7547
f 7549 8247 8246
f 7549 8246 7548
f 7550 8248 8247
f 7550 8247 7549
f 7551 8249 8248
f 7551 8248 7550
f 7552 8250 8249
f 7552 8249 7551
f 7553 8251 8250
f 7553 8250 7552
f 7554 8252 8251
f 7554 8251 7553
f 7555 8253 8252
f 7555 8252 7554
f 7556 8254 8253
f 7556 8255 8254
f 7556 8253 7555
f 7486 8255 7556
f 7485 8256 8255
f 7485 8257 8256
f 7485 8255 7486
f 7487 8257 7485
f 7488 8258 8257
f 7488 8257 7487
f 7489 8259 8258
f 7489 8258 7488
f 7490 8259 7489
f 7490 8260 8259
f 7490 8261 8260
f 7491 8261 7490
f 7439 8261 7491
f 7439 8262 8261
f 7439 8263 8262
f 7435 8263 7439
f 7430 8263 7435
f 7430 8264 8263
f 7430 8265 8264
f 7426 8265 7430
f 7422 8266 8265
f 7422 8265 7426
f 7422 8267 8266
f 7418 8267 7422
f 7412 8268 8267
f 7412 8269 8268
f 7412 8267 7418
f 7408 8269 7412
f 7403 8270 8269
f 7403 8271 8270
f 7403 8269 7408
f 7398 8271 7403
f 7394 8272 8271
f 7394 8271 7398
f 7390 8273 8272
f 7390 8272 7394
f 7387 8274 8273
f 7387 8273 7390
f 7383 8275 8274
f 7383 8274 7387
f 7379 8276 8275
f 7379 8275 7383
f 7376 8277 8276
f 7376 8278 8277
f 7376 8276 7379
f 7373 8278 7376
f 7369 8279 8278
f 7369 8278 7373
f 7365 8280 8279
f 7365 8281 8280
f 7365 8279 7369
f 7359 8281 7365
f 7354 8282 8281
f 7354 8281 7359
f 7351 8283 8282
f 7351 8282 7354
f 7345 8284 8283
f 7345 8283 7351
f 7341 8285 8284
f 7341 8284 7345
f 7336 8285 7341
f 7336 8286 8285
f 7332 8286 7336
f 7332 8287 8286
f 7335 8287 7332
f 7335 8288 8287
f 7339 8288 7335
f 7339 8289 8288
f 7343 8289 7339
f 7343 8290 8289
f 7348 8290 7343
f 7348 8291 8290
f 7353 8291 7348
f 7353 8292 8291
f 7357 8292 7353
f 7357 8293 8292
f 7362 8293 7357
f 7362 8294 8293
f 7367 8294 7362
f 7367 8295 8294
f 7372 8295 7367
f 7372 8296 8295
f 7374 8296 7372
f 7374 8297 8296
f 7374 8298 8297
f 7377 8298 7374
f 7381 8298 7377
f 7381 8299 8298
f 7384 8299 7381
f 7384 8300 8299
f 7388 8301 8300
f 7388 8300 7384
f 7393 8302 8301
f 7393 8301 7388
f 7396 8303 8302
f 7396 8302 7393
f 7401 8304 8303
f 7401 8303 7396
f 7406 8305 8304
f 7406 8304 7401
f 7410 8306 8305
f 7410 8305 7406
f 7415 8307 8306
f 7415 8306 7410
f 7420 8308 8307
f 7420 8307 7415
f 7425 8309 8308
f 7425 8308 7420
f 7428 8310 8309
f 7428 8309 7425
f 7432 8310 7428
f 7432 8311 8310
f 7438 8311 7432
f 7438 8312 8311
f 7440 8312 7438
f 7440 8313 8312
f 7443 8313 7440
f 7443 8314 8313
f 7444 8314 7443
f 7444 8315 8314
f 7447 8315 7444
f 7447 8316 8315
f 7448 8316 7447
f 7448 8317 8316
f 7451 8317 7448
f 7451 8318 8317
f 7452 8318 7451
f 7452 8319 8318
f 7454 8319 7452
f 7454 8320 8319
f 7577 8320 7454
f 7577 8231 8320
f 7475 7542 8321
f 7475 8321 8322
f 7542 7560 8323
f 7542 8323 8321
f 7570 7475 8322
f 7570 8322 8324
f 8323 7572 8325
f 7560 7572 8323
f 7571 7570 8324
f 7571 8324 8326
f 7572 7571 8326
f 7572 8326 8325
f 7579 8327 8328
f 7579 8328 7580
f 7581 8329 8327
f 7581 8327 7579
f 7582 8330 8329
f 7582 8329 7581
f 7583 8331 8330
f 7583 8330 7582
f 7584 8332 8331
f 7584 8331 7583
f 7585 8333 8332
f 7585 8332 7584
f 7586 8334 8333
f 7586 8333 7585
f 7587 8335 8334
f 7587 8334 7586
f 7588 8336 8335
f 7588 8335 7587
f 7589 8337 8336
f 7589 8336 7588
f 7590 8338 8337
f 7590 8337 7589
f 7591 8339 8338
f 7591 8338 7590
f 7592 8339 7591
f 7592 8340 8339
f 7593 8340 7592
f 7593 8341 8340
f 7594 8341 7593
f 7594 8342 8341
f 7595 8342 7594
f 7595 8343 8342
f 7596 8344 8343
f 7596 8343 7595
f 7597 8345 8344
f 7597 8344 7596
f 7598 8346 8345
f 7598 8345 7597
f 7599 8347 8346
f 7599 8346 7598
f 7600 8348 8347
f 7600 8347 7599
f 7601 8349 8348
f 7601 8348 7600
f 7602 8350 8349
f 7602 8349 7601
f 7603 8351 8350
f 7603 8350 7602
f 8352 8351 7603
f 7604 8352 7603
f 8353 8352 7604
f 7605 8353 7604
f 8354 8353 7605
f 7606 8354 7605
f 8355 8354 7606
f 7607 8355 7606
f 8356 8355 7607
f 7608 8356 7607
f 8357 8356 7608
f 7609 8357 7608
f 8358 8357 7609
f 7610 8358 7609
f 7611 8359 8358
f 7611 8358 7610
f 8360 8359 7611
f 7612 8360 7611
f 7613 8361 8360
f 7613 8360 7612
f 7614 8362 8361
f 7614 8361 7613
f 7615 8363 8362
f 7615 8362 7614
f 8364 8363 7615
f 7616 8364 7615
f 7617 8364 7616
f 7617 8365 8364
f 8366 8365 7617
f 7618 8366 7617
f 7619 8367 8366
f 7619 8366 7618
f 8368 8367 7619
f 7620 8368 7619
f 7621 8369 8368
f 7621 8368 7620
f 8370 8369 7621
f 7622 8370 7621
f 7623 8371 8370
f 7623 8370 7622
f 8372 8371 7623
f 7624 8372 7623
f 7625 8373 8372
f 7625 8372 7624
f 7626 8374 8373
f 7626 8373 7625
f 8375 8374 7626
f 7627 8375 7626
f 7628 8376 8375
f 7628 8375 7627
f 7629 8377 8376
f 7629 8376 7628
f 7630 8378 8377
f 7630 8377 7629
f 7631 8379 8378
f 7631 8378 7630
f 7632 8380 8379
f 7632 8379 7631
f 7633 8381 8380
f 7633 8380 7632
f 7634 8382 8381
f 7634 8381 7633
f 7635 8383 8382
f 7635 8382 7634
f 7636 8384 8383
f 7636 8383 7635
f 7637 8385 8384
f 7637 8384 7636
f 7638 8386 8385
f 7638 8385 7637
f 7639 8387 8386
f 7639 8386 7638
f 7640 8387 7639
f 7640 8388 8387
f 7641 8388 7640
f 7641 8389 8388
f 7642 8389 7641
f 7642 8390 8389
f 7643 8390 7642
f 7643 8391 8390
f 7644 8392 8391
f 7644 8391 7643
f 7645 8393 8392
f 7645 8392 7644
f 7646 8394 8393
f 7646 8393 7645
f 7647 8395 8394
f 7647 8394 7646
f 7648 8396 8395
f 7648 8395 7647
f 7649 8397 8396
f 7649 8396 7648
f 7650 8398 8397
f 7650 8397 7649
f 7651 8399 8398
f 7651 8398 7650
f 8400 8399 7651
f 7652 8400 7651
f 8401 8400 7652
f 7653 8401 7652
f 8402 8401 7653
f 7654 8402 7653
f 8403 8402 7654
f 7655 8403 7654
f 8404 8403 7655
f 7656 8404 7655
f 8405 8404 7656
f 7657 8405 7656
f 7658 8406 8405
f 7658 8405 7657
f 8407 8406 7658
f 7659 8407 7658
f 8408 8407 7659
f 7660 8408 7659
f 8409 8408 7660
f 7661 8409 7660
f 7662 8410 8409
f 7662 8409 7661
f 8411 8410 7662
f 7663 8411 7662
f 8412 8411 7663
f 7664 8412 7663
f 7665 8412 7664
f 7665 8413 8412
f 8414 8413 7665
f 7666 8414 7665
f 7667 8415 8414
f 7667 8414 7666
f 8416 8415 7667
f 7668 8416 7667
f 7669 8417 8416
f 7669 8416 7668
f 8418 8417 7669
f 7670 8418 7669
f 8419 8418 7670
f 7671 8419 7670
f 8420 8419 7671
f 7672 8420 7671
f 7673 8421 8420
f 7673 8420 7672
f 7674 8422 8421
f 7674 8421 7673
f 8328 8422 7674
f 7580 8328 7674
f 8423 7710 7711
f 8423 7711 7712
f 8423 7712 7713
f 8424 7708 7709
f 8424 7709 7710
f 8424 7710 8423
f 8425 7713 7714
f 8425 7714 7715
f 8425 8423 7713
f 8426 7715 7716
f 8426 7716 7717
f 8426 8425 7715
f 8427 7706 7707
f 8427 7707 7708
f 8427 7708 8424
f 8428 7706 8427
f 8428 7704 7705
f 8428 7705 7706
f 8429 7717 7718
f 8429 7718 7719
f 8429 8426 7717
f 8430 7704 8428
f 8430 7702 7703
f 8430 7703 7704
f 8431 8429 7719
f 8431 7719 7720
f 8431 7720 7721
f 8432 7702 8430
f 8432 7700 7701
f 8432 7701 7702
f 8433 8431 7721
f 8433 7721 7722
f 8433 7722 7723
f 8434 7700 8432
f 8435 8433 7723
f 8436 7700 8434
f 8437 8435 7723
f 8438 7700 8436
f 8439 8437 7723
f 8440 7700 8438
f 8441 8439 7723
f 7678 7700 8440
f 8442 7723 7724
f 8442 8441 7723
f 8443 7678 8440
f 8444 8442 7724
f 8445 7678 8443
f 8446 7678 8445
f 8447 8444 7724
f 8448 8447 7724
f 8449 7678 8446
f 8450 7747 7746
f 8450 7724 7747
f 8450 8448 7724
f 8451 7678 8449
f 8451 7677 7678
f 8451 7679 7677
f 8452 7745 7744
f 8452 7746 7745
f 8452 8450 7746
f 8453 7679 8451
f 8453 7680 7679
f 8453 7681 7680
f 8454 8452 7744
f 8454 7743 7742
f 8454 7744 7743
f 8455 7681 8453
f 8455 7682 7681
f 8455 7683 7682
f 8456 7741 7740
f 8456 7742 7741
f 8456 8454 7742
f 8457 7684 7683
f 8457 7685 7684
f 8457 7683 8455
f 8458 7685 8457
f 8458 7686 7685
f 8458 7687 7686
f 8459 8456 7740
f 8459 7739 7738
f 8459 7740 7739
f 8460 7738 7737
f 8460 8459 7738
f 8461 7687 8458
f 8461 7688 7687
f 7689 7688 8461
f 7736 8460 7737
f 7690 8461 8462
f 7690 7689 8461
f 7735 8463 8460
f 7735 8460 7736
f 7691 7690 8462
f 7734 8463 7735
f 7733 8464 8463
f 7733 8463 7734
f 7692 8462 8465
f 7692 7691 8462
f 7732 8464 7733
f 7693 7692 8465
f 7694 8465 8466
f 7694 7693 8465
f 7731 8467 8464
f 7731 8464 7732
f 7695 7694 8466
f 7730 8467 7731
f 7696 8466 8468
f 7696 7695 8466
f 7729 8469 8467
f 7729 8467 7730
f 7697 7696 8468
f 7728 8469 7729
f 7698 8468 8470
f 7698 7697 8468
f 7727 8471 8469
f 7727 8469 7728
f 7699 7698 8470
f 7725 8471 7727
f 7726 8471 7725
f 7726 8472 8473
f 7726 8473 8474
f 7726 8474 8475
f 7726 8475 8471
f 7676 8470 8476
f 7676 8476 8477
f 7676 8477 8478
f 7676 8478 8479
f 7676 7699 8470
f 8480 7676 8479
f 7675 7676 8480
f 7675 8480 8481
f 7675 8481 8482
f 7675 8482 8483
f 7675 8483 8484
f 7748 8485 8472
f 7748 8486 8487
f 7748 8487 8488
f 7748 8488 8489
f 7748 8489 8485
f 7748 8472 7726
f 7749 8486 7748
f 7770 7675 8484
f 7750 8490 8486
f 7750 8486 7749
f 7769 7770 8484
f 7769 8484 8491
f 7768 7769 8491
f 7751 8490 7750
f 7752 8492 8490
f 7752 8490 7751
f 7767 8491 8493
f 7767 7768 8491
f 7753 8492 7752
f 7766 7767 8493
f 7754 8492 7753
f 7754 8494 8492
f 7765 8493 8495
f 7765 7766 8493
f 7764 7765 8495
f 7755 8494 7754
f 7763 8495 8496
f 7763 7764 8495
f 7756 8497 8494
f 7756 8494 7755
f 7757 8497 7756
f 7762 7763 8496
f 7761 7762 8496
f 7761 8496 8498
f 7758 8497 7757
f 7758 8498 8497
f 7759 8498 7758
f 7760 7761 8498
f 7760 8498 7759
f 7772 7774 7773
f 7771 7774 7772
f 7775 7778 7777
f 7776 7778 7775
f 7780 7782 7781
f 7779 7782 7780
f 7784 7786 7785
f 7783 7786 7784
f 7788 7790 7789
f 7788 7789 7787
f 7792 7794 7793
f 7791 7794 7792
f 7795 7798 7797
f 7796 7798 7795
f 7800 7802 7801
f 7799 7802 7800
f 7804 7806 7805
f 7803 7806 7804
f 8499 7890 7891
f 8500 7890 8499
f 8501 8499 7891
f 8501 7891 7892
f 8502 7890 8500
f 8502 7889 7890
f 8503 8501 7892
f 8503 7892 7893
f 8504 7889 8502
f 8504 7888 7889
f 8505 8503 7893
f 8505 7893 7894
f 8506 7888 8504
f 8506 7887 7888
f 8507 8505 7894
f 8507 7894 7895
f 8508 7886 7887
f 8508 7887 8506
f 8509 7895 7896
f 8509 8507 7895
f 8510 7885 7886
f 8510 7886 8508
f 8511 8509 7896
f 8511 7896 7897
f 8512 7884 7885
f 8512 7885 8510
f 8513 8511 7897
f 8513 7897 7898
f 8514 7883 7884
f 8514 7884 8512
f 8515 8513 7898
f 8515 7898 7899
f 8516 7883 8514
f 8516 7882 7883
f 8517 8515 7899
f 8517 7899 7900
f 8518 7882 8516
f 8518 7881 7882
f 8519 8517 7900
f 8519 7900 7901
f 8520 7881 8518
f 8520 7880 7881
f 8521 7901 7902
f 8521 8519 7901
f 8522 7856 7880
f 8522 7880 8520
f 8523 7833 7856
f 8523 7832 7833
f 8523 7856 8522
f 8524 7834 7832
f 8524 7832 8523
f 8525 7834 8524
f 8525 7835 7834
f 8526 7835 8525
f 8526 7836 7835
f 8527 7836 8526
f 8527 7837 7836
f 8528 7837 8527
f 8528 7838 7837
f 8529 7838 8528
f 8529 7839 7838
f 8530 7839 8529
f 8530 7840 7839
f 8531 7840 8530
f 8531 7841 7840
f 8532 7841 8531
f 7842 7841 8532
f 8533 7842 8532
f 7843 7842 8533
f 8534 7843 8533
f 8535 7879 7878
f 8535 7902 7879
f 8535 8521 7902
f 8536 7878 7877
f 8536 8535 7878
f 7844 7843 8534
f 7844 8534 8537
f 8538 8536 7877
f 8538 7877 7876
f 8539 7844 8537
f 8540 7876 7875
f 8540 8538 7876
f 7845 7844 8539
f 8541 7845 8539
f 8542 7875 7874
f 8542 8540 7875
f 8543 7874 7873
f 8543 8542 7874
f 7846 8541 8544
f 7846 7845 8541
f 8545 7873 7872
f 8545 8543 7873
f 7847 8544 8546
f 7847 7846 8544
f 8547 7872 7871
f 8547 8545 7872
f 8548 7871 7870
f 8548 8547 7871
f 7848 8546 8549
f 7848 7847 8546
f 8550 8548 7870
f 7869 8550 7870
f 7849 8549 8551
f 7849 7848 8549
f 8552 8550 7869
f 7868 8552 7869
f 8553 8552 7868
f 7850 7849 8551
f 7850 8551 8554
f 7867 8553 7868
f 7867 8555 8553
f 7851 7850 8554
f 7851 8554 8556
f 8557 8555 7867
f 7866 8557 7867
f 8558 8557 7866
f 7852 8556 8559
f 7852 7851 8556
f 7865 8558 7866
f 7865 8560 8558
f 7853 8559 8561
f 7853 7852 8559
f 7854 8561 8562
f 7854 7853 8561
f 7864 8560 7865
f 7864 8563 8560
f 7808 7854 8562
f 7863 8564 8563
f 7863 8563 7864
f 7862 8565 8564
f 7862 8564 7863
f 7861 8566 8565
f 7861 8565 7862
f 7860 8567 8566
f 7860 8566 7861
f 7859 8568 8567
f 7859 8567 7860
f 7858 8569 8568
f 7858 8568 7859
f 7857 8570 8569
f 7857 8569 7858
f 7855 8570 7857
f 7810 8571 8570
f 7810 8570 7855
f 7807 7808 8562
f 7807 8562 8572
f 7809 8571 7810
f 7809 8573 8571
f 7831 7807 8572
f 7831 8572 8574
f 7811 8573 7809
f 7811 8575 8573
f 7830 8574 8576
f 7830 7831 8574
f 7812 8575 7811
f 7812 8577 8575
f 7829 7830 8576
f 7829 8576 8578
f 7813 8577 7812
f 7813 8579 8577
f 7828 8578 8580
f 7828 7829 8578
f 7814 8579 7813
f 7814 8581 8579
f 7827 7828 8580
f 7827 8580 8582
f 7815 8581 7814
f 7815 8583 8581
f 7826 8582 8584
f 7826 7827 8582
f 7816 8583 7815
f 7816 8585 8583
f 7825 7826 8584
f 7825 8584 8586
f 7817 8585 7816
f 7817 8587 8585
f 7824 8586 8588
f 7824 7825 8586
f 7818 8587 7817
f 7818 8589 8587
f 7823 7824 8588
f 7823 8588 8590
f 7819 8589 7818
f 7819 8591 8589
f 7822 7823 8590
f 7822 8590 8592
f 7820 8591 7819
f 7820 8593 8594
f 7820 8594 8591
f 7821 7822 8592
f 7821 8593 7820
f 7821 8592 8593
f 7956 7957 7958
f 7955 7956 7958
f 7953 7954 7955
f 7966 7962 7963
f 7966 7963 7964
f 7966 7964 7965
f 7968 7962 7966
f 7968 7959 7960
f 7968 7960 7961
f 7968 7961 7962
f 7968 7966 7967
f 7969 7959 7968
f 7949 7950 7951
f 7970 7959 7969
f 7970 7958 7959
f 7947 7949 7951
f 7947 7948 7949
f 7947 7951 7952
f 7945 7946 7947
f 7944 7953 7955
f 7944 7945 7947
f 7944 7947 7952
f 7944 7952 7953
f 7975 7971 7972
f 7975 7972 7973
f 7975 7973 7974
f 7977 7975 7976
f 7941 7942 7943
f 7941 7943 7944
f 7939 7940 7941
f 7939 7941 7944
f 7980 7975 7977
f 7980 7977 7978
f 7980 7978 7979
f 7981 7975 7980
f 7936 7937 7938
f 7935 7936 7938
f 7984 7981 7982
f 7984 7982 7983
f 7934 7955 7958
f 7934 7944 7955
f 7934 7938 7939
f 7934 7939 7944
f 7934 7935 7938
f 7986 7975 7981
f 7986 7981 7984
f 7986 7984 7985
f 7930 7931 7932
f 7930 7932 7933
f 7930 7933 7934
f 7930 7958 7970
f 7930 7934 7958
f 7989 7986 7987
f 7989 7987 7988
f 7991 7989 7990
f 7927 7928 7929
f 7927 7929 7930
f 7927 7930 7970
f 7927 7970 7971
f 7926 7927 7971
f 7903 7989 7991
f 7903 7991 7992
f 7904 7989 7903
f 7922 7923 7924
f 7922 7924 7925
f 7922 7926 7971
f 7922 7925 7926
f 7908 7905 7906
f 7908 7906 7907
f 7920 7921 7922
f 7909 7904 7905
f 7909 7989 7904
f 7909 7986 7989
f 7909 7905 7908
f 7912 7909 7910
f 7912 7910 7911
f 7912 7919 7920
f 7912 7986 7909
f 7912 7922 7971
f 7912 7920 7922
f 7912 7971 7975
f 7912 7975 7986
f 7915 7916 7917
f 7915 7917 7918
f 7915 7918 7919
f 7915 7919 7912
f 7914 7912 7913
f 7914 7915 7912
f 8046 8047 8048
f 8045 8046 8048
f 8043 8044 8045
f 8056 8052 8053
f 8056 8053 8054
f 8056 8054 8055
f 8058 8052 8056
f 8058 8049 8050
f 8058 8050 8051
f 8058 8051 8052
f 8058 8056 8057
f 8059 8049 8058
f 8039 8040 8041
f 8060 8049 8059
f 8060 8048 8049
f 8037 8039 8041
f 8037 8038 8039
f 8037 8041 8042
f 8035 8036 8037
f 8034 8043 8045
f 8034 8035 8037
f 8034 8037 8042
f 8034 8042 8043
f 8065 8061 8062
f 8065 8062 8063
f 8065 8063 8064
f 8067 8065 8066
f 8031 8032 8033
f 8031 8033 8034
f 8029 8030 8031
f 8029 8031 8034
f 8070 8065 8067
f 8070 8067 8068
f 8070 8068 8069
f 8071 8065 8070
f 8026 8027 8028
f 8025 8026 8028
f 8074 8071 8072
f 8074 8072 8073
f 8024 8045 8048
f 8024 8034 8045
f 8024 8028 8029
f 8024 8029 8034
f 8024 8025 8028
f 8076 8065 8071
f 8076 8071 8074
f 8076 8074 8075
f 8020 8021 8022
f 8020 8022 8023
f 8020 8023 8024
f 8020 8048 8060
f 8020 8024 8048
f 8079 8076 8077
f 8079 8077 8078
f 8081 8079 8080
f 8017 8018 8019
f 8017 8019 8020
f 8017 8020 8060
f 8017 8060 8061
f 8016 8017 8061
f 7993 8079 8081
f 7993 8081 8082
f 7994 8079 7993
f 8012 8013 8014
f 8012 8014 8015
f 8012 8016 8061
f 8012 8015 8016
f 7998 7995 7996
f 7998 7996 7997
f 8010 8011 8012
f 7999 7994 7995
f 7999 8079 7994
f 7999 8076 8079
f 7999 7995 7998
f 8002 7999 8000
f 8002 8000 8001
f 8002 8009 8010
f 8002 8076 7999
f 8002 8012 8061
f 8002 8010 8012
f 8002 8061 8065
f 8002 8065 8076
f 8005 8006 8007
f 8005 8007 8008
f 8005 8008 8009
f 8005 8009 8002
f 8004 8002 8003
f 8004 8005 8002
f 8595 8166 8167
f 8596 8166 8595
f 8597 8595 8167
f 8597 8167 8168
f 8598 8166 8596
f 8598 8165 8166
f 8599 8597 8168
f 8599 8168 8169
f 8600 8165 8598
f 8600 8164 8165
f 8601 8599 8169
f 8601 8169 8170
f 8602 8164 8600
f 8602 8163 8164
f 8603 8601 8170
f 8603 8170 8171
f 8604 8162 8163
f 8604 8163 8602
f 8605 8603 8171
f 8605 8171 8172
f 8606 8161 8162
f 8606 8162 8604
f 8607 8605 8172
f 8607 8172 8173
f 8608 8160 8161
f 8608 8161 8606
f 8609 8173 8174
f 8609 8607 8173
f 8610 8159 8160
f 8610 8160 8608
f 8611 8609 8174
f 8611 8174 8175
f 8612 8158 8159
f 8612 8159 8610
f 8613 8611 8175
f 8613 8175 8176
f 8614 8157 8158
f 8614 8158 8612
f 8615 8176 8177
f 8615 8613 8176
f 8616 8156 8157
f 8616 8157 8614
f 8617 8132 8156
f 8617 8156 8616
f 8618 8177 8178
f 8618 8615 8177
f 8619 8132 8617
f 8619 8109 8132
f 8619 8108 8109
f 8620 8110 8108
f 8620 8108 8619
f 8621 8110 8620
f 8621 8111 8110
f 8622 8112 8111
f 8622 8111 8621
f 8623 8112 8622
f 8623 8113 8112
f 8624 8113 8623
f 8624 8114 8113
f 8625 8114 8624
f 8625 8115 8114
f 8626 8115 8625
f 8626 8116 8115
f 8627 8116 8626
f 8627 8117 8116
f 8628 8117 8627
f 8118 8117 8628
f 8629 8118 8628
f 8119 8118 8629
f 8630 8119 8629
f 8631 8155 8154
f 8631 8178 8155
f 8631 8618 8178
f 8632 8119 8630
f 8633 8631 8154
f 8633 8154 8153
f 8120 8119 8632
f 8634 8633 8153
f 8634 8153 8152
f 8635 8120 8632
f 8636 8634 8152
f 8636 8152 8151
f 8121 8120 8635
f 8637 8121 8635
f 8638 8636 8151
f 8638 8151 8150
f 8639 8150 8149
f 8639 8638 8150
f 8122 8637 8640
f 8122 8121 8637
f 8641 8149 8148
f 8641 8639 8149
f 8123 8640 8642
f 8123 8122 8640
f 8643 8148 8147
f 8643 8641 8148
f 8644 8147 8146
f 8644 8643 8147
f 8124 8642 8645
f 8124 8123 8642
f 8646 8644 8146
f 8145 8646 8146
f 8125 8645 8647
f 8125 8124 8645
f 8648 8646 8145
f 8144 8648 8145
f 8649 8648 8144
f 8126 8647 8650
f 8126 8125 8647
f 8651 8649 8144
f 8143 8651 8144
f 8127 8126 8650
f 8127 8650 8652
f 8653 8651 8143
f 8142 8653 8143
f 8654 8653 8142
f 8128 8652 8655
f 8128 8127 8652
f 8141 8654 8142
f 8141 8656 8654
f 8129 8655 8657
f 8129 8128 8655
f 8130 8657 8658
f 8130 8129 8657
f 8140 8656 8141
f 8140 8659 8656
f 8084 8130 8658
f 8139 8660 8659
f 8139 8659 8140
f 8138 8660 8139
f 8138 8661 8660
f 8137 8662 8661
f 8137 8661 8138
f 8136 8663 8662
f 8136 8662 8137
f 8135 8664 8663
f 8135 8663 8136
f 8134 8665 8664
f 8134 8664 8135
f 8133 8666 8665
f 8133 8665 8134
f 8131 8666 8133
f 8083 8084 8658
f 8083 8658 8667
f 8086 8668 8666
f 8086 8666 8131
f 8085 8669 8668
f 8085 8668 8086
f 8107 8083 8667
f 8107 8667 8670
f 8087 8669 8085
f 8087 8671 8669
f 8106 8107 8670
f 8106 8670 8672
f 8105 8106 8672
f 8105 8672 8673
f 8088 8671 8087
f 8088 8674 8671
f 8104 8105 8673
f 8104 8673 8675
f 8089 8674 8088
f 8089 8676 8674
f 8090 8676 8089
f 8090 8677 8676
f 8103 8104 8675
f 8103 8675 8678
f 8102 8103 8678
f 8102 8678 8679
f 8091 8677 8090
f 8091 8680 8677
f 8101 8679 8681
f 8101 8102 8679
f 8092 8680 8091
f 8092 8682 8680
f 8093 8682 8092
f 8093 8683 8682
f 8100 8101 8681
f 8100 8681 8684
f 8099 8684 8685
f 8099 8100 8684
f 8094 8683 8093
f 8094 8686 8683
f 8095 8686 8094
f 8095 8687 8686
f 8098 8099 8685
f 8098 8685 8688
f 8096 8687 8095
f 8096 8689 8687
f 8097 8098 8688
f 8097 8689 8096
f 8097 8688 8690
f 8097 8690 8689
f 8185 8189 8187
f 8181 8185 8183
f 8179 8181 8180
f 8191 8185 8181
f 8191 8189 8185
f 8191 8181 8179
f 8186 8182 8184
f 8193 8179 8182
f 8193 8191 8179
f 8190 8186 8188
f 8190 8182 8186
f 8190 8193 8182
f 8195 8193 8190
f 8192 8195 8190
f 8196 8192 8194
f 8200 8195 8192
f 8200 8192 8196
f 8198 8200 8196
f 8202 8197 8195
f 8202 8195 8200
f 8206 8202 8204
f 8206 8197 8202
f 8210 8197 8206
f 8208 8210 8206
f 8199 8197 8210
f 8203 8201 8199
f 8207 8205 8203
f 8212 8199 8210
f 8212 8203 8199
f 8212 8207 8203
f 8213 8211 8209
f 8217 8213 8209
f 8217 8215 8213
f 8214 8207 8212
f 8214 8217 8209
f 8214 8209 8207
f 8216 8217 8214
f 8216 8219 8217
f 8223 8221 8219
f 8227 8225 8223
f 8227 8219 8216
f 8227 8223 8219
f 8229 8216 8218
f 8229 8227 8216
f 8228 8229 8218
f 8228 8230 8229
f 8224 8228 8218
f 8226 8228 8224
f 8220 8224 8218
f 8222 8224 8220
f 8284 8285 8286
f 8283 8284 8286
f 8281 8282 8283
f 8294 8290 8291
f 8294 8291 8292
f 8294 8292 8293
f 8296 8290 8294
f 8296 8287 8288
f 8296 8288 8289
f 8296 8289 8290
f 8296 8294 8295
f 8297 8287 8296
f 8277 8278 8279
f 8298 8287 8297
f 8298 8286 8287
f 8275 8277 8279
f 8275 8276 8277
f 8275 8279 8280
f 8273 8274 8275
f 8272 8281 8283
f 8272 8273 8275
f 8272 8275 8280
f 8272 8280 8281
f 8303 8299 8300
f 8303 8300 8301
f 8303 8301 8302
f 8305 8303 8304
f 8269 8270 8271
f 8269 8271 8272
f 8267 8268 8269
f 8267 8269 8272
f 8308 8303 8305
f 8308 8305 8306
f 8308 8306 8307
f 8309 8303 8308
f 8264 8265 8266
f 8263 8264 8266
f 8312 8309 8310
f 8312 8310 8311
f 8262 8283 8286
f 8262 8272 8283
f 8262 8266 8267
f 8262 8267 8272
f 8262 8263 8266
f 8314 8303 8309
f 8314 8309 8312
f 8314 8312 8313
f 8258 8259 8260
f 8258 8260 8261
f 8258 8261 8262
f 8258 8286 8298
f 8258 8262 8286
f 8317 8314 8315
f 8317 8315 8316
f 8319 8317 8318
f 8255 8256 8257
f 8255 8257 8258
f 8255 8258 8298
f 8255 8298 8299
f 8254 8255 8299
f 8231 8317 8319
f 8231 8319 8320
f 8232 8317 8231
f 8250 8251 8252
f 8250 8252 8253
f 8250 8254 8299
f 8250 8253 8254
f 8236 8233 8234
f 8236 8234 8235
f 8248 8249 8250
f 8237 8232 8233
f 8237 8317 8232
f 8237 8314 8317
f 8237 8233 8236
f 8240 8237 8238
f 8240 8238 8239
f 8240 8247 8248
f 8240 8314 8237
f 8240 8250 8299
f 8240 8248 8250
f 8240 8299 8303
f 8240 8303 8314
f 8243 8244 8245
f 8243 8245 8246
f 8243 8246 8247
f 8243 8247 8240
f 8242 8240 8241
f 8242 8243 8240
f 8322 8321 8323
f 8324 8325 8326
f 8324 8323 8325
f 8324 8322 8323
f 8691 8692 8328
f 8327 8691 8328
f 8693 8691 8327
f 8329 8693 8327
f 8694 8693 8329
f 8330 8694 8329
f 8695 8694 8330
f 8331 8695 8330
f 8696 8695 8331
f 8332 8696 8331
f 8333 8697 8696
f 8333 8696 8332
f 8698 8697 8333
f 8334 8698 8333
f 8699 8698 8334
f 8335 8699 8334
f 8700 8699 8335
f 8336 8700 8335
f 8701 8700 8336
f 8337 8701 8336
f 8338 8702 8701
f 8338 8701 8337
f 8703 8702 8338
f 8339 8703 8338
f 8704 8703 8339
f 8340 8704 8339
f 8705 8704 8340
f 8341 8705 8340
f 8342 8705 8341
f 8342 8706 8705
f 8707 8706 8342
f 8343 8707 8342
f 8344 8708 8707
f 8344 8707 8343
f 8709 8708 8344
f 8345 8709 8344
f 8346 8710 8709
f 8346 8709 8345
f 8347 8711 8710
f 8347 8710 8346
f 8712 8711 8347
f 8348 8712 8347
f 8349 8713 8712
f 8349 8712 8348
f 8350 8714 8713
f 8350 8713 8349
f 8351 8715 8714
f 8351 8714 8350
f 8716 8715 8351
f 8352 8716 8351
f 8717 8716 8352
f 8353 8717 8352
f 8718 8717 8353
f 8354 8718 8353
f 8719 8718 8354
f 8355 8719 8354
f 8720 8719 8355
f 8356 8720 8355
f 8721 8720 8356
f 8357 8721 8356
f 8722 8721 8357
f 8358 8722 8357
f 8723 8722 8358
f 8359 8723 8358
f 8724 8723 8359
f 8360 8724 8359
f 8725 8724 8360
f 8361 8725 8360
f 8726 8725 8361
f 8362 8726 8361
f 8727 8726 8362
f 8363 8727 8362
f 8728 8727 8363
f 8364 8728 8363
f 8729 8728 8364
f 8365 8729 8364
f 8730 8729 8365
f 8366 8730 8365
f 8731 8730 8366
f 8367 8731 8366
f 8368 8732 8731
f 8368 8731 8367
f 8733 8732 8368
f 8369 8733 8368
f 8734 8733 8369
f 8370 8734 8369
f 8735 8734 8370
f 8371 8735 8370
f 8372 8736 8735
f 8372 8735 8371
f 8737 8736 8372
f 8373 8737 8372
f 8374 8738 8737
f 8374 8737 8373
f 8739 8738 8374
f 8375 8739 8374
f 8376 8740 8739
f 8376 8739 8375
f 8377 8741 8740
f 8377 8740 8376
f 8378 8742 8741
f 8378 8741 8377
f 8379 8743 8742
f 8379 8742 8378
f 8380 8744 8743
f 8380 8743 8379
f 8381 8745 8744
f 8381 8744 8380
f 8382 8746 8745
f 8382 8745 8381
f 8383 8747 8746
f 8383 8746 8382
f 8384 8748 8747
f 8384 8747 8383
f 8385 8749 8748
f 8385 8748 8384
f 8386 8750 8749
f 8386 8749 8385
f 8387 8751 8750
f 8387 8750 8386
f 8388 8751 8387
f 8388 8752 8751
f 8389 8752 8388
f 8389 8753 8752
f 8390 8753 8389
f 8390 8754 8753
f 8391 8754 8390
f 8391 8755 8754
f 8392 8756 8755
f 8392 8755 8391
f 8393 8757 8756
f 8393 8756 8392
f 8394 8758 8757
f 8394 8757 8393
f 8395 8759 8758
f 8395 8758 8394
f 8396 8760 8759
f 8396 8759 8395
f 8397 8761 8760
f 8397 8760 8396
f 8398 8762 8761
f 8398 8761 8397
f 8399 8763 8762
f 8399 8762 8398
f 8764 8763 8399
f 8400 8764 8399
f 8765 8764 8400
f 8401 8765 8400
f 8766 8765 8401
f 8402 8766 8401
f 8767 8766 8402
f 8403 8767 8402
f 8768 8767 8403
f 8404 8768 8403
f 8769 8768 8404
f 8405 8769 8404
f 8770 8769 8405
f 8406 8770 8405
f 8771 8770 8406
f 8407 8771 8406
f 8772 8771 8407
f 8408 8772 8407
f 8773 8772 8408
f 8409 8773 8408
f 8774 8773 8409
f 8410 8774 8409
f 8775 8774 8410
f 8411 8775 8410
f 8776 8775 8411
f 8412 8776 8411
f 8777 8776 8412
f 8413 8777 8412
f 8778 8777 8413
f 8414 8778 8413
f 8779 8778 8414
f 8415 8779 8414
f 8780 8779 8415
f 8416 8780 8415
f 8417 8781 8780
f 8417 8780 8416
f 8782 8781 8417
f 8418 8782 8417
f 8783 8782 8418
f 8419 8783 8418
f 8784 8783 8419
f 8420 8784 8419
f 8785 8784 8420
f 8421 8785 8420
f 8422 8786 8785
f 8422 8785 8421
f 8692 8786 8422
f 8328 8692 8422
f 8480 8479 8787
f 8480 8787 8788
f 8489 8789 8485
f 8489 8790 8789
f 8488 8791 8790
f 8488 8790 8489
f 8487 8792 8791
f 8487 8791 8488
f 8486 8793 8792
f 8486 8792 8487
f 8490 8794 8793
f 8490 8793 8486
f 8492 8795 8794
f 8492 8794 8490
f 8494 8796 8795
f 8494 8795 8492
f 8497 8797 8796
f 8497 8796 8494
f 8498 8798 8799
f 8498 8799 8797
f 8498 8797 8497
f 8496 8800 8798
f 8496 8798 8498
f 8495 8800 8496
f 8493 8801 8800
f 8493 8800 8495
f 8491 8802 8801
f 8491 8801 8493
f 8484 8803 8804
f 8484 8804 8802
f 8484 8802 8491
f 8483 8803 8484
f 8483 8805 8803
f 8482 8805 8483
f 8481 8805 8482
f 8481 8788 8806
f 8481 8806 8805
f 8480 8788 8481
f 8472 8485 8789
f 8472 8789 8807
f 8473 8472 8807
f 8473 8807 8808
f 8474 8808 8809
f 8474 8473 8808
f 8475 8809 8810
f 8475 8474 8809
f 8471 8810 8811
f 8471 8475 8810
f 8469 8811 8812
f 8469 8812 8813
f 8469 8471 8811
f 8467 8469 8813
f 8464 8813 8814
f 8464 8814 8815
f 8464 8467 8813
f 8463 8464 8815
f 8460 8815 8816
f 8460 8463 8815
f 8459 8816 8817
f 8459 8460 8816
f 8456 8817 8818
f 8456 8818 8819
f 8456 8459 8817
f 8454 8456 8819
f 8452 8819 8820
f 8452 8820 8821
f 8452 8454 8819
f 8450 8452 8821
f 8448 8450 8821
f 8448 8821 8822
f 8448 8822 8823
f 8447 8448 8823
f 8444 8447 8823
f 8444 8823 8824
f 8442 8444 8824
f 8442 8824 8825
f 8441 8442 8825
f 8441 8825 8826
f 8438 8827 8440
f 8438 8828 8827
f 8436 8829 8828
f 8436 8828 8438
f 8434 8830 8829
f 8434 8829 8436
f 8432 8831 8830
f 8432 8830 8434
f 8430 8832 8831
f 8430 8831 8432
f 8428 8833 8832
f 8428 8832 8430
f 8427 8834 8833
f 8427 8833 8428
f 8424 8835 8834
f 8424 8834 8427
f 8423 8836 8837
f 8423 8837 8835
f 8423 8835 8424
f 8425 8838 8836
f 8425 8836 8423
f 8426 8838 8425
f 8429 8839 8838
f 8429 8838 8426
f 8431 8840 8839
f 8431 8839 8429
f 8433 8841 8842
f 8433 8842 8840
f 8433 8840 8431
f 8435 8841 8433
f 8435 8843 8841
f 8437 8843 8435
f 8439 8843 8437
f 8439 8826 8844
f 8439 8844 8843
f 8441 8826 8439
f 8443 8440 8827
f 8443 8827 8845
f 8445 8443 8845
f 8445 8845 8846
f 8446 8846 8847
f 8446 8445 8846
f 8449 8847 8848
f 8449 8446 8847
f 8451 8848 8849
f 8451 8449 8848
f 8453 8849 8850
f 8453 8850 8851
f 8453 8451 8849
f 8455 8453 8851
f 8457 8851 8852
f 8457 8852 8853
f 8457 8455 8851
f 8458 8457 8853
f 8461 8853 8854
f 8461 8458 8853
f 8462 8854 8855
f 8462 8461 8854
f 8465 8855 8856
f 8465 8856 8857
f 8465 8462 8855
f 8466 8465 8857
f 8468 8857 8858
f 8468 8858 8859
f 8468 8466 8857
f 8470 8468 8859
f 8476 8470 8859
f 8476 8859 8860
f 8476 8860 8861
f 8477 8476 8861
f 8478 8477 8861
f 8478 8861 8862
f 8479 8478 8862
f 8479 8862 8787
f 8572 8562 8863
f 8572 8863 8864
f 8573 8865 8571
f 8573 8866 8865
f 8575 8867 8866
f 8575 8866 8573
f 8577 8868 8867
f 8577 8867 8575
f 8579 8869 8870
f 8579 8870 8868
f 8579 8868 8577
f 8581 8869 8579
f 8583 8871 8869
f 8583 8869 8581
f 8585 8872 8871
f 8585 8871 8583
f 8587 8873 8872
f 8587 8872 8585
f 8589 8874 8873
f 8589 8873 8587
f 8591 8875 8876
f 8591 8876 8874
f 8591 8874 8589
f 8594 8875 8591
f 8593 8875 8594
f 8593 8877 8878
f 8593 8878 8875
f 8592 8877 8593
f 8590 8877 8592
f 8590 8879 8877
f 8588 8879 8590
f 8588 8880 8879
f 8586 8880 8588
f 8586 8881 8880
f 8584 8881 8586
f 8584 8882 8883
f 8584 8883 8881
f 8582 8882 8584
f 8580 8882 8582
f 8580 8884 8882
f 8578 8885 8884
f 8578 8884 8580
f 8576 8885 8578
f 8576 8886 8887
f 8576 8887 8885
f 8574 8886 8576
f 8572 8864 8886
f 8572 8886 8574
f 8570 8571 8865
f 8570 8865 8888
f 8569 8570 8888
f 8569 8888 8889
f 8568 8889 8890
f 8568 8569 8889
f 8567 8890 8891
f 8567 8568 8890
f 8566 8891 8892
f 8566 8567 8891
f 8565 8892 8893
f 8565 8566 8892
f 8564 8893 8894
f 8564 8565 8893
f 8563 8894 8895
f 8563 8564 8894
f 8560 8895 8896
f 8560 8563 8895
f 8558 8896 8897
f 8558 8560 8896
f 8557 8897 8898
f 8557 8898 8899
f 8557 8558 8897
f 8555 8557 8899
f 8553 8555 8899
f 8553 8899 8900
f 8552 8553 8900
f 8552 8900 8901
f 8550 8552 8901
f 8550 8901 8902
f 8548 8550 8902
f 8548 8902 8903
f 8547 8548 8903
f 8547 8903 8904
f 8545 8547 8904
f 8545 8904 8905
f 8543 8545 8905
f 8543 8905 8906
f 8542 8543 8906
f 8542 8906 8907
f 8540 8542 8907
f 8540 8907 8908
f 8540 8908 8909
f 8538 8540 8909
f 8536 8538 8909
f 8536 8909 8910
f 8535 8536 8910
f 8535 8910 8911
f 8521 8535 8911
f 8521 8911 8912
f 8520 8913 8522
f 8520 8914 8913
f 8518 8915 8914
f 8518 8914 8520
f 8516 8916 8915
f 8516 8915 8518
f 8514 8917 8918
f 8514 8918 8916
f 8514 8916 8516
f 8512 8917 8514
f 8510 8919 8917
f 8510 8917 8512
f 8508 8920 8919
f 8508 8919 8510
f 8506 8921 8920
f 8506 8920 8508
f 8504 8922 8921
f 8504 8921 8506
f 8502 8923 8924
f 8502 8924 8922
f 8502 8922 8504
f 8500 8923 8502
f 8499 8923 8500
f 8499 8925 8926
f 8499 8926 8923
f 8501 8925 8499
f 8503 8925 8501
f 8503 8927 8925
f 8505 8927 8503
f 8505 8928 8927
f 8507 8928 8505
f 8507 8929 8928
f 8509 8929 8507
f 8509 8930 8931
f 8509 8931 8929
f 8511 8930 8509
f 8513 8930 8511
f 8513 8932 8930
f 8515 8933 8932
f 8515 8932 8513
f 8517 8933 8515
f 8517 8934 8935
f 8517 8935 8933
f 8519 8934 8517
f 8521 8912 8934
f 8521 8934 8519
f 8523 8522 8913
f 8523 8913 8936
f 8524 8523 8936
f 8524 8936 8937
f 8525 8937 8938
f 8525 8524 8937
f 8526 8938 8939
f 8526 8525 8938
f 8527 8939 8940
f 8527 8526 8939
f 8528 8940 8941
f 8528 8527 8940
f 8529 8941 8942
f 8529 8528 8941
f 8530 8942 8943
f 8530 8529 8942
f 8531 8943 8944
f 8531 8530 8943
f 8532 8944 8945
f 8532 8531 8944
f 8533 8945 8946
f 8533 8946 8947
f 8533 8532 8945
f 8534 8533 8947
f 8537 8534 8947
f 8537 8947 8948
f 8539 8537 8948
f 8539 8948 8949
f 8541 8539 8949
f 8541 8949 8950
f 8544 8541 8950
f 8544 8950 8951
f 8546 8544 8951
f 8546 8951 8952
f 8549 8546 8952
f 8549 8952 8953
f 8551 8549 8953
f 8551 8953 8954
f 8554 8551 8954
f 8554 8954 8955
f 8556 8554 8955
f 8556 8955 8956
f 8556 8956 8957
f 8559 8556 8957
f 8561 8559 8957
f 8561 8957 8958
f 8562 8561 8958
f 8562 8958 8863
f 8667 8658 8959
f 8667 8959 8960
f 8669 8961 8668
f 8669 8962 8961
f 8671 8963 8962
f 8671 8962 8669
f 8674 8964 8963
f 8674 8963 8671
f 8676 8965 8964
f 8676 8964 8674
f 8677 8966 8965
f 8677 8965 8676
f 8680 8967 8968
f 8680 8968 8966
f 8680 8966 8677
f 8682 8967 8680
f 8683 8969 8967
f 8683 8967 8682
f 8686 8970 8969
f 8686 8969 8683
f 8687 8971 8972
f 8687 8972 8970
f 8687 8970 8686
f 8689 8971 8687
f 8690 8971 8689
f 8690 8973 8971
f 8688 8973 8690
f 8688 8974 8975
f 8688 8975 8973
f 8685 8974 8688
f 8684 8974 8685
f 8684 8976 8974
f 8681 8976 8684
f 8681 8977 8976
f 8679 8977 8681
f 8679 8978 8977
f 8678 8978 8679
f 8678 8979 8978
f 8675 8980 8979
f 8675 8979 8678
f 8673 8980 8675
f 8673 8981 8980
f 8672 8982 8981
f 8672 8981 8673
f 8670 8983 8982
f 8670 8982 8672
f 8667 8960 8983
f 8667 8983 8670
f 8666 8668 8961
f 8666 8961 8984
f 8665 8666 8984
f 8665 8984 8985
f 8664 8985 8986
f 8664 8665 8985
f 8663 8986 8987
f 8663 8664 8986
f 8662 8987 8988
f 8662 8663 8987
f 8661 8988 8989
f 8661 8662 8988
f 8660 8989 8990
f 8660 8661 8989
f 8659 8990 8991
f 8659 8991 8992
f 8659 8660 8990
f 8656 8659 8992
f 8654 8992 8993
f 8654 8656 8992
f 8653 8993 8994
f 8653 8654 8993
f 8651 8994 8995
f 8651 8653 8994
f 8649 8651 8995
f 8649 8995 8996
f 8648 8649 8996
f 8648 8996 8997
f 8646 8648 8997
f 8646 8997 8998
f 8644 8646 8998
f 8644 8998 8999
f 8643 8644 8999
f 8643 8999 9000
f 8641 8643 9000
f 8641 9000 9001
f 8639 8641 9001
f 8639 9001 9002
f 8638 8639 9002
f 8638 9002 9003
f 8636 8638 9003
f 8636 9003 9004
f 8634 8636 9004
f 8634 9004 9005
f 8633 8634 9005
f 8633 9005 9006
f 8631 8633 9006
f 8631 9006 9007
f 8618 8631 9007
f 8618 9007 9008
f 8616 9009 8617
f 8616 9010 9009
f 8614 9011 9010
f 8614 9010 8616
f 8612 9012 9011
f 8612 9011 8614
f 8610 9013 9012
f 8610 9012 8612
f 8608 9014 9013
f 8608 9013 8610
f 8606 9015 9016
f 8606 9016 9014
f 8606 9014 8608
f 8604 9015 8606
f 8602 9017 9015
f 8602 9015 8604
f 8600 9018 9017
f 8600 9017 8602
f 8598 9019 9020
f 8598 9020 9018
f 8598 9018 8600
f 8596 9019 8598
f 8595 9019 8596
f 8595 9021 9019
f 8597 9021 8595
f 8597 9022 9023
f 8597 9023 9021
f 8599 9022 8597
f 8601 9022 8599
f 8601 9024 9022
f 8603 9024 8601
f 8603 9025 9024
f 8605 9025 8603
f 8605 9026 9025
f 8607 9026 8605
f 8607 9027 9026
f 8609 9028 9027
f 8609 9027 8607
f 8611 9028 8609
f 8611 9029 9028
f 8613 9030 9029
f 8613 9029 8611
f 8615 9031 9030
f 8615 9030 8613
f 8618 9008 9031
f 8618 9031 8615
f 8619 8617 9009
f 8619 9009 9032
f 8620 8619 9032
f 8620 9032 9033
f 8621 9033 9034
f 8621 8620 9033
f 8622 9034 9035
f 8622 8621 9034
f 8623 9035 9036
f 8623 8622 9035
f 8624 9036 9037
f 8624 8623 9036
f 8625 9037 9038
f 8625 8624 9037
f 8626 9038 9039
f 8626 9039 9040
f 8626 8625 9038
f 8627 8626 9040
f 8628 9040 9041
f 8628 8627 9040
f 8629 9041 9042
f 8629 8628 9041
f 8630 9042 9043
f 8630 8629 9042
f 8632 8630 9043
f 8632 9043 9044
f 8635 8632 9044
f 8635 9044 9045
f 8637 8635 9045
f 8637 9045 9046
f 8640 8637 9046
f 8640 9046 9047
f 8642 8640 9047
f 8642 9047 9048
f 8645 8642 9048
f 8645 9048 9049
f 8647 8645 9049
f 8647 9049 9050
f 8650 8647 9050
f 8650 9050 9051
f 8652 8650 9051
f 8652 9051 9052
f 8655 8652 9052
f 8655 9052 9053
f 8657 8655 9053
f 8657 9053 9054
f 8658 8657 9054
f 8658 9054 8959
f 8691 9055 9056
f 8691 9056 8692
f 8693 9057 9055
f 8693 9055 8691
f 8694 9058 9057
f 8694 9057 8693
f 8695 9059 9058
f 8695 9058 8694
f 8696 9060 9059
f 8696 9059 8695
f 8697 9061 9060
f 8697 9060 8696
f 8698 9062 9061
f 8698 9061 8697
f 9063 9062 8698
f 8699 9063 8698
f 8700 9064 9063
f 8700 9063 8699
f 8701 9065 9064
f 8701 9064 8700
f 9066 9065 8701
f 8702 9066 8701
f 8703 9067 9066
f 8703 9066 8702
f 9068 9067 8703
f 8704 9068 8703
f 9069 9068 8704
f 8705 9069 8704
f 8706 9069 8705
f 8706 9070 9069
f 8707 9070 8706
f 8707 9071 9070
f 8708 9072 9071
f 8708 9071 8707
f 8709 9073 9072
f 8709 9072 8708
f 8710 9074 9073
f 8710 9073 8709
f 8711 9075 9074
f 8711 9074 8710
f 8712 9076 9075
f 8712 9075 8711
f 8713 9077 9076
f 8713 9076 8712
f 8714 9078 9077
f 8714 9077 8713
f 8715 9079 9078
f 8715 9078 8714
f 8716 9080 9079
f 8716 9079 8715
f 8717 9081 9080
f 8717 9080 8716
f 8718 9082 9081
f 8718 9081 8717
f 8719 9083 9082
f 8719 9082 8718
f 8720 9084 9083
f 8720 9083 8719
f 8721 9085 9084
f 8721 9084 8720
f 8722 9086 9085
f 8722 9085 8721
f 8723 9087 9086
f 8723 9086 8722
f 8724 9088 9087
f 8724 9087 8723
f 8725 9089 9088
f 8725 9088 8724
f 8726 9090 9089
f 8726 9089 8725
f 8727 9091 9090
f 8727 9090 8726
f 8728 9091 8727
f 8728 9092 9091
f 8729 9092 8728
f 8729 9093 9092
f 8730 9094 9093
f 8730 9093 8729
f 8731 9095 9094
f 8731 9094 8730
f 8732 9096 9095
f 8732 9095 8731
f 8733 9097 9096
f 8733 9096 8732
f 8734 9098 9097
f 8734 9097 8733
f 9099 9098 8734
f 8735 9099 8734
f 8736 9100 9099
f 8736 9099 8735
f 8737 9101 9100
f 8737 9100 8736
f 8738 9102 9101
f 8738 9101 8737
f 9103 9102 8738
f 8739 9103 8738
f 9104 9103 8739
f 8740 9104 8739
f 9105 9104 8740
f 8741 9105 8740
f 9106 9105 8741
f 8742 9106 8741
f 9107 9106 8742
f 8743 9107 8742
f 9108 9107 8743
f 8744 9108 8743
f 9109 9108 8744
f 8745 9109 8744
f 9110 9109 8745
f 8746 9110 8745
f 9111 9110 8746
f 8747 9111 8746
f 8748 9112 9111
f 8748 9111 8747
f 9113 9112 8748
f 8749 9113 8748
f 8750 9114 9113
f 8750 9113 8749
f 9115 9114 8750
f 8751 9115 8750
f 8752 9115 8751
f 8752 9116 9115
f 9117 9116 8752
f 8753 9117 8752
f 8754 9117 8753
f 8754 9118 9117
f 9119 9118 8754
f 8755 9119 8754
f 9120 9119 8755
f 8756 9120 8755
f 8757 9121 9120
f 8757 9120 8756
f 8758 9122 9121
f 8758 9121 8757
f 9123 9122 8758
f 8759 9123 8758
f 8760 9124 9123
f 8760 9123 8759
f 8761 9125 9124
f 8761 9124 8760
f 8762 9126 9125
f 8762 9125 8761
f 8763 9127 9126
f 8763 9126 8762
f 8764 9128 9127
f 8764 9127 8763
f 8765 9129 9128
f 8765 9128 8764
f 8766 9130 9129
f 8766 9129 8765
f 8767 9131 9130
f 8767 9130 8766
f 8768 9132 9131
f 8768 9131 8767
f 8769 9133 9132
f 8769 9132 8768
f 8770 9134 9133
f 8770 9133 8769
f 8771 9135 9134
f 8771 9134 8770
f 8772 9136 9135
f 8772 9135 8771
f 9137 9136 8772
f 8773 9137 8772
f 8774 9138 9137
f 8774 9137 8773
f 8775 9139 9138
f 8775 9138 8774
f 8776 9139 8775
f 8776 9140 9139
f 8777 9140 8776
f 8777 9141 9140
f 8778 9142 9141
f 8778 9141 8777
f 8779 9143 9142
f 8779 9142 8778
f 8780 9144 9143
f 8780 9143 8779
f 8781 9145 9144
f 8781 9144 8780
f 8782 9146 9145
f 8782 9145 8781
f 8783 9147 9146
f 8783 9146 8782
f 8784 9148 9147
f 8784 9147 8783
f 8785 9149 9148
f 8785 9148 8784
f 8786 9150 9149
f 8786 9149 8785
f 9056 9150 8786
f 8692 9056 8786
f 8852 8854 8853
f 8856 8855 8854
f 8850 8852 8851
f 8850 8854 8852
f 8858 8857 8856
f 8858 8856 8854
f 8861 8860 8859
f 8862 8861 8859
f 8845 8847 8846
f 8845 8848 8847
f 8845 8849 8848
f 8845 8850 8849
f 8845 8859 8858
f 8845 8787 8862
f 8845 8854 8850
f 8845 8858 8854
f 8845 8862 8859
f 9151 9152 8845
f 9153 9151 8845
f 9154 8845 9152
f 9154 8787 8845
f 9155 9153 8845
f 9156 8787 9154
f 9157 9155 8845
f 9158 8787 9156
f 9159 9157 8845
f 9160 8787 9158
f 9161 9159 8845
f 9162 8787 9160
f 9163 9161 8845
f 9164 8787 9162
f 9165 9163 8845
f 9166 8787 9164
f 9167 9165 8845
f 9168 8787 9166
f 9169 9167 8845
f 9170 8787 9168
f 9171 9169 8845
f 9172 8787 9170
f 9173 9171 8845
f 9174 8787 9172
f 9175 8787 9174
f 8827 9176 9177
f 8827 9177 9178
f 8827 9178 9179
f 8827 9179 9180
f 8827 9180 9181
f 8827 9181 9182
f 8827 9182 9183
f 8827 9183 9184
f 8827 9184 9185
f 8827 9185 9186
f 8827 9186 9173
f 8827 9173 8845
f 8788 8787 9175
f 8788 9175 9187
f 8788 9187 9188
f 8788 9188 9189
f 8788 9189 9190
f 8788 9190 9191
f 8788 9191 9192
f 9193 9176 8827
f 9194 8788 9192
f 8830 8828 8829
f 8830 8827 8828
f 8803 8806 8788
f 8803 8805 8806
f 9195 9193 8827
f 8832 8827 8830
f 8832 8830 8831
f 9196 8788 9194
f 8801 8804 8803
f 8801 8802 8804
f 8834 8832 8833
f 8800 8801 8803
f 9197 9195 8827
f 8798 8800 8803
f 8798 8803 8788
f 9198 8788 9196
f 8837 8832 8834
f 8837 8834 8835
f 8799 8798 8788
f 8797 8799 8788
f 9199 8788 9198
f 8796 8797 8788
f 8839 8827 8832
f 8839 8832 8837
f 8839 8836 8838
f 8839 8837 8836
f 8794 8795 8796
f 8842 8839 8840
f 8842 8827 8839
f 8793 8796 8788
f 8793 8794 8796
f 8792 8793 8788
f 8791 8792 8788
f 8826 9200 9201
f 8826 9201 9202
f 8826 9202 9197
f 8826 8843 8844
f 8826 8841 8843
f 8826 8842 8841
f 8826 9197 8827
f 8826 8827 8842
f 8789 8788 9199
f 8789 8790 8791
f 8789 8791 8788
f 8789 9199 9203
f 8789 9203 9204
f 9205 9200 8826
f 9206 8789 9204
f 9207 9205 8826
f 9208 8789 9206
f 9209 9207 8826
f 9210 8789 9208
f 9211 9209 8826
f 9212 9211 8826
f 9213 8789 9210
f 9214 9212 8826
f 9215 8789 9213
f 9216 9214 8826
f 9217 8789 9215
f 9218 8789 9217
f 9219 8789 9218
f 9220 8789 9219
f 9221 8789 9220
f 9222 8789 9221
f 9223 9216 8826
f 8807 9224 9225
f 8807 9225 9226
f 8807 9226 9227
f 8807 9227 9228
f 8807 9228 9229
f 8807 9229 9230
f 8807 9230 9231
f 8807 9231 9232
f 8807 9232 9233
f 8807 9233 9234
f 8807 9234 9235
f 8807 9235 9236
f 8807 9236 9237
f 8825 9237 9238
f 8825 9238 9239
f 8825 9239 9240
f 8825 9240 9241
f 8825 9241 9242
f 8825 9223 8826
f 8825 9242 9243
f 8825 9243 9244
f 8825 9244 9245
f 8825 9245 9246
f 8825 9246 9223
f 8825 8807 9237
f 8824 8807 8825
f 8823 8808 8807
f 8823 8807 8824
f 8810 8809 8808
f 8811 8823 8822
f 8811 8810 8808
f 8811 8808 8823
f 8820 8822 8821
f 8812 8822 8820
f 8812 8811 8822
f 8819 8812 8820
f 8815 8814 8813
f 8817 8812 8819
f 8817 8815 8813
f 8817 8813 8812
f 8817 8819 8818
f 8816 8815 8817
f 8807 8789 9224
f 9224 8789 9222
f 9247 8937 8936
f 9247 8938 8937
f 9247 8939 8938
f 9247 8940 8939
f 9247 8941 8940
f 9247 8942 8941
f 9247 8943 8942
f 9247 8944 8943
f 9247 8945 8944
f 9247 8946 8945
f 9247 8947 8946
f 9247 8948 8947
f 9247 8949 8948
f 9247 8950 8949
f 9247 8951 8950
f 9247 8952 8951
f 9247 8953 8952
f 9247 8954 8953
f 9247 8955 8954
f 9247 8956 8955
f 9247 8957 8956
f 9247 8958 8957
f 9247 8863 8958
f 9247 9248 8863
f 8913 9247 8936
f 9249 8886 8864
f 9249 8887 8886
f 9249 8885 8887
f 9249 8884 8885
f 9249 8882 8884
f 9249 8864 9248
f 8883 8882 9249
f 9250 9251 9252
f 9250 8929 8931
f 9250 8928 8929
f 9250 8927 8928
f 9250 8925 8927
f 9250 8926 8925
f 9250 8923 8926
f 9250 8924 8923
f 9250 8922 8924
f 9250 8921 8922
f 9250 8920 8921
f 9250 9247 8913
f 9250 8919 8920
f 9250 8917 8919
f 9250 8918 8917
f 9250 8916 8918
f 9250 8915 8916
f 9250 8914 8915
f 9250 8913 8914
f 9250 9252 9247
f 8881 8883 9249
f 8930 9250 8931
f 8880 8881 9249
f 8932 9250 8930
f 8879 8880 9249
f 8933 9250 8932
f 8877 8879 9249
f 8935 9250 8933
f 8934 9250 8935
f 8878 8877 9249
f 8912 9250 8934
f 8875 8878 9249
f 8876 8875 9249
f 8874 8876 9249
f 8873 8874 9249
f 8872 8873 9249
f 8871 8872 9249
f 8869 8871 9249
f 8870 8869 9249
f 8868 8870 9249
f 8867 8868 9249
f 8866 8867 9249
f 8865 8866 9249
f 9253 9254 9255
f 9253 9249 9254
f 9256 9250 8912
f 8911 9253 9256
f 8888 9249 9253
f 8888 8865 9249
f 8910 9253 8911
f 8889 8888 9253
f 8909 9253 8910
f 8890 8889 9253
f 8908 9253 8909
f 8891 8890 9253
f 8907 9253 8908
f 8892 8891 9253
f 8906 9253 8907
f 8893 8892 9253
f 8905 9253 8906
f 8894 8893 9253
f 8904 9253 8905
f 8895 8894 9253
f 8896 8895 9253
f 8903 9253 8904
f 8897 8896 9253
f 8902 9253 8903
f 8898 8897 9253
f 8901 9253 8902
f 8899 8898 9253
f 8900 9253 8901
f 8900 8899 9253
f 8864 8863 9248
f 8912 8911 9256
f 9249 9247 9254
f 9254 9247 9252
f 9250 9253 9251
f 9251 9253 9255
f 9257 9033 9032
f 9257 9034 9033
f 9257 9035 9034
f 9257 9036 9035
f 9257 9037 9036
f 9257 9038 9037
f 9257 9039 9038
f 9257 9040 9039
f 9257 9041 9040
f 9257 9042 9041
f 9257 9043 9042
f 9257 9044 9043
f 9257 9045 9044
f 9257 9046 9045
f 9257 9047 9046
f 9257 9048 9047
f 9257 9049 9048
f 9257 9050 9049
f 9257 9051 9050
f 9257 9052 9051
f 9257 9053 9052
f 9257 9054 9053
f 9257 8959 9054
f 9257 9258 8959
f 9259 8983 8960
f 9259 8982 8983
f 9259 8981 8982
f 9259 8980 8981
f 9259 8979 8980
f 9259 8960 9258
f 8978 8979 9259
f 9260 9032 9009
f 9260 9257 9032
f 9260 9025 9026
f 9260 9024 9025
f 9260 9022 9024
f 9260 9023 9022
f 9260 9021 9023
f 9260 9019 9021
f 9260 9020 9019
f 9260 9018 9020
f 9260 9017 9018
f 9260 9015 9017
f 9260 9016 9015
f 9260 9014 9016
f 9260 9013 9014
f 9260 9012 9013
f 9260 9011 9012
f 9260 9010 9011
f 9260 9009 9010
f 8977 8978 9259
f 9027 9260 9026
f 8976 8977 9259
f 9028 9260 9027
f 8974 8976 9259
f 9029 9260 9028
f 8975 8974 9259
f 9030 9260 9029
f 9031 9260 9030
f 8973 8975 9259
f 9008 9260 9031
f 8971 8973 9259
f 8972 8971 9259
f 8970 8972 9259
f 9261 9262 9257
f 9261 9257 9260
f 8969 8970 9259
f 8967 8969 9259
f 8968 8967 9259
f 8966 8968 9259
f 8965 8966 9259
f 8964 8965 9259
f 8963 8964 9259
f 8962 8963 9259
f 8961 8962 9259
f 9263 9259 9264
f 9263 9264 9265
f 9266 9260 9008
f 9007 9263 9266
f 8984 8961 9259
f 8984 9259 9263
f 9006 9263 9007
f 8985 8984 9263
f 9005 9263 9006
f 8986 8985 9263
f 9004 9263 9005
f 8987 8986 9263
f 9003 9263 9004
f 8988 8987 9263
f 9002 9263 9003
f 8989 8988 9263
f 9001 9263 9002
f 8990 8989 9263
f 9000 9263 9001
f 8991 8990 9263
f 8999 9263 9000
f 8992 8991 9263
f 8993 8992 9263
f 8998 9263 8999
f 8994 8993 9263
f 8997 9263 8998
f 8996 9263 8997
f 8995 8994 9263
f 8995 9263 8996
f 8960 8959 9258
f 9008 9007 9266
f 9055 9267 9268
f 9055 9268 9056
f 9057 9269 9267
f 9057 9267 9055
f 9058 9270 9269
f 9058 9269 9057
f 9059 9271 9270
f 9059 9270 9058
f 9060 9272 9271
f 9060 9271 9059
f 9061 9273 9272
f 9061 9272 9060
f 9062 9274 9273
f 9062 9273 9061
f 9063 9275 9274
f 9063 9274 9062
f 9276 9275 9063
f 9064 9276 9063
f 9065 9277 9276
f 9065 9276 9064
f 9066 9278 9277
f 9066 9277 9065
f 9067 9279 9278
f 9067 9278 9066
f 9068 9279 9067
f 9068 9280 9279
f 9069 9280 9068
f 9069 9281 9280
f 9070 9281 9069
f 9070 9282 9281
f 9071 9282 9070
f 9071 9283 9282
f 9072 9284 9283
f 9072 9283 9071
f 9285 9284 9072
f 9073 9285 9072
f 9074 9286 9285
f 9074 9285 9073
f 9075 9287 9286
f 9075 9286 9074
f 9076 9288 9287
f 9076 9287 9075
f 9077 9289 9288
f 9077 9288 9076
f 9078 9290 9289
f 9078 9289 9077
f 9079 9291 9290
f 9079 9290 9078
f 9080 9292 9291
f 9080 9291 9079
f 9081 9293 9292
f 9081 9292 9080
f 9082 9294 9293
f 9082 9293 9081
f 9083 9295 9294
f 9083 9294 9082
f 9084 9296 9295
f 9084 9295 9083
f 9085 9297 9296
f 9085 9296 9084
f 9298 9297 9085
f 9086 9298 9085
f 9087 9299 9298
f 9087 9298 9086
f 9088 9300 9299
f 9088 9299 9087
f 9089 9301 9300
f 9089 9300 9088
f 9090 9302 9301
f 9090 9301 9089
f 9091 9303 9302
f 9091 9302 9090
f 9092 9303 9091
f 9092 9304 9303
f 9305 9304 9092
f 9093 9305 9092
f 9306 9305 9093
f 9094 9306 9093
f 9095 9307 9306
f 9095 9306 9094
f 9096 9308 9307
f 9096 9307 9095
f 9097 9309 9308
f 9097 9308 9096
f 9098 9310 9309
f 9098 9309 9097
f 9099 9311 9310
f 9099 9310 9098
f 9312 9311 9099
f 9100 9312 9099
f 9101 9313 9312
f 9101 9312 9100
f 9102 9314 9313
f 9102 9313 9101
f 9315 9314 9102
f 9103 9315 9102
f 9104 9316 9315
f 9104 9315 9103
f 9105 9317 9316
f 9105 9316 9104
f 9106 9318 9317
f 9106 9317 9105
f 9107 9319 9318
f 9107 9318 9106
f 9108 9320 9319
f 9108 9319 9107
f 9109 9321 9320
f 9109 9320 9108
f 9110 9322 9321
f 9110 9321 9109
f 9111 9323 9322
f 9111 9322 9110
f 9112 9324 9323
f 9112 9323 9111
f 9113 9325 9324
f 9113 9324 9112
f 9114 9326 9325
f 9114 9325 9113
f 9115 9327 9326
f 9115 9326 9114
f 9116 9327 9115
f 9116 9328 9327
f 9117 9328 9116
f 9117 9329 9328
f 9118 9329 9117
f 9118 9330 9329
f 9119 9330 9118
f 9119 9331 9330
f 9332 9331 9119
f 9120 9332 9119
f 9121 9333 9332
f 9121 9332 9120
f 9334 9333 9121
f 9122 9334 9121
f 9123 9335 9334
f 9123 9334 9122
f 9124 9336 9335
f 9124 9335 9123
f 9125 9337 9336
f 9125 9336 9124
f 9126 9338 9337
f 9126 9337 9125
f 9127 9339 9338
f 9127 9338 9126
f 9128 9340 9339
f 9128 9339 9127
f 9129 9341 9340
f 9129 9340 9128
f 9130 9342 9341
f 9130 9341 9129
f 9131 9343 9342
f 9131 9342 9130
f 9132 9344 9343
f 9132 9343 9131
f 9133 9345 9344
f 9133 9344 9132
f 9134 9346 9345
f 9134 9345 9133
f 9135 9347 9346
f 9135 9346 9134
f 9136 9348 9347
f 9136 9347 9135
f 9137 9349 9348
f 9137 9348 9136
f 9138 9350 9349
f 9138 9349 9137
f 9139 9351 9350
f 9139 9350 9138
f 9140 9351 9139
f 9140 9352 9351
f 9141 9352 9140
f 9141 9353 9352
f 9142 9354 9353
f 9142 9353 9141
f 9143 9355 9354
f 9143 9354 9142
f 9144 9356 9355
f 9144 9355 9143
f 9357 9356 9144
f 9145 9357 9144
f 9146 9358 9357
f 9146 9357 9145
f 9147 9359 9358
f 9147 9358 9146
f 9148 9360 9359
f 9148 9359 9147
f 9149 9361 9360
f 9149 9360 9148
f 9150 9362 9361
f 9150 9361 9149
f 9268 9362 9150
f 9056 9268 9150
f 9363 9174 9364
f 9363 9175 9174
f 9365 9173 9366
f 9365 9171 9173
f 9367 9169 9171
f 9367 9171 9365
f 9368 9167 9169
f 9368 9169 9367
f 9369 9165 9167
f 9369 9167 9368
f 9370 9163 9165
f 9370 9165 9369
f 9371 9161 9163
f 9371 9159 9161
f 9371 9163 9370
f 9372 9159 9371
f 9373 9157 9159
f 9373 9159 9372
f 9374 9155 9157
f 9374 9157 9373
f 9375 9153 9155
f 9375 9151 9153
f 9375 9155 9374
f 9376 9151 9375
f 9377 9151 9376
f 9377 9152 9151
f 9378 9152 9377
f 9378 9154 9152
f 9378 9156 9154
f 9379 9156 9378
f 9380 9156 9379
f 9380 9158 9156
f 9381 9158 9380
f 9381 9160 9158
f 9382 9160 9381
f 9382 9162 9160
f 9383 9162 9382
f 9383 9164 9162
f 9383 9166 9164
f 9384 9166 9383
f 9385 9166 9384
f 9385 9168 9166
f 9385 9170 9168
f 9386 9170 9385
f 9387 9170 9386
f 9387 9172 9170
f 9387 9174 9172
f 9364 9174 9387
f 9366 9186 9388
f 9366 9173 9186
f 9389 9388 9186
f 9389 9186 9185
f 9390 9185 9184
f 9390 9389 9185
f 9391 9184 9183
f 9391 9390 9184
f 9392 9183 9182
f 9392 9391 9183
f 9393 9182 9181
f 9393 9392 9182
f 9394 9181 9180
f 9394 9393 9181
f 9395 9180 9179
f 9395 9394 9180
f 9396 9179 9178
f 9396 9395 9179
f 9397 9178 9177
f 9397 9396 9178
f 9398 9177 9176
f 9398 9397 9177
f 9399 9176 9193
f 9399 9398 9176
f 9400 9399 9193
f 9400 9193 9195
f 9401 9400 9195
f 9401 9195 9197
f 9402 9401 9197
f 9402 9197 9202
f 9403 9402 9202
f 9403 9202 9201
f 9404 9403 9201
f 9404 9201 9200
f 9405 9404 9200
f 9405 9200 9205
f 9406 9405 9205
f 9406 9205 9207
f 9407 9207 9209
f 9407 9406 9207
f 9408 9407 9209
f 9408 9209 9211
f 9409 9212 9214
f 9409 9211 9212
f 9409 9408 9211
f 9410 9214 9216
f 9410 9409 9214
f 9411 9410 9216
f 9411 9223 9412
f 9411 9216 9223
f 9413 9224 9414
f 9413 9225 9224
f 9415 9226 9225
f 9415 9225 9413
f 9416 9227 9226
f 9416 9226 9415
f 9417 9228 9227
f 9417 9227 9416
f 9418 9229 9228
f 9418 9228 9417
f 9419 9230 9229
f 9419 9231 9230
f 9419 9229 9418
f 9420 9231 9419
f 9421 9232 9231
f 9421 9231 9420
f 9422 9233 9232
f 9422 9232 9421
f 9423 9234 9233
f 9423 9235 9234
f 9423 9233 9422
f 9424 9235 9423
f 9425 9235 9424
f 9425 9236 9235
f 9426 9236 9425
f 9426 9237 9236
f 9426 9238 9237
f 9427 9238 9426
f 9428 9238 9427
f 9428 9239 9238
f 9429 9239 9428
f 9429 9240 9239
f 9430 9240 9429
f 9430 9241 9240
f 9431 9241 9430
f 9431 9242 9241
f 9431 9243 9242
f 9432 9243 9431
f 9433 9243 9432
f 9433 9244 9243
f 9433 9245 9244
f 9434 9245 9433
f 9435 9245 9434
f 9435 9246 9245
f 9435 9223 9246
f 9412 9223 9435
f 9414 9222 9436
f 9414 9224 9222
f 9437 9436 9222
f 9437 9222 9221
f 9438 9221 9220
f 9438 9437 9221
f 9439 9220 9219
f 9439 9438 9220
f 9440 9219 9218
f 9440 9439 9219
f 9441 9218 9217
f 9441 9440 9218
f 9442 9217 9215
f 9442 9441 9217
f 9443 9215 9213
f 9443 9442 9215
f 9444 9213 9210
f 9444 9443 9213
f 9445 9210 9208
f 9445 9444 9210
f 9446 9208 9206
f 9446 9445 9208
f 9447 9206 9204
f 9447 9446 9206
f 9448 9447 9204
f 9448 9204 9203
f 9449 9448 9203
f 9449 9203 9199
f 9450 9449 9199
f 9450 9199 9198
f 9451 9450 9198
f 9451 9198 9196
f 9452 9451 9196
f 9452 9196 9194
f 9453 9452 9194
f 9453 9194 9192
f 9454 9453 9192
f 9454 9192 9191
f 9455 9191 9190
f 9455 9454 9191
f 9456 9455 9190
f 9456 9190 9189
f 9457 9188 9187
f 9457 9189 9188
f 9457 9456 9189
f 9458 9187 9175
f 9458 9457 9187
f 9363 9458 9175
f 9459 9460 9249
f 9459 9249 9248
f 9461 9459 9248
f 9461 9248 9247
f 9460 9461 9247
f 9460 9247 9249
f 9255 9462 9251
f 9255 9463 9462
f 9463 9254 9464
f 9463 9255 9254
f 9254 9252 9465
f 9254 9465 9464
f 9462 9465 9252
f 9462 9252 9251
f 9466 9250 9467
f 9466 9253 9250
f 9468 9253 9466
f 9468 9256 9253
f 9467 9256 9468
f 9467 9250 9256
f 9469 9470 9258
f 9469 9258 9257
f 9471 9469 9257
f 9471 9257 9262
f 9472 9471 9262
f 9472 9262 9261
f 9472 9260 9473
f 9472 9261 9260
f 9473 9266 9474
f 9473 9260 9266
f 9474 9263 9475
f 9474 9266 9263
f 9475 9265 9476
f 9475 9263 9265
f 9476 9264 9477
f 9476 9265 9264
f 9478 9477 9264
f 9478 9264 9259
f 9470 9478 9259
f 9470 9259 9258
f 9267 9479 9480
f 9267 9480 9268
f 9269 9481 9479
f 9269 9479 9267
f 9270 9482 9481
f 9270 9481 9269
f 9271 9483 9482
f 9271 9482 9270
f 9272 9484 9483
f 9272 9483 9271
f 9273 9485 9484
f 9273 9486 9485
f 9273 9484 9272
f 9274 9486 9273
f 9275 9487 9486
f 9275 9486 9274
f 9276 9488 9487
f 9276 9487 9275
f 9277 9489 9488
f 9277 9488 9276
f 9278 9490 9489
f 9278 9489 9277
f 9279 9491 9490
f 9279 9490 9278
f 9280 9491 9279
f 9280 9492 9491
f 9281 9492 9280
f 9281 9493 9492
f 9282 9493 9281
f 9282 9494 9493
f 9283 9495 9494
f 9283 9494 9282
f 9283 9496 9495
f 9284 9496 9283
f 9285 9497 9496
f 9285 9496 9284
f 9286 9498 9497
f 9286 9497 9285
f 9287 9499 9498
f 9287 9498 9286
f 9288 9500 9499
f 9288 9499 9287
f 9289 9501 9500
f 9289 9500 9288
f 9290 9502 9501
f 9290 9501 9289
f 9291 9503 9502
f 9291 9502 9290
f 9292 9504 9503
f 9292 9503 9291
f 9293 9505 9504
f 9293 9504 9292
f 9294 9506 9505
f 9294 9505 9293
f 9295 9507 9506
f 9295 9506 9294
f 9296 9508 9507
f 9296 9507 9295
f 9297 9509 9508
f 9297 9508 9296
f 9298 9510 9509
f 9298 9509 9297
f 9299 9511 9510
f 9299 9510 9298
f 9300 9512 9511
f 9300 9511 9299
f 9301 9513 9512
f 9301 9512 9300
f 9302 9514 9513
f 9302 9513 9301
f 9303 9515 9514
f 9303 9514 9302
f 9304 9516 9515
f 9304 9515 9303
f 9305 9516 9304
f 9305 9517 9516
f 9306 9518 9517
f 9306 9517 9305
f 9307 9519 9518
f 9307 9518 9306
f 9308 9520 9519
f 9308 9519 9307
f 9309 9521 9520
f 9309 9520 9308
f 9310 9522 9521
f 9310 9521 9309
f 9311 9523 9522
f 9311 9522 9310
f 9312 9524 9525
f 9312 9525 9523
f 9312 9523 9311
f 9313 9524 9312
f 9314 9526 9524
f 9314 9524 9313
f 9527 9526 9314
f 9315 9527 9314
f 9315 9528 9527
f 9316 9529 9528
f 9316 9528 9315
f 9317 9530 9529
f 9317 9529 9316
f 9318 9531 9530
f 9318 9530 9317
f 9319 9532 9531
f 9319 9531 9318
f 9320 9533 9532
f 9320 9532 9319
f 9321 9534 9533
f 9321 9533 9320
f 9322 9535 9534
f 9322 9534 9321
f 9323 9536 9535
f 9323 9535 9322
f 9324 9537 9536
f 9324 9536 9323
f 9325 9538 9537
f 9325 9537 9324
f 9326 9538 9325
f 9327 9539 9538
f 9327 9540 9539
f 9327 9538 9326
f 9328 9540 9327
f 9328 9541 9540
f 9329 9541 9328
f 9329 9542 9541
f 9330 9542 9329
f 9330 9543 9542
f 9331 9544 9543
f 9331 9543 9330
f 9332 9545 9544
f 9332 9544 9331
f 9333 9546 9545
f 9333 9545 9332
f 9334 9546 9333
f 9335 9547 9546
f 9335 9546 9334
f 9336 9548 9547
f 9336 9549 9548
f 9336 9547 9335
f 9337 9549 9336
f 9338 9550 9549
f 9338 9549 9337
f 9339 9551 9550
f 9339 9550 9338
f 9340 9552 9551
f 9340 9551 9339
f 9341 9553 9552
f 9341 9552 9340
f 9342 9554 9553
f 9342 9553 9341
f 9343 9555 9554
f 9343 9554 9342
f 9344 9556 9555
f 9344 9555 9343
f 9345 9557 9556
f 9345 9556 9344
f 9346 9558 9557
f 9346 9557 9345
f 9347 9559 9558
f 9347 9558 9346
f 9348 9560 9559
f 9348 9559 9347
f 9349 9561 9560
f 9349 9560 9348
f 9350 9562 9561
f 9350 9561 9349
f 9351 9563 9562
f 9351 9562 9350
f 9352 9564 9563
f 9352 9563 9351
f 9353 9564 9352
f 9353 9565 9564
f 9354 9566 9565
f 9354 9565 9353
f 9355 9567 9566
f 9355 9566 9354
f 9356 9568 9567
f 9356 9567 9355
f 9357 9569 9568
f 9357 9568 9356
f 9358 9570 9569
f 9358 9569 9357
f 9359 9571 9570
f 9359 9570 9358
f 9360 9572 9571
f 9360 9571 9359
f 9361 9573 9574
f 9361 9574 9572
f 9361 9572 9360
f 9362 9573 9361
f 9268 9480 9573
f 9268 9573 9362
f 9575 9399 9400
f 9576 9575 9400
f 9577 9399 9575
f 9577 9398 9399
f 9578 9576 9400
f 9578 9400 9401
f 9579 9578 9401
f 9579 9401 9402
f 9580 9398 9577
f 9580 9397 9398
f 9581 9397 9580
f 9581 9396 9397
f 9582 9579 9402
f 9582 9402 9403
f 9583 9395 9396
f 9583 9396 9581
f 9584 9582 9403
f 9584 9403 9404
f 9585 9394 9395
f 9585 9395 9583
f 9586 9584 9404
f 9586 9404 9405
f 9587 9393 9394
f 9587 9394 9585
f 9588 9405 9406
f 9588 9586 9405
f 9589 9392 9393
f 9589 9393 9587
f 9590 9588 9406
f 9590 9406 9407
f 9591 9392 9589
f 9591 9391 9392
f 9592 9590 9407
f 9592 9407 9408
f 9593 9391 9591
f 9593 9390 9391
f 9594 9592 9408
f 9594 9408 9409
f 9595 9389 9390
f 9595 9390 9593
f 9596 9409 9410
f 9596 9594 9409
f 9597 9410 9411
f 9597 9596 9410
f 9598 9389 9595
f 9598 9388 9389
f 9599 9388 9598
f 9599 9366 9388
f 9599 9365 9366
f 9600 9367 9365
f 9600 9365 9599
f 9601 9368 9367
f 9601 9367 9600
f 9602 9368 9601
f 9602 9369 9368
f 9603 9369 9602
f 9603 9370 9369
f 9604 9370 9603
f 9604 9371 9370
f 9605 9371 9604
f 9605 9372 9371
f 9606 9372 9605
f 9606 9373 9372
f 9607 9373 9606
f 9607 9374 9373
f 9608 9597 9411
f 9608 9412 9435
f 9608 9411 9412
f 9609 9374 9607
f 9609 9375 9374
f 9610 9608 9435
f 9610 9435 9434
f 9611 9375 9609
f 9612 9434 9433
f 9612 9610 9434
f 9376 9375 9611
f 9613 9376 9611
f 9614 9433 9432
f 9614 9612 9433
f 9615 9376 9613
f 9616 9614 9432
f 9616 9432 9431
f 9377 9376 9615
f 9617 9431 9430
f 9617 9616 9431
f 9618 9377 9615
f 9619 9430 9429
f 9619 9617 9430
f 9378 9618 9620
f 9378 9377 9618
f 9621 9429 9428
f 9621 9619 9429
f 9622 9428 9427
f 9622 9621 9428
f 9379 9620 9623
f 9379 9378 9620
f 9624 9427 9426
f 9624 9622 9427
f 9380 9623 9625
f 9380 9379 9623
f 9626 9624 9426
f 9425 9626 9426
f 9627 9626 9425
f 9381 9625 9628
f 9381 9380 9625
f 9424 9629 9627
f 9424 9627 9425
f 9630 9629 9424
f 9382 9628 9631
f 9382 9381 9628
f 9423 9630 9424
f 9423 9632 9630
f 9383 9631 9633
f 9383 9382 9631
f 9422 9632 9423
f 9422 9634 9632
f 9384 9633 9635
f 9384 9383 9633
f 9421 9634 9422
f 9421 9636 9634
f 9385 9635 9637
f 9385 9384 9635
f 9386 9637 9638
f 9386 9385 9637
f 9420 9636 9421
f 9420 9639 9636
f 9387 9386 9638
f 9387 9638 9640
f 9419 9641 9639
f 9419 9639 9420
f 9364 9387 9640
f 9418 9642 9641
f 9418 9641 9419
f 9417 9643 9642
f 9417 9642 9418
f 9416 9644 9643
f 9416 9643 9417
f 9415 9645 9644
f 9415 9644 9416
f 9413 9645 9415
f 9413 9646 9645
f 9414 9646 9413
f 9363 9364 9640
f 9363 9640 9647
f 9436 9648 9646
f 9436 9646 9414
f 9458 9363 9647
f 9458 9647 9649
f 9437 9648 9436
f 9437 9650 9648
f 9457 9458 9649
f 9457 9649 9651
f 9438 9650 9437
f 9438 9652 9650
f 9456 9457 9651
f 9456 9651 9653
f 9439 9652 9438
f 9439 9654 9652
f 9455 9653 9655
f 9455 9456 9653
f 9440 9654 9439
f 9440 9656 9654
f 9454 9655 9657
f 9454 9455 9655
f 9441 9656 9440
f 9441 9658 9656
f 9453 9657 9659
f 9453 9454 9657
f 9442 9658 9441
f 9442 9660 9658
f 9452 9453 9659
f 9452 9659 9661
f 9443 9660 9442
f 9443 9662 9660
f 9451 9661 9663
f 9451 9452 9661
f 9444 9662 9443
f 9444 9664 9662
f 9450 9451 9663
f 9450 9663 9665
f 9445 9664 9444
f 9445 9666 9664
f 9449 9450 9665
f 9449 9665 9667
f 9446 9666 9445
f 9446 9668 9666
f 9447 9668 9446
f 9447 9669 9668
f 9448 9449 9667
f 9448 9669 9447
f 9448 9667 9670
f 9448 9670 9669
f 9460 9459 9461
f 9464 9465 9462
f 9463 9464 9462
f 9466 9467 9468
f 9471 9470 9469
f 9477 9470 9471
f 9478 9470 9477
f 9476 9471 9472
f 9476 9477 9471
f 9474 9472 9473
f 9474 9475 9476
f 9474 9476 9472
f 9479 9671 9672
f 9479 9672 9480
f 9481 9673 9671
f 9481 9671 9479
f 9482 9674 9673
f 9482 9673 9481
f 9483 9675 9674
f 9483 9674 9482
f 9484 9676 9675
f 9484 9675 9483
f 9485 9677 9676
f 9485 9676 9484
f 9486 9678 9677
f 9486 9677 9485
f 9487 9679 9678
f 9487 9678 9486
f 9488 9680 9679
f 9488 9679 9487
f 9489 9681 9680
f 9489 9680 9488
f 9490 9682 9681
f 9490 9681 9489
f 9491 9683 9682
f 9491 9682 9490
f 9492 9683 9491
f 9492 9684 9683
f 9493 9684 9492
f 9493 9685 9684
f 9494 9685 9493
f 9494 9686 9685
f 9495 9687 9686
f 9495 9686 9494
f 9496 9687 9495
f 9496 9688 9687
f 9497 9689 9688
f 9497 9688 9496
f 9498 9690 9689
f 9498 9689 9497
f 9499 9691 9690
f 9499 9692 9691
f 9499 9690 9498
f 9500 9692 9499
f 9501 9693 9692
f 9501 9692 9500
f 9502 9694 9693
f 9502 9693 9501
f 9503 9695 9694
f 9503 9694 9502
f 9503 9696 9695
f 9504 9697 9696
f 9504 9696 9503
f 9505 9698 9697
f 9505 9697 9504
f 9506 9699 9698
f 9506 9698 9505
f 9507 9700 9699
f 9507 9699 9506
f 9508 9701 9700
f 9508 9700 9507
f 9509 9702 9701
f 9509 9701 9508
f 9510 9703 9702
f 9510 9702 9509
f 9511 9704 9703
f 9511 9703 9510
f 9512 9705 9704
f 9512 9704 9511
f 9513 9706 9705
f 9513 9705 9512
f 9514 9706 9513
f 9515 9707 9708
f 9515 9708 9706
f 9515 9706 9514
f 9516 9707 9515
f 9517 9707 9516
f 9517 9709 9710
f 9517 9710 9707
f 9518 9711 9709
f 9518 9709 9517
f 9519 9711 9518
f 9520 9712 9713
f 9520 9713 9711
f 9520 9711 9519
f 9521 9712 9520
f 9522 9714 9712
f 9522 9712 9521
f 9523 9715 9714
f 9523 9714 9522
f 9525 9716 9715
f 9525 9715 9523
f 9524 9717 9716
f 9524 9716 9525
f 9526 9718 9717
f 9526 9717 9524
f 9719 9718 9526
f 9527 9719 9526
f 9528 9720 9719
f 9528 9719 9527
f 9529 9721 9720
f 9529 9720 9528
f 9530 9722 9721
f 9530 9721 9529
f 9531 9723 9722
f 9531 9722 9530
f 9532 9724 9723
f 9532 9723 9531
f 9533 9725 9724
f 9533 9724 9532
f 9534 9726 9725
f 9534 9725 9533
f 9535 9727 9726
f 9535 9726 9534
f 9536 9728 9727
f 9536 9727 9535
f 9537 9729 9728
f 9537 9728 9536
f 9538 9730 9729
f 9538 9729 9537
f 9539 9731 9730
f 9539 9730 9538
f 9540 9731 9539
f 9540 9732 9731
f 9541 9732 9540
f 9541 9733 9732
f 9542 9733 9541
f 9542 9734 9733
f 9543 9735 9734
f 9543 9734 9542
f 9544 9735 9543
f 9544 9736 9735
f 9545 9737 9736
f 9545 9736 9544
f 9546 9738 9737
f 9546 9737 9545
f 9547 9739 9738
f 9547 9738 9546
f 9548 9740 9739
f 9548 9739 9547
f 9549 9741 9740
f 9549 9740 9548
f 9550 9742 9741
f 9550 9741 9549
f 9551 9743 9742
f 9551 9742 9550
f 9551 9744 9743
f 9552 9745 9744
f 9552 9744 9551
f 9553 9746 9745
f 9553 9745 9552
f 9554 9747 9746
f 9554 9746 9553
f 9555 9748 9747
f 9555 9747 9554
f 9556 9749 9748
f 9556 9748 9555
f 9557 9750 9749
f 9557 9749 9556
f 9558 9751 9750
f 9558 9750 9557
f 9559 9752 9751
f 9559 9751 9558
f 9560 9753 9752
f 9560 9752 9559
f 9561 9754 9753
f 9561 9753 9560
f 9562 9755 9754
f 9562 9754 9561
f 9563 9755 9562
f 9563 9756 9755
f 9564 9756 9563
f 9564 9757 9756
f 9565 9757 9564
f 9566 9758 9759
f 9566 9759 9757
f 9566 9757 9565
f 9567 9760 9758
f 9567 9758 9566
f 9568 9760 9567
f 9569 9761 9760
f 9569 9760 9568
f 9570 9762 9761
f 9570 9761 9569
f 9571 9763 9762
f 9571 9762 9570
f 9572 9764 9763
f 9572 9763 9571
f 9574 9765 9764
f 9574 9764 9572
f 9573 9766 9765
f 9573 9765 9574
f 9672 9766 9573
f 9480 9672 9573
f 9647 9640 9767
f 9647 9767 9768
f 9650 9769 9648
f 9650 9770 9769
f 9652 9771 9770
f 9652 9770 9650
f 9654 9772 9771
f 9654 9771 9652
f 9656 9773 9772
f 9656 9772 9654
f 9658 9774 9773
f 9658 9773 9656
f 9660 9775 9776
f 9660 9776 9774
f 9660 9774 9658
f 9662 9775 9660
f 9664 9777 9775
f 9664 9775 9662
f 9666 9778 9779
f 9666 9779 9777
f 9666 9777 9664
f 9668 9778 9666
f 9669 9780 9778
f 9669 9778 9668
f 9670 9780 9669
f 9670 9781 9782
f 9670 9782 9780
f 9667 9781 9670
f 9665 9781 9667
f 9665 9783 9781
f 9663 9783 9665
f 9663 9784 9785
f 9663 9785 9783
f 9661 9784 9663
f 9659 9784 9661
f 9659 9786 9784
f 9657 9786 9659
f 9657 9787 9786
f 9655 9788 9787
f 9655 9787 9657
f 9653 9788 9655
f 9653 9789 9790
f 9653 9790 9788
f 9651 9789 9653
f 9649 9791 9789
f 9649 9789 9651
f 9647 9768 9791
f 9647 9791 9649
f 9646 9648 9769
f 9646 9769 9792
f 9645 9646 9792
f 9645 9792 9793
f 9644 9793 9794
f 9644 9645 9793
f 9643 9794 9795
f 9643 9644 9794
f 9642 9795 9796
f 9642 9643 9795
f 9641 9796 9797
f 9641 9797 9798
f 9641 9642 9796
f 9639 9641 9798
f 9636 9798 9799
f 9636 9639 9798
f 9634 9799 9800
f 9634 9800 9801
f 9634 9636 9799
f 9632 9634 9801
f 9630 9801 9802
f 9630 9802 9803
f 9630 9632 9801
f 9629 9630 9803
f 9627 9629 9803
f 9627 9803 9804
f 9626 9627 9804
f 9626 9804 9805
f 9624 9626 9805
f 9624 9805 9806
f 9622 9624 9806
f 9622 9806 9807
f 9622 9807 9808
f 9621 9622 9808
f 9621 9808 9809
f 9619 9621 9809
f 9619 9809 9810
f 9617 9619 9810
f 9616 9617 9810
f 9616 9810 9811
f 9614 9616 9811
f 9614 9811 9812
f 9612 9614 9812
f 9612 9812 9813
f 9610 9612 9813
f 9610 9813 9814
f 9608 9610 9814
f 9608 9814 9815
f 9597 9608 9815
f 9597 9815 9816
f 9595 9817 9598
f 9595 9818 9817
f 9593 9819 9818
f 9593 9818 9595
f 9591 9820 9819
f 9591 9819 9593
f 9589 9821 9820
f 9589 9820 9591
f 9587 9822 9821
f 9587 9821 9589
f 9585 9823 9824
f 9585 9824 9822
f 9585 9822 9587
f 9583 9823 9585
f 9581 9825 9823
f 9581 9823 9583
f 9580 9826 9827
f 9580 9827 9825
f 9580 9825 9581
f 9577 9826 9580
f 9575 9828 9826
f 9575 9826 9577
f 9576 9828 9575
f 9576 9829 9830
f 9576 9830 9828
f 9578 9829 9576
f 9579 9829 9578
f 9579 9831 9829
f 9582 9831 9579
f 9582 9832 9833
f 9582 9833 9831
f 9584 9832 9582
f 9586 9832 9584
f 9586 9834 9832
f 9588 9834 9586
f 9588 9835 9834
f 9590 9836 9835
f 9590 9835 9588
f 9592 9836 9590
f 9592 9837 9838
f 9592 9838 9836
f 9594 9837 9592
f 9596 9839 9837
f 9596 9837 9594
f 9597 9816 9839
f 9597 9839 9596
f 9599 9598 9817
f 9599 9817 9840
f 9600 9599 9840
f 9600 9840 9841
f 9601 9841 9842
f 9601 9600 9841
f 9602 9842 9843
f 9602 9601 9842
f 9603 9843 9844
f 9603 9602 9843
f 9604 9844 9845
f 9604 9845 9846
f 9604 9603 9844
f 9605 9604 9846
f 9606 9846 9847
f 9606 9605 9846
f 9607 9847 9848
f 9607 9848 9849
f 9607 9606 9847
f 9609 9607 9849
f 9611 9849 9850
f 9611 9850 9851
f 9611 9609 9849
f 9613 9611 9851
f 9615 9613 9851
f 9615 9851 9852
f 9618 9615 9852
f 9618 9852 9853
f 9620 9618 9853
f 9620 9853 9854
f 9623 9620 9854
f 9623 9854 9855
f 9623 9855 9856
f 9625 9623 9856
f 9625 9856 9857
f 9628 9625 9857
f 9628 9857 9858
f 9631 9628 9858
f 9633 9631 9858
f 9633 9858 9859
f 9635 9633 9859
f 9635 9859 9860
f 9637 9635 9860
f 9637 9860 9861
f 9638 9637 9861
f 9638 9861 9862
f 9640 9638 9862
f 9640 9862 9767
f 9671 9863 9864
f 9671 9865 9863
f 9671 9864 9672
f 9673 9866 9865
f 9673 9865 9671
f 9674 9867 9866
f 9674 9866 9673
f 9675 9868 9867
f 9675 9867 9674
f 9676 9869 9868
f 9676 9868 9675
f 9677 9870 9869
f 9677 9869 9676
f 9678 9870 9677
f 9679 9871 9870
f 9679 9872 9871
f 9679 9870 9678
f 9680 9872 9679
f 9681 9873 9872
f 9681 9874 9873
f 9681 9872 9680
f 9682 9875 9874
f 9682 9874 9681
f 9683 9875 9682
f 9683 9876 9875
f 9684 9876 9683
f 9684 9877 9876
f 9685 9877 9684
f 9685 9878 9877
f 9686 9878 9685
f 9687 9879 9878
f 9687 9878 9686
f 9687 9880 9879
f 9688 9880 9687
f 9689 9881 9880
f 9689 9882 9881
f 9689 9880 9688
f 9690 9883 9882
f 9690 9882 9689
f 9691 9884 9883
f 9691 9883 9690
f 9692 9884 9691
f 9693 9885 9884
f 9693 9884 9692
f 9694 9886 9885
f 9694 9885 9693
f 9695 9887 9886
f 9695 9886 9694
f 9695 9888 9887
f 9696 9889 9888
f 9696 9888 9695
f 9697 9890 9889
f 9697 9889 9696
f 9698 9891 9890
f 9698 9890 9697
f 9699 9892 9891
f 9699 9891 9698
f 9700 9893 9892
f 9700 9892 9699
f 9701 9894 9893
f 9701 9893 9700
f 9702 9895 9894
f 9702 9894 9701
f 9703 9896 9895
f 9703 9895 9702
f 9704 9897 9896
f 9704 9896 9703
f 9705 9897 9704
f 9706 9898 9899
f 9706 9899 9897
f 9706 9897 9705
f 9708 9900 9898
f 9708 9898 9706
f 9707 9900 9708
f 9707 9901 9900
f 9710 9901 9707
f 9709 9902 9903
f 9709 9903 9901
f 9709 9901 9710
f 9711 9902 9709
f 9713 9904 9902
f 9713 9902 9711
f 9712 9905 9904
f 9712 9904 9713
f 9714 9906 9907
f 9714 9907 9905
f 9714 9905 9712
f 9715 9906 9714
f 9716 9908 9906
f 9716 9906 9715
f 9717 9909 9910
f 9717 9910 9908
f 9717 9908 9716
f 9718 9909 9717
f 9911 9909 9718
f 9719 9911 9718
f 9720 9912 9911
f 9720 9911 9719
f 9721 9913 9912
f 9721 9912 9720
f 9722 9914 9913
f 9722 9913 9721
f 9723 9915 9914
f 9723 9914 9722
f 9724 9916 9915
f 9724 9917 9916
f 9724 9915 9723
f 9725 9917 9724
f 9726 9918 9917
f 9726 9917 9725
f 9727 9919 9918
f 9727 9918 9726
f 9728 9920 9919
f 9728 9919 9727
f 9729 9921 9920
f 9729 9920 9728
f 9730 9922 9921
f 9730 9921 9729
f 9731 9923 9922
f 9731 9922 9730
f 9732 9923 9731
f 9732 9924 9923
f 9733 9924 9732
f 9733 9925 9924
f 9733 9926 9925
f 9734 9926 9733
f 9735 9926 9734
f 9735 9927 9926
f 9736 9927 9735
f 9736 9928 9927
f 9736 9929 9928
f 9737 9929 9736
f 9738 9930 9929
f 9738 9929 9737
f 9739 9931 9930
f 9739 9930 9738
f 9740 9932 9931
f 9740 9931 9739
f 9741 9933 9932
f 9741 9932 9740
f 9742 9934 9933
f 9742 9933 9741
f 9743 9935 9934
f 9743 9934 9742
f 9743 9936 9935
f 9744 9937 9936
f 9744 9936 9743
f 9745 9938 9937
f 9745 9937 9744
f 9746 9939 9938
f 9746 9938 9745
f 9747 9940 9939
f 9747 9939 9746
f 9748 9941 9940
f 9748 9940 9747
f 9749 9942 9941
f 9749 9941 9748
f 9750 9943 9942
f 9750 9942 9749
f 9751 9944 9943
f 9751 9943 9750
f 9752 9945 9944
f 9752 9944 9751
f 9753 9945 9752
f 9754 9946 9947
f 9754 9947 9945
f 9754 9945 9753
f 9755 9948 9946
f 9755 9946 9754
f 9756 9948 9755
f 9756 9949 9948
f 9757 9949 9756
f 9759 9950 9951
f 9759 9951 9949
f 9759 9949 9757
f 9758 9950 9759
f 9760 9952 9950
f 9760 9950 9758
f 9761 9953 9952
f 9761 9952 9760
f 9762 9954 9955
f 9762 9955 9953
f 9762 9953 9761
f 9763 9954 9762
f 9764 9956 9954
f 9764 9954 9763
f 9765 9957 9958
f 9765 9958 9956
f 9765 9956 9764
f 9766 9957 9765
f 9864 9957 9766
f 9672 9864 9766
f 9853 9852 9851
f 9849 9851 9850
f 9855 9853 9851
f 9855 9851 9849
f 9855 9854 9853
f 9857 9856 9855
f 9859 9857 9855
f 9859 9858 9857
f 9844 9846 9845
f 9844 9847 9846
f 9844 9848 9847
f 9844 9849 9848
f 9842 9844 9843
f 9767 9855 9849
f 9767 9844 9842
f 9767 9859 9855
f 9767 9842 9841
f 9767 9849 9844
f 9767 9860 9859
f 9767 9861 9860
f 9767 9862 9861
f 9840 9767 9841
f 9817 9767 9840
f 9820 9818 9819
f 9820 9817 9818
f 9821 9817 9820
f 9823 9822 9824
f 9825 9822 9823
f 9827 9822 9825
f 9826 9822 9827
f 9826 9821 9822
f 9789 9791 9768
f 9790 9789 9768
f 9788 9790 9768
f 9831 9830 9829
f 9831 9828 9830
f 9831 9826 9828
f 9783 9787 9788
f 9783 9786 9787
f 9783 9784 9786
f 9783 9785 9784
f 9783 9788 9768
f 9834 9833 9832
f 9835 9831 9833
f 9835 9833 9834
f 9782 9781 9783
f 9782 9783 9768
f 9778 9782 9768
f 9778 9780 9782
f 9816 9768 9767
f 9816 9821 9826
f 9816 9767 9817
f 9816 9837 9839
f 9816 9838 9837
f 9816 9836 9838
f 9816 9835 9836
f 9816 9817 9821
f 9816 9826 9831
f 9816 9831 9835
f 9777 9779 9778
f 9775 9777 9778
f 9773 9776 9775
f 9773 9774 9776
f 9773 9775 9778
f 9770 9778 9768
f 9770 9772 9773
f 9770 9771 9772
f 9770 9773 9778
f 9769 9770 9768
f 9792 9769 9768
f 9815 9768 9816
f 9815 9792 9768
f 9813 9792 9815
f 9813 9793 9792
f 9813 9815 9814
f 9796 9795 9794
f 9811 9813 9812
f 9809 9811 9810
f 9799 9797 9796
f 9799 9798 9797
f 9808 9811 9809
f 9800 9799 9796
f 9807 9813 9811
f 9807 9811 9808
f 9801 9796 9794
f 9801 9800 9796
f 9803 9793 9813
f 9803 9794 9793
f 9803 9801 9794
f 9803 9802 9801
f 9804 9813 9807
f 9804 9803 9813
f 9804 9806 9805
f 9804 9807 9806
f 9864 9959 9960
f 9864 9961 9959
f 9863 9961 9864
f 9863 9962 9961
f 9865 9962 9863
f 9865 9963 9962
f 9866 9963 9865
f 9866 9964 9965
f 9866 9965 9963
f 9867 9964 9866
f 9867 9966 9964
f 9868 9967 9966
f 9868 9966 9867
f 9869 9967 9868
f 9869 9968 9967
f 9870 9969 9968
f 9870 9968 9869
f 9871 9970 9969
f 9871 9969 9870
f 9872 9970 9871
f 9872 9971 9970
f 9873 9972 9971
f 9873 9971 9872
f 9874 9972 9873
f 9874 9973 9972
f 9875 9974 9973
f 9875 9973 9874
f 9876 9974 9875
f 9876 9975 9974
f 9877 9976 9975
f 9877 9975 9876
f 9878 9976 9877
f 9878 9977 9976
f 9879 9978 9977
f 9879 9977 9878
f 9880 9979 9978
f 9880 9978 9879
f 9881 9980 9979
f 9881 9979 9880
f 9882 9981 9980
f 9882 9980 9881
f 9883 9982 9981
f 9883 9981 9882
f 9884 9983 9984
f 9884 9984 9982
f 9884 9982 9883
f 9885 9985 9983
f 9885 9983 9884
f 9886 9986 9985
f 9886 9985 9885
f 9887 9986 9886
f 9887 9987 9986
f 9887 9988 9987
f 9887 9989 9988
f 9888 9989 9887
f 9888 9990 9991
f 9888 9991 9989
f 9889 9990 9888
f 9889 9992 9993
f 9889 9993 9990
f 9890 9992 9889
f 9890 9994 9992
f 9891 9994 9890
f 9891 9995 9996
f 9891 9996 9994
f 9892 9997 9998
f 9892 9998 9995
f 9892 9995 9891
f 9893 9997 9892
f 9893 9999 9997
f 9894 10000 10001
f 9894 10001 9999
f 9894 9999 9893
f 9895 10000 9894
f 9895 10002 10003
f 9895 10003 10000
f 9896 10002 9895
f 9896 10004 10002
f 9897 10004 9896
f 9897 10005 10006
f 9897 10006 10004
f 9899 10005 9897
f 9899 10007 10008
f 9899 10008 10005
f 9898 10007 9899
f 9898 10009 10007
f 9900 10009 9898
f 9900 10010 10011
f 9900 10011 10009
f 9901 10010 9900
f 9901 10012 10013
f 9901 10013 10010
f 9903 10012 9901
f 9903 10014 10012
f 9902 10015 10016
f 9902 10016 10014
f 9902 10014 9903
f 9904 10017 10018
f 9904 10018 10015
f 9904 10015 9902
f 9905 10019 10017
f 9905 10017 9904
f 9907 10020 10021
f 9907 10021 10019
f 9907 10019 9905
f 9906 10022 10023
f 9906 10023 10020
f 9906 10020 9907
f 9908 10024 10022
f 9908 10022 9906
f 9910 10025 10026
f 9910 10026 10024
f 9910 10024 9908
f 9909 10027 10025
f 9909 10025 9910
f 9911 10027 9909
f 9911 10028 10027
f 9911 10029 10028
f 9911 10030 10029
f 9912 10031 10032
f 9912 10032 10030
f 9912 10030 9911
f 9913 10033 10034
f 9913 10034 10031
f 9913 10031 9912
f 9914 10033 9913
f 9914 10035 10033
f 9915 10035 9914
f 9915 10036 10037
f 9915 10037 10035
f 9916 10036 9915
f 9916 10038 10039
f 9916 10039 10036
f 9917 10038 9916
f 9917 10040 10038
f 9918 10040 9917
f 9918 10041 10042
f 9918 10042 10040
f 9919 10041 9918
f 9919 10043 10044
f 9919 10044 10041
f 9920 10045 10043
f 9920 10043 9919
f 9921 10046 10047
f 9921 10047 10045
f 9921 10045 9920
f 9922 10048 10049
f 9922 10049 10046
f 9922 10046 9921
f 9923 10050 10048
f 9923 10048 9922
f 9924 10051 10052
f 9924 10052 10050
f 9924 10050 9923
f 9925 10053 10054
f 9925 10054 10051
f 9925 10051 9924
f 9926 10055 10053
f 9926 10053 9925
f 9927 10055 9926
f 9927 10056 10057
f 9927 10057 10055
f 9928 10058 10059
f 9928 10059 10056
f 9928 10056 9927
f 9929 10060 10058
f 9929 10058 9928
f 9930 10061 10062
f 9930 10062 10060
f 9930 10060 9929
f 9931 10063 10064
f 9931 10064 10061
f 9931 10061 9930
f 9932 10065 10063
f 9932 10063 9931
f 9933 10066 10067
f 9933 10067 10065
f 9933 10065 9932
f 9934 10068 10066
f 9934 10066 9933
f 9935 10068 9934
f 9935 10069 10068
f 9935 10070 10069
f 9935 10071 10070
f 9936 10071 9935
f 9936 10072 10073
f 9936 10073 10071
f 9937 10072 9936
f 9937 10074 10075
f 9937 10075 10072
f 9938 10074 9937
f 9938 10076 10074
f 9939 10076 9938
f 9939 10077 10078
f 9939 10078 10076
f 9940 10079 10080
f 9940 10080 10077
f 9940 10077 9939
f 9941 10079 9940
f 9941 10081 10079
f 9942 10082 10083
f 9942 10083 10081
f 9942 10081 9941
f 9943 10082 9942
f 9943 10084 10085
f 9943 10085 10082
f 9944 10084 9943
f 9944 10086 10084
f 9945 10086 9944
f 9945 10087 10088
f 9945 10088 10086
f 9947 10087 9945
f 9947 10089 10090
f 9947 10090 10087
f 9946 10089 9947
f 9946 10091 10089
f 9948 10091 9946
f 9948 10092 10093
f 9948 10093 10091
f 9949 10092 9948
f 9949 10094 10095
f 9949 10095 10092
f 9951 10094 9949
f 9951 10096 10094
f 9950 10097 10098
f 9950 10098 10096
f 9950 10096 9951
f 9952 10099 10100
f 9952 10100 10097
f 9952 10097 9950
f 9953 10101 10099
f 9953 10099 9952
f 9955 10102 10103
f 9955 10103 10101
f 9955 10101 9953
f 9954 10104 10105
f 9954 10105 10102
f 9954 10102 9955
f 9956 10106 10104
f 9956 10104 9954
f 9958 10107 10108
f 9958 10108 10106
f 9958 10106 9956
f 9957 10109 10107
f 9957 10107 9958
f 9864 10109 9957
f 9864 9960 10109
f 10110 9985 9986
f 10111 9986 9987
f 10111 9987 9988
f 10111 10110 9986
f 10112 9959 9961
f 10113 9961 9962
f 10113 10112 9961
f 9963 10113 9962
f 10114 10113 9963
f 9965 10114 9963
f 10115 9965 9964
f 10115 10114 9965
f 10116 9964 9966
f 10116 10115 9964
f 10117 9966 9967
f 10117 10116 9966
f 10118 9967 9968
f 10118 10117 9967
f 10119 9968 9969
f 10119 10118 9968
f 10120 9969 9970
f 10120 10119 9969
f 10121 9970 9971
f 10121 10120 9970
f 10122 9971 9972
f 10122 10121 9971
f 10123 10122 9972
f 10123 9972 9973
f 10124 10123 9973
f 10124 9973 9974
f 10125 10124 9974
f 10125 9974 9975
f 10126 10125 9975
f 10126 9975 9976
f 10127 9976 9977
f 10127 10126 9976
f 10128 9977 9978
f 10128 10127 9977
f 10129 9978 9979
f 10129 10128 9978
f 10130 9979 9980
f 10130 10129 9979
f 10131 9980 9981
f 10131 10130 9980
f 10132 9981 9982
f 10132 10131 9981
f 10133 9982 9984
f 10133 10132 9982
f 10134 9984 9983
f 10134 10133 9984
f 10110 9983 9985
f 10110 10134 9983
f 10135 10107 10109
f 10112 10109 9960
f 10112 9960 9959
f 10112 10135 10109
f 10136 10025 10027
f 10137 10027 10028
f 10137 10028 10029
f 10137 10136 10027
f 10111 9988 9989
f 10138 9991 9990
f 10138 9989 9991
f 10138 10111 9989
f 10139 9993 9992
f 10139 9990 9993
f 10139 10138 9990
f 10140 9994 9996
f 10140 9992 9994
f 10140 10139 9992
f 10141 9996 9995
f 10141 10140 9996
f 10142 9998 9997
f 10142 9995 9998
f 10142 10141 9995
f 10143 9999 10001
f 10143 9997 9999
f 10143 10142 9997
f 10144 10001 10000
f 10144 10143 10001
f 10145 10144 10000
f 10145 10003 10002
f 10145 10000 10003
f 10146 10145 10002
f 10146 10002 10004
f 10147 10006 10005
f 10147 10004 10006
f 10147 10146 10004
f 10148 10008 10007
f 10148 10005 10008
f 10148 10147 10005
f 10149 10007 10009
f 10149 10148 10007
f 10150 10011 10010
f 10150 10009 10011
f 10150 10149 10009
f 10151 10013 10012
f 10151 10010 10013
f 10151 10150 10010
f 10152 10012 10014
f 10152 10151 10012
f 10153 10016 10015
f 10153 10014 10016
f 10153 10152 10014
f 10154 10018 10017
f 10154 10015 10018
f 10154 10153 10015
f 10155 10017 10019
f 10155 10154 10017
f 10156 10021 10020
f 10156 10019 10021
f 10156 10155 10019
f 10157 10023 10022
f 10157 10020 10023
f 10157 10156 10020
f 10158 10022 10024
f 10158 10157 10022
f 10159 10024 10026
f 10159 10158 10024
f 10136 10026 10025
f 10136 10159 10026
f 10160 10066 10068
f 10161 10068 10069
f 10161 10069 10070
f 10161 10160 10068
f 10137 10029 10030
f 10162 10032 10031
f 10162 10030 10032
f 10162 10137 10030
f 10163 10034 10033
f 10163 10031 10034
f 10163 10162 10031
f 10164 10035 10037
f 10164 10033 10035
f 10164 10163 10033
f 10165 10037 10036
f 10165 10164 10037
f 10166 10039 10038
f 10166 10036 10039
f 10166 10165 10036
f 10167 10040 10042
f 10167 10038 10040
f 10167 10166 10038
f 10168 10042 10041
f 10168 10167 10042
f 10169 10168 10041
f 10169 10044 10043
f 10169 10041 10044
f 10170 10169 10043
f 10170 10043 10045
f 10171 10170 10045
f 10171 10047 10046
f 10171 10045 10047
f 10172 10049 10048
f 10172 10046 10049
f 10172 10171 10046
f 10173 10048 10050
f 10173 10172 10048
f 10174 10052 10051
f 10174 10050 10052
f 10174 10173 10050
f 10175 10054 10053
f 10175 10051 10054
f 10175 10174 10051
f 10176 10053 10055
f 10176 10175 10053
f 10177 10057 10056
f 10177 10055 10057
f 10177 10176 10055
f 10178 10059 10058
f 10178 10056 10059
f 10178 10177 10056
f 10179 10058 10060
f 10179 10178 10058
f 10180 10062 10061
f 10180 10060 10062
f 10180 10179 10060
f 10181 10064 10063
f 10181 10061 10064
f 10181 10180 10061
f 10182 10063 10065
f 10182 10181 10063
f 10183 10065 10067
f 10183 10182 10065
f 10160 10067 10066
f 10160 10183 10067
f 10161 10070 10071
f 10184 10073 10072
f 10184 10071 10073
f 10184 10161 10071
f 10185 10075 10074
f 10185 10072 10075
f 10185 10184 10072
f 10186 10076 10078
f 10186 10074 10076
f 10186 10185 10074
f 10187 10078 10077
f 10187 10186 10078
f 10188 10080 10079
f 10188 10077 10080
f 10188 10187 10077
f 10189 10081 10083
f 10189 10079 10081
f 10189 10188 10079
f 10190 10083 10082
f 10190 10189 10083
f 10191 10190 10082
f 10191 10085 10084
f 10191 10082 10085
f 10192 10191 10084
f 10192 10084 10086
f 10193 10088 10087
f 10193 10086 10088
f 10193 10192 10086
f 10194 10090 10089
f 10194 10087 10090
f 10194 10193 10087
f 10195 10089 10091
f 10195 10194 10089
f 10196 10093 10092
f 10196 10091 10093
f 10196 10195 10091
f 10197 10095 10094
f 10197 10092 10095
f 10197 10196 10092
f 10198 10094 10096
f 10198 10197 10094
f 10199 10098 10097
f 10199 10096 10098
f 10199 10198 10096
f 10200 10100 10099
f 10200 10097 10100
f 10200 10199 10097
f 10201 10099 10101
f 10201 10200 10099
f 10202 10103 10102
f 10202 10101 10103
f 10202 10201 10101
f 10203 10105 10104
f 10203 10102 10105
f 10203 10202 10102
f 10204 10104 10106
f 10204 10203 10104
f 10205 10106 10108
f 10205 10204 10106
f 10135 10108 10107
f 10135 10205 10108
f 10206 10110 10111
f 10206 10207 10110
f 10208 10112 10113
f 10208 10209 10112
f 10210 10113 10114
f 10210 10208 10113
f 10211 10114 10115
f 10211 10210 10114
f 10212 10115 10116
f 10212 10211 10115
f 10213 10116 10117
f 10213 10212 10116
f 10214 10117 10118
f 10214 10213 10117
f 10215 10118 10119
f 10215 10214 10118
f 10216 10119 10120
f 10216 10215 10119
f 10217 10120 10121
f 10217 10216 10120
f 10218 10121 10122
f 10218 10217 10121
f 10219 10122 10123
f 10219 10218 10122
f 10220 10123 10124
f 10220 10219 10123
f 10125 10220 10124
f 10221 10220 10125
f 10126 10221 10125
f 10222 10221 10126
f 10127 10222 10126
f 10223 10222 10127
f 10224 10223 10127
f 10224 10127 10128
f 10129 10224 10128
f 10225 10224 10129
f 10226 10129 10130
f 10226 10225 10129
f 10131 10226 10130
f 10227 10226 10131
f 10228 10131 10132
f 10228 10227 10131
f 10229 10132 10133
f 10229 10228 10132
f 10134 10229 10133
f 10230 10229 10134
f 10207 10134 10110
f 10207 10230 10134
f 10209 10135 10112
f 10209 10231 10135
f 10232 10136 10137
f 10232 10233 10136
f 10234 10111 10138
f 10234 10206 10111
f 10235 10138 10139
f 10235 10234 10138
f 10236 10139 10140
f 10236 10235 10139
f 10237 10140 10141
f 10237 10236 10140
f 10238 10141 10142
f 10238 10237 10141
f 10239 10142 10143
f 10239 10238 10142
f 10240 10143 10144
f 10240 10239 10143
f 10241 10144 10145
f 10241 10240 10144
f 10242 10145 10146
f 10242 10241 10145
f 10243 10146 10147
f 10243 10242 10146
f 10244 10147 10148
f 10244 10243 10147
f 10245 10148 10149
f 10245 10244 10148
f 10246 10245 10149
f 10246 10149 10150
f 10247 10246 10150
f 10247 10150 10151
f 10248 10151 10152
f 10248 10247 10151
f 10249 10152 10153
f 10249 10248 10152
f 10250 10153 10154
f 10250 10249 10153
f 10155 10250 10154
f 10251 10250 10155
f 10252 10155 10156
f 10252 10251 10155
f 10157 10252 10156
f 10253 10252 10157
f 10254 10157 10158
f 10254 10253 10157
f 10255 10158 10159
f 10255 10254 10158
f 10233 10159 10136
f 10233 10255 10159
f 10256 10160 10161
f 10256 10257 10160
f 10162 10232 10137
f 10258 10232 10162
f 10163 10258 10162
f 10259 10258 10163
f 10164 10259 10163
f 10260 10259 10164
f 10165 10260 10164
f 10261 10260 10165
f 10166 10261 10165
f 10262 10261 10166
f 10167 10262 10166
f 10263 10262 10167
f 10168 10263 10167
f 10264 10263 10168
f 10169 10264 10168
f 10265 10264 10169
f 10170 10265 10169
f 10266 10265 10170
f 10171 10266 10170
f 10267 10266 10171
f 10172 10267 10171
f 10268 10267 10172
f 10173 10268 10172
f 10269 10268 10173
f 10174 10269 10173
f 10270 10269 10174
f 10175 10270 10174
f 10271 10270 10175
f 10176 10271 10175
f 10272 10271 10176
f 10177 10272 10176
f 10273 10272 10177
f 10178 10273 10177
f 10274 10273 10178
f 10179 10274 10178
f 10275 10274 10179
f 10180 10275 10179
f 10276 10275 10180
f 10181 10276 10180
f 10277 10276 10181
f 10182 10277 10181
f 10278 10277 10182
f 10183 10278 10182
f 10279 10278 10183
f 10160 10279 10183
f 10257 10279 10160
f 10280 10161 10184
f 10280 10256 10161
f 10281 10184 10185
f 10281 10280 10184
f 10282 10185 10186
f 10282 10281 10185
f 10283 10186 10187
f 10283 10282 10186
f 10284 10187 10188
f 10284 10283 10187
f 10285 10188 10189
f 10285 10284 10188
f 10286 10189 10190
f 10286 10285 10189
f 10287 10190 10191
f 10287 10286 10190
f 10288 10191 10192
f 10288 10287 10191
f 10289 10192 10193
f 10289 10288 10192
f 10290 10193 10194
f 10290 10289 10193
f 10291 10194 10195
f 10291 10290 10194
f 10292 10291 10195
f 10292 10195 10196
f 10293 10292 10196
f 10293 10196 10197
f 10294 10197 10198
f 10294 10293 10197
f 10295 10198 10199
f 10295 10294 10198
f 10296 10199 10200
f 10296 10295 10199
f 10297 10200 10201
f 10297 10296 10200
f 10298 10201 10202
f 10298 10297 10201
f 10299 10202 10203
f 10299 10298 10202
f 10300 10203 10204
f 10300 10299 10203
f 10301 10204 10205
f 10301 10300 10204
f 10231 10205 10135
f 10231 10301 10205
f 10302 10207 10206
f 10302 10303 10207
f 10304 10209 10208
f 10304 10305 10209
f 10306 10208 10210
f 10306 10304 10208
f 10307 10210 10211
f 10307 10306 10210
f 10308 10211 10212
f 10308 10307 10211
f 10309 10308 10212
f 10309 10212 10213
f 10310 10213 10214
f 10310 10309 10213
f 10311 10214 10215
f 10311 10310 10214
f 10312 10215 10216
f 10312 10311 10215
f 10313 10216 10217
f 10313 10312 10216
f 10314 10217 10218
f 10314 10313 10217
f 10315 10218 10219
f 10315 10314 10218
f 10316 10219 10220
f 10316 10315 10219
f 10317 10220 10221
f 10317 10316 10220
f 10318 10221 10222
f 10318 10317 10221
f 10319 10318 10222
f 10319 10222 10223
f 10320 10223 10224
f 10320 10224 10225
f 10320 10319 10223
f 10321 10320 10225
f 10322 10225 10226
f 10322 10226 10227
f 10322 10321 10225
f 10323 10322 10227
f 10324 10227 10228
f 10324 10323 10227
f 10325 10228 10229
f 10325 10229 10230
f 10325 10324 10228
f 10326 10325 10230
f 10303 10230 10207
f 10303 10326 10230
f 10305 10231 10209
f 10305 10327 10231
f 10328 10233 10232
f 10328 10329 10233
f 10302 10206 10234
f 10330 10234 10235
f 10330 10302 10234
f 10331 10235 10236
f 10331 10330 10235
f 10332 10236 10237
f 10332 10331 10236
f 10333 10332 10237
f 10333 10237 10238
f 10334 10333 10238
f 10334 10238 10239
f 10335 10334 10239
f 10335 10239 10240
f 10336 10335 10240
f 10336 10240 10241
f 10337 10336 10241
f 10338 10337 10241
f 10338 10242 10243
f 10338 10241 10242
f 10339 10338 10243
f 10340 10244 10245
f 10340 10243 10244
f 10340 10339 10243
f 10341 10245 10246
f 10341 10340 10245
f 10342 10341 10246
f 10343 10246 10247
f 10343 10342 10246
f 10344 10248 10249
f 10344 10247 10248
f 10344 10343 10247
f 10345 10344 10249
f 10346 10249 10250
f 10346 10345 10249
f 10347 10250 10251
f 10347 10346 10250
f 10348 10252 10253
f 10348 10251 10252
f 10348 10347 10251
f 10349 10348 10253
f 10350 10254 10255
f 10350 10253 10254
f 10350 10349 10253
f 10351 10350 10255
f 10329 10255 10233
f 10329 10351 10255
f 10352 10257 10256
f 10352 10353 10257
f 10354 10232 10258
f 10354 10328 10232
f 10355 10258 10259
f 10355 10354 10258
f 10356 10259 10260
f 10356 10355 10259
f 10357 10260 10261
f 10357 10356 10260
f 10358 10357 10261
f 10358 10261 10262
f 10359 10262 10263
f 10359 10358 10262
f 10360 10263 10264
f 10360 10359 10263
f 10361 10264 10265
f 10361 10360 10264
f 10362 10265 10266
f 10362 10361 10265
f 10363 10266 10267
f 10363 10362 10266
f 10364 10267 10268
f 10364 10363 10267
f 10365 10268 10269
f 10365 10364 10268
f 10366 10269 10270
f 10366 10365 10269
f 10367 10270 10271
f 10367 10366 10270
f 10368 10367 10271
f 10368 10271 10272
f 10369 10272 10273
f 10369 10368 10272
f 10370 10273 10274
f 10370 10369 10273
f 10371 10274 10275
f 10371 10370 10274
f 10372 10275 10276
f 10372 10371 10275
f 10373 10276 10277
f 10373 10372 10276
f 10374 10277 10278
f 10374 10373 10277
f 10375 10278 10279
f 10375 10374 10278
f 10353 10279 10257
f 10353 10375 10279
f 10376 10256 10280
f 10376 10352 10256
f 10377 10281 10282
f 10377 10280 10281
f 10377 10376 10280
f 10378 10282 10283
f 10378 10377 10282
f 10379 10378 10283
f 10380 10284 10285
f 10380 10283 10284
f 10380 10379 10283
f 10381 10380 10285
f 10382 10286 10287
f 10382 10285 10286
f 10382 10381 10285
f 10383 10382 10287
f 10384 10287 10288
f 10384 10383 10287
f 10385 10288 10289
f 10385 10384 10288
f 10386 10290 10291
f 10386 10289 10290
f 10386 10385 10289
f 10387 10386 10291
f 10388 10291 10292
f 10388 10387 10291
f 10389 10292 10293
f 10389 10388 10292
f 10390 10293 10294
f 10390 10389 10293
f 10391 10294 10295
f 10391 10390 10294
f 10392 10295 10296
f 10392 10391 10295
f 10393 10296 10297
f 10393 10392 10296
f 10394 10297 10298
f 10394 10393 10297
f 10395 10299 10300
f 10395 10298 10299
f 10395 10394 10298
f 10396 10395 10300
f 10397 10301 10231
f 10397 10300 10301
f 10397 10396 10300
f 10327 10397 10231
f 10386 10398 10399
f 10386 10399 10400
f 10386 10400 10401
f 10387 10398 10386
f 10387 10402 10403
f 10387 10403 10398
f 10385 10386 10401
f 10385 10401 10404
f 10385 10404 10405
f 10388 10402 10387
f 10388 10406 10407
f 10388 10407 10402
f 10389 10406 10388
f 10389 10408 10409
f 10389 10409 10406
f 10384 10405 10410
f 10384 10410 10411
f 10384 10385 10405
f 10390 10408 10389
f 10390 10412 10413
f 10390 10413 10408
f 10383 10384 10411
f 10383 10411 10414
f 10383 10414 10415
f 10382 10383 10415
f 10382 10415 10416
f 10382 10416 10417
f 10391 10418 10419
f 10391 10419 10412
f 10391 10412 10390
f 10392 10418 10391
f 10392 10420 10418
f 10381 10382 10417
f 10381 10417 10421
f 10380 10381 10421
f 10393 10420 10392
f 10394 10420 10393
f 10379 10380 10421
f 10395 10420 10394
f 10378 10379 10421
f 10396 10420 10395
f 10377 10378 10421
f 10397 10420 10396
f 10376 10377 10421
f 10327 10420 10397
f 10352 10376 10421
f 10422 10420 10327
f 10305 10422 10327
f 10304 10422 10305
f 10306 10422 10304
f 10307 10422 10306
f 10308 10422 10307
f 10309 10422 10308
f 10310 10422 10309
f 10310 10423 10422
f 10311 10424 10423
f 10311 10425 10424
f 10311 10423 10310
f 10312 10425 10311
f 10312 10426 10425
f 10312 10427 10426
f 10313 10427 10312
f 10313 10428 10427
f 10313 10429 10428
f 10314 10429 10313
f 10314 10430 10429
f 10314 10431 10430
f 10315 10431 10314
f 10315 10432 10431
f 10433 10432 10315
f 10316 10433 10315
f 10316 10434 10433
f 10435 10434 10316
f 10436 10316 10317
f 10436 10435 10316
f 10437 10436 10317
f 10438 10317 10318
f 10438 10437 10317
f 10439 10438 10318
f 10440 10318 10319
f 10440 10439 10318
f 10441 10440 10319
f 10442 10319 10320
f 10442 10441 10319
f 10443 10442 10320
f 10444 10320 10321
f 10444 10443 10320
f 10445 10321 10322
f 10445 10322 10323
f 10445 10323 10324
f 10445 10324 10325
f 10445 10325 10326
f 10445 10444 10321
f 10303 10445 10326
f 10446 10353 10352
f 10446 10352 10421
f 10375 10353 10446
f 10374 10375 10446
f 10373 10374 10446
f 10372 10373 10446
f 10371 10372 10446
f 10370 10371 10446
f 10370 10446 10447
f 10369 10370 10447
f 10369 10448 10449
f 10369 10447 10448
f 10368 10450 10451
f 10368 10449 10450
f 10368 10369 10449
f 10367 10368 10451
f 10367 10452 10453
f 10367 10451 10452
f 10366 10367 10453
f 10366 10454 10455
f 10366 10453 10454
f 10365 10366 10455
f 10365 10456 10457
f 10365 10455 10456
f 10458 10365 10457
f 10364 10365 10458
f 10459 10364 10458
f 10460 10364 10459
f 10460 10363 10364
f 10461 10363 10460
f 10462 10363 10461
f 10462 10362 10363
f 10463 10362 10462
f 10464 10362 10463
f 10464 10361 10362
f 10465 10361 10464
f 10466 10361 10465
f 10466 10360 10361
f 10467 10360 10466
f 10468 10360 10467
f 10468 10359 10360
f 10469 10328 10354
f 10469 10354 10355
f 10469 10355 10356
f 10469 10356 10357
f 10469 10357 10358
f 10469 10358 10359
f 10469 10359 10468
f 10470 10334 10335
f 10470 10333 10334
f 10470 10332 10333
f 10470 10331 10332
f 10470 10330 10331
f 10470 10302 10330
f 10470 10303 10302
f 10470 10445 10303
f 10471 10348 10349
f 10471 10347 10348
f 10471 10346 10347
f 10471 10328 10469
f 10471 10329 10328
f 10471 10351 10329
f 10471 10350 10351
f 10471 10349 10350
f 10472 10345 10346
f 10472 10346 10471
f 10473 10470 10335
f 10473 10335 10336
f 10474 10345 10472
f 10475 10473 10336
f 10476 10344 10345
f 10476 10345 10474
f 10477 10475 10336
f 10477 10336 10337
f 10478 10344 10476
f 10479 10477 10337
f 10480 10343 10344
f 10480 10344 10478
f 10481 10337 10338
f 10481 10479 10337
f 10482 10343 10480
f 10483 10481 10338
f 10484 10338 10339
f 10484 10483 10338
f 10485 10342 10343
f 10485 10343 10482
f 10486 10484 10339
f 10487 10342 10485
f 10488 10339 10340
f 10488 10486 10339
f 10489 10341 10342
f 10489 10342 10487
f 10490 10488 10340
f 10491 10341 10489
f 10492 10341 10491
f 10493 10340 10341
f 10493 10490 10340
f 10493 10341 10492
f 10470 10494 10445
f 10470 10495 10494
f 10423 10496 10422
f 10423 10497 10496
f 10424 10498 10497
f 10424 10497 10423
f 10425 10499 10498
f 10425 10500 10499
f 10425 10498 10424
f 10426 10500 10425
f 10427 10501 10500
f 10427 10500 10426
f 10428 10502 10501
f 10428 10501 10427
f 10429 10503 10502
f 10429 10504 10503
f 10429 10502 10428
f 10430 10504 10429
f 10431 10505 10504
f 10431 10504 10430
f 10432 10506 10505
f 10432 10505 10431
f 10433 10507 10506
f 10433 10506 10432
f 10434 10507 10433
f 10434 10508 10507
f 10435 10508 10434
f 10435 10509 10508
f 10436 10509 10435
f 10436 10510 10509
f 10436 10511 10510
f 10437 10511 10436
f 10438 10511 10437
f 10438 10512 10511
f 10439 10513 10512
f 10439 10512 10438
f 10440 10514 10513
f 10440 10513 10439
f 10441 10515 10514
f 10441 10516 10515
f 10441 10514 10440
f 10442 10516 10441
f 10443 10517 10516
f 10443 10516 10442
f 10444 10518 10517
f 10444 10494 10518
f 10444 10517 10443
f 10445 10494 10444
f 10471 10519 10520
f 10472 10471 10520
f 10474 10520 10521
f 10474 10472 10520
f 10476 10521 10522
f 10476 10474 10521
f 10478 10522 10523
f 10478 10523 10524
f 10478 10476 10522
f 10480 10478 10524
f 10482 10524 10525
f 10482 10480 10524
f 10485 10525 10526
f 10485 10482 10525
f 10487 10526 10527
f 10487 10527 10528
f 10487 10485 10526
f 10489 10487 10528
f 10491 10528 10529
f 10491 10489 10528
f 10492 10529 10530
f 10492 10491 10529
f 10493 10492 10530
f 10493 10530 10531
f 10490 10493 10531
f 10490 10531 10532
f 10488 10490 10532
f 10488 10532 10533
f 10486 10488 10533
f 10486 10533 10534
f 10484 10486 10534
f 10484 10534 10535
f 10483 10535 10536
f 10483 10484 10535
f 10481 10483 10536
f 10481 10536 10537
f 10479 10537 10538
f 10479 10538 10539
f 10479 10481 10537
f 10477 10479 10539
f 10475 10539 10540
f 10475 10477 10539
f 10473 10540 10541
f 10473 10475 10540
f 10470 10541 10495
f 10470 10473 10541
f 10422 10542 10420
f 10422 10496 10542
f 10469 10519 10471
f 10469 10543 10519
f 10420 10542 10544
f 10418 10420 10544
f 10419 10544 10545
f 10419 10418 10544
f 10412 10545 10546
f 10412 10419 10545
f 10413 10546 10547
f 10413 10547 10548
f 10413 10412 10546
f 10408 10413 10548
f 10409 10548 10549
f 10409 10408 10548
f 10406 10549 10550
f 10406 10409 10549
f 10407 10550 10551
f 10407 10551 10552
f 10407 10406 10550
f 10402 10407 10552
f 10403 10552 10553
f 10403 10402 10552
f 10398 10553 10554
f 10398 10403 10553
f 10399 10398 10554
f 10399 10554 10555
f 10400 10399 10555
f 10400 10555 10556
f 10401 10400 10556
f 10401 10556 10557
f 10404 10401 10557
f 10404 10557 10558
f 10405 10404 10558
f 10405 10558 10559
f 10410 10559 10560
f 10410 10405 10559
f 10411 10410 10560
f 10411 10560 10561
f 10414 10561 10562
f 10414 10562 10563
f 10414 10411 10561
f 10415 10414 10563
f 10416 10563 10564
f 10416 10415 10563
f 10417 10564 10565
f 10417 10416 10564
f 10421 10565 10566
f 10421 10417 10565
f 10468 10543 10469
f 10468 10567 10543
f 10467 10568 10567
f 10467 10567 10468
f 10466 10569 10568
f 10466 10570 10569
f 10466 10568 10467
f 10465 10570 10466
f 10464 10571 10570
f 10464 10570 10465
f 10463 10572 10571
f 10463 10571 10464
f 10462 10573 10572
f 10462 10574 10573
f 10462 10572 10463
f 10461 10574 10462
f 10460 10575 10574
f 10460 10574 10461
f 10459 10576 10575
f 10459 10577 10576
f 10459 10575 10460
f 10458 10578 10577
f 10458 10577 10459
f 10457 10578 10458
f 10456 10578 10457
f 10456 10579 10578
f 10456 10580 10579
f 10455 10580 10456
f 10454 10580 10455
f 10454 10581 10580
f 10454 10582 10581
f 10453 10582 10454
f 10452 10583 10582
f 10452 10582 10453
f 10451 10583 10452
f 10451 10584 10583
f 10450 10585 10584
f 10450 10584 10451
f 10449 10586 10585
f 10449 10585 10450
f 10448 10587 10586
f 10448 10588 10587
f 10448 10586 10449
f 10447 10588 10448
f 10446 10589 10588
f 10446 10588 10447
f 10421 10589 10446
f 10421 10566 10589
f 10556 10555 10554
f 10551 10553 10552
f 10549 10551 10550
f 10561 10559 10558
f 10561 10560 10559
f 10548 10553 10551
f 10548 10551 10549
f 10563 10556 10554
f 10563 10561 10558
f 10563 10554 10553
f 10563 10557 10556
f 10563 10558 10557
f 10563 10562 10561
f 10544 10546 10545
f 10544 10547 10546
f 10565 10553 10548
f 10565 10563 10553
f 10565 10564 10563
f 10542 10565 10548
f 10542 10547 10544
f 10542 10548 10547
f 10566 10565 10542
f 10499 10496 10497
f 10499 10497 10498
f 10500 10496 10499
f 10502 10500 10501
f 10503 10496 10500
f 10503 10500 10502
f 10504 10496 10503
f 10507 10496 10504
f 10507 10504 10505
f 10507 10505 10506
f 10509 10496 10507
f 10509 10507 10508
f 10510 10496 10509
f 10511 10496 10510
f 10514 10496 10511
f 10514 10511 10512
f 10514 10512 10513
f 10516 10514 10515
f 10517 10496 10514
f 10517 10514 10516
f 10494 10566 10542
f 10494 10542 10496
f 10494 10496 10517
f 10494 10517 10518
f 10589 10566 10494
f 10587 10588 10589
f 10585 10586 10587
f 10584 10585 10587
f 10584 10587 10589
f 10581 10582 10583
f 10581 10583 10584
f 10579 10584 10589
f 10579 10581 10584
f 10579 10580 10581
f 10578 10579 10589
f 10575 10578 10589
f 10575 10576 10577
f 10575 10577 10578
f 10570 10571 10572
f 10570 10572 10573
f 10570 10573 10574
f 10570 10574 10575
f 10569 10570 10575
f 10567 10568 10569
f 10543 10575 10589
f 10543 10569 10575
f 10543 10567 10569
f 10495 10589 10494
f 10519 10543 10589
f 10519 10589 10495
f 10540 10520 10519
f 10540 10495 10541
f 10540 10519 10495
f 10538 10540 10539
f 10538 10520 10540
f 10537 10521 10520
f 10537 10522 10521
f 10537 10520 10538
f 10535 10537 10536
f 10526 10523 10522
f 10526 10524 10523
f 10526 10525 10524
f 10526 10522 10537
f 10534 10537 10535
f 10533 10537 10534
f 10532 10526 10537
f 10532 10537 10533
f 10529 10527 10526
f 10529 10528 10527
f 10530 10529 10526
f 10531 10526 10532
f 10531 10530 10526
usemtl cavity
f 10590 10591 10592
f 10590 10592 10593
f 10594 10595 10596
f 10594 10597 10595
f 10598 10599 10597
f 10598 10597 10594
f 10600 10601 10599
f 10600 10599 10598
f 10602 10603 10601
f 10602 10601 10600
f 10604 10605 10603
f 10604 10603 10602
f 10606 10607 10605
f 10606 10605 10604
f 10608 10609 10607
f 10608 10607 10606
f 10610 10611 10609
f 10610 10609 10608
f 10612 10613 10611
f 10612 10611 10610
f 10614 10615 10613
f 10614 10613 10612
f 10590 10593 10615
f 10590 10615 10614
f 10616 10596 10595
f 10616 10595 10617
f 10618 10616 10617
f 10618 10617 10619
f 10620 10619 10621
f 10620 10618 10619
f 10622 10621 10623
f 10622 10620 10621
f 10624 10623 10625
f 10624 10622 10623
f 10626 10625 10627
f 10626 10624 10625
f 10628 10627 10629
f 10628 10626 10627
f 10630 10629 10631
f 10630 10628 10629
f 10632 10631 10633
f 10632 10630 10631
f 10634 10633 10635
f 10634 10632 10633
f 10636 10635 10637
f 10636 10634 10635
f 10638 10637 10639
f 10638 10636 10637
f 10640 10638 10639
f 10640 10639 10641
f 10642 10643 10644
f 10642 10645 10643
f 10646 10647 10645
f 10646 10645 10642
f 10648 10649 10647
f 10648 10647 10646
f 10650 10651 10649
f 10650 10652 10651
f 10650 10649 10648
f 10653 10652 10650
f 10654 10655 10652
f 10654 10652 10653
f 10656 10657 10655
f 10656 10655 10654
f 10658 10659 10657
f 10658 10657 10656
f 10660 10661 10659
f 10660 10659 10658
f 10662 10663 10661
f 10662 10641 10663
f 10662 10661 10660
f 10640 10641 10662
f 10664 10644 10643
f 10664 10643 10665
f 10666 10664 10665
f 10666 10665 10667
f 10668 10667 10669
f 10668 10666 10667
f 10670 10669 10671
f 10670 10668 10669
f 10672 10671 10673
f 10672 10670 10671
f 10674 10673 10675
f 10674 10672 10673
f 10676 10675 10677
f 10676 10677 10678
f 10676 10674 10675
f 10679 10676 10678
f 10680 10678 10681
f 10680 10681 10682
f 10680 10679 10678
f 10683 10680 10682
f 10684 10682 10685
f 10684 10683 10682
f 10591 10685 10592
f 10591 10684 10685
f 10650 10654 10653
f 10658 10656 10654
f 10658 10654 10650
f 10644 10646 10642
f 10644 10648 10646
f 10644 10650 10648
f 10644 10658 10650
f 10640 10660 10658
f 10640 10662 10660
f 10640 10658 10644
f 10664 10640 10644
f 10668 10664 10666
f 10672 10668 10670
f 10672 10664 10668
f 10676 10672 10674
f 10679 10672 10676
f 10679 10664 10672
f 10680 10664 10679
f 10684 10680 10683
f 10591 10640 10664
f 10591 10680 10684
f 10591 10664 10680
f 10634 10636 10638
f 10632 10634 10638
f 10628 10630 10632
f 10626 10628 10632
f 10624 10626 10632
f 10620 10624 10632
f 10620 10622 10624
f 10618 10620 10632
f 10616 10632 10638
f 10616 10618 10632
f 10596 10616 10638
f 10590 10638 10640
f 10590 10596 10638
f 10590 10640 10591
f 10610 10614 10612
f 10610 10590 10614
f 10602 10594 10596
f 10602 10598 10594
f 10602 10600 10598
f 10604 10602 10596
f 10606 10596 10590
f 10606 10610 10608
f 10606 10590 10610
f 10606 10604 10596
f 10651 10652 10655
f 10659 10655 10657
f 10659 10651 10655
f 10643 10645 10647
f 10643 10647 10649
f 10643 10649 10651
f 10643 10651 10659
f 10641 10659 10661
f 10641 10661 10663
f 10641 10643 10659
f 10665 10643 10641
f 10669 10667 10665
f 10673 10671 10669
f 10673 10669 10665
f 10677 10675 10673
f 10678 10677 10673
f 10678 10673 10665
f 10681 10678 10665
f 10685 10682 10681
f 10592 10665 10641
f 10592 10685 10681
f 10592 10681 10665
f 10635 10639 10637
f 10633 10639 10635
f 10629 10633 10631
f 10627 10633 10629
f 10625 10633 10627
f 10621 10633 10625
f 10621 10625 10623
f 10619 10633 10621
f 10617 10639 10633
f 10617 10633 10619
f 10595 10639 10617
f 10593 10641 10639
f 10593 10639 10595
f 10593 10592 10641
f 10611 10613 10615
f 10611 10615 10593
f 10603 10595 10597
f 10603 10597 10599
f 10603 10599 10601
f 10605 10595 10603
f 10607 10593 10595
f 10607 10609 10611
f 10607 10611 10593
f 10607 10595 10605
usemtl front_anchor
f 10686 10687 10688
f 10686 10689 10687
f 10690 10691 10692
f 10690 10692 10693
f 10690 10688 10691
f 10690 10686 10688
f 10693 10692 10687
f 10693 10687 10689
f 10692 10688 10687
f 10692 10691 10688
f 10693 10689 10686
f 10693 10686 10690
usemtl glass
f 10694 10695 10696
f 10694 10696 10697
f 10695 10698 10699
f 10695 10699 10696
f 10698 10700 10701
f 10698 10701 10699
f 10700 10702 10703
f 10700 10703 10701
f 10702 10704 10705
f 10702 10705 10703
f 10704 10706 10707
f 10704 10707 10705
f 10706 10708 10709
f 10706 10709 10707
f 10708 10710 10711
f 10708 10711 10709
f 10710 10712 10713
f 10710 10713 10711
f 10712 10714 10715
f 10712 10715 10713
f 10714 10716 10717
f 10714 10717 10715
f 10716 10718 10719
f 10716 10719 10717
f 10718 10720 10721
f 10718 10721 10719
f 10720 10722 10723
f 10720 10723 10721
f 10722 10724 10725
f 10722 10725 10723
f 10724 10726 10727
f 10724 10727 10725
f 10726 10728 10729
f 10726 10729 10727
f 10728 10730 10731
f 10728 10731 10729
f 10730 10732 10733
f 10730 10733 10731
f 10732 10734 10735
f 10732 10735 10733
f 10734 10736 10737
f 10734 10737 10735
f 10736 10738 10739
f 10736 10739 10737
f 10738 10740 10741
f 10738 10741 10739
f 10740 10742 10743
f 10740 10743 10741
f 10742 10744 10745
f 10742 10745 10743
f 10744 10746 10747
f 10744 10747 10745
f 10746 10748 10749
f 10746 10749 10747
f 10748 10750 10751
f 10748 10751 10749
f 10750 10752 10753
f 10750 10753 10751
f 10752 10754 10755
f 10752 10755 10753
f 10754 10756 10757
f 10754 10757 10755
f 10756 10758 10759
f 10756 10759 10757
f 10758 10760 10761
f 10758 10761 10759
f 10760 10762 10763
f 10760 10763 10761
f 10762 10764 10765
f 10762 10765 10763
f 10764 10766 10767
f 10764 10767 10765
f 10766 10768 10769
f 10766 10769 10767
f 10768 10770 10771
f 10768 10771 10769
f 10770 10772 10773
f 10770 10773 10771
f 10772 10774 10775
f 10772 10775 10773
f 10774 10776 10777
f 10774 10777 10775
f 10776 10778 10779
f 10776 10779 10777
f 10778 10780 10781
f 10778 10781 10779
f 10780 10782 10783
f 10780 10783 10781
f 10782 10784 10785
f 10782 10785 10783
f 10784 10786 10787
f 10784 10787 10785
f 10786 10788 10789
f 10786 10789 10787
f 10788 10790 10791
f 10788 10791 10789
f 10697 10696 10792
f 10697 10792 10793
f 10696 10699 10794
f 10696 10794 10792
f 10699 10701 10795
f 10699 10795 10794
f 10701 10703 10796
f 10701 10796 10795
f 10703 10705 10797
f 10703 10797 10796
f 10705 10707 10798
f 10705 10798 10797
f 10707 10709 10799
f 10707 10799 10798
f 10709 10711 10800
f 10709 10800 10799
f 10711 10713 10801
f 10711 10801 10800
f 10713 10715 10802
f 10713 10802 10801
f 10715 10717 10803
f 10715 10803 10802
f 10717 10719 10804
f 10717 10804 10803
f 10719 10721 10805
f 10719 10805 10804
f 10721 10723 10806
f 10721 10806 10805
f 10723 10725 10807
f 10723 10807 10806
f 10725 10727 10808
f 10725 10808 10807
f 10727 10729 10809
f 10727 10809 10808
f 10729 10731 10810
f 10729 10810 10809
f 10731 10733 10811
f 10731 10811 10810
f 10733 10735 10812
f 10733 10812 10811
f 10735 10737 10813
f 10735 10813 10812
f 10737 10739 10814
f 10737 10814 10813
f 10739 10741 10815
f 10739 10815 10814
f 10741 10743 10816
f 10741 10816 10815
f 10743 10745 10817
f 10743 10817 10816
f 10745 10747 10818
f 10745 10818 10817
f 10747 10749 10819
f 10747 10819 10818
f 10749 10751 10820
f 10749 10820 10819
f 10751 10753 10821
f 10751 10821 10820
f 10753 10755 10822
f 10753 10822 10821
f 10755 10757 10823
f 10755 10823 10822
f 10757 10759 10824
f 10757 10824 10823
f 10759 10761 10825
f 10759 10825 10824
f 10761 10763 10826
f 10761 10826 10825
f 10763 10765 10827
f 10763 10827 10826
f 10765 10767 10828
f 10765 10828 10827
f 10767 10769 10829
f 10767 10829 10828
f 10769 10771 10830
f 10769 10830 10829
f 10771 10773 10831
f 10771 10831 10830
f 10773 10775 10832
f 10773 10832 10831
f 10775 10777 10833
f 10775 10833 10832
f 10777 10779 10834
f 10777 10834 10833
f 10779 10781 10835
f 10779 10835 10834
f 10781 10783 10836
f 10781 10836 10835
f 10783 10785 10837
f 10783 10837 10836
f 10785 10787 10838
f 10785 10838 10837
f 10787 10789 10839
f 10787 10839 10838
f 10789 10791 10840
f 10789 10840 10839
f 10793 10792 10841
f 10793 10841 10842
f 10792 10794 10843
f 10792 10843 10841
f 10794 10795 10844
f 10794 10844 10843
f 10795 10796 10845
f 10795 10845 10844
f 10796 10797 10846
f 10796 10846 10845
f 10797 10798 10847
f 10797 10847 10846
f 10798 10799 10848
f 10798 10848 10847
f 10799 10800 10849
f 10799 10849 10848
f 10800 10801 10850
f 10800 10850 10849
f 10801 10802 10851
f 10801 10851 10850
f 10802 10803 10852
f 10802 10852 10851
f 10803 10804 10853
f 10803 10853 10852
f 10804 10805 10854
f 10804 10854 10853
f 10805 10806 10855
f 10805 10855 10854
f 10806 10807 10856
f 10806 10856 10855
f 10807 10808 10857
f 10807 10857 10856
f 10808 10809 10858
f 10808 10858 10857
f 10809 10810 10859
f 10809 10859 10858
f 10810 10811 10860
f 10810 10860 10859
f 10811 10812 10861
f 10811 10861 10860
f 10812 10813 10862
f 10812 10862 10861
f 10813 10814 10863
f 10813 10863 10862
f 10814 10815 10864
f 10814 10864 10863
f 10815 10816 10865
f 10815 10865 10864
f 10816 10817 10866
f 10816 10866 10865
f 10817 10818 10867
f 10817 10867 10866
f 10818 10819 10868
f 10818 10868 10867
f 10819 10820 10869
f 10819 10869 10868
f 10820 10821 10870
f 10820 10870 10869
f 10821 10822 10871
f 10821 10871 10870
f 10822 10823 10872
f 10822 10872 10871
f 10823 10824 10873
f 10823 10873 10872
f 10824 10825 10874
f 10824 10874 10873
f 10825 10826 10875
f 10825 10875 10874
f 10826 10827 10876
f 10826 10876 10875
f 10827 10828 10877
f 10827 10877 10876
f 10828 10829 10878
f 10828 10878 10877
f 10829 10830 10879
f 10829 10879 10878
f 10830 10831 10880
f 10830 10880 10879
f 10831 10832 10881
f 10831 10881 10880
f 10832 10833 10882
f 10832 10882 10881
f 10833 10834 10883
f 10833 10883 10882
f 10834 10835 10884
f 10834 10884 10883
f 10835 10836 10885
f 10835 10885 10884
f 10836 10837 10886
f 10836 10886 10885
f 10837 10838 10887
f 10837 10887 10886
f 10838 10839 10888
f 10838 10888 10887
f 10839 10840 10889
f 10839 10889 10888
f 10842 10841 10890
f 10842 10890 10891
f 10841 10843 10892
f 10841 10892 10890
f 10843 10844 10893
f 10843 10893 10892
f 10844 10845 10894
f 10844 10894 10893
f 10845 10846 10895
f 10845 10895 10894
f 10846 10847 10896
f 10846 10896 10895
f 10847 10848 10897
f 10847 10897 10896
f 10848 10849 10898
f 10848 10898 10897
f 10849 10850 10899
f 10849 10899 10898
f 10850 10851 10900
f 10850 10900 10899
f 10851 10852 10901
f 10851 10901 10900
f 10852 10853 10902
f 10852 10902 10901
f 10853 10854 10903
f 10853 10903 10902
f 10854 10855 10904
f 10854 10904 10903
f 10855 10856 10905
f 10855 10905 10904
f 10856 10857 10906
f 10856 10906 10905
f 10857 10858 10907
f 10857 10907 10906
f 10858 10859 10908
f 10858 10908 10907
f 10859 10860 10909
f 10859 10909 10908
f 10860 10861 10910
f 10860 10910 10909
f 10861 10862 10911
f 10861 10911 10910
f 10862 10863 10912
f 10862 10912 10911
f 10863 10864 10913
f 10863 10913 10912
f 10864 10865 10914
f 10864 10914 10913
f 10865 10866 10915
f 10865 10915 10914
f 10866 10867 10916
f 10866 10916 10915
f 10867 10868 10917
f 10867 10917 10916
f 10868 10869 10918
f 10868 10918 10917
f 10869 10870 10919
f 10869 10919 10918
f 10870 10871 10920
f 10870 10920 10919
f 10871 10872 10921
f 10871 10921 10920
f 10872 10873 10922
f 10872 10922 10921
f 10873 10874 10923
f 10873 10923 10922
f 10874 10875 10924
f 10874 10924 10923
f 10875 10876 10925
f 10875 10925 10924
f 10876 10877 10926
f 10876 10926 10925
f 10877 10878 10927
f 10877 10927 10926
f 10878 10879 10928
f 10878 10928 10927
f 10879 10880 10929
f 10879 10929 10928
f 10880 10881 10930
f 10880 10930 10929
f 10881 10882 10931
f 10881 10931 10930
f 10882 10883 10932
f 10882 10932 10931
f 10883 10884 10933
f 10883 10933 10932
f 10884 10885 10934
f 10884 10934 10933
f 10885 10886 10935
f 10885 10935 10934
f 10886 10887 10936
f 10886 10936 10935
f 10887 10888 10937
f 10887 10937 10936
f 10888 10889 10938
f 10888 10938 10937
f 10891 10890 10939
f 10891 10939 10940
f 10890 10892 10941
f 10890 10941 10939
f 10892 10893 10942
f 10892 10942 10941
f 10893 10894 10943
f 10893 10943 10942
f 10894 10895 10944
f 10894 10944 10943
f 10895 10896 10945
f 10895 10945 10944
f 10896 10897 10946
f 10896 10946 10945
f 10897 10898 10947
f 10897 10947 10946
f 10898 10899 10948
f 10898 10948 10947
f 10899 10900 10949
f 10899 10949 10948
f 10900 10901 10950
f 10900 10950 10949
f 10901 10902 10951
f 10901 10951 10950
f 10902 10903 10952
f 10902 10952 10951
f 10903 10904 10953
f 10903 10953 10952
f 10904 10905 10954
f 10904 10954 10953
f 10905 10906 10955
f 10905 10955 10954
f 10906 10907 10956
f 10906 10956 10955
f 10907 10908 10957
f 10907 10957 10956
f 10908 10909 10958
f 10908 10958 10957
f 10909 10910 10959
f 10909 10959 10958
f 10910 10911 10960
f 10910 10960 10959
f 10911 10912 10961
f 10911 10961 10960
f 10912 10913 10962
f 10912 10962 10961
f 10913 10914 10963
f 10913 10963 10962
f 10914 10915 10964
f 10914 10964 10963
f 10915 10916 10965
f 10915 10965 10964
f 10916 10917 10966
f 10916 10966 10965
f 10917 10918 10967
f 10917 10967 10966
f 10918 10919 10968
f 10918 10968 10967
f 10919 10920 10969
f 10919 10969 10968
f 10920 10921 10970
f 10920 10970 10969
f 10921 10922 10971
f 10921 10971 10970
f 10922 10923 10972
f 10922 10972 10971
f 10923 10924 10973
f 10923 10973 10972
f 10924 10925 10974
f 10924 10974 10973
f 10925 10926 10975
f 10925 10975 10974
f 10926 10927 10976
f 10926 10976 10975
f 10927 10928 10977
f 10927 10977 10976
f 10928 10929 10978
f 10928 10978 10977
f 10929 10930 10979
f 10929 10979 10978
f 10930 10931 10980
f 10930 10980 10979
f 10931 10932 10981
f 10931 10981 10980
f 10932 10933 10982
f 10932 10982 10981
f 10933 10934 10983
f 10933 10983 10982
f 10934 10935 10984
f 10934 10984 10983
f 10935 10936 10985
f 10935 10985 10984
f 10936 10937 10986
f 10936 10986 10985
f 10937 10938 10987
f 10937 10987 10986
f 10940 10939 10988
f 10940 10988 10989
f 10939 10941 10990
f 10939 10990 10988
f 10941 10942 10991
f 10941 10991 10990
f 10942 10943 10992
f 10942 10992 10991
f 10943 10944 10993
f 10943 10993 10992
f 10944 10945 10994
f 10944 10994 10993
f 10945 10946 10995
f 10945 10995 10994
f 10946 10947 10996
f 10946 10996 10995
f 10947 10948 10997
f 10947 10997 10996
f 10948 10949 10998
f 10948 10998 10997
f 10949 10950 10999
f 10949 10999 10998
f 10950 10951 11000
f 10950 11000 10999
f 10951 10952 11001
f 10951 11001 11000
f 10952 10953 11002
f 10952 11002 11001
f 10953 10954 11003
f 10953 11003 11002
f 10954 10955 11004
f 10954 11004 11003
f 10955 10956 11005
f 10955 11005 11004
f 10956 10957 11006
f 10956 11006 11005
f 10957 10958 11007
f 10957 11007 11006
f 10958 10959 11008
f 10958 11008 11007
f 10959 10960 11009
f 10959 11009 11008
f 10960 10961 11010
f 10960 11010 11009
f 10961 10962 11011
f 10961 11011 11010
f 10962 10963 11012
f 10962 11012 11011
f 10963 10964 11013
f 10963 11013 11012
f 10964 10965 11014
f 10964 11014 11013
f 10965 10966 11015
f 10965 11015 11014
f 10966 10967 11016
f 10966 11016 11015
f 10967 10968 11017
f 10967 11017 11016
f 10968 10969 11018
f 10968 11018 11017
f 10969 10970 11019
f 10969 11019 11018
f 10970 10971 11020
f 10970 11020 11019
f 10971 10972 11021
f 10971 11021 11020
f 10972 10973 11022
f 10972 11022 11021
f 10973 10974 11023
f 10973 11023 11022
f 10974 10975 11024
f 10974 11024 11023
f 10975 10976 11025
f 10975 11025 11024
f 10976 10977 11026
f 10976 11026 11025
f 10977 10978 11027
f 10977 11027 11026
f 10978 10979 11028
f 10978 11028 11027
f 10979 10980 11029
f 10979 11029 11028
f 10980 10981 11030
f 10980 11030 11029
f 10981 10982 11031
f 10981 11031 11030
f 10982 10983 11032
f 10982 11032 11031
f 10983 10984 11033
f 10983 11033 11032
f 10984 10985 11034
f 10984 11034 11033
f 10985 10986 11035
f 10985 11035 11034
f 10986 10987 11036
f 10986 11036 11035
f 10989 10988 11037
f 10989 11037 11038
f 10988 10990 11039
f 10988 11039 11037
f 10990 10991 11040
f 10990 11040 11039
f 10991 10992 11041
f 10991 11041 11040
f 10992 10993 11042
f 10992 11042 11041
f 10993 10994 11043
f 10993 11043 11042
f 10994 10995 11044
f 10994 11044 11043
f 10995 10996 11045
f 10995 11045 11044
f 10996 10997 11046
f 10996 11046 11045
f 10997 10998 11047
f 10997 11047 11046
f 10998 10999 11048
f 10998 11048 11047
f 10999 11000 11049
f 10999 11049 11048
f 11000 11001 11050
f 11000 11050 11049
f 11001 11002 11051
f 11001 11051 11050
f 11002 11003 11052
f 11002 11052 11051
f 11003 11004 11053
f 11003 11053 11052
f 11004 11005 11054
f 11004 11054 11053
f 11005 11006 11055
f 11005 11055 11054
f 11006 11007 11056
f 11006 11056 11055
f 11007 11008 11057
f 11007 11057 11056
f 11008 11009 11058
f 11008 11058 11057
f 11009 11010 11059
f 11009 11059 11058
f 11010 11011 11060
f 11010 11060 11059
f 11011 11012 11061
f 11011 11061 11060
f 11012 11013 11062
f 11012 11062 11061
f 11013 11014 11063
f 11013 11063 11062
f 11014 11015 11064
f 11014 11064 11063
f 11015 11016 11065
f 11015 11065 11064
f 11016 11017 11066
f 11016 11066 11065
f 11017 11018 11067
f 11017 11067 11066
f 11018 11019 11068
f 11018 11068 11067
f 11019 11020 11069
f 11019 11069 11068
f 11020 11021 11070
f 11020 11070 11069
f 11021 11022 11071
f 11021 11071 11070
f 11022 11023 11072
f 11022 11072 11071
f 11023 11024 11073
f 11023 11073 11072
f 11024 11025 11074
f 11024 11074 11073
f 11025 11026 11075
f 11025 11075 11074
f 11026 11027 11076
f 11026 11076 11075
f 11027 11028 11077
f 11027 11077 11076
f 11028 11029 11078
f 11028 11078 11077
f 11029 11030 11079
f 11029 11079 11078
f 11030 11031 11080
f 11030 11080 11079
f 11031 11032 11081
f 11031 11081 11080
f 11032 11033 11082
f 11032 11082 11081
f 11033 11034 11083
f 11033 11083 11082
f 11034 11035 11084
f 11034 11084 11083
f 11035 11036 11085
f 11035 11085 11084
f 11038 11037 11086
f 11038 11086 11087
f 11037 11039 11088
f 11037 11088 11086
f 11039 11040 11089
f 11039 11089 11088
f 11040 11041 11090
f 11040 11090 11089
f 11041 11042 11091
f 11041 11091 11090
f 11042 11043 11092
f 11042 11092 11091
f 11043 11044 11093
f 11043 11093 11092
f 11044 11045 11094
f 11044 11094 11093
f 11045 11046 11095
f 11045 11095 11094
f 11046 11047 11096
f 11046 11096 11095
f 11047 11048 11097
f 11047 11097 11096
f 11048 11049 11098
f 11048 11098 11097
f 11049 11050 11099
f 11049 11099 11098
f 11050 11051 11100
f 11050 11100 11099
f 11051 11052 11101
f 11051 11101 11100
f 11052 11053 11102
f 11052 11102 11101
f 11053 11054 11103
f 11053 11103 11102
f 11054 11055 11104
f 11054 11104 11103
f 11055 11056 11105
f 11055 11105 11104
f 11056 11057 11106
f 11056 11106 11105
f 11057 11058 11107
f 11057 11107 11106
f 11058 11059 11108
f 11058 11108 11107
f 11059 11060 11109
f 11059 11109 11108
f 11060 11061 11110
f 11060 11110 11109
f 11061 11062 11111
f 11061 11111 11110
f 11062 11063 11112
f 11062 11112 11111
f 11063 11064 11113
f 11063 11113 11112
f 11064 11065 11114
f 11064 11114 11113
f 11065 11066 11115
f 11065 11115 11114
f 11066 11067 11116
f 11066 11116 11115
f 11067 11068 11117
f 11067 11117 11116
f 11068 11069 11118
f 11068 11118 11117
f 11069 11070 11119
f 11069 11119 11118
f 11070 11071 11120
f 11070 11120 11119
f 11071 11072 11121
f 11071 11121 11120
f 11072 11073 11122
f 11072 11122 11121
f 11073 11074 11123
f 11073 11123 11122
f 11074 11075 11124
f 11074 11124 11123
f 11075 11076 11125
f 11075 11125 11124
f 11076 11077 11126
f 11076 11126 11125
f 11077 11078 11127
f 11077 11127 11126
f 11078 11079 11128
f 11078 11128 11127
f 11079 11080 11129
f 11079 11129 11128
f 11080 11081 11130
f 11080 11130 11129
f 11081 11082 11131
f 11081 11131 11130
f 11082 11083 11132
f 11082 11132 11131
f 11083 11084 11133
f 11083 11133 11132
f 11084 11085 11134
f 11084 11134 11133
f 11087 11086 11135
f 11087 11135 11136
f 11086 11088 11137
f 11086 11137 11135
f 11088 11089 11138
f 11088 11138 11137
f 11089 11090 11139
f 11089 11139 11138
f 11090 11091 11140
f 11090 11140 11139
f 11091 11092 11141
f 11091 11141 11140
f 11092 11093 11142
f 11092 11142 11141
f 11093 11094 11143
f 11093 11143 11142
f 11094 11095 11144
f 11094 11144 11143
f 11095 11096 11145
f 11095 11145 11144
f 11096 11097 11146
f 11096 11146 11145
f 11097 11098 11147
f 11097 11147 11146
f 11098 11099 11148
f 11098 11148 11147
f 11099 11100 11149
f 11099 11149 11148
f 11100 11101 11150
f 11100 11150 11149
f 11101 11102 11151
f 11101 11151 11150
f 11102 11103 11152
f 11102 11152 11151
f 11103 11104 11153
f 11103 11153 11152
f 11104 11105 11154
f 11104 11154 11153
f 11105 11106 11155
f 11105 11155 11154
f 11106 11107 11156
f 11106 11156 11155
f 11107 11108 11157
f 11107 11157 11156
f 11108 11109 11158
f 11108 11158 11157
f 11109 11110 11159
f 11109 11159 11158
f 11110 11111 11160
f 11110 11160 11159
f 11111 11112 11161
f 11111 11161 11160
f 11112 11113 11162
f 11112 11162 11161
f 11113 11114 11163
f 11113 11163 11162
f 11114 11115 11164
f 11114 11164 11163
f 11115 11116 11165
f 11115 11165 11164
f 11116 11117 11166
f 11116 11166 11165
f 11117 11118 11167
f 11117 11167 11166
f 11118 11119 11168
f 11118 11168 11167
f 11119 11120 11169
f 11119 11169 11168
f 11120 11121 11170
f 11120 11170 11169
f 11121 11122 11171
f 11121 11171 11170
f 11122 11123 11172
f 11122 11172 11171
f 11123 11124 11173
f 11123 11173 11172
f 11124 11125 11174
f 11124 11174 11173
f 11125 11126 11175
f 11125 11175 11174
f 11126 11127 11176
f 11126 11176 11175
f 11127 11128 11177
f 11127 11177 11176
f 11128 11129 11178
f 11128 11178 11177
f 11129 11130 11179
f 11129 11179 11178
f 11130 11131 11180
f 11130 11180 11179
f 11131 11132 11181
f 11131 11181 11180
f 11132 11133 11182
f 11132 11182 11181
f 11133 11134 11183
f 11133 11183 11182
f 11136 11135 11184
f 11136 11184 11185
f 11135 11137 11186
f 11135 11186 11184
f 11137 11138 11187
f 11137 11187 11186
f 11138 11139 11188
f 11138 11188 11187
f 11139 11140 11189
f 11139 11189 11188
f 11140 11141 11190
f 11140 11190 11189
f 11141 11142 11191
f 11141 11191 11190
f 11142 11143 11192
f 11142 11192 11191
f 11143 11144 11193
f 11143 11193 11192
f 11144 11145 11194
f 11144 11194 11193
f 11145 11146 11195
f 11145 11195 11194
f 11146 11147 11196
f 11146 11196 11195
f 11147 11148 11197
f 11147 11197 11196
f 11148 11149 11198
f 11148 11198 11197
f 11149 11150 11199
f 11149 11199 11198
f 11150 11151 11200
f 11150 11200 11199
f 11151 11152 11201
f 11151 11201 11200
f 11152 11153 11202
f 11152 11202 11201
f 11153 11154 11203
f 11153 11203 11202
f 11154 11155 11204
f 11154 11204 11203
f 11155 11156 11205
f 11155 11205 11204
f 11156 11157 11206
f 11156 11206 11205
f 11157 11158 11207
f 11157 11207 11206
f 11158 11159 11208
f 11158 11208 11207
f 11159 11160 11209
f 11159 11209 11208
f 11160 11161 11210
f 11160 11210 11209
f 11161 11162 11211
f 11161 11211 11210
f 11162 11163 11212
f 11162 11212 11211
f 11163 11164 11213
f 11163 11213 11212
f 11164 11165 11214
f 11164 11214 11213
f 11165 11166 11215
f 11165 11215 11214
f 11166 11167 11216
f 11166 11216 11215
f 11167 11168 11217
f 11167 11217 11216
f 11168 11169 11218
f 11168 11218 11217
f 11169 11170 11219
f 11169 11219 11218
f 11170 11171 11220
f 11170 11220 11219
f 11171 11172 11221
f 11171 11221 11220
f 11172 11173 11222
f 11172 11222 11221
f 11173 11174 11223
f 11173 11223 11222
f 11174 11175 11224
f 11174 11224 11223
f 11175 11176 11225
f 11175 11225 11224
f 11176 11177 11226
f 11176 11226 11225
f 11177 11178 11227
f 11177 11227 11226
f 11178 11179 11228
f 11178 11228 11227
f 11179 11180 11229
f 11179 11229 11228
f 11180 11181 11230
f 11180 11230 11229
f 11181 11182 11231
f 11181 11231 11230
f 11182 11183 11232
f 11182 11232 11231
f 11185 11184 11233
f 11185 11233 11234
f 11184 11186 11235
f 11184 11235 11233
f 11186 11187 11236
f 11186 11236 11235
f 11187 11188 11237
f 11187 11237 11236
f 11188 11189 11238
f 11188 11238 11237
f 11189 11190 11239
f 11189 11239 11238
f 11190 11191 11240
f 11190 11240 11239
f 11191 11192 11241
f 11191 11241 11240
f 11192 11193 11242
f 11192 11242 11241
f 11193 11194 11243
f 11193 11243 11242
f 11194 11195 11244
f 11194 11244 11243
f 11195 11196 11245
f 11195 11245 11244
f 11196 11197 11246
f 11196 11246 11245
f 11197 11198 11247
f 11197 11247 11246
f 11198 11199 11248
f 11198 11248 11247
f 11199 11200 11249
f 11199 11249 11248
f 11200 11201 11250
f 11200 11250 11249
f 11201 11202 11251
f 11201 11251 11250
f 11202 11203 11252
f 11202 11252 11251
f 11203 11204 11253
f 11203 11253 11252
f 11204 11205 11254
f 11204 11254 11253
f 11205 11206 11255
f 11205 11255 11254
f 11206 11207 11256
f 11206 11256 11255
f 11207 11208 11257
f 11207 11257 11256
f 11208 11209 11258
f 11208 11258 11257
f 11209 11210 11259
f 11209 11259 11258
f 11210 11211 11260
f 11210 11260 11259
f 11211 11212 11261
f 11211 11261 11260
f 11212 11213 11262
f 11212 11262 11261
f 11213 11214 11263
f 11213 11263 11262
f 11214 11215 11264
f 11214 11264 11263
f 11215 11216 11265
f 11215 11265 11264
f 11216 11217 11266
f 11216 11266 11265
f 11217 11218 11267
f 11217 11267 11266
f 11218 11219 11268
f 11218 11268 11267
f 11219 11220 11269
f 11219 11269 11268
f 11220 11221 11270
f 11220 11270 11269
f 11221 11222 11271
f 11221 11271 11270
f 11222 11223 11272
f 11222 11272 11271
f 11223 11224 11273
f 11223 11273 11272
f 11224 11225 11274
f 11224 11274 11273
f 11225 11226 11275
f 11225 11275 11274
f 11226 11227 11276
f 11226 11276 11275
f 11227 11228 11277
f 11227 11277 11276
f 11228 11229 11278
f 11228 11278 11277
f 11229 11230 11279
f 11229 11279 11278
f 11230 11231 11280
f 11230 11280 11279
f 11231 11232 11281
f 11231 11281 11280
f 11234 11233 11282
f 11234 11282 11283
f 11233 11235 11284
f 11233 11284 11282
f 11235 11236 11285
f 11235 11285 11284
f 11236 11237 11286
f 11236 11286 11285
f 11237 11238 11287
f 11237 11287 11286
f 11238 11239 11288
f 11238 11288 11287
f 11239 11240 11289
f 11239 11289 11288
f 11240 11241 11290
f 11240 11290 11289
f 11241 11242 11291
f 11241 11291 11290
f 11242 11243 11292
f 11242 11292 11291
f 11243 11244 11293
f 11243 11293 11292
f 11244 11245 11294
f 11244 11294 11293
f 11245 11246 11295
f 11245 11295 11294
f 11246 11247 11296
f 11246 11296 11295
f 11247 11248 11297
f 11247 11297 11296
f 11248 11249 11298
f 11248 11298 11297
f 11249 11250 11299
f 11249 11299 11298
f 11250 11251 11300
f 11250 11300 11299
f 11251 11252 11301
f 11251 11301 11300
f 11252 11253 11302
f 11252 11302 11301
f 11253 11254 11303
f 11253 11303 11302
f 11254 11255 11304
f 11254 11304 11303
f 11255 11256 11305
f 11255 11305 11304
f 11256 11257 11306
f 11256 11306 11305
f 11257 11258 11307
f 11257 11307 11306
f 11258 11259 11308
f 11258 11308 11307
f 11259 11260 11309
f 11259 11309 11308
f 11260 11261 11310
f 11260 11310 11309
f 11261 11262 11311
f 11261 11311 11310
f 11262 11263 11312
f 11262 11312 11311
f 11263 11264 11313
f 11263 11313 11312
f 11264 11265 11314
f 11264 11314 11313
f 11265 11266 11315
f 11265 11315 11314
f 11266 11267 11316
f 11266 11316 11315
f 11267 11268 11317
f 11267 11317 11316
f 11268 11269 11318
f 11268 11318 11317
f 11269 11270 11319
f 11269 11319 11318
f 11270 11271 11320
f 11270 11320 11319
f 11271 11272 11321
f 11271 11321 11320
f 11272 11273 11322
f 11272 11322 11321
f 11273 11274 11323
f 11273 11323 11322
f 11274 11275 11324
f 11274 11324 11323
f 11275 11276 11325
f 11275 11325 11324
f 11276 11277 11326
f 11276 11326 11325
f 11277 11278 11327
f 11277 11327 11326
f 11278 11279 11328
f 11278 11328 11327
f 11279 11280 11329
f 11279 11329 11328
f 11280 11281 11330
f 11280 11330 11329
f 11283 11282 11331
f 11283 11331 11332
f 11282 11284 11333
f 11282 11333 11331
f 11284 11285 11334
f 11284 11334 11333
f 11285 11286 11335
f 11285 11335 11334
f 11286 11287 11336
f 11286 11336 11335
f 11287 11288 11337
f 11287 11337 11336
f 11288 11289 11338
f 11288 11338 11337
f 11289 11290 11339
f 11289 11339 11338
f 11290 11291 11340
f 11290 11340 11339
f 11291 11292 11341
f 11291 11341 11340
f 11292 11293 11342
f 11292 11342 11341
f 11293 11294 11343
f 11293 11343 11342
f 11294 11295 11344
f 11294 11344 11343
f 11295 11296 11345
f 11295 11345 11344
f 11296 11297 11346
f 11296 11346 11345
f 11297 11298 11347
f 11297 11347 11346
f 11298 11299 11348
f 11298 11348 11347
f 11299 11300 11349
f 11299 11349 11348
f 11300 11301 11350
f 11300 11350 11349
f 11301 11302 11351
f 11301 11351 11350
f 11302 11303 11352
f 11302 11352 11351
f 11303 11304 11353
f 11303 11353 11352
f 11304 11305 11354
f 11304 11354 11353
f 11305 11306 11355
f 11305 11355 11354
f 11306 11307 11356
f 11306 11356 11355
f 11307 11308 11357
f 11307 11357 11356
f 11308 11309 11358
f 11308 11358 11357
f 11309 11310 11359
f 11309 11359 11358
f 11310 11311 11360
f 11310 11360 11359
f 11311 11312 11361
f 11311 11361 11360
f 11312 11313 11362
f 11312 11362 11361
f 11313 11314 11363
f 11313 11363 11362
f 11314 11315 11364
f 11314 11364 11363
f 11315 11316 11365
f 11315 11365 11364
f 11316 11317 11366
f 11316 11366 11365
f 11317 11318 11367
f 11317 11367 11366
f 11318 11319 11368
f 11318 11368 11367
f 11319 11320 11369
f 11319 11369 11368
f 11320 11321 11370
f 11320 11370 11369
f 11321 11322 11371
f 11321 11371 11370
f 11322 11323 11372
f 11322 11372 11371
f 11323 11324 11373
f 11323 11373 11372
f 11324 11325 11374
f 11324 11374 11373
f 11325 11326 11375
f 11325 11375 11374
f 11326 11327 11376
f 11326 11376 11375
f 11327 11328 11377
f 11327 11377 11376
f 11328 11329 11378
f 11328 11378 11377
f 11329 11330 11379
f 11329 11379 11378
f 11332 11331 11380
f 11332 11380 11381
f 11331 11333 11382
f 11331 11382 11380
f 11333 11334 11383
f 11333 11383 11382
f 11334 11335 11384
f 11334 11384 11383
f 11335 11336 11385
f 11335 11385 11384
f 11336 11337 11386
f 11336 11386 11385
f 11337 11338 11387
f 11337 11387 11386
f 11338 11339 11388
f 11338 11388 11387
f 11339 11340 11389
f 11339 11389 11388
f 11340 11341 11390
f 11340 11390 11389
f 11341 11342 11391
f 11341 11391 11390
f 11342 11343 11392
f 11342 11392 11391
f 11343 11344 11393
f 11343 11393 11392
f 11344 11345 11394
f 11344 11394 11393
f 11345 11346 11395
f 11345 11395 11394
f 11346 11347 11396
f 11346 11396 11395
f 11347 11348 11397
f 11347 11397 11396
f 11348 11349 11398
f 11348 11398 11397
f 11349 11350 11399
f 11349 11399 11398
f 11350 11351 11400
f 11350 11400 11399
f 11351 11352 11401
f 11351 11401 11400
f 11352 11353 11402
f 11352 11402 11401
f 11353 11354 11403
f 11353 11403 11402
f 11354 11355 11404
f 11354 11404 11403
f 11355 11356 11405
f 11355 11405 11404
f 11356 11357 11406
f 11356 11406 11405
f 11357 11358 11407
f 11357 11407 11406
f 11358 11359 11408
f 11358 11408 11407
f 11359 11360 11409
f 11359 11409 11408
f 11360 11361 11410
f 11360 11410 11409
f 11361 11362 11411
f 11361 11411 11410
f 11362 11363 11412
f 11362 11412 11411
f 11363 11364 11413
f 11363 11413 11412
f 11364 11365 11414
f 11364 11414 11413
f 11365 11366 11415
f 11365 11415 11414
f 11366 11367 11416
f 11366 11416 11415
f 11367 11368 11417
f 11367 11417 11416
f 11368 11369 11418
f 11368 11418 11417
f 11369 11370 11419
f 11369 11419 11418
f 11370 11371 11420
f 11370 11420 11419
f 11371 11372 11421
f 11371 11421 11420
f 11372 11373 11422
f 11372 11422 11421
f 11373 11374 11423
f 11373 11423 11422
f 11374 11375 11424
f 11374 11424 11423
f 11375 11376 11425
f 11375 11425 11424
f 11376 11377 11426
f 11376 11426 11425
f 11377 11378 11427
f 11377 11427 11426
f 11378 11379 11428
f 11378 11428 11427
f 11381 11380 11429
f 11381 11429 11430
f 11380 11382 11431
f 11380 11431 11429
f 11382 11383 11432
f 11382 11432 11431
f 11383 11384 11433
f 11383 11433 11432
f 11384 11385 11434
f 11384 11434 11433
f 11385 11386 11435
f 11385 11435 11434
f 11386 11387 11436
f 11386 11436 11435
f 11387 11388 11437
f 11387 11437 11436
f 11388 11389 11438
f 11388 11438 11437
f 11389 11390 11439
f 11389 11439 11438
f 11390 11391 11440
f 11390 11440 11439
f 11391 11392 11441
f 11391 11441 11440
f 11392 11393 11442
f 11392 11442 11441
f 11393 11394 11443
f 11393 11443 11442
f 11394 11395 11444
f 11394 11444 11443
f 11395 11396 11445
f 11395 11445 11444
f 11396 11397 11446
f 11396 11446 11445
f 11397 11398 11447
f 11397 11447 11446
f 11398 11399 11448
f 11398 11448 11447
f 11399 11400 11449
f 11399 11449 11448
f 11400 11401 11450
f 11400 11450 11449
f 11401 11402 11451
f 11401 11451 11450
f 11402 11403 11452
f 11402 11452 11451
f 11403 11404 11453
f 11403 11453 11452
f 11404 11405 11454
f 11404 11454 11453
f 11405 11406 11455
f 11405 11455 11454
f 11406 11407 11456
f 11406 11456 11455
f 11407 11408 11457
f 11407 11457 11456
f 11408 11409 11458
f 11408 11458 11457
f 11409 11410 11459
f 11409 11459 11458
f 11410 11411 11460
f 11410 11460 11459
f 11411 11412 11461
f 11411 11461 11460
f 11412 11413 11462
f 11412 11462 11461
f 11413 11414 11463
f 11413 11463 11462
f 11414 11415 11464
f 11414 11464 11463
f 11415 11416 11465
f 11415 11465 11464
f 11416 11417 11466
f 11416 11466 11465
f 11417 11418 11467
f 11417 11467 11466
f 11418 11419 11468
f 11418 11468 11467
f 11419 11420 11469
f 11419 11469 11468
f 11420 11421 11470
f 11420 11470 11469
f 11421 11422 11471
f 11421 11471 11470
f 11422 11423 11472
f 11422 11472 11471
f 11423 11424 11473
f 11423 11473 11472
f 11424 11425 11474
f 11424 11474 11473
f 11425 11426 11475
f 11425 11475 11474
f 11426 11427 11476
f 11426 11476 11475
f 11427 11428 11477
f 11427 11477 11476
f 11430 11429 11478
f 11430 11478 11479
f 11429 11431 11480
f 11429 11480 11478
f 11431 11432 11481
f 11431 11481 11480
f 11432 11433 11482
f 11432 11482 11481
f 11433 11434 11483
f 11433 11483 11482
f 11434 11435 11484
f 11434 11484 11483
f 11435 11436 11485
f 11435 11485 11484
f 11436 11437 11486
f 11436 11486 11485
f 11437 11438 11487
f 11437 11487 11486
f 11438 11439 11488
f 11438 11488 11487
f 11439 11440 11489
f 11439 11489 11488
f 11440 11441 11490
f 11440 11490 11489
f 11441 11442 11491
f 11441 11491 11490
f 11442 11443 11492
f 11442 11492 11491
f 11443 11444 11493
f 11443 11493 11492
f 11444 11445 11494
f 11444 11494 11493
f 11445 11446 11495
f 11445 11495 11494
f 11446 11447 11496
f 11446 11496 11495
f 11447 11448 11497
f 11447 11497 11496
f 11448 11449 11498
f 11448 11498 11497
f 11449 11450 11499
f 11449 11499 11498
f 11450 11451 11500
f 11450 11500 11499
f 11451 11452 11501
f 11451 11501 11500
f 11452 11453 11502
f 11452 11502 11501
f 11453 11454 11503
f 11453 11503 11502
f 11454 11455 11504
f 11454 11504 11503
f 11455 11456 11505
f 11455 11505 11504
f 11456 11457 11506
f 11456 11506 11505
f 11457 11458 11507
f 11457 11507 11506
f 11458 11459 11508
f 11458 11508 11507
f 11459 11460 11509
f 11459 11509 11508
f 11460 11461 11510
f 11460 11510 11509
f 11461 11462 11511
f 11461 11511 11510
f 11462 11463 11512
f 11462 11512 11511
f 11463 11464 11513
f 11463 11513 11512
f 11464 11465 11514
f 11464 11514 11513
f 11465 11466 11515
f 11465 11515 11514
f 11466 11467 11516
f 11466 11516 11515
f 11467 11468 11517
f 11467 11517 11516
f 11468 11469 11518
f 11468 11518 11517
f 11469 11470 11519
f 11469 11519 11518
f 11470 11471 11520
f 11470 11520 11519
f 11471 11472 11521
f 11471 11521 11520
f 11472 11473 11522
f 11472 11522 11521
f 11473 11474 11523
f 11473 11523 11522
f 11474 11475 11524
f 11474 11524 11523
f 11475 11476 11525
f 11475 11525 11524
f 11476 11477 11526
f 11476 11526 11525
f 11479 11478 11527
f 11479 11527 11528
f 11478 11480 11529
f 11478 11529 11527
f 11480 11481 11530
f 11480 11530 11529
f 11481 11482 11531
f 11481 11531 11530
f 11482 11483 11532
f 11482 11532 11531
f 11483 11484 11533
f 11483 11533 11532
f 11484 11485 11534
f 11484 11534 11533
f 11485 11486 11535
f 11485 11535 11534
f 11486 11487 11536
f 11486 11536 11535
f 11487 11488 11537
f 11487 11537 11536
f 11488 11489 11538
f 11488 11538 11537
f 11489 11490 11539
f 11489 11539 11538
f 11490 11491 11540
f 11490 11540 11539
f 11491 11492 11541
f 11491 11541 11540
f 11492 11493 11542
f 11492 11542 11541
f 11493 11494 11543
f 11493 11543 11542
f 11494 11495 11544
f 11494 11544 11543
f 11495 11496 11545
f 11495 11545 11544
f 11496 11497 11546
f 11496 11546 11545
f 11497 11498 11547
f 11497 11547 11546
f 11498 11499 11548
f 11498 11548 11547
f 11499 11500 11549
f 11499 11549 11548
f 11500 11501 11550
f 11500 11550 11549
f 11501 11502 11551
f 11501 11551 11550
f 11502 11503 11552
f 11502 11552 11551
f 11503 11504 11553
f 11503 11553 11552
f 11504 11505 11554
f 11504 11554 11553
f 11505 11506 11555
f 11505 11555 11554
f 11506 11507 11556
f 11506 11556 11555
f 11507 11508 11557
f 11507 11557 11556
f 11508 11509 11558
f 11508 11558 11557
f 11509 11510 11559
f 11509 11559 11558
f 11510 11511 11560
f 11510 11560 11559
f 11511 11512 11561
f 11511 11561 11560
f 11512 11513 11562
f 11512 11562 11561
f 11513 11514 11563
f 11513 11563 11562
f 11514 11515 11564
f 11514 11564 11563
f 11515 11516 11565
f 11515 11565 11564
f 11516 11517 11566
f 11516 11566 11565
f 11517 11518 11567
f 11517 11567 11566
f 11518 11519 11568
f 11518 11568 11567
f 11519 11520 11569
f 11519 11569 11568
f 11520 11521 11570
f 11520 11570 11569
f 11521 11522 11571
f 11521 11571 11570
f 11522 11523 11572
f 11522 11572 11571
f 11523 11524 11573
f 11523 11573 11572
f 11524 11525 11574
f 11524 11574 11573
f 11525 11526 11575
f 11525 11575 11574
f 11528 11527 11576
f 11528 11576 11577
f 11527 11529 11578
f 11527 11578 11576
f 11529 11530 11579
f 11529 11579 11578
f 11530 11531 11580
f 11530 11580 11579
f 11531 11532 11581
f 11531 11581 11580
f 11532 11533 11582
f 11532 11582 11581
f 11533 11534 11583
f 11533 11583 11582
f 11534 11535 11584
f 11534 11584 11583
f 11535 11536 11585
f 11535 11585 11584
f 11536 11537 11586
f 11536 11586 11585
f 11537 11538 11587
f 11537 11587 11586
f 11538 11539 11588
f 11538 11588 11587
f 11539 11540 11589
f 11539 11589 11588
f 11540 11541 11590
f 11540 11590 11589
f 11541 11542 11591
f 11541 11591 11590
f 11542 11543 11592
f 11542 11592 11591
f 11543 11544 11593
f 11543 11593 11592
f 11544 11545 11594
f 11544 11594 11593
f 11545 11546 11595
f 11545 11595 11594
f 11546 11547 11596
f 11546 11596 11595
f 11547 11548 11597
f 11547 11597 11596
f 11548 11549 11598
f 11548 11598 11597
f 11549 11550 11599
f 11549 11599 11598
f 11550 11551 11600
f 11550 11600 11599
f 11551 11552 11601
f 11551 11601 11600
f 11552 11553 11602
f 11552 11602 11601
f 11553 11554 11603
f 11553 11603 11602
f 11554 11555 11604
f 11554 11604 11603
f 11555 11556 11605
f 11555 11605 11604
f 11556 11557 11606
f 11556 11606 11605
f 11557 11558 11607
f 11557 11607 11606
f 11558 11559 11608
f 11558 11608 11607
f 11559 11560 11609
f 11559 11609 11608
f 11560 11561 11610
f 11560 11610 11609
f 11561 11562 11611
f 11561 11611 11610
f 11562 11563 11612
f 11562 11612 11611
f 11563 11564 11613
f 11563 11613 11612
f 11564 11565 11614
f 11564 11614 11613
f 11565 11566 11615
f 11565 11615 11614
f 11566 11567 11616
f 11566 11616 11615
f 11567 11568 11617
f 11567 11617 11616
f 11568 11569 11618
f 11568 11618 11617
f 11569 11570 11619
f 11569 11619 11618
f 11570 11571 11620
f 11570 11620 11619
f 11571 11572 11621
f 11571 11621 11620
f 11572 11573 11622
f 11572 11622 11621
f 11573 11574 11623
f 11573 11623 11622
f 11574 11575 11624
f 11574 11624 11623
f 11577 11576 11625
f 11577 11625 11626
f 11576 11578 11627
f 11576 11627 11625
f 11578 11579 11628
f 11578 11628 11627
f 11579 11580 11629
f 11579 11629 11628
f 11580 11581 11630
f 11580 11630 11629
f 11581 11582 11631
f 11581 11631 11630
f 11582 11583 11632
f 11582 11632 11631
f 11583 11584 11633
f 11583 11633 11632
f 11584 11585 11634
f 11584 11634 11633
f 11585 11586 11635
f 11585 11635 11634
f 11586 11587 11636
f 11586 11636 11635
f 11587 11588 11637
f 11587 11637 11636
f 11588 11589 11638
f 11588 11638 11637
f 11589 11590 11639
f 11589 11639 11638
f 11590 11591 11640
f 11590 11640 11639
f 11591 11592 11641
f 11591 11641 11640
f 11592 11593 11642
f 11592 11642 11641
f 11593 11594 11643
f 11593 11643 11642
f 11594 11595 11644
f 11594 11644 11643
f 11595 11596 11645
f 11595 11645 11644
f 11596 11597 11646
f 11596 11646 11645
f 11597 11598 11647
f 11597 11647 11646
f 11598 11599 11648
f 11598 11648 11647
f 11599 11600 11649
f 11599 11649 11648
f 11600 11601 11650
f 11600 11650 11649
f 11601 11602 11651
f 11601 11651 11650
f 11602 11603 11652
f 11602 11652 11651
f 11603 11604 11653
f 11603 11653 11652
f 11604 11605 11654
f 11604 11654 11653
f 11605 11606 11655
f 11605 11655 11654
f 11606 11607 11656
f 11606 11656 11655
f 11607 11608 11657
f 11607 11657 11656
f 11608 11609 11658
f 11608 11658 11657
f 11609 11610 11659
f 11609 11659 11658
f 11610 11611 11660
f 11610 11660 11659
f 11611 11612 11661
f 11611 11661 11660
f 11612 11613 11662
f 11612 11662 11661
f 11613 11614 11663
f 11613 11663 11662
f 11614 11615 11664
f 11614 11664 11663
f 11615 11616 11665
f 11615 11665 11664
f 11616 11617 11666
f 11616 11666 11665
f 11617 11618 11667
f 11617 11667 11666
f 11618 11619 11668
f 11618 11668 11667
f 11619 11620 11669
f 11619 11669 11668
f 11620 11621 11670
f 11620 11670 11669
f 11621 11622 11671
f 11621 11671 11670
f 11622 11623 11672
f 11622 11672 11671
f 11623 11624 11673
f 11623 11673 11672
f 11626 11625 11674
f 11626 11674 11675
f 11625 11627 11676
f 11625 11676 11674
f 11627 11628 11677
f 11627 11677 11676
f 11628 11629 11678
f 11628 11678 11677
f 11629 11630 11679
f 11629 11679 11678
f 11630 11631 11680
f 11630 11680 11679
f 11631 11632 11681
f 11631 11681 11680
f 11632 11633 11682
f 11632 11682 11681
f 11633 11634 11683
f 11633 11683 11682
f 11634 11635 11684
f 11634 11684 11683
f 11635 11636 11685
f 11635 11685 11684
f 11636 11637 11686
f 11636 11686 11685
f 11637 11638 11687
f 11637 11687 11686
f 11638 11639 11688
f 11638 11688 11687
f 11639 11640 11689
f 11639 11689 11688
f 11640 11641 11690
f 11640 11690 11689
f 11641 11642 11691
f 11641 11691 11690
f 11642 11643 11692
f 11642 11692 11691
f 11643 11644 11693
f 11643 11693 11692
f 11644 11645 11694
f 11644 11694 11693
f 11645 11646 11695
f 11645 11695 11694
f 11646 11647 11696
f 11646 11696 11695
f 11647 11648 11697
f 11647 11697 11696
f 11648 11649 11698
f 11648 11698 11697
f 11649 11650 11699
f 11649 11699 11698
f 11650 11651 11700
f 11650 11700 11699
f 11651 11652 11701
f 11651 11701 11700
f 11652 11653 11702
f 11652 11702 11701
f 11653 11654 11703
f 11653 11703 11702
f 11654 11655 11704
f 11654 11704 11703
f 11655 11656 11705
f 11655 11705 11704
f 11656 11657 11706
f 11656 11706 11705
f 11657 11658 11707
f 11657 11707 11706
f 11658 11659 11708
f 11658 11708 11707
f 11659 11660 11709
f 11659 11709 11708
f 11660 11661 11710
f 11660 11710 11709
f 11661 11662 11711
f 11661 11711 11710
f 11662 11663 11712
f 11662 11712 11711
f 11663 11664 11713
f 11663 11713 11712
f 11664 11665 11714
f 11664 11714 11713
f 11665 11666 11715
f 11665 11715 11714
f 11666 11667 11716
f 11666 11716 11715
f 11667 11668 11717
f 11667 11717 11716
f 11668 11669 11718
f 11668 11718 11717
f 11669 11670 11719
f 11669 11719 11718
f 11670 11671 11720
f 11670 11720 11719
f 11671 11672 11721
f 11671 11721 11720
f 11672 11673 11722
f 11672 11722 11721
f 11675 11674 11723
f 11675 11723 11724
f 11674 11676 11725
f 11674 11725 11723
f 11676 11677 11726
f 11676 11726 11725
f 11677 11678 11727
f 11677 11727 11726
f 11678 11679 11728
f 11678 11728 11727
f 11679 11680 11729
f 11679 11729 11728
f 11680 11681 11730
f 11680 11730 11729
f 11681 11682 11731
f 11681 11731 11730
f 11682 11683 11732
f 11682 11732 11731
f 11683 11684 11733
f 11683 11733 11732
f 11684 11685 11734
f 11684 11734 11733
f 11685 11686 11735
f 11685 11735 11734
f 11686 11687 11736
f 11686 11736 11735
f 11687 11688 11737
f 11687 11737 11736
f 11688 11689 11738
f 11688 11738 11737
f 11689 11690 11739
f 11689 11739 11738
f 11690 11691 11740
f 11690 11740 11739
f 11691 11692 11741
f 11691 11741 11740
f 11692 11693 11742
f 11692 11742 11741
f 11693 11694 11743
f 11693 11743 11742
f 11694 11695 11744
f 11694 11744 11743
f 11695 11696 11745
f 11695 11745 11744
f 11696 11697 11746
f 11696 11746 11745
f 11697 11698 11747
f 11697 11747 11746
f 11698 11699 11748
f 11698 11748 11747
f 11699 11700 11749
f 11699 11749 11748
f 11700 11701 11750
f 11700 11750 11749
f 11701 11702 11751
f 11701 11751 11750
f 11702 11703 11752
f 11702 11752 11751
f 11703 11704 11753
f 11703 11753 11752
f 11704 11705 11754
f 11704 11754 11753
f 11705 11706 11755
f 11705 11755 11754
f 11706 11707 11756
f 11706 11756 11755
f 11707 11708 11757
f 11707 11757 11756
f 11708 11709 11758
f 11708 11758 11757
f 11709 11710 11759
f 11709 11759 11758
f 11710 11711 11760
f 11710 11760 11759
f 11711 11712 11761
f 11711 11761 11760
f 11712 11713 11762
f 11712 11762 11761
f 11713 11714 11763
f 11713 11763 11762
f 11714 11715 11764
f 11714 11764 11763
f 11715 11716 11765
f 11715 11765 11764
f 11716 11717 11766
f 11716 11766 11765
f 11717 11718 11767
f 11717 11767 11766
f 11718 11719 11768
f 11718 11768 11767
f 11719 11720 11769
f 11719 11769 11768
f 11720 11721 11770
f 11720 11770 11769
f 11721 11722 11771
f 11721 11771 11770
f 11724 11723 11772
f 11724 11772 11773
f 11723 11725 11774
f 11723 11774 11772
f 11725 11726 11775
f 11725 11775 11774
f 11726 11727 11776
f 11726 11776 11775
f 11727 11728 11777
f 11727 11777 11776
f 11728 11729 11778
f 11728 11778 11777
f 11729 11730 11779
f 11729 11779 11778
f 11730 11731 11780
f 11730 11780 11779
f 11731 11732 11781
f 11731 11781 11780
f 11732 11733 11782
f 11732 11782 11781
f 11733 11734 11783
f 11733 11783 11782
f 11734 11735 11784
f 11734 11784 11783
f 11735 11736 11785
f 11735 11785 11784
f 11736 11737 11786
f 11736 11786 11785
f 11737 11738 11787
f 11737 11787 11786
f 11738 11739 11788
f 11738 11788 11787
f 11739 11740 11789
f 11739 11789 11788
f 11740 11741 11790
f 11740 11790 11789
f 11741 11742 11791
f 11741 11791 11790
f 11742 11743 11792
f 11742 11792 11791
f 11743 11744 11793
f 11743 11793 11792
f 11744 11745 11794
f 11744 11794 11793
f 11745 11746 11795
f 11745 11795 11794
f 11746 11747 11796
f 11746 11796 11795
f 11747 11748 11797
f 11747 11797 11796
f 11748 11749 11798
f 11748 11798 11797
f 11749 11750 11799
f 11749 11799 11798
f 11750 11751 11800
f 11750 11800 11799
f 11751 11752 11801
f 11751 11801 11800
f 11752 11753 11802
f 11752 11802 11801
f 11753 11754 11803
f 11753 11803 11802
f 11754 11755 11804
f 11754 11804 11803
f 11755 11756 11805
f 11755 11805 11804
f 11756 11757 11806
f 11756 11806 11805
f 11757 11758 11807
f 11757 11807 11806
f 11758 11759 11808
f 11758 11808 11807
f 11759 11760 11809
f 11759 11809 11808
f 11760 11761 11810
f 11760 11810 11809
f 11761 11762 11811
f 11761 11811 11810
f 11762 11763 11812
f 11762 11812 11811
f 11763 11764 11813
f 11763 11813 11812
f 11764 11765 11814
f 11764 11814 11813
f 11765 11766 11815
f 11765 11815 11814
f 11766 11767 11816
f 11766 11816 11815
f 11767 11768 11817
f 11767 11817 11816
f 11768 11769 11818
f 11768 11818 11817
f 11769 11770 11819
f 11769 11819 11818
f 11770 11771 11820
f 11770 11820 11819
f 11773 11772 11821
f 11773 11821 11822
f 11772 11774 11823
f 11772 11823 11821
f 11774 11775 11824
f 11774 11824 11823
f 11775 11776 11825
f 11775 11825 11824
f 11776 11777 11826
f 11776 11826 11825
f 11777 11778 11827
f 11777 11827 11826
f 11778 11779 11828
f 11778 11828 11827
f 11779 11780 11829
f 11779 11829 11828
f 11780 11781 11830
f 11780 11830 11829
f 11781 11782 11831
f 11781 11831 11830
f 11782 11783 11832
f 11782 11832 11831
f 11783 11784 11833
f 11783 11833 11832
f 11784 11785 11834
f 11784 11834 11833
f 11785 11786 11835
f 11785 11835 11834
f 11786 11787 11836
f 11786 11836 11835
f 11787 11788 11837
f 11787 11837 11836
f 11788 11789 11838
f 11788 11838 11837
f 11789 11790 11839
f 11789 11839 11838
f 11790 11791 11840
f 11790 11840 11839
f 11791 11792 11841
f 11791 11841 11840
f 11792 11793 11842
f 11792 11842 11841
f 11793 11794 11843
f 11793 11843 11842
f 11794 11795 11844
f 11794 11844 11843
f 11795 11796 11845
f 11795 11845 11844
f 11796 11797 11846
f 11796 11846 11845
f 11797 11798 11847
f 11797 11847 11846
f 11798 11799 11848
f 11798 11848 11847
f 11799 11800 11849
f 11799 11849 11848
f 11800 11801 11850
f 11800 11850 11849
f 11801 11802 11851
f 11801 11851 11850
f 11802 11803 11852
f 11802 11852 11851
f 11803 11804 11853
f 11803 11853 11852
f 11804 11805 11854
f 11804 11854 11853
f 11805 11806 11855
f 11805 11855 11854
f 11806 11807 11856
f 11806 11856 11855
f 11807 11808 11857
f 11807 11857 11856
f 11808 11809 11858
f 11808 11858 11857
f 11809 11810 11859
f 11809 11859 11858
f 11810 11811 11860
f 11810 11860 11859
f 11811 11812 11861
f 11811 11861 11860
f 11812 11813 11862
f 11812 11862 11861
f 11813 11814 11863
f 11813 11863 11862
f 11814 11815 11864
f 11814 11864 11863
f 11815 11816 11865
f 11815 11865 11864
f 11816 11817 11866
f 11816 11866 11865
f 11817 11818 11867
f 11817 11867 11866
f 11818 11819 11868
f 11818 11868 11867
f 11819 11820 11869
f 11819 11869 11868
f 11822 11821 11870
f 11822 11870 11871
f 11821 11823 11872
f 11821 11872 11870
f 11823 11824 11873
f 11823 11873 11872
f 11824 11825 11874
f 11824 11874 11873
f 11825 11826 11875
f 11825 11875 11874
f 11826 11827 11876
f 11826 11876 11875
f 11827 11828 11877
f 11827 11877 11876
f 11828 11829 11878
f 11828 11878 11877
f 11829 11830 11879
f 11829 11879 11878
f 11830 11831 11880
f 11830 11880 11879
f 11831 11832 11881
f 11831 11881 11880
f 11832 11833 11882
f 11832 11882 11881
f 11833 11834 11883
f 11833 11883 11882
f 11834 11835 11884
f 11834 11884 11883
f 11835 11836 11885
f 11835 11885 11884
f 11836 11837 11886
f 11836 11886 11885
f 11837 11838 11887
f 11837 11887 11886
f 11838 11839 11888
f 11838 11888 11887
f 11839 11840 11889
f 11839 11889 11888
f 11840 11841 11890
f 11840 11890 11889
f 11841 11842 11891
f 11841 11891 11890
f 11842 11843 11892
f 11842 11892 11891
f 11843 11844 11893
f 11843 11893 11892
f 11844 11845 11894
f 11844 11894 11893
f 11845 11846 11895
f 11845 11895 11894
f 11846 11847 11896
f 11846 11896 11895
f 11847 11848 11897
f 11847 11897 11896
f 11848 11849 11898
f 11848 11898 11897
f 11849 11850 11899
f 11849 11899 11898
f 11850 11851 11900
f 11850 11900 11899
f 11851 11852 11901
f 11851 11901 11900
f 11852 11853 11902
f 11852 11902 11901
f 11853 11854 11903
f 11853 11903 11902
f 11854 11855 11904
f 11854 11904 11903
f 11855 11856 11905
f 11855 11905 11904
f 11856 11857 11906
f 11856 11906 11905
f 11857 11858 11907
f 11857 11907 11906
f 11858 11859 11908
f 11858 11908 11907
f 11859 11860 11909
f 11859 11909 11908
f 11860 11861 11910
f 11860 11910 11909
f 11861 11862 11911
f 11861 11911 11910
f 11862 11863 11912
f 11862 11912 11911
f 11863 11864 11913
f 11863 11913 11912
f 11864 11865 11914
f 11864 11914 11913
f 11865 11866 11915
f 11865 11915 11914
f 11866 11867 11916
f 11866 11916 11915
f 11867 11868 11917
f 11867 11917 11916
f 11868 11869 11918
f 11868 11918 11917
f 11871 11870 11919
f 11871 11919 11920
f 11870 11872 11921
f 11870 11921 11919
f 11872 11873 11922
f 11872 11922 11921
f 11873 11874 11923
f 11873 11923 11922
f 11874 11875 11924
f 11874 11924 11923
f 11875 11876 11925
f 11875 11925 11924
f 11876 11877 11926
f 11876 11926 11925
f 11877 11878 11927
f 11877 11927 11926
f 11878 11879 11928
f 11878 11928 11927
f 11879 11880 11929
f 11879 11929 11928
f 11880 11881 11930
f 11880 11930 11929
f 11881 11882 11931
f 11881 11931 11930
f 11882 11883 11932
f 11882 11932 11931
f 11883 11884 11933
f 11883 11933 11932
f 11884 11885 11934
f 11884 11934 11933
f 11885 11886 11935
f 11885 11935 11934
f 11886 11887 11936
f 11886 11936 11935
f 11887 11888 11937
f 11887 11937 11936
f 11888 11889 11938
f 11888 11938 11937
f 11889 11890 11939
f 11889 11939 11938
f 11890 11891 11940
f 11890 11940 11939
f 11891 11892 11941
f 11891 11941 11940
f 11892 11893 11942
f 11892 11942 11941
f 11893 11894 11943
f 11893 11943 11942
f 11894 11895 11944
f 11894 11944 11943
f 11895 11896 11945
f 11895 11945 11944
f 11896 11897 11946
f 11896 11946 11945
f 11897 11898 11947
f 11897 11947 11946
f 11898 11899 11948
f 11898 11948 11947
f 11899 11900 11949
f 11899 11949 11948
f 11900 11901 11950
f 11900 11950 11949
f 11901 11902 11951
f 11901 11951 11950
f 11902 11903 11952
f 11902 11952 11951
f 11903 11904 11953
f 11903 11953 11952
f 11904 11905 11954
f 11904 11954 11953
f 11905 11906 11955
f 11905 11955 11954
f 11906 11907 11956
f 11906 11956 11955
f 11907 11908 11957
f 11907 11957 11956
f 11908 11909 11958
f 11908 11958 11957
f 11909 11910 11959
f 11909 11959 11958
f 11910 11911 11960
f 11910 11960 11959
f 11911 11912 11961
f 11911 11961 11960
f 11912 11913 11962
f 11912 11962 11961
f 11913 11914 11963
f 11913 11963 11962
f 11914 11915 11964
f 11914 11964 11963
f 11915 11916 11965
f 11915 11965 11964
f 11916 11917 11966
f 11916 11966 11965
f 11917 11918 11967
f 11917 11967 11966
f 11920 11919 11968
f 11920 11968 11969
f 11919 11921 11970
f 11919 11970 11968
f 11921 11922 11971
f 11921 11971 11970
f 11922 11923 11972
f 11922 11972 11971
f 11923 11924 11973
f 11923 11973 11972
f 11924 11925 11974
f 11924 11974 11973
f 11925 11926 11975
f 11925 11975 11974
f 11926 11927 11976
f 11926 11976 11975
f 11927 11928 11977
f 11927 11977 11976
f 11928 11929 11978
f 11928 11978 11977
f 11929 11930 11979
f 11929 11979 11978
f 11930 11931 11980
f 11930 11980 11979
f 11931 11932 11981
f 11931 11981 11980
f 11932 11933 11982
f 11932 11982 11981
f 11933 11934 11983
f 11933 11983 11982
f 11934 11935 11984
f 11934 11984 11983
f 11935 11936 11985
f 11935 11985 11984
f 11936 11937 11986
f 11936 11986 11985
f 11937 11938 11987
f 11937 11987 11986
f 11938 11939 11988
f 11938 11988 11987
f 11939 11940 11989
f 11939 11989 11988
f 11940 11941 11990
f 11940 11990 11989
f 11941 11942 11991
f 11941 11991 11990
f 11942 11943 11992
f 11942 11992 11991
f 11943 11944 11993
f 11943 11993 11992
f 11944 11945 11994
f 11944 11994 11993
f 11945 11946 11995
f 11945 11995 11994
f 11946 11947 11996
f 11946 11996 11995
f 11947 11948 11997
f 11947 11997 11996
f 11948 11949 11998
f 11948 11998 11997
f 11949 11950 11999
f 11949 11999 11998
f 11950 11951 12000
f 11950 12000 11999
f 11951 11952 12001
f 11951 12001 12000
f 11952 11953 12002
f 11952 12002 12001
f 11953 11954 12003
f 11953 12003 12002
f 11954 11955 12004
f 11954 12004 12003
f 11955 11956 12005
f 11955 12005 12004
f 11956 11957 12006
f 11956 12006 12005
f 11957 11958 12007
f 11957 12007 12006
f 11958 11959 12008
f 11958 12008 12007
f 11959 11960 12009
f 11959 12009 12008
f 11960 11961 12010
f 11960 12010 12009
f 11961 11962 12011
f 11961 12011 12010
f 11962 11963 12012
f 11962 12012 12011
f 11963 11964 12013
f 11963 12013 12012
f 11964 11965 12014
f 11964 12014 12013
f 11965 11966 12015
f 11965 12015 12014
f 11966 11967 12016
f 11966 12016 12015
f 11969 11968 12017
f 11969 12017 12018
f 11968 11970 12019
f 11968 12019 12017
f 11970 11971 12020
f 11970 12020 12019
f 11971 11972 12021
f 11971 12021 12020
f 11972 11973 12022
f 11972 12022 12021
f 11973 11974 12023
f 11973 12023 12022
f 11974 11975 12024
f 11974 12024 12023
f 11975 11976 12025
f 11975 12025 12024
f 11976 11977 12026
f 11976 12026 12025
f 11977 11978 12027
f 11977 12027 12026
f 11978 11979 12028
f 11978 12028 12027
f 11979 11980 12029
f 11979 12029 12028
f 11980 11981 12030
f 11980 12030 12029
f 11981 11982 12031
f 11981 12031 12030
f 11982 11983 12032
f 11982 12032 12031
f 11983 11984 12033
f 11983 12033 12032
f 11984 11985 12034
f 11984 12034 12033
f 11985 11986 12035
f 11985 12035 12034
f 11986 11987 12036
f 11986 12036 12035
f 11987 11988 12037
f 11987 12037 12036
f 11988 11989 12038
f 11988 12038 12037
f 11989 11990 12039
f 11989 12039 12038
f 11990 11991 12040
f 11990 12040 12039
f 11991 11992 12041
f 11991 12041 12040
f 11992 11993 12042
f 11992 12042 12041
f 11993 11994 12043
f 11993 12043 12042
f 11994 11995 12044
f 11994 12044 12043
f 11995 11996 12045
f 11995 12045 12044
f 11996 11997 12046
f 11996 12046 12045
f 11997 11998 12047
f 11997 12047 12046
f 11998 11999 12048
f 11998 12048 12047
f 11999 12000 12049
f 11999 12049 12048
f 12000 12001 12050
f 12000 12050 12049
f 12001 12002 12051
f 12001 12051 12050
f 12002 12003 12052
f 12002 12052 12051
f 12003 12004 12053
f 12003 12053 12052
f 12004 12005 12054
f 12004 12054 12053
f 12005 12006 12055
f 12005 12055 12054
f 12006 12007 12056
f 12006 12056 12055
f 12007 12008 12057
f 12007 12057 12056
f 12008 12009 12058
f 12008 12058 12057
f 12009 12010 12059
f 12009 12059 12058
f 12010 12011 12060
f 12010 12060 12059
f 12011 12012 12061
f 12011 12061 12060
f 12012 12013 12062
f 12012 12062 12061
f 12013 12014 12063
f 12013 12063 12062
f 12014 12015 12064
f 12014 12064 12063
f 12015 12016 12065
f 12015 12065 12064
f 12018 12017 12066
f 12018 12066 12067
f 12017 12019 12068
f 12017 12068 12066
f 12019 12020 12069
f 12019 12069 12068
f 12020 12021 12070
f 12020 12070 12069
f 12021 12022 12071
f 12021 12071 12070
f 12022 12023 12072
f 12022 12072 12071
f 12023 12024 12073
f 12023 12073 12072
f 12024 12025 12074
f 12024 12074 12073
f 12025 12026 12075
f 12025 12075 12074
f 12026 12027 12076
f 12026 12076 12075
f 12027 12028 12077
f 12027 12077 12076
f 12028 12029 12078
f 12028 12078 12077
f 12029 12030 12079
f 12029 12079 12078
f 12030 12031 12080
f 12030 12080 12079
f 12031 12032 12081
f 12031 12081 12080
f 12032 12033 12082
f 12032 12082 12081
f 12033 12034 12083
f 12033 12083 12082
f 12034 12035 12084
f 12034 12084 12083
f 12035 12036 12085
f 12035 12085 12084
f 12036 12037 12086
f 12036 12086 12085
f 12037 12038 12087
f 12037 12087 12086
f 12038 12039 12088
f 12038 12088 12087
f 12039 12040 12089
f 12039 12089 12088
f 12040 12041 12090
f 12040 12090 12089
f 12041 12042 12091
f 12041 12091 12090
f 12042 12043 12092
f 12042 12092 12091
f 12043 12044 12093
f 12043 12093 12092
f 12044 12045 12094
f 12044 12094 12093
f 12045 12046 12095
f 12045 12095 12094
f 12046 12047 12096
f 12046 12096 12095
f 12047 12048 12097
f 12047 12097 12096
f 12048 12049 12098
f 12048 12098 12097
f 12049 12050 12099
f 12049 12099 12098
f 12050 12051 12100
f 12050 12100 12099
f 12051 12052 12101
f 12051 12101 12100
f 12052 12053 12102
f 12052 12102 12101
f 12053 12054 12103
f 12053 12103 12102
f 12054 12055 12104
f 12054 12104 12103
f 12055 12056 12105
f 12055 12105 12104
f 12056 12057 12106
f 12056 12106 12105
f 12057 12058 12107
f 12057 12107 12106
f 12058 12059 12108
f 12058 12108 12107
f 12059 12060 12109
f 12059 12109 12108
f 12060 12061 12110
f 12060 12110 12109
f 12061 12062 12111
f 12061 12111 12110
f 12062 12063 12112
f 12062 12112 12111
f 12063 12064 12113
f 12063 12113 12112
f 12064 12065 12114
f 12064 12114 12113
f 12067 12066 12115
f 12067 12115 12116
f 12066 12068 12117
f 12066 12117 12115
f 12068 12069 12118
f 12068 12118 12117
f 12069 12070 12119
f 12069 12119 12118
f 12070 12071 12120
f 12070 12120 12119
f 12071 12072 12121
f 12071 12121 12120
f 12072 12073 12122
f 12072 12122 12121
f 12073 12074 12123
f 12073 12123 12122
f 12074 12075 12124
f 12074 12124 12123
f 12075 12076 12125
f 12075 12125 12124
f 12076 12077 12126
f 12076 12126 12125
f 12077 12078 12127
f 12077 12127 12126
f 12078 12079 12128
f 12078 12128 12127
f 12079 12080 12129
f 12079 12129 12128
f 12080 12081 12130
f 12080 12130 12129
f 12081 12082 12131
f 12081 12131 12130
f 12082 12083 12132
f 12082 12132 12131
f 12083 12084 12133
f 12083 12133 12132
f 12084 12085 12134
f 12084 12134 12133
f 12085 12086 12135
f 12085 12135 12134
f 12086 12087 12136
f 12086 12136 12135
f 12087 12088 12137
f 12087 12137 12136
f 12088 12089 12138
f 12088 12138 12137
f 12089 12090 12139
f 12089 12139 12138
f 12090 12091 12140
f 12090 12140 12139
f 12091 12092 12141
f 12091 12141 12140
f 12092 12093 12142
f 12092 12142 12141
f 12093 12094 12143
f 12093 12143 12142
f 12094 12095 12144
f 12094 12144 12143
f 12095 12096 12145
f 12095 12145 12144
f 12096 12097 12146
f 12096 12146 12145
f 12097 12098 12147
f 12097 12147 12146
f 12098 12099 12148
f 12098 12148 12147
f 12099 12100 12149
f 12099 12149 12148
f 12100 12101 12150
f 12100 12150 12149
f 12101 12102 12151
f 12101 12151 12150
f 12102 12103 12152
f 12102 12152 12151
f 12103 12104 12153
f 12103 12153 12152
f 12104 12105 12154
f 12104 12154 12153
f 12105 12106 12155
f 12105 12155 12154
f 12106 12107 12156
f 12106 12156 12155
f 12107 12108 12157
f 12107 12157 12156
f 12108 12109 12158
f 12108 12158 12157
f 12109 12110 12159
f 12109 12159 12158
f 12110 12111 12160
f 12110 12160 12159
f 12111 12112 12161
f 12111 12161 12160
f 12112 12113 12162
f 12112 12162 12161
f 12113 12114 12163
f 12113 12163 12162
f 12116 12115 12164
f 12116 12164 12165
f 12115 12117 12166
f 12115 12166 12164
f 12117 12118 12167
f 12117 12167 12166
f 12118 12119 12168
f 12118 12168 12167
f 12119 12120 12169
f 12119 12169 12168
f 12120 12121 12170
f 12120 12170 12169
f 12121 12122 12171
f 12121 12171 12170
f 12122 12123 12172
f 12122 12172 12171
f 12123 12124 12173
f 12123 12173 12172
f 12124 12125 12174
f 12124 12174 12173
f 12125 12126 12175
f 12125 12175 12174
f 12126 12127 12176
f 12126 12176 12175
f 12127 12128 12177
f 12127 12177 12176
f 12128 12129 12178
f 12128 12178 12177
f 12129 12130 12179
f 12129 12179 12178
f 12130 12131 12180
f 12130 12180 12179
f 12131 12132 12181
f 12131 12181 12180
f 12132 12133 12182
f 12132 12182 12181
f 12133 12134 12183
f 12133 12183 12182
f 12134 12135 12184
f 12134 12184 12183
f 12135 12136 12185
f 12135 12185 12184
f 12136 12137 12186
f 12136 12186 12185
f 12137 12138 12187
f 12137 12187 12186
f 12138 12139 12188
f 12138 12188 12187
f 12139 12140 12189
f 12139 12189 12188
f 12140 12141 12190
f 12140 12190 12189
f 12141 12142 12191
f 12141 12191 12190
f 12142 12143 12192
f 12142 12192 12191
f 12143 12144 12193
f 12143 12193 12192
f 12144 12145 12194
f 12144 12194 12193
f 12145 12146 12195
f 12145 12195 12194
f 12146 12147 12196
f 12146 12196 12195
f 12147 12148 12197
f 12147 12197 12196
f 12148 12149 12198
f 12148 12198 12197
f 12149 12150 12199
f 12149 12199 12198
f 12150 12151 12200
f 12150 12200 12199
f 12151 12152 12201
f 12151 12201 12200
f 12152 12153 12202
f 12152 12202 12201
f 12153 12154 12203
f 12153 12203 12202
f 12154 12155 12204
f 12154 12204 12203
f 12155 12156 12205
f 12155 12205 12204
f 12156 12157 12206
f 12156 12206 12205
f 12157 12158 12207
f 12157 12207 12206
f 12158 12159 12208
f 12158 12208 12207
f 12159 12160 12209
f 12159 12209 12208
f 12160 12161 12210
f 12160 12210 12209
f 12161 12162 12211
f 12161 12211 12210
f 12162 12163 12212
f 12162 12212 12211
f 12165 12164 12213
f 12165 12213 12214
f 12164 12166 12215
f 12164 12215 12213
f 12166 12167 12216
f 12166 12216 12215
f 12167 12168 12217
f 12167 12217 12216
f 12168 12169 12218
f 12168 12218 12217
f 12169 12170 12219
f 12169 12219 12218
f 12170 12171 12220
f 12170 12220 12219
f 12171 12172 12221
f 12171 12221 12220
f 12172 12173 12222
f 12172 12222 12221
f 12173 12174 12223
f 12173 12223 12222
f 12174 12175 12224
f 12174 12224 12223
f 12175 12176 12225
f 12175 12225 12224
f 12176 12177 12226
f 12176 12226 12225
f 12177 12178 12227
f 12177 12227 12226
f 12178 12179 12228
f 12178 12228 12227
f 12179 12180 12229
f 12179 12229 12228
f 12180 12181 12230
f 12180 12230 12229
f 12181 12182 12231
f 12181 12231 12230
f 12182 12183 12232
f 12182 12232 12231
f 12183 12184 12233
f 12183 12233 12232
f 12184 12185 12234
f 12184 12234 12233
f 12185 12186 12235
f 12185 12235 12234
f 12186 12187 12236
f 12186 12236 12235
f 12187 12188 12237
f 12187 12237 12236
f 12188 12189 12238
f 12188 12238 12237
f 12189 12190 12239
f 12189 12239 12238
f 12190 12191 12240
f 12190 12240 12239
f 12191 12192 12241
f 12191 12241 12240
f 12192 12193 12242
f 12192 12242 12241
f 12193 12194 12243
f 12193 12243 12242
f 12194 12195 12244
f 12194 12244 12243
f 12195 12196 12245
f 12195 12245 12244
f 12196 12197 12246
f 12196 12246 12245
f 12197 12198 12247
f 12197 12247 12246
f 12198 12199 12248
f 12198 12248 12247
f 12199 12200 12249
f 12199 12249 12248
f 12200 12201 12250
f 12200 12250 12249
f 12201 12202 12251
f 12201 12251 12250
f 12202 12203 12252
f 12202 12252 12251
f 12203 12204 12253
f 12203 12253 12252
f 12204 12205 12254
f 12204 12254 12253
f 12205 12206 12255
f 12205 12255 12254
f 12206 12207 12256
f 12206 12256 12255
f 12207 12208 12257
f 12207 12257 12256
f 12208 12209 12258
f 12208 12258 12257
f 12209 12210 12259
f 12209 12259 12258
f 12210 12211 12260
f 12210 12260 12259
f 12211 12212 12261
f 12211 12261 12260
f 12214 12213 12262
f 12214 12262 12263
f 12213 12215 12264
f 12213 12264 12262
f 12215 12216 12265
f 12215 12265 12264
f 12216 12217 12266
f 12216 12266 12265
f 12217 12218 12267
f 12217 12267 12266
f 12218 12219 12268
f 12218 12268 12267
f 12219 12220 12269
f 12219 12269 12268
f 12220 12221 12270
f 12220 12270 12269
f 12221 12222 12271
f 12221 12271 12270
f 12222 12223 12272
f 12222 12272 12271
f 12223 12224 12273
f 12223 12273 12272
f 12224 12225 12274
f 12224 12274 12273
f 12225 12226 12275
f 12225 12275 12274
f 12226 12227 12276
f 12226 12276 12275
f 12227 12228 12277
f 12227 12277 12276
f 12228 12229 12278
f 12228 12278 12277
f 12229 12230 12279
f 12229 12279 12278
f 12230 12231 12280
f 12230 12280 12279
f 12231 12232 12281
f 12231 12281 12280
f 12232 12233 12282
f 12232 12282 12281
f 12233 12234 12283
f 12233 12283 12282
f 12234 12235 12284
f 12234 12284 12283
f 12235 12236 12285
f 12235 12285 12284
f 12236 12237 12286
f 12236 12286 12285
f 12237 12238 12287
f 12237 12287 12286
f 12238 12239 12288
f 12238 12288 12287
f 12239 12240 12289
f 12239 12289 12288
f 12240 12241 12290
f 12240 12290 12289
f 12241 12242 12291
f 12241 12291 12290
f 12242 12243 12292
f 12242 12292 12291
f 12243 12244 12293
f 12243 12293 12292
f 12244 12245 12294
f 12244 12294 12293
f 12245 12246 12295
f 12245 12295 12294
f 12246 12247 12296
f 12246 12296 12295
f 12247 12248 12297
f 12247 12297 12296
f 12248 12249 12298
f 12248 12298 12297
f 12249 12250 12299
f 12249 12299 12298
f 12250 12251 12300
f 12250 12300 12299
f 12251 12252 12301
f 12251 12301 12300
f 12252 12253 12302
f 12252 12302 12301
f 12253 12254 12303
f 12253 12303 12302
f 12254 12255 12304
f 12254 12304 12303
f 12255 12256 12305
f 12255 12305 12304
f 12256 12257 12306
f 12256 12306 12305
f 12257 12258 12307
f 12257 12307 12306
f 12258 12259 12308
f 12258 12308 12307
f 12259 12260 12309
f 12259 12309 12308
f 12260 12261 12310
f 12260 12310 12309
f 12263 12262 12311
f 12263 12311 12312
f 12262 12264 12313
f 12262 12313 12311
f 12264 12265 12314
f 12264 12314 12313
f 12265 12266 12315
f 12265 12315 12314
f 12266 12267 12316
f 12266 12316 12315
f 12267 12268 12317
f 12267 12317 12316
f 12268 12269 12318
f 12268 12318 12317
f 12269 12270 12319
f 12269 12319 12318
f 12270 12271 12320
f 12270 12320 12319
f 12271 12272 12321
f 12271 12321 12320
f 12272 12273 12322
f 12272 12322 12321
f 12273 12274 12323
f 12273 12323 12322
f 12274 12275 12324
f 12274 12324 12323
f 12275 12276 12325
f 12275 12325 12324
f 12276 12277 12326
f 12276 12326 12325
f 12277 12278 12327
f 12277 12327 12326
f 12278 12279 12328
f 12278 12328 12327
f 12279 12280 12329
f 12279 12329 12328
f 12280 12281 12330
f 12280 12330 12329
f 12281 12282 12331
f 12281 12331 12330
f 12282 12283 12332
f 12282 12332 12331
f 12283 12284 12333
f 12283 12333 12332
f 12284 12285 12334
f 12284 12334 12333
f 12285 12286 12335
f 12285 12335 12334
f 12286 12287 12336
f 12286 12336 12335
f 12287 12288 12337
f 12287 12337 12336
f 12288 12289 12338
f 12288 12338 12337
f 12289 12290 12339
f 12289 12339 12338
f 12290 12291 12340
f 12290 12340 12339
f 12291 12292 12341
f 12291 12341 12340
f 12292 12293 12342
f 12292 12342 12341
f 12293 12294 12343
f 12293 12343 12342
f 12294 12295 12344
f 12294 12344 12343
f 12295 12296 12345
f 12295 12345 12344
f 12296 12297 12346
f 12296 12346 12345
f 12297 12298 12347
f 12297 12347 12346
f 12298 12299 12348
f 12298 12348 12347
f 12299 12300 12349
f 12299 12349 12348
f 12300 12301 12350
f 12300 12350 12349
f 12301 12302 12351
f 12301 12351 12350
f 12302 12303 12352
f 12302 12352 12351
f 12303 12304 12353
f 12303 12353 12352
f 12304 12305 12354
f 12304 12354 12353
f 12305 12306 12355
f 12305 12355 12354
f 12306 12307 12356
f 12306 12356 12355
f 12307 12308 12357
f 12307 12357 12356
f 12308 12309 12358
f 12308 12358 12357
f 12309 12310 12359
f 12309 12359 12358
f 12312 12311 12360
f 12312 12360 12361
f 12311 12313 12362
f 12311 12362 12360
f 12313 12314 12363
f 12313 12363 12362
f 12314 12315 12364
f 12314 12364 12363
f 12315 12316 12365
f 12315 12365 12364
f 12316 12317 12366
f 12316 12366 12365
f 12317 12318 12367
f 12317 12367 12366
f 12318 12319 12368
f 12318 12368 12367
f 12319 12320 12369
f 12319 12369 12368
f 12320 12321 12370
f 12320 12370 12369
f 12321 12322 12371
f 12321 12371 12370
f 12322 12323 12372
f 12322 12372 12371
f 12323 12324 12373
f 12323 12373 12372
f 12324 12325 12374
f 12324 12374 12373
f 12325 12326 12375
f 12325 12375 12374
f 12326 12327 12376
f 12326 12376 12375
f 12327 12328 12377
f 12327 12377 12376
f 12328 12329 12378
f 12328 12378 12377
f 12329 12330 12379
f 12329 12379 12378
f 12330 12331 12380
f 12330 12380 12379
f 12331 12332 12381
f 12331 12381 12380
f 12332 12333 12382
f 12332 12382 12381
f 12333 12334 12383
f 12333 12383 12382
f 12334 12335 12384
f 12334 12384 12383
f 12335 12336 12385
f 12335 12385 12384
f 12336 12337 12386
f 12336 12386 12385
f 12337 12338 12387
f 12337 12387 12386
f 12338 12339 12388
f 12338 12388 12387
f 12339 12340 12389
f 12339 12389 12388
f 12340 12341 12390
f 12340 12390 12389
f 12341 12342 12391
f 12341 12391 12390
f 12342 12343 12392
f 12342 12392 12391
f 12343 12344 12393
f 12343 12393 12392
f 12344 12345 12394
f 12344 12394 12393
f 12345 12346 12395
f 12345 12395 12394
f 12346 12347 12396
f 12346 12396 12395
f 12347 12348 12397
f 12347 12397 12396
f 12348 12349 12398
f 12348 12398 12397
f 12349 12350 12399
f 12349 12399 12398
f 12350 12351 12400
f 12350 12400 12399
f 12351 12352 12401
f 12351 12401 12400
f 12352 12353 12402
f 12352 12402 12401
f 12353 12354 12403
f 12353 12403 12402
f 12354 12355 12404
f 12354 12404 12403
f 12355 12356 12405
f 12355 12405 12404
f 12356 12357 12406
f 12356 12406 12405
f 12357 12358 12407
f 12357 12407 12406
f 12358 12359 12408
f 12358 12408 12407
f 12361 12360 12409
f 12361 12409 12410
f 12360 12362 12411
f 12360 12411 12409
f 12362 12363 12412
f 12362 12412 12411
f 12363 12364 12413
f 12363 12413 12412
f 12364 12365 12414
f 12364 12414 12413
f 12365 12366 12415
f 12365 12415 12414
f 12366 12367 12416
f 12366 12416 12415
f 12367 12368 12417
f 12367 12417 12416
f 12368 12369 12418
f 12368 12418 12417
f 12369 12370 12419
f 12369 12419 12418
f 12370 12371 12420
f 12370 12420 12419
f 12371 12372 12421
f 12371 12421 12420
f 12372 12373 12422
f 12372 12422 12421
f 12373 12374 12423
f 12373 12423 12422
f 12374 12375 12424
f 12374 12424 12423
f 12375 12376 12425
f 12375 12425 12424
f 12376 12377 12426
f 12376 12426 12425
f 12377 12378 12427
f 12377 12427 12426
f 12378 12379 12428
f 12378 12428 12427
f 12379 12380 12429
f 12379 12429 12428
f 12380 12381 12430
f 12380 12430 12429
f 12381 12382 12431
f 12381 12431 12430
f 12382 12383 12432
f 12382 12432 12431
f 12383 12384 12433
f 12383 12433 12432
f 12384 12385 12434
f 12384 12434 12433
f 12385 12386 12435
f 12385 12435 12434
f 12386 12387 12436
f 12386 12436 12435
f 12387 12388 12437
f 12387 12437 12436
f 12388 12389 12438
f 12388 12438 12437
f 12389 12390 12439
f 12389 12439 12438
f 12390 12391 12440
f 12390 12440 12439
f 12391 12392 12441
f 12391 12441 12440
f 12392 12393 12442
f 12392 12442 12441
f 12393 12394 12443
f 12393 12443 12442
f 12394 12395 12444
f 12394 12444 12443
f 12395 12396 12445
f 12395 12445 12444
f 12396 12397 12446
f 12396 12446 12445
f 12397 12398 12447
f 12397 12447 12446
f 12398 12399 12448
f 12398 12448 12447
f 12399 12400 12449
f 12399 12449 12448
f 12400 12401 12450
f 12400 12450 12449
f 12401 12402 12451
f 12401 12451 12450
f 12402 12403 12452
f 12402 12452 12451
f 12403 12404 12453
f 12403 12453 12452
f 12404 12405 12454
f 12404 12454 12453
f 12405 12406 12455
f 12405 12455 12454
f 12406 12407 12456
f 12406 12456 12455
f 12407 12408 12457
f 12407 12457 12456
f 12410 12409 12458
f 12410 12458 12459
f 12409 12411 12460
f 12409 12460 12458
f 12411 12412 12461
f 12411 12461 12460
f 12412 12413 12462
f 12412 12462 12461
f 12413 12414 12463
f 12413 12463 12462
f 12414 12415 12464
f 12414 12464 12463
f 12415 12416 12465
f 12415 12465 12464
f 12416 12417 12466
f 12416 12466 12465
f 12417 12418 12467
f 12417 12467 12466
f 12418 12419 12468
f 12418 12468 12467
f 12419 12420 12469
f 12419 12469 12468
f 12420 12421 12470
f 12420 12470 12469
f 12421 12422 12471
f 12421 12471 12470
f 12422 12423 12472
f 12422 12472 12471
f 12423 12424 12473
f 12423 12473 12472
f 12424 12425 12474
f 12424 12474 12473
f 12425 12426 12475
f 12425 12475 12474
f 12426 12427 12476
f 12426 12476 12475
f 12427 12428 12477
f 12427 12477 12476
f 12428 12429 12478
f 12428 12478 12477
f 12429 12430 12479
f 12429 12479 12478
f 12430 12431 12480
f 12430 12480 12479
f 12431 12432 12481
f 12431 12481 12480
f 12432 12433 12482
f 12432 12482 12481
f 12433 12434 12483
f 12433 12483 12482
f 12434 12435 12484
f 12434 12484 12483
f 12435 12436 12485
f 12435 12485 12484
f 12436 12437 12486
f 12436 12486 12485
f 12437 12438 12487
f 12437 12487 12486
f 12438 12439 12488
f 12438 12488 12487
f 12439 12440 12489
f 12439 12489 12488
f 12440 12441 12490
f 12440 12490 12489
f 12441 12442 12491
f 12441 12491 12490
f 12442 12443 12492
f 12442 12492 12491
f 12443 12444 12493
f 12443 12493 12492
f 12444 12445 12494
f 12444 12494 12493
f 12445 12446 12495
f 12445 12495 12494
f 12446 12447 12496
f 12446 12496 12495
f 12447 12448 12497
f 12447 12497 12496
f 12448 12449 12498
f 12448 12498 12497
f 12449 12450 12499
f 12449 12499 12498
f 12450 12451 12500
f 12450 12500 12499
f 12451 12452 12501
f 12451 12501 12500
f 12452 12453 12502
f 12452 12502 12501
f 12453 12454 12503
f 12453 12503 12502
f 12454 12455 12504
f 12454 12504 12503
f 12455 12456 12505
f 12455 12505 12504
f 12456 12457 12506
f 12456 12506 12505
usemtl lamp
f 12507 12508 12509
f 12507 12509 12510
f 12507 12508 12511
f 12507 12511 12512
f 12508 12509 12513
f 12508 12513 12511
f 12509 12510 12514
f 12509 12514 12513
f 12510 12507 12512
f 12510 12512 12514
